FSO_Attenuation_Visibility_dB,FSO_Attenuation_Cloud_Model_dB,RF_Total_Attenuation_dB
-218.60555,-603.8729,123.85124
-180.91078,-249.92836,132.19398
-337.99005,-1647.1865,149.21538
-111.61644,-1340.187,152.88225
276.72986,3464.3718,109.644714
16.4591,-1905.6357,161.97878
-229.01817,324.39548,119.4286
-191.28397,-2437.738,145.25189
-235.56306,-1184.0533,124.83803
-15.021543,60.09794,144.79361
-149.10713,-1909.7334,144.17668
143.2189,2780.7307,91.438225
-40.233574,-279.40762,134.06967
-97.43074,-1350.8059,137.8979
-147.05516,-464.33206,137.97864
-168.66798,-3276.2566,138.87993
-192.56682,-699.4425,121.97165
-298.5583,-203.51393,115.69881
103.32549,-1190.605,154.95047
-70.05578,-1259.5088,148.89995
-158.60406,-1376.5481,137.90904
123.32134,3169.8494,126.96006
88.555595,901.368,125.11473
20.343073,177.50603,143.54776
-173.73947,-1663.5681,149.78946
-182.95688,433.95883,121.62869
-7.952899,3148.2078,72.61299
-244.35161,-1989.7422,125.996254
-138.90863,-1838.105,161.15028
121.896904,1131.9822,113.81019
-65.60961,486.18872,142.42285
-310.85474,-639.0835,128.5951
-76.702034,-237.21632,150.6087
-33.249268,1923.0824,129.53087
-114.9545,-639.2567,130.98183
-276.54733,-1083.4153,112.885284
-292.41656,-3148.5234,131.43391
-238.57889,-1444.8899,126.812
-53.05959,-842.28345,160.9452
-78.930725,-556.5165,145.21811
-104.24266,-44.14486,137.73616
-122.42319,-675.4159,127.79055
-153.10033,-1942.9583,141.157
-56.827618,93.51206,135.49889
-99.21196,640.26074,127.54409
280.96252,449.94702,142.83716
-154.65692,530.56793,86.441315
-316.19675,-1938.4275,143.22842
-227.0953,-8.3569565,116.675606
-112.0482,800.1418,99.68987
118.26168,1104.5686,130.41437
-4.7828264,-427.86136,139.74802
-112.31702,-1821.863,143.3216
-76.541405,612.6669,142.46524
9.351509,-453.77737,138.63867
-71.095024,-856.44775,146.66003
263.32358,3367.6353,149.95157
-178.35732,-939.5277,132.7904
-158.11124,1366.6445,103.66943
17.008204,1233.096,120.357185
4.0519934,1010.38684,121.64949
-112.22124,-303.32657,132.33797
-35.43064,1160.3024,124.622025
-62.924076,-266.91263,127.5614
-197.00992,-1126.3226,136.84995
-181.13968,-671.8557,130.99174
-41.836246,3452.2324,70.35528
108.1378,209.22594,152.31714
-218.76657,-79.19436,122.66713
-120.91339,-712.0282,147.61
2.3661308,-294.69986,154.99675
85.54165,4040.881,94.65606
-3.4233904,2498.0093,98.27856
240.65828,2435.318,99.70991
72.87737,3589.4692,97.02781
-168.88817,-1646.4011,137.12834
-133.19044,-764.9402,123.587074
-147.2331,-2205.7256,125.694
-250.22215,-2802.135,106.00431
-75.609024,469.34042,135.50609
217.57132,1859.8506,132.84155
-251.24818,-1151.125,120.21858
-6.7676535,-220.27785,150.39188
-283.03235,-2464.6262,126.48116
3.1516523,530.8322,130.13097
-186.29185,-1700.8914,145.81238
-148.74948,-1525.666,145.20703
-209.20396,2576.7102,98.672966
107.051926,-333.28983,135.992
-100.76516,-1077.1833,129.32281
263.65622,2217.6426,125.79269
-114.92081,1487.014,104.56722
-80.80185,239.46782,141.9541
-316.482,-1699.0166,125.55348
-193.59398,738.9042,105.563385
-151.12888,947.95917,115.186386
22.783531,940.91833,118.21222
-107.62637,-225.6587,128.1318
247.101,2967.0635,135.85475
-19.208063,-1130.5206,166.77364
62.525177,-861.0128,156.48425
18.613989,-451.20523,144.71027
-117.30203,-659.6808,156.69019
-37.403698,203.01347,129.35912
-167.69275,-347.16617,129.47464
-88.46726,1225.1724,106.32218
-101.28997,-1686.948,127.22727
-54.2055,1454.8162,125.844055
-94.25656,50.667274,113.10347
-284.7573,-2652.6147,128.72292
-12.42953,999.48517,133.42892
-65.87135,-2370.8347,148.91228
267.9468,2942.1443,122.87163
209.2783,238.12505,150.95634
-272.73135,-1937.8225,131.5591
-63.564068,650.55176,121.17062
-170.42622,-38.911644,130.95279
-162.7235,-777.4011,136.28795
-74.17864,87.76737,146.41457
237.61926,4090.323,112.914
-182.024,-2565.7412,138.48425
-117.16614,1260.3829,94.319405
53.560375,2737.5977,126.49071
9.089316,1411.3652,109.75527
-165.30293,-1165.7551,133.66805
123.50356,2349.9133,110.88537
-35.586536,-801.713,145.08469
-128.28322,-532.3849,147.42894
-262.88873,-1657.9187,131.90714
-356.32037,-1528.1582,125.01369
-309.8593,-2654.6458,119.54376
-41.116768,392.1518,126.24349
-223.47115,-542.1531,123.87883
-310.7798,-2056.1372,124.04257
-96.99231,-1058.3351,150.84833
-222.51399,-2139.1772,127.20402
107.64071,2344.3235,117.10753
-147.07861,-2382.3455,161.86441
-41.537582,772.50275,129.63947
-273.70016,-2705.977,124.20687
-190.61389,-669.07886,125.03504
-215.83192,465.58853,114.16811
-129.07724,470.7468,134.78757
-12.165862,1779.0023,99.857925
69.685684,62.88804,162.30505
177.40518,1757.631,126.64989
156.89638,1208.5642,134.03893
-144.83067,-842.75793,140.2254
-72.4819,1856.4075,119.956894
-247.80565,-1333.2468,121.93229
124.91904,3648.776,98.30206
-196.46236,-1890.7378,138.94331
-102.20653,426.11102,107.00049
-73.16988,-3158.0369,154.79129
-261.00427,-666.84155,135.10077
184.67702,1283.0989,144.09663
23.644316,627.13446,137.69858
22.461445,3071.8853,116.47866
130.87048,883.669,117.1701
-311.29367,-880.9446,117.538315
-32.335304,-1688.8088,154.626
-319.6145,-753.45935,95.109055
-139.15993,-36.38662,130.38878
10.263961,-187.92592,106.81519
-188.57799,34.715126,124.968056
74.38976,4708.924,69.08149
-78.96284,-417.81717,143.74493
-46.06506,-107.94686,148.09882
-291.9134,-2252.3154,127.74019
-152.03323,-1121.8481,127.44088
-246.0848,-1252.2214,115.49444
-181.30232,-1974.2869,132.7323
-204.1734,-25.319786,127.736305
-346.87848,-835.8773,115.27559
-277.0776,-3086.6274,143.55363
-304.87564,-1620.8315,117.17277
102.684296,-125.510765,162.87222
-158.51033,1055.0768,129.51924
-146.77832,1579.8234,101.060486
-261.18405,-1476.5256,133.86533
-129.24525,-1041.6372,142.73346
-259.8921,-738.12415,135.25528
-49.85674,3420.572,97.62345
-63.25606,496.70786,141.1369
-176.65454,-1201.3086,130.0666
-212.12825,-17.524254,116.365715
-144.42578,300.36478,138.586
-148.04599,-1019.495,146.49777
-69.277176,37.966835,127.78131
-242.24852,-1173.03,148.06987
-101.785545,287.47818,125.89538
-169.73744,-2258.8025,145.91345
-407.79272,-2676.7944,120.84761
-181.58618,116.92802,117.76726
-60.403164,-185.12758,143.18484
-239.21764,-1612.7588,129.87834
-178.94913,-1367.6101,119.29126
213.70996,1431.3967,148.74356
-113.88428,-2359.8862,152.44743
-345.29373,-221.42128,112.38611
-1.443656,973.27136,145.67696
-81.97461,-278.97403,142.03691
-101.716965,199.28459,135.97595
255.27853,3154.763,124.35842
-74.38458,-102.81069,144.24133
-172.04977,749.568,118.53429
-121.72769,56.990517,127.12343
-16.574255,612.98303,127.620926
-471.9397,-1732.2263,119.71496
11.698419,633.2545,161.68898
-120.78487,-1152.9387,127.43703
-257.1359,-94.18563,128.31766
-50.981777,-336.27298,133.90424
-202.5151,-3302.6868,146.86472
-131.10048,-2312.353,138.21089
-122.79199,640.457,117.75622
34.796932,474.77765,141.89854
94.491066,842.22095,108.00553
-106.97815,1194.6732,127.692764
-79.793686,-1138.2178,139.77953
-223.93996,-2300.1375,145.1476
-335.93753,-2366.1086,126.616394
114.625626,604.4905,163.50027
-47.310642,680.5939,130.91678
59.70472,954.387,105.05637
-209.71346,42.59446,98.30809
-367.1618,750.2475,111.26768
104.76365,-780.386,135.86922
-113.03697,-1817.458,142.5332
-60.742977,-577.01404,150.3237
-51.1878,1631.5581,118.1606
169.04709,-610.9968,148.69577
-322.25128,-6.4241557,122.17613
43.970955,834.0571,149.12872
-373.15976,-3536.8308,140.05756
54.487488,725.5194,132.34546
542.73,3209.9448,120.51444
-70.02924,-604.5006,136.54546
-439.80264,-1833.4153,112.37399
-245.4232,624.2775,93.82317
209.47647,3834.867,109.87666
-52.864956,823.877,149.45818
-26.10523,588.28406,132.2309
-41.573933,2054.5085,127.4203
-124.665085,-1784.9656,145.43558
-80.977615,241.23436,124.757484
-56.809765,-728.87354,144.38503
-268.17874,-1740.4526,119.44518
-198.33145,-2140.629,135.99625
-172.00926,734.44183,97.223465
-213.94885,560.6529,100.932144
-152.73016,-1853.9387,145.51363
146.95776,1272.3151,140.21202
-178.38544,-848.0679,129.19876
-88.680885,-527.9486,151.6672
-48.9023,-374.1995,147.64795
-120.55083,-181.45131,140.1015
24.563414,2291.2214,131.18251
-272.9489,-943.97327,123.57481
-211.38475,-1721.0295,117.74291
-21.820833,339.03885,137.43373
-172.7131,-743.39575,145.53636
49.642174,478.16956,150.05833
23.304417,-201.77785,144.76662
234.12035,2770.2168,110.29674
-163.7444,-119.31863,119.797874
59.409508,236.19133,155.55856
-36.763386,2795.4595,79.02342
-120.25441,-747.7883,141.94913
-4.3752413,831.6408,155.54521
-191.15944,-305.46,117.89199
172.97858,1036.1938,152.79083
-194.24203,-200.88173,128.09103
-148.88657,1293.1068,117.702866
156.78532,2373.5933,125.109535
-75.846146,-2128.5789,161.64853
-12.1948805,772.7562,138.58635
-127.30716,-1842.0859,157.62698
-243.04814,291.95084,103.42949
3.9520454,1919.1959,112.60179
-103.61,-1652.5239,149.27855
-337.65533,-1767.5681,116.88781
337.39597,1505.0541,122.79133
-229.78477,987.1125,116.70209
107.19312,-643.4696,164.34155
-272.9065,-3746.7346,146.6172
-121.17732,-0.57820857,126.08171
-171.36938,268.69363,117.73672
-155.6357,320.63406,86.913795
-123.46297,912.0749,108.69987
-23.205797,1455.0115,139.7215
-295.2809,-1149.3154,128.37177
-29.452604,2049.915,113.478386
-61.245213,-1260.3953,135.66156
-208.24968,-1002.0261,126.191696
-53.428616,65.69157,150.0344
136.37444,2040.6935,122.98504
-100.66513,-879.3368,139.51703
-366.8293,-473.58963,99.302986
-166.10175,-406.1248,121.45084
58.75225,3684.462,88.03075
-212.9541,-2825.4656,137.02707
182.54002,2834.6094,108.42601
-122.35281,1793.9657,117.72909
-13.2514715,771.65735,138.05809
-90.00273,348.0367,144.90285
48.003185,1184.2987,128.8699
-299.70197,-1584.388,127.93336
-475.816,-2593.0198,114.16303
-194.98277,151.11143,117.37315
132.73181,172.1516,145.95908
-166.51508,-2111.9668,152.52635
6.2468348,-1144.8779,157.75664
-216.25717,-2172.3171,138.23065
-263.17227,1017.0098,115.63277
141.00049,-869.1643,165.00758
-314.33765,-231.60268,127.65515
-85.240524,297.77713,131.06786
298.5223,4075.0735,125.00422
11.980869,-118.45223,149.03003
-384.7144,-2822.329,125.670265
-42.535156,159.42766,133.73265
21.0225,2376.4795,115.8779
6.550374,-580.6704,133.46745
-244.48872,-1463.5149,142.23946
-84.3241,-599.88696,153.20125
-293.64465,-1161.5151,106.26451
-124.55783,-2385.0618,135.99242
-107.35712,-1111.2375,148.99307
-222.29028,-817.95325,120.9341
-416.10974,-1932.0503,122.317635
-15.405311,1829.3208,139.29405
-151.19833,-2132.9062,148.14207
73.36908,1815.2935,148.08669
-39.53206,-53.65737,118.94611
-184.37065,-2754.9695,142.2652
-289.27582,-425.55606,125.114494
-325.98904,-1046.4193,103.8154
-44.793694,-205.45705,141.43405
-281.87067,-2742.5923,123.96831
-118.47424,313.33084,120.06645
9.739663,-588.13025,155.79465
-104.40681,-394.97452,122.372536
-44.519928,2117.4844,89.81316
-71.02216,1487.9155,99.77821
-13.012403,981.3721,119.59315
-1.0141535,-881.6742,134.93274
55.79266,1621.7832,124.33436
-120.94623,653.75665,104.92546
119.57781,1559.4524,151.69466
53.021046,-234.33632,133.58574
-38.002026,2911.5542,80.85522
-99.5551,-1167.2664,155.96469
-55.070118,-1152.6841,151.21614
-56.22646,-1822.81,143.08408
46.291912,-645.7761,148.15991
-259.68375,550.0922,94.54181
-177.94041,-342.9208,122.58685
-149.24648,-1556.3809,142.55266
50.491238,1058.4747,129.03752
-153.38145,-120.77175,114.17896
21.238705,937.35,118.863495
-265.99387,-3423.3582,131.7179
-256.62305,1107.1876,89.94898
-128.56342,750.6701,120.45627
-223.45264,-2472.553,134.39084
-222.90678,1126.7982,90.44591
88.73867,636.72577,115.650856
-41.29218,585.81836,132.78099
-275.28638,-3149.1497,141.462
-10.2280035,-1738.5996,162.43044
-50.811497,-109.54574,137.6504
-129.86038,2875.3157,85.40907
-4.073554,1287.1904,126.59681
-90.41683,-12.568993,144.25385
-273.15976,-628.8849,121.50355
275.57687,774.8586,150.95293
-37.11998,1815.8737,100.33975
-98.8304,418.2652,109.53799
74.47569,-27.84414,135.86868
97.24355,2091.7556,84.4159
-100.476715,-1437.0681,148.73732
62.587315,1361.7606,123.507744
67.48731,919.2774,135.39119
10.357544,810.44073,123.10947
50.352905,2427.2664,101.54489
-105.02151,-713.3501,128.73293
-261.18884,288.33835,116.89261
-402.7566,-567.7047,98.694214
-25.046919,1034.781,134.85823
-123.83746,637.9763,121.64776
-89.83918,-698.58606,119.69182
-141.0129,-3430.3289,150.41159
-211.78752,353.95734,104.76287
18.121515,3359.107,93.01048
-270.88586,-2194.4148,153.42612
-171.59015,-633.7516,108.12158
-303.38568,0.7972797,102.06863
-185.36153,-444.57205,119.282555
-47.78764,-1351.4265,142.80806
143.77159,2102.7136,133.82097
-471.70444,-5111.078,144.12196
-259.20023,-2799.1868,121.4276
-248.4135,-1902.562,118.93674
207.82726,3359.0032,107.89965
-233.9472,-2788.5288,136.54356
-69.82659,843.9283,127.987144
-186.93062,-1173.9243,126.249985
-95.638435,419.90884,113.93113
-242.08409,-2288.5994,136.0347
96.31156,2560.8887,111.94245
-357.0179,-1934.3516,119.75975
-260.46536,-2608.5232,147.27487
-320.1662,-7.2882915,106.80998
-127.86276,-1252.6514,140.72986
127.40436,291.8055,123.624794
-25.78005,885.63916,128.0146
37.878685,63.109474,146.27026
-160.80487,1372.636,111.35432
102.568855,571.15375,125.9312
-256.6952,-2745.2905,139.77104
-147.23778,-2496.5037,153.04855
-74.53127,2355.4648,106.23519
-111.695526,1106.4899,113.849785
-122.12492,-2408.095,156.74315
-196.85834,-1057.3453,132.60481
-224.54016,-855.68115,126.326614
-362.34644,-2340.2754,115.9582
-47.70187,-402.4086,150.34637
-179.10493,2602.4124,96.33036
38.30562,1450.8733,123.01953
60.496243,968.7476,114.79616
-184.59874,98.23063,108.37822
-233.28864,-458.92557,132.65384
-262.73828,-921.74304,126.74505
-183.39139,-3120.3691,143.95905
-49.458515,-434.2814,148.40222
-223.23401,-3423.6458,137.37408
131.81342,2638.1223,132.39275
94.640045,-265.73697,163.45938
-152.82635,24.145668,134.84637
-166.56618,-83.415,117.328255
-65.15469,357.79614,131.14607
21.592789,253.17961,138.58626
-47.15349,177.47899,120.24342
-92.87667,533.3123,105.791145
-135.6251,-474.92093,135.76944
-171.83905,-293.27737,111.83748
-213.6419,101.16813,112.370285
-71.165504,-1083.9626,133.82741
163.59975,2746.6655,148.30835
-353.71838,-3569.595,142.18886
-124.05327,-1273.187,128.03514
-278.38248,-5.747398,109.28901
-150.39862,16.021706,123.491394
-375.15146,-1996.5798,110.1092
-256.07465,-1722.1001,140.2195
169.61795,559.8444,148.6445
-342.65292,91.740456,92.61612
-161.12965,876.42584,89.55691
-69.17051,1465.5817,78.453384
78.65633,2554.9236,117.36569
-75.00149,-2666.9062,145.54996
62.329662,2457.1838,118.76727
-164.43243,390.4713,117.78484
-217.73476,-610.6315,125.729645
75.88767,1772.9375,136.6779
122.582596,2075.0942,133.01234
-151.94649,-1513.1028,141.09871
1.6501045,1710.7089,123.74999
55.371418,237.80565,150.1937
-141.86005,-262.6431,131.74445
-391.97513,-2737.5437,130.46872
-76.41837,1947.297,109.15675
-274.0843,-2235.5625,140.77525
317.06113,1362.776,147.45221
218.28676,2582.7393,151.92375
168.01956,2627.7805,118.60639
-319.07877,-1565.4619,112.68219
-437.4963,-1488.7703,96.42543
-33.811665,-1773.574,132.82248
-314.57187,-1946.7227,125.382965
-269.93234,-1890.3054,134.16273
-225.1811,-333.99857,121.462006
-119.26251,910.9367,111.86191
353.97586,4548.3804,93.82018
-203.09157,-537.0825,137.19281
-216.69083,-1147.0922,124.36596
218.21576,3059.403,113.05071
-267.6587,-1528.2947,119.93433
-121.88829,-813.1776,130.00209
-174.46875,-630.697,130.26671
-306.84464,-76.731285,109.05489
-203.5267,853.0932,114.090996
47.937313,63.18107,134.84723
-204.11299,739.37634,102.32314
28.386858,-54.716637,146.58702
-99.63297,12.515968,135.26892
-161.92976,563.1386,90.67195
71.261185,768.9111,160.6889
-267.0938,-395.37344,118.50786
-149.52208,276.9318,119.00973
40.662064,1466.7089,142.38307
-273.79547,-2402.767,131.43388
219.22829,972.64386,152.45671
-127.91116,-19.73513,146.25085
164.85771,2358.656,103.62599
-42.74383,1028.2208,134.98483
-511.11337,-1044.7247,112.16541
-100.46032,1612.6077,106.34344
92.73955,2174.3708,119.34598
60.37078,836.56903,145.88899
-62.749783,-393.5856,132.14494
-286.3175,-2340.0405,128.76529
72.27192,617.1584,136.67752
-270.63,-612.1201,125.649
-109.2141,786.89124,107.57058
-167.81166,186.19395,128.82648
201.52097,3233.1284,102.626045
-95.11013,-650.2195,128.96732
106.121956,1651.0775,132.58145
44.66701,914.0021,142.28224
-235.27985,-353.14407,136.55339
-179.07762,-1475.4358,143.50049
154.23091,353.86404,162.85484
168.77675,1247.4626,149.7586
-167.64883,-528.50793,144.94139
142.99892,2483.5671,124.564285
-196.07024,-2667.3125,146.69315
-237.84645,-1652.7039,130.80302
-357.28018,355.02545,111.6504
-174.0681,2747.6953,71.24517
71.39779,1375.5995,117.0549
-19.077177,1594.7001,134.417
-144.89232,-2462.6995,131.21773
15.124048,1467.6819,108.99233
10.537311,-859.60693,144.69073
-20.31721,159.73491,132.4335
-33.757816,416.44373,125.813095
-62.16376,-1832.0735,152.82336
-37.36601,-1025.2925,126.567856
-306.9589,-710.4425,97.97744
32.742603,997.502,130.02835
33.35588,-628.70276,147.82423
-304.99515,-1147.5724,91.873825
-183.15668,-1518.512,139.3483
-125.102554,-305.97623,131.73155
-124.88234,-445.2383,129.46703
188.23427,3852.0654,103.48374
-102.23748,769.65735,121.871895
-217.4583,8.101906,104.14777
-227.22008,763.07477,120.88481
-351.91202,-2965.2737,130.27538
-182.50546,-1441.0918,152.05376
-321.05606,-2107.5564,127.21483
63.769142,2414.8025,103.99813
315.73685,2640.9314,125.61292
235.32547,1878.5646,143.95314
54.055134,2646.1365,89.865746
-166.85938,-1319.9104,120.83957
79.83906,2837.7405,119.320076
82.97639,2514.4849,117.18287
97.725,3630.8735,102.20925
-19.682646,1839.5797,106.423355
10.585435,-2578.4038,166.52151
47.34547,-367.68362,156.95807
139.66031,372.85587,122.420074
-68.98353,250.09685,120.630615
-244.2524,-673.9574,116.3569
-268.21057,-1229.645,117.30034
-314.22827,-1785.7153,111.11232
-335.915,-3002.924,126.46638
-130.04202,-428.81644,136.87009
-2.3362913,440.24124,130.73108
14.550245,2229.3545,119.570755
-13.455728,-57.703087,161.54932
-223.2424,-636.03015,130.91736
39.119553,674.67926,136.97345
-136.46686,-1156.2705,147.96764
-225.4461,563.94293,114.39833
-223.6698,831.167,89.03832
-100.25105,-453.14932,129.12025
-160.64432,1009.50366,105.90903
-93.99611,1024.6923,117.84287
91.1372,-1424.8533,160.0414
-248.58293,-140.72835,104.607704
-62.61179,-200.86244,132.04883
-38.17198,559.2141,135.66914
-299.3836,-3046.7898,135.55832
28.854162,1677.6969,111.65718
-56.88119,-106.903465,141.24498
323.57214,5269.72,97.47235
67.075905,1280.0541,112.350136
-170.18947,-1372.6545,138.3597
-74.74418,-633.5676,146.27429
-130.91165,-2810.14,173.31044
-170.67584,-68.675804,112.50142
-198.10591,-1147.5725,146.93956
-108.93606,-1610.9875,145.42319
-163.7219,-1360.2285,151.42752
-390.11246,-1020.47,92.84026
-201.60757,-2492.2097,148.6647
-40.412422,1233.7982,97.626785
-180.81009,-882.5486,118.458435
-308.8958,-2216.0168,127.946884
-30.906034,466.7434,119.47255
-54.06072,-990.3661,148.5283
-68.55443,-2117.57,149.97978
-76.51565,-2074.9595,142.80853
28.676456,995.29297,139.0978
-107.52537,2138.553,113.72636
-331.6258,-48.073326,103.658005
142.68105,3440.743,125.07241
-98.70344,486.789,130.15248
-159.8575,-935.5228,137.22177
-263.66116,-1126.164,120.67175
-307.87198,-2058.647,135.11565
-140.60876,662.6662,120.82865
-155.75403,-1338.6628,138.12862
1.7985744,876.22327,135.29424
-253.79439,-3467.1023,140.14915
-211.84853,-1180.0242,113.394714
-94.508965,823.13995,127.824524
24.374947,1073.0349,143.28795
-96.2735,-1039.2487,125.51875
-242.39525,-887.6669,113.43844
175.44531,-778.47705,132.59575
-239.91612,-1469.3552,139.22252
-134.24536,236.96928,119.67327
-250.97368,-26.080467,123.63048
-101.294014,-1119.3198,141.34726
8.043157,873.24927,132.88301
-64.15581,1397.4694,107.40868
83.61918,874.1565,95.47853
-275.48407,-1431.1108,130.67877
-128.19258,1487.1162,100.85753
-227.40631,-2416.186,125.99085
-282.09564,-2789.8252,129.23688
-149.63675,-1426.0352,139.84491
-237.71822,-2065.202,123.10287
-148.40877,-885.6848,161.13991
-227.26682,335.2498,115.403015
-154.0337,-1040.326,132.29108
128.02808,629.68915,140.14792
-16.225824,-410.1193,127.823845
-124.87738,3888.0044,71.19492
-234.54333,-1447.4265,124.27975
-113.74498,-1164.8889,132.30121
-94.71475,-728.9564,124.2429
-249.45952,-1903.0427,126.22658
-169.59106,1050.2894,92.17305
-102.15131,496.14282,140.27039
-46.94622,-14.652428,130.41989
-164.33926,-3609.3518,147.95834
-198.93613,1437.338,102.54424
-244.86821,-2009.633,136.45294
63.2696,1803.5826,121.313965
-303.06183,-2734.5188,136.40729
-40.812973,-806.5178,147.89435
-241.87767,-493.88443,131.97137
-324.0379,-1438.5393,115.60601
103.34734,2938.2834,100.62345
-130.34653,1699.0897,91.51777
197.12105,2413.5134,130.43896
38.07234,629.5503,109.57519
-178.9559,-157.60847,114.886635
-275.64093,-1022.47,112.08888
-41.64385,-359.25858,119.21614
6.2578135,2064.8416,88.177155
-33.33685,-641.5652,127.40851
-47.121796,1480.121,117.67341
-222.72054,-1863.2153,130.17963
-220.86911,1419.9419,97.13282
4.831525,1716.5369,124.06181
-199.20575,-655.8816,134.95717
-2.0289392,-939.5105,160.67215
-263.52402,-2327.859,144.11746
-85.28666,-894.3718,137.65738
-213.14078,-1959.2183,129.30984
199.30328,1438.2312,122.197105
-137.8674,182.92876,132.73624
-214.53683,106.96708,132.07619
-142.00488,-560.0702,125.21998
-348.46802,-2191.965,124.948586
-320.874,-826.4509,125.065414
-107.11599,-570.3673,100.062546
247.55861,3202.5332,122.33466
63.821857,3061.3818,116.36592
315.96875,1094.532,151.11667
417.74426,2356.372,141.054
-327.78064,-1761.3186,128.5432
173.89488,-763.4418,148.92088
-60.98022,65.177956,139.31738
-190.92207,-1001.51,124.031906
184.7954,1022.76483,149.00542
-169.38635,-1972.8877,148.77762
54.11692,1949.4797,133.70442
-48.72597,-671.1676,140.21089
-58.913242,-2347.6511,149.76181
-84.01003,-1334.615,149.40898
-194.56741,-1496.0132,131.64915
-294.18814,-453.8788,115.64247
2.4964628,-14.022911,153.87326
-102.98768,614.75415,120.86951
-123.95647,-1266.1147,148.98105
-329.44476,-1462.5859,117.97821
112.36741,1798.6505,130.46887
-10.839105,1006.8007,152.50267
-278.77744,-1427.3943,141.27379
32.743984,-398.1243,132.69371
-202.01642,1251.0868,102.8848
-126.425766,-1224.7041,141.2412
7.2062683,1752.1455,108.23662
49.579033,-417.82144,147.17747
-44.1586,-307.20425,146.26988
-415.4499,-1869.0747,114.60594
127.825775,213.40666,155.29753
94.49719,1887.3337,133.95547
177.23424,3674.369,99.71248
-458.05222,-2101.9302,116.25874
-188.28915,-1555.0564,132.3191
-50.42644,2202.1213,102.218544
-262.31055,-591.8517,107.59034
130.56111,1641.505,139.45758
-74.35842,-1975.4949,141.517
-152.5536,-1399.883,135.20642
31.154064,-1933.6189,159.6457
96.83277,2484.9075,114.9959
-271.02643,-2316.909,133.08427
-90.5403,136.24858,109.83691
1.0037003,1823.0232,116.370674
-24.402452,1443.9866,114.1829
102.97809,506.09592,139.28337
-215.90987,-1715.4211,127.504715
-16.405535,2346.8264,119.16178
-282.44235,-1939.2178,127.470146
-307.71176,-1592.05,126.966736
-140.7419,-2444.9453,144.85657
-86.93129,4407.856,84.73415
-288.6409,826.3156,100.61731
-229.61931,-2383.159,157.03952
-193.17035,-509.25577,119.56088
159.39337,2474.7224,121.60265
-114.83415,-1341.5574,148.13562
54.13687,1513.0901,104.38158
-77.46074,1196.6147,109.289406
-79.572685,-512.85425,136.39253
-94.04242,-1623.1494,139.23157
-295.48648,-1877.2083,129.96468
-17.077509,664.7026,127.879555
-145.43724,879.60565,125.83185
-235.22086,-295.70096,127.37848
-74.04176,770.71265,131.28226
254.90146,1356.5725,117.059715
-252.23744,-1060.274,129.7583
-59.219593,408.85934,134.05612
-322.65094,-2939.9287,126.00384
-106.39311,662.2006,143.39397
-115.62424,-1089.2798,131.108
49.301586,694.12396,130.43295
-21.020948,-2904.5706,168.6748
-37.79673,2717.4062,93.33909
-313.12576,-595.22974,126.774315
-9.639865,1235.9529,107.82115
8.803213,2767.6978,113.21846
-271.43073,-1478.3064,111.5763
139.52583,331.4634,153.9796
-18.018621,-498.01736,138.68048
-25.593443,558.42523,118.22499
-174.38104,-2418.187,137.67001
-293.26404,-2403.2417,129.33694
-215.88943,-1244.7917,142.31705
-344.16205,-1433.4424,115.46039
-111.33385,-359.87112,134.23051
-88.260666,-1583.4524,143.82877
-165.76503,-2023.5461,149.23972
-88.012856,-846.9171,143.7989
-186.60786,-1768.231,136.8057
-44.354053,959.17145,136.21088
-127.64642,-323.84305,133.44666
-289.9515,-1375.876,128.10243
-260.52768,-2261.906,134.82397
-211.90594,-1079.8374,106.53876
-242.11409,-1441.0674,134.10371
-170.10573,-522.0419,126.55729
136.50085,1421.6846,130.16733
-113.35716,-1583.05,146.76736
-332.08847,-2224.206,121.83173
-212.25504,-199.66945,101.12731
-224.59901,671.6505,101.86564
-297.55176,-1324.0254,104.118256
-161.17801,-2169.967,137.3701
-174.83205,-2861.719,152.42934
-275.04257,-261.53848,113.14466
126.045044,3269.729,110.73413
-45.33714,-579.61707,130.46016
-61.65076,-142.78389,125.30173
27.677988,318.72134,135.06975
-159.27684,-1421.2102,149.5151
-275.1197,-979.05884,144.74922
-178.43907,-1006.5697,149.67578
363.0243,1457.7603,142.65211
-102.91578,-563.5797,128.1662
105.79442,-1465.4326,170.77599
36.646503,1149.7212,119.20552
-91.81861,-1344.9241,143.83282
-76.99806,-298.19168,137.35034
-138.20241,-546.25134,149.81316
-124.63225,-404.30716,125.17328
304.54608,4827.9873,95.11982
-135.35301,-602.97485,151.24533
-223.03319,-711.98047,140.45453
-82.24757,69.951515,138.61488
63.820347,3014.2754,110.49853
150.6106,2664.9739,111.42467
-2.641839,953.66974,127.9618
26.84288,1501.7825,120.10131
-171.96315,577.2938,90.6192
-71.14355,-1472.7185,155.93118
-82.198746,-2455.1523,146.9909
27.911076,-1818.648,168.09538
-168.8757,-841.17993,120.110374
-133.38051,-1942.2056,142.30034
-139.95038,-635.07227,124.45928
-64.80668,407.9195,122.933426
-19.25817,2655.1006,95.410446
-117.966125,-211.4452,146.38313
223.09589,4584.967,86.2867
-67.6077,-642.08826,158.6362
-111.84363,-3221.7673,155.9343
-91.67489,-223.1819,138.36612
-56.448246,-2403.4172,160.46413
-102.624855,-360.93948,118.09818
70.8489,2651.6802,108.92989
128.5634,2843.2605,121.132065
-425.75598,-4531.935,139.30217
171.04002,1608.5778,105.63605
78.25701,1705.7573,126.645645
166.52014,3512.5913,126.174355
-118.80994,-2867.1128,151.58546
-34.202267,215.55693,145.7142
-143.88162,-330.67325,134.34976
-27.332712,1578.0076,127.29309
243.84319,2488.5425,113.94283
14.962526,-227.14308,122.227196
-181.65692,-966.8629,132.94928
-155.67053,-899.8594,135.59096
-170.5741,910.00006,126.76948
-422.8036,-1475.9656,119.226204
-103.04818,-3278.1995,157.27733
-39.68261,1501.7928,106.45067
-318.22318,-1734.0515,120.118935
36.06882,885.4705,122.65517
-216.90855,-1629.6306,136.90251
-273.25272,-343.9473,94.744354
142.04233,2063.5967,126.519226
-176.63142,-1446.915,136.84972
-108.82333,198.27043,124.31114
-162.04755,-968.5834,135.83931
-191.97556,520.2808,118.55068
-216.8982,-1239.1536,131.22859
253.50668,2121.659,152.29047
-84.95337,25.734962,134.96843
-385.6315,-709.6212,94.19291
-221.33154,-2978.8674,140.2236
-69.804405,-767.1644,136.16284
-301.39938,-2459.314,136.71426
-105.48632,1866.4126,111.46384
127.221016,2858.0344,112.20168
-174.24348,-1324.5854,140.63933
57.47099,3901.3416,107.39338
-152.85863,-718.115,145.85721
-235.09843,-706.098,138.69821
-178.3206,-1001.2373,139.54495
-180.55089,-1993.8245,140.32637
-231.70045,-2323.2266,135.10016
95.57766,3181.257,105.85156
-4.2402105,-204.29005,161.36835
-15.195828,-549.1565,146.69208
-189.62042,-283.03445,97.34594
78.4967,416.9532,141.54437
14.702901,848.0883,115.2515
-61.828045,781.45935,135.4258
24.673906,2201.011,126.43748
-79.88831,593.59045,134.79813
-211.36754,-718.3718,122.27777
94.85126,487.24847,163.46692
-129.09943,1391.5934,119.91403
-326.13632,-435.423,98.39075
136.17194,1932.9749,134.7225
-175.29839,-1224.9834,140.1345
-257.54147,-1114.4497,132.08896
90.15812,432.05917,133.66588
93.09992,903.4911,123.31899
-319.24478,-3144.8933,145.26572
-21.774118,2309.9634,134.45113
-207.50616,-1666.0378,124.09627
-149.34598,442.4672,98.67154
-163.59451,-266.75858,115.60757
4.358938,1496.52,106.76408
-152.62541,-57.766624,133.05022
-51.462887,-1589.283,160.92885
-229.23601,-1449.1504,125.439384
288.12643,4147.493,103.19423
-112.858154,-98.73928,145.79126
-220.85844,-611.5,116.68227
55.56941,-1014.34485,146.00711
-188.82617,-890.4822,154.07683
-197.22932,-1463.9917,119.849464
-163.02625,-440.15408,121.63618
217.04445,3096.0454,104.30292
59.691437,-208.6963,139.19371
-134.1013,-1272.0212,130.78275
-150.19995,-1278.8816,144.8849
-93.846634,220.67784,101.238266
-282.11096,-1842.5635,139.30067
72.68027,1306.8129,103.79761
-276.14178,-1947.28,142.35353
-128.15858,1454.8975,121.3509
-196.30246,-118.465294,115.26354
-328.31827,-3198.307,128.1112
-247.78642,217.46135,118.30023
192.92584,3121.0615,126.345
-113.084015,-1415.5862,135.8709
-102.91701,-958.2439,138.8317
-300.77646,-3243.6477,146.95078
-392.67767,-882.306,110.09826
-246.81383,-1208.3374,138.6041
-102.653854,17.01249,128.6794
-90.17609,1497.6365,141.0669
-213.04723,665.37463,95.47318
-208.08992,-2300.8232,145.37189
66.52383,269.9247,136.59811
99.2256,2619.831,156.30728
-216.46696,-3662.3552,148.45758
-53.25005,794.368,123.06581
-102.508644,-1017.86304,137.04292
190.15878,1638.2982,125.627106
195.57503,1881.4585,134.9328
14.958793,-452.8229,131.20323
23.910038,1589.2687,117.31888
47.9767,393.39514,131.58879
-229.23044,-4646.2437,166.91234
216.45312,3145.6235,102.50798
-352.0777,-3459.4065,132.6447
-83.28301,1840.8,99.34934
-54.525394,922.87836,137.29715
-91.892006,716.6619,136.25516
-9.027127,-67.26186,115.65238
176.56964,3846.1213,99.34816
-71.28045,223.89171,120.90507
67.78823,-341.8705,145.52141
-225.75302,78.478004,119.49804
12.051285,370.8771,131.23831
-41.190193,344.7863,145.52324
-62.605595,2171.0374,105.433624
2.8613167,3316.9167,130.704
110.16836,602.3779,117.55568
238.11525,222.942,149.69896
-71.34468,1662.5977,120.10176
-373.9945,-1454.6975,128.22008
84.99907,427.2447,118.90215
-106.879906,-1896.0891,149.03279
-398.2344,-4576.266,131.94153
-38.789074,77.04728,131.66368
-79.19631,-1536.7163,146.05104
-331.35547,-2183.6335,119.93914
-126.7077,-1256.8201,143.36151
-60.997097,1166.6646,122.88937
57.873325,526.86957,141.96593
-313.60693,-269.60416,106.459145
-257.32556,-1675.3865,126.08499
-73.09026,973.1537,125.73035
119.58229,1358.139,119.172455
120.42227,1365.8076,129.587
-75.54784,640.905,113.67107
-257.97464,-912.20325,110.791885
114.36367,436.56927,146.71617
-238.19247,-473.2095,113.19312
-53.533916,-810.4391,146.65453
30.57152,527.7514,142.33693
323.08185,2542.4836,125.92332
-128.09326,-1197.3137,134.64154
-80.92248,-1071.4235,147.60684
375.13852,4300.7188,120.8149
-54.381374,-2360.4946,145.02888
-1.1563215,979.4424,140.90213
38.611584,345.4507,133.84772
-203.61589,-1738.4661,139.28821
74.59655,894.3211,142.26747
-79.79651,-312.7941,151.21863
-127.53313,-337.56326,139.10605
-223.46077,-457.01358,133.56305
-130.03983,-208.32558,129.68684
-220.09659,-1690.946,127.46325
-38.594887,1439.1014,93.55588
-14.464976,-1418.6736,142.65205
248.01654,4491.255,98.85101
-9.672622,-1377.198,141.83437
-79.59874,-720.6127,149.20877
12.829397,337.33078,118.172356
-120.12895,-353.86148,125.431335
35.518692,-456.1121,162.68686
-390.78156,-290.97232,119.4957
-240.28325,-394.63504,108.42822
-139.16762,-2409.5403,132.84225
-1.7149229,1104.6512,124.6443
-103.276054,-1603.6528,125.48945
-169.20709,-2237.2043,148.12543
-369.72662,-1231.3337,115.327385
-129.55597,631.72266,119.299034
-68.62248,1861.3391,80.95033
-91.2323,180.29466,130.1931
-27.742376,-1477.4126,150.91943
-331.8865,-1264.4185,109.50658
-198.63513,-746.86536,122.97462
-67.797386,162.80803,146.60469
-6.4685335,1623.0216,153.50017
-64.362724,-380.68204,135.22653
-51.85786,2459.597,101.23444
199.57709,3147.595,97.86332
-137.19653,-1332.1497,136.46837
-265.6426,-909.5299,130.52367
-44.381226,1432.0353,122.94806
-218.25195,59.037575,112.356766
132.8907,2454.571,135.07083
-197.69118,-829.0856,130.49847
-127.83005,-840.151,142.43669
196.7824,2919.936,88.1968
-82.344284,-504.9341,137.45132
-11.914737,-323.05582,146.51608
-105.755875,1948.9952,105.31599
-418.4847,21.354408,81.24039
-61.38088,-491.87625,146.92638
-168.71185,-1054.4534,140.66798
44.52462,2775.8245,125.58054
-178.23572,-1985.4417,133.19514
173.1204,2970.7742,122.15548
-329.86252,-1806.9175,109.41344
237.01852,3458.4856,116.71632
-98.032974,1431.5684,110.51126
-277.4293,-1363.7361,138.0025
-344.35275,189.4951,92.55731
-180.39287,-1139.4894,136.39429
-62.374035,-688.80884,138.92589
-352.6154,-795.3522,126.11567
-70.274956,-1607.8945,144.5441
-456.434,-2029.9014,117.07568
67.76488,318.7393,144.21544
-249.0023,511.73346,101.09779
-88.77004,-1781.1453,144.89948
28.743319,596.31775,143.97589
-150.6498,-1539.1792,141.37886
-123.82968,699.29376,111.696434
-170.96458,-795.5718,137.4982
-273.31433,-747.35046,112.78996
-326.03058,-1952.9407,117.9669
-308.6407,-1386.71,104.93756
-146.18213,-1441.5513,142.58308
-168.83043,-449.0485,140.31569
-194.5588,-1757.843,138.60263
167.59303,2430.326,104.50624
76.92639,1274.6508,149.31847
-123.56351,1415.7437,94.862206
-170.08386,625.9641,102.33016
-371.8665,-3042.268,124.02208
77.09011,2164.963,141.84988
43.741646,-498.56302,150.48871
-260.65707,-612.298,120.37209
-372.3787,-3730.0193,144.11098
-233.81589,-409.78983,106.80447
72.944496,31.846657,148.98909
-191.27783,-1385.6543,117.55231
-132.39088,648.2865,116.08722
-85.478615,-858.2822,120.761536
-6.1248655,1190.0303,122.83927
-212.16493,-1912.7742,137.77547
-195.69844,-3403.448,145.31476
-37.4336,1476.4515,104.32912
-104.22826,-2292.0283,146.5781
-176.16577,-1668.2703,149.15411
-7.3074064,-1554.6814,172.07628
-177.9632,427.64688,114.218544
38.732124,2454.0808,116.46197
-127.09604,-1703.9541,130.00053
-120.254486,-768.505,147.50314
-63.875874,1120.5319,125.45812
-77.62302,-1324.1931,142.18962
-186.22758,1867.2848,81.61317
120.34052,2702.1973,124.10082
-172.34549,-2384.3523,127.0321
-18.163584,-353.5364,156.666
-412.00305,-2551.767,117.76304
-103.61726,95.160805,134.72107
-180.3536,817.19617,111.85672
-41.083717,1817.5875,98.281136
-7.577161,3251.337,80.74235
-116.851425,1483.6538,112.353935
-191.65164,-2373.0234,160.29967
-80.9253,246.26524,116.78771
-170.03024,-2056.906,122.07755
-172.42236,-1268.947,122.69298
91.59643,2267.9465,128.7144
96.761375,1902.8922,120.79565
-113.83835,-1735.8135,133.76901
-262.1326,-759.5814,122.41193
-276.1024,-35.50155,110.79236
-9.249455,1352.8055,142.1115
-243.73378,-389.24283,121.96004
-65.94358,1536.354,117.6634
-97.52099,-476.4302,141.57838
-1.5091448,402.64056,150.46196
175.08102,-287.99808,151.4691
8.998622,1472.8271,108.475845
-179.90367,-2180.6997,133.33334
-70.067986,-780.69226,130.51965
-139.2979,-526.96375,135.70781
-95.38056,-2141.864,140.6512
73.925064,2215.7673,113.06479
-181.54631,215.56438,99.32769
-265.08005,-598.0818,108.125725
-140.46594,-2167.0457,150.54745
-212.27783,-265.21793,125.418785
-22.696463,761.8038,136.25896
140.22374,2594.8047,125.650826
-139.50726,629.3147,109.266136
-148.514,-1199.8442,142.49875
-209.07912,-1879.0508,131.07033
117.01,1240.8658,139.50189
-202.19751,-2405.8052,155.06848
-142.45596,-1591.0066,150.51605
-16.279863,-1908.3337,149.86002
-298.46857,-1279.1631,130.4565
-130.19955,-739.9192,116.21266
112.99099,1307.0079,141.56761
-120.75896,613.64294,123.42803
47.985577,445.04453,157.59102
-51.293392,261.60373,131.26498
-242.75862,-944.1199,98.5791
-118.12128,-353.2333,134.2174
32.888187,776.9933,129.64485
-229.14056,-2274.304,136.64735
121.899994,1267.4285,138.3945
-47.66229,1646.5066,132.3068
284.9953,2614.0059,108.200035
-201.80135,-259.304,119.47855
-156.9183,-1388.3005,127.68744
-312.06625,-2365.4258,130.5087
39.49345,3048.9287,109.34408
131.33267,3251.509,96.70222
129.55869,615.8426,157.97275
100.64279,3959.4822,88.028786
39.873764,636.0155,129.15733
-169.5681,-748.5498,147.56393
-308.91284,-761.8231,129.21286
-158.98865,-451.88138,140.7469
-45.80166,-1383.7622,156.09683
-139.53195,1073.7494,128.86342
25.89237,1275.2184,110.211914
-124.541046,431.0177,128.32124
72.61353,3729.7686,84.20643
-190.10423,383.16943,125.65081
-288.53967,-2664.4993,134.76161
-131.10973,-241.66982,127.01149
165.35548,3397.608,112.033195
40.868427,1517.8494,128.8835
-48.178562,613.0607,108.53358
-231.97987,-1994.8706,131.56873
-70.01581,-1629.3484,131.53015
-115.3138,-374.78897,124.15303
-326.20374,-2794.8176,128.66106
-65.89626,-525.4778,145.1047
-256.75528,-2022.238,122.08439
77.97231,1020.54333,125.97612
-268.34192,248.93016,120.970924
-157.55385,-317.09964,121.78923
-294.40143,-879.6377,127.9545
-351.4082,-3080.274,125.9841
-171.42932,795.69965,95.603294
-143.8775,417.7202,136.19403
-208.8681,566.4605,115.670845
-259.9218,-1226.2078,113.40684
-3.0627527,-1144.7097,161.97992
151.23688,1494.9327,142.55934
-294.16385,-263.66837,114.44556
-333.29178,-525.9468,105.97406
-162.9971,440.77277,111.176575
-175.94774,-1399.8235,140.84401
-385.14697,-2670.704,132.17896
-42.23591,-1071.5698,148.93002
16.715273,-561.96643,142.05728
-86.92504,-1677.9644,137.5968
-265.1064,-3188.858,149.44719
287.7405,1842.2382,165.31999
-38.27707,854.1415,119.25008
-37.496647,-2524.7102,148.04495
-244.10869,-3235.9192,158.4485
-12.758922,199.00395,130.28899
231.69318,2641.57,87.03577
-21.441397,-1393.8469,146.29288
-5.326915,-966.20483,163.43503
200.69173,4312.48,89.17023
181.63487,3158.9248,91.87136
220.74974,1606.4856,127.50462
-96.784515,-969.6626,142.25067
-147.75296,-1314.9736,124.171036
-439.62317,-3268.0173,127.20592
-177.15067,-1595.7673,145.75044
-228.91518,1484.6174,93.448746
271.94846,2661.9485,89.48641
156.94417,-878.3904,157.63309
-371.39948,-1008.641,115.53132
-8.653741,919.755,105.10523
97.61773,-227.01515,163.02954
-22.800142,600.3346,132.99591
2.5359612,-330.8936,137.51175
-112.55165,1201.1857,109.29155
-132.79594,268.10324,107.96464
124.67454,1935.8854,109.21514
-349.51157,-2334.7937,141.09863
-110.59403,-2056.9653,148.421
-298.82138,-1796.1626,132.89847
94.95903,2548.4685,125.448
181.12494,2607.2952,117.725075
-565.86,-2363.5518,106.97794
97.77741,-16.611778,132.3408
-258.3778,-2642.2446,136.4765
-230.5816,-1982.5991,164.2432
-118.38895,1238.6608,101.96696
-22.438124,1100.3699,115.75531
-83.998535,-318.54214,131.95961
-28.872774,3105.1262,98.63053
38.579712,1180.2512,137.50983
142.23378,2096.0942,126.57511
-208.80617,-328.309,102.84738
95.21013,3364.4854,118.3472
-102.01609,-1343.46,136.78105
-195.90115,-1328.4822,133.7549
8.720844,331.5941,134.09315
-246.49605,-1621.8354,136.00267
-189.40205,-2001.2402,121.726395
-343.55136,-2193.7478,127.67969
-232.96834,-1205.2893,134.14365
-125.65341,362.1029,118.21223
-34.643234,2483.8555,76.962944
-92.898735,491.37015,110.84237
-201.86856,-960.0427,137.09763
-364.5862,-220.89955,114.37466
-351.529,-2218.6936,131.5207
-77.56762,907.78937,111.0792
1.0665731,-277.11368,139.79675
-232.80054,-2618.2021,137.23831
-376.29208,-1661.4739,106.351036
-168.85464,-2136.9124,133.98175
-176.10773,-1308.7319,145.65732
-184.96078,381.8469,130.3193
40.588013,1058.9135,150.43051
-142.67853,-726.1437,128.68562
289.1817,5769.151,82.76774
-145.9027,-217.28578,124.96965
243.69763,1288.8843,137.69518
29.69828,1081.8364,117.35324
-20.272917,-2146.0479,160.18884
-49.047535,348.09848,120.61717
-248.79985,-1238.9663,134.82077
48.41456,-1532.3718,152.51973
-161.30846,-494.70096,123.814354
-94.57352,-41.817955,127.88731
-74.76818,560.1548,142.77426
-361.34045,486.4627,85.62816
12.377334,-1297.6267,146.33302
-190.1554,302.89322,106.35585
-209.51466,449.84848,107.343735
39.907097,-1597.801,161.82256
-116.60542,1025.0345,96.905945
-99.37228,-1493.2737,126.83691
-149.77426,-497.4528,138.41907
-214.97427,-526.6074,149.12445
-342.3223,-3096.714,133.88913
-80.89027,-2216.3042,149.75345
-332.80142,-1306.8743,95.42977
-55.43372,1239.8641,102.316124
-169.9353,528.24304,134.25436
-117.9341,105.720985,113.46925
245.33199,3903.0217,73.32374
-196.88605,-1062.7386,112.34218
-195.25064,513.54944,115.723236
123.60172,2922.6418,102.22809
-92.99964,-1004.2101,144.62181
176.74309,904.9901,149.72444
-228.00153,-154.48799,127.37275
45.588272,440.2406,160.81247
-75.63439,1431.4772,108.92248
-264.0707,-1427.7234,126.751045
-51.922985,-338.99393,130.623
-88.71976,1021.9656,110.24478
-191.97792,0.051552176,104.44027
-148.51698,820.7319,118.67958
176.01299,-720.6345,145.26273
15.99697,2310.1997,129.74286
267.15176,-457.10233,152.05403
-256.71042,-945.3596,127.6065
-272.6572,-1326.2695,114.41001
-18.875101,1878.1515,119.940926
-63.28845,902.8952,146.5851
-266.7642,-1679.0461,135.86629
78.90347,-1363.8538,167.71848
-338.1938,-1088.0371,97.2876
230.59915,3385.6047,107.37171
-418.02365,23.498817,98.36658
-128.4141,-1116.271,153.3819
59.35023,1483.8445,105.724335
84.49684,-944.21045,145.09741
-176.94217,779.5994,119.937416
-67.58856,96.91764,131.51788
-141.81174,1113.3684,103.76048
-181.2509,-12.3265,93.63292
-286.62354,-1115.3488,119.58249
-71.418976,779.5975,124.92145
-131.80444,873.0221,128.72034
-121.59868,339.7966,127.98789
62.459995,155.80351,132.1861
-141.10262,200.72746,125.562454
-163.95564,470.52197,104.47072
-318.11725,-1523.1653,113.97411
178.25745,366.34082,125.36494
-147.5837,1134.6901,102.62343
-158.96431,-557.1084,133.66289
117.35683,1440.9878,124.00795
83.46867,1998.0142,111.12879
-240.19661,805.9812,107.97224
52.79936,1352.1937,107.84327
330.46408,2537.68,153.1895
66.6844,-1033.8584,153.1607
209.79185,2644.8176,118.775215
-194.88116,670.93024,120.27135
-37.508347,336.40775,119.488556
-304.36517,-1558.7439,122.97935
-46.443306,-56.30282,144.61403
-75.669975,890.98663,124.43383
20.563923,-93.55483,125.65415
14.317087,1334.9825,103.08172
-114.88957,-1459.3022,152.73701
161.9716,3145.8223,85.79747
68.47808,1686.8866,141.22493
-245.59413,-2550.946,133.59389
-65.70826,167.42412,138.01933
-132.64659,-1325.9824,148.45657
-192.48123,-2255.9275,139.04205
-20.55277,-778.08594,150.43277
-288.01062,-957.396,102.20075
-328.90204,-1500.8508,134.98013
-303.8718,-2986.4683,122.740875
-118.95448,2435.4434,92.33643
-85.93628,-887.37024,128.2634
-86.37354,-508.11783,146.97885
276.46545,2169.31,137.05258
214.36095,3261.0664,120.22166
-257.39462,-206.48842,117.683
-49.91592,50.507423,136.6253
-66.03693,568.48004,127.69688
-41.453106,-327.74637,137.09663
-108.98143,2352.6821,113.177986
83.57743,1076.8345,165.89835
93.63122,-1265.5171,153.91533
-78.96659,-54.159508,137.47948
-107.10728,1087.5001,140.6919
-43.544098,561.5939,146.43301
129.15407,2102.858,129.25659
-186.15392,-1238.1423,126.02263
26.616724,1166.4725,141.36752
-87.318954,1114.798,104.273125
31.884132,729.9215,130.73842
-93.254875,559.5952,120.110306
-183.8873,-304.20596,129.59077
-231.64348,-1490.127,129.93773
-160.3076,464.1794,109.35831
-56.50738,-770.0022,131.11267
-23.247267,1502.4341,111.78995
-41.55529,813.5652,138.92653
316.0174,1431.9135,137.50615
62.302532,-323.9623,158.42227
18.593824,2314.7793,115.050415
-175.22447,-644.2294,148.59697
70.67831,1856.2057,132.76712
-212.17798,-1207.1768,130.39204
-107.03578,510.5042,123.927376
17.64599,1478.8884,111.93658
-62.935085,-907.3325,143.87543
-242.14684,488.51837,104.177086
-182.21973,1197.8608,98.48753
-38.450615,1618.9603,134.79199
-139.99026,180.28502,110.683464
-92.98923,1916.0593,71.95957
-129.26535,-609.4518,164.19925
-418.9512,-1866.7637,105.380264
-71.53706,-187.34938,148.87906
70.8986,1026.9928,129.72894
-11.004935,-562.3639,153.47968
-93.72551,-380.01053,129.13107
-0.10796835,862.28613,124.536354
-79.90199,553.768,120.31917
-144.71004,-247.99416,122.78146
75.26679,-776.24963,174.48782
-47.248096,1017.9676,103.13176
-388.1208,555.6065,90.081696
-416.7382,-2035.8438,118.46292
-50.66686,-171.79079,143.68571
-2.6240416,-1039.0293,131.62654
-60.28986,776.3194,125.6862
-9.089595,1119.3125,107.09347
316.53055,4865.2227,86.217476
-112.54544,881.69653,137.08197
20.957918,2615.4863,111.628586
-74.51754,-280.08267,134.3018
-274.81122,-1402.2322,89.171455
-150.20377,-1324.855,142.23386
-65.82808,1198.9196,121.56245
-3.46033,1570.9005,127.57236
88.39036,4184.34,87.60907
-98.18883,-206.65639,147.39445
-59.111317,1372.3457,110.434845
-103.0653,804.7553,121.157745
-339.94962,-2501.6392,132.37971
10.450785,2548.5774,89.61005
-8.118896,458.70468,118.639626
-133.46971,208.85655,119.65058
-37.83558,-1190.2656,156.49255
-259.3099,-732.60034,121.281845
-168.71391,-1061.4683,137.26074
13.482369,816.8103,145.50603
-61.29009,992.2958,124.1691
-40.472126,-902.18286,146.65462
-239.62288,-2291.6638,122.00916
-261.47278,-1976.1763,132.2423
233.24503,2150.5051,144.55157
157.46625,-735.6824,159.01476
-179.1104,91.582985,135.09515
-175.85085,-2701.9595,156.95575
-210.01515,-1764.665,112.570816
316.7759,4067.7913,106.36798
10.712488,-26.106346,148.48953
-126.1351,-902.50073,123.00232
150.65451,1827.4148,128.38907
46.34129,-383.6542,130.99826
-351.54868,-2842.0837,123.5263
-113.702194,1539.5876,123.87453
-164.88635,-734.2189,139.94713
-258.05386,-1212.7012,112.065475
-60.37637,393.11633,105.07835
-156.27483,-1225.981,110.34903
-271.06348,-1771.4419,125.74661
-245.54109,-1688.4324,145.32224
-338.64676,-2031.9182,142.66862
-101.009384,-42.57894,134.43861
182.70357,1260.5862,147.6164
-216.13664,-1424.8838,101.91052
-152.96977,-981.4762,138.23506
-53.804493,-446.28616,123.32196
-206.4021,-2016.9673,122.371376
-96.47236,-952.11755,140.51033
146.79224,556.98914,144.46727
-208.88136,-2118.4153,131.99727
-28.108446,1469.2958,127.24874
-183.98752,-1704.168,123.575005
121.079666,2553.7664,116.54508
296.61444,919.70984,155.76584
-158.17194,-669.8456,141.77144
-121.01567,121.83762,123.72175
178.9993,2660.9463,98.72121
-124.40715,-568.1753,134.89107
-259.55295,-2054.0662,148.47305
-231.53033,-1851.4768,141.83609
165.43497,254.24919,154.19893
155.48294,3327.1624,100.84148
-38.131794,928.9611,145.08188
-228.19432,-1226.0552,132.01273
-154.21692,1300.824,111.96822
104.48766,3429.428,120.79391
-66.90199,372.76382,103.86196
-71.14893,-510.9263,145.16212
-116.67938,-1663.2817,151.88916
-225.89285,-621.77747,130.15178
29.806404,548.02216,140.11168
100.29553,2347.405,127.463196
-214.2888,-170.52797,114.57199
-168.37617,-28.668236,124.96688
-202.80066,873.1919,124.80059
-108.347115,-223.50002,123.04815
7.1965685,-612.24963,149.5376
225.86168,2070.7815,125.91317
-220.41577,-2049.603,138.94122
51.33047,1945.4509,93.84531
-26.707567,416.262,113.98596
-155.21132,-3682.1077,145.29784
113.06593,1988.3617,126.79145
-130.59221,-931.145,132.04663
-86.3327,151.19878,136.98723
-156.3544,-1037.0459,142.71107
182.35999,2143.1128,90.304985
-299.4887,-1044.9457,139.33362
139.42769,1463.1256,130.9537
114.22646,-1082.2418,157.08022
-270.65106,-594.70593,121.19037
-146.39377,-1164.7041,131.37474
12.408707,200.8499,126.861176
-31.675535,-756.3125,127.202446
-88.064186,-671.4988,154.30894
-111.66759,678.2674,128.39937
-127.15881,1013.4064,126.67771
-126.10283,-1212.8096,141.23558
-350.26346,-2724.7344,130.60622
-37.462788,-509.84158,149.29443
-13.794915,-1594.2092,129.68497
-66.78061,-708.83716,141.97939
-210.29874,-945.28455,131.81241
-21.378363,-403.26492,109.85661
-54.172993,-125.63174,155.92606
-200.6937,1150.8763,107.89326
213.1109,557.54877,134.17519
-13.68323,385.78195,128.81389
-241.41441,-473.4213,118.020546
55.06441,792.8268,125.93274
-143.1823,-1816.2458,143.62512
-139.88414,-3452.5393,154.11867
-89.75797,129.37767,146.2489
223.95433,1812.9861,100.41594
80.76093,1086.4584,127.427765
-101.230034,-1362.9846,123.90581
-229.14662,-1372.8262,124.69984
-197.2542,-160.49446,121.29876
84.34354,2501.6658,99.94236
-74.40908,-829.5305,147.00148
-284.28625,-2045.2415,129.96559
-310.9289,-628.41565,111.67985
116.77919,601.40924,144.86658
-164.35428,-2114.8804,151.32231
122.64602,853.9302,147.45415
-105.93856,-454.38126,135.3238
143.49043,4381.6777,99.06997
-201.73048,-1911.7075,137.08682
-69.63124,-439.5706,123.28538
-111.67676,-2229.631,143.73457
-196.0481,-2806.8604,137.3301
-149.03133,861.88324,94.856804
-168.72615,-141.96877,135.57817
-197.4633,-2340.634,145.41843
233.6277,470.34424,168.32336
-41.57818,-311.1259,116.84363
8.660754,2795.8745,119.35377
-242.31944,-2112.285,138.4212
298.494,5065.434,85.45729
-263.96988,-1947.9028,132.4346
184.62802,492.76636,148.62273
58.090122,919.29175,133.11868
-230.58441,-644.2726,134.95378
-221.28708,-48.18923,106.81021
26.962835,572.96295,147.50648
-192.52765,-318.55557,127.60623
79.30102,82.58781,136.3853
-283.68567,-3016.2144,132.12173
29.01511,2007.5677,109.92706
-215.71623,-1138.9484,125.41869
-254.5158,-2374.0427,125.28635
-8.274047,507.14667,138.07988
264.82925,1292.8096,150.46404
140.45828,1792.3176,137.20738
126.999794,1044.1033,135.40053
-297.09622,225.32634,106.346565
-162.62834,-1535.188,131.59062
-74.800224,-481.88943,143.12186
-167.73814,-1812.3643,139.07541
-88.49429,32.02024,142.65714
-173.69441,605.9679,128.0714
-332.19424,-3322.259,136.78693
-260.95834,-391.428,132.4749
-222.04526,-795.4756,128.56163
-184.66586,823.41064,113.16255
-3.2328234,3183.9446,107.49319
-146.23405,-80.64199,113.92755
31.706722,3576.1804,87.92595
219.00279,2410.3977,125.7531
-76.7054,-1916.5986,148.44643
-118.72316,-911.9999,119.43884
-126.658905,328.81674,121.06722
-157.9301,-1236.4519,131.60791
19.02442,3636.5383,79.868385
-42.656326,583.6142,130.1355
-382.10596,-1089.2524,112.66231
-185.1839,955.86115,93.80818
1.6469822,2228.6526,104.095894
-218.1597,-591.3335,132.67561
-98.86853,2317.879,109.53984
109.422874,1795.9026,112.80378
-287.13794,-2821.3457,137.42172
169.14902,772.73944,140.9559
-238.60516,-1850.3152,125.883606
-221.79156,-731.2942,128.1236
-75.99125,-592.871,142.4508
17.257423,-887.0991,154.73828
64.06989,2162.0784,119.887825
-402.89926,-588.36414,89.224915
5.6015034,1430.4851,149.46535
53.620495,1967.6156,131.72496
15.542653,1201.5991,111.733246
76.44841,1664.1003,141.1553
-170.56639,873.51215,123.32941
-378.8968,-3112.9656,139.59987
20.88506,-2203.3108,141.05206
-182.27708,-2226.8972,128.85725
-140.0783,-801.9336,120.684235
-66.441414,-289.8163,139.67583
-145.08522,678.3166,123.24905
-106.9701,-497.1559,141.12717
33.652653,3300.309,77.445045
-33.136944,310.2753,129.96004
86.171616,2224.1135,110.53983
63.063435,1851.488,90.74602
87.901794,935.07605,134.61697
-271.06085,-1199.0652,131.51476
111.45483,2838.4282,124.10019
-205.68954,0.37204778,112.84485
-164.97554,-2929.6323,159.7731
-336.56277,-1710.9778,105.810455
-160.8403,-1429.5154,130.04178
-363.29367,-3352.508,120.75614
-26.703215,-203.33168,148.39523
-70.61406,2390.9463,93.23286
-26.9807,-304.4849,153.04065
-29.165873,628.0132,117.583275
-141.67526,-543.2787,143.8157
-170.25768,-25.765526,121.48986
-300.87445,-406.5175,101.42675
-18.237272,1600.8721,127.58604
-1.3555803,-511.48135,146.66405
-242.24467,-1342.895,133.66281
-45.64337,1629.3168,118.17271
-221.72351,-993.3175,132.7474
-83.42111,557.55817,123.30978
-170.78516,-953.2178,136.53168
-331.01813,-602.8158,119.53441
-187.06494,-1416.6453,142.676
-211.8678,-830.09326,125.25187
24.067856,-1151.3284,159.95244
-207.52872,2057.679,96.31985
15.28176,2242.579,113.00562
-69.76883,-298.69864,125.95907
-320.6561,-1994.135,125.14745
-133.30167,-943.7097,130.20314
-4.163068,-71.68087,134.44493
-159.54234,2627.6633,92.85158
-15.413037,-246.4734,158.07402
-240.93694,-934.90247,107.49204
-176.80861,-1618.7339,137.7312
-24.76483,-1249.2566,169.30777
-208.00507,-634.63586,123.86896
-56.52698,742.6573,135.3125
-114.418015,169.92162,124.571144
79.67684,-499.66312,138.9669
-139.95276,-1267.6838,163.0889
-308.4039,-2866.6824,144.16602
-110.533936,-1305.0613,148.1672
-11.907372,1499.7472,114.88786
-107.478546,345.69266,124.68456
49.143337,118.97538,140.5278
-218.36926,-3915.762,146.92166
-40.39215,-2440.9392,160.31105
-92.03222,-1213.6794,139.27867
-85.174,-1357.1101,145.23831
57.839443,1755.6575,113.83243
-358.51346,-1684.437,105.24471
-302.94183,-1944.7913,124.594025
-219.66653,-1197.616,139.83405
-132.55954,379.7239,135.7628
-167.4921,-1666.7036,134.20982
-77.13169,-529.4696,111.52782
-139.4404,1830.428,90.128746
-274.65573,-2668.8005,152.09877
-337.23798,-2470.1047,128.8958
-5.565213,2273.2632,122.12694
-109.96583,-822.5084,143.6693
-344.8663,-2376.4653,133.19145
-86.2095,-187.61232,125.58399
440.46738,4704.4385,96.84442
63.110294,119.25706,137.43211
-162.25967,-1425.8164,151.9583
26.156807,-155.83534,139.34186
56.594986,501.98044,120.314224
-49.000057,-223.98268,130.43736
169.34726,1921.4854,133.63602
24.975803,527.5662,131.36348
-97.30497,-2064.5457,141.77072
-122.34155,-1464.69,152.69511
191.4405,4378.264,87.0592
-277.99625,-1445.1072,119.1014
41.815964,1017.87494,112.6315
-341.05023,-3438.5613,127.73565
82.94499,179.45134,150.56596
-259.26205,-470.7189,135.5251
-147.49612,-624.2179,128.14131
23.254656,629.9715,146.91254
-211.49763,-91.88387,118.39052
339.06628,3991.4856,84.16535
-364.57224,-2674.4802,129.71043
-15.33187,214.80498,141.54791
-55.17483,110.581154,123.15987
-108.71821,-1228.5369,135.47894
-114.32179,-414.66275,107.462715
-271.52966,-261.7831,101.86042
339.85645,3487.8472,115.297615
5.305462,1230.6069,124.92239
46.62664,3724.428,108.98201
-339.48886,-2967.6995,149.20651
150.86363,4070.963,92.38622
-113.89308,-1289.9849,130.57758
-178.94547,-319.75443,121.95893
-243.17754,-320.4877,123.38099
-126.789856,-702.8458,122.52793
-343.46674,-10.130333,100.11237
-310.84583,98.95463,111.8241
-147.96175,-166.6686,119.61499
-31.085264,-842.1045,138.16086
-12.120185,519.9609,129.22466
-283.73453,-465.262,109.30689
113.6907,-1490.1938,166.99855
-442.59924,-1858.136,117.893906
-78.943306,1142.5428,126.61104
-186.93655,-937.7914,124.22233
-203.2177,-461.55338,126.785095
-118.684326,-496.09927,133.8478
17.038576,1643.1918,103.81319
-60.55157,-1127.5911,158.35849
175.92104,949.46655,146.07742
-58.636967,937.8722,134.26547
91.281204,1777.3951,97.4944
-18.126265,40.969826,128.48933
-264.08206,-1370.3728,139.84262
-121.14453,474.6023,128.0292
-216.48755,-1718.6199,126.29719
25.197655,1229.0664,136.29475
-27.56798,231.80217,124.94134
-160.25002,1563.7504,96.25079
20.204346,1833.4745,107.48888
-215.35983,-439.6425,113.164604
-186.93428,1410.6187,106.85243
-172.25449,659.5581,120.71462
-382.65005,-2162.5374,134.4387
69.63183,55.579933,116.95517
-185.34622,-818.2805,121.931244
-139.011,-190.25685,132.42137
-32.120415,26.422768,139.18208
-204.53424,-1199.0513,138.26205
22.051128,-3022.6714,166.39034
-326.76874,-3724.5808,128.96977
-0.0020208585,-1695.6587,154.73102
-131.53432,-213.38454,132.70169
-55.42439,-936.14,157.90735
25.049156,2560.768,109.97942
-103.1447,-607.18787,148.9305
-75.933464,1594.1544,129.22672
1.2202663,666.0998,140.7278
-271.49707,-1944.0774,138.4054
-365.47232,-1439.6526,119.30542
308.27856,4715.563,85.629036
-423.10095,-82.87411,106.36856
-160.11678,2072.9941,87.11341
129.63393,1806.0508,133.93161
-145.52206,285.22183,122.54395
122.076385,2308.7747,122.42786
-63.64487,17.282753,134.76859
-256.4111,-2984.4172,150.99838
-220.07304,-912.9634,125.658295
-69.21264,-1117.703,148.7331
-55.217693,938.5326,129.4158
-140.94421,-1456.7839,151.59169
-106.530045,-2091.2078,135.395
-196.10582,-364.53568,108.340126
-283.69025,-1848.821,143.5828
111.52317,1915.5524,115.425575
-210.99362,-1144.1781,138.71016
-312.72794,294.95047,104.81278
-38.25224,-835.80005,144.00647
92.58878,1762.2394,134.91267
-106.87221,150.2725,122.935455
0.66573906,-242.26308,152.49814
-41.943817,1606.1135,103.405624
-206.71786,-2282.714,128.65
292.51572,2409.5425,142.8498
-74.84058,854.7513,110.05456
-20.69282,710.8975,110.54047
-122.73212,-2281.2983,153.0052
67.01589,1135.4125,134.25848
-251.2011,-2686.1736,149.19667
-274.86194,-1460.6399,98.05747
-325.54425,-2952.141,132.43468
-248.15514,-432.81912,131.38596
175.45776,4137.7573,104.94174
-215.56413,-2465.8853,156.16779
-199.80936,-389.14468,135.91026
-104.799255,2281.7927,85.702324
68.03759,3144.9192,111.591774
39.3465,-705.51697,152.20576
-100.48622,2240.415,69.84105
-44.23798,660.3955,133.61269
289.16736,4529.0767,105.680145
-78.11801,-2416.4731,161.5567
40.552326,1516.3848,112.00013
-363.38992,-2958.0264,132.00572
-221.32687,-715.5326,130.83649
-120.9339,2112.4539,93.86275
-29.10652,2006.0507,110.83313
28.787556,-548.05066,166.70198
110.354576,2320.056,133.37343
-106.092804,1251.258,114.298706
-320.5403,-1079.2738,126.29913
92.24656,895.68933,131.38486
-45.435368,1238.6677,131.85991
150.6346,4022.0361,93.01806
-155.95439,-269.4755,138.17361
-253.99489,-2611.6768,137.68608
-100.113,1019.24243,147.83376
192.3965,2541.2166,119.284546
-126.99991,-729.6002,128.40843
88.33867,2611.237,142.2725
-251.0432,-2034.2405,131.40585
-130.91014,39.431435,141.03302
11.255847,1607.2273,143.01012
122.24111,-153.50893,140.56293
-3.8651056,2006.4667,120.66299
-120.37262,855.1283,121.54384
-349.6384,-1341.4993,106.86658
-221.64374,-1025.0513,119.5985
-191.4833,-1101.5138,144.02797
14.223762,408.76157,160.0603
-173.93236,-314.88663,114.32601
-97.811104,-634.8784,130.53418
-255.69429,-1654.9819,131.49286
-184.4669,-929.0698,135.83032
29.162485,-128.23042,133.52826
-267.1151,229.00578,113.474205
-234.0913,-275.0109,128.97281
-120.289764,-1519.8628,138.70718
22.781498,1005.60516,138.60495
-275.15356,-863.5558,122.333046
-455.5808,-1397.185,105.312965
117.25918,1198.9385,111.796524
113.938866,1880.368,124.59675
-138.93605,-133.00514,125.22464
-50.061954,-392.2167,148.45734
-6.689328,1062.9642,112.76409
-208.02718,-1058.344,143.78212
-121.910126,-1677.3408,153.28677
-138.24272,-1913.3752,137.81352
170.39772,2658.4404,134.5129
-88.41905,-158.27632,141.06255
-13.042893,-147.5749,149.76141
-115.565735,1674.6986,100.75608
-8.117118,1199.3962,140.96072
20.924566,-932.5626,151.03308
-149.3677,-1437.7627,147.44142
-258.52173,-1681.6353,127.26706
-89.68597,-94.09884,142.06776
58.60278,1961.5846,108.601425
-242.07219,-342.32584,109.02874
-114.17262,-2187.1833,140.9359
-274.83923,-1062.5759,143.05865
82.83259,-524.9967,166.59468
-29.864176,806.86676,119.84843
84.05422,1245.3542,139.76068
370.96927,2924.9397,132.54355
-287.63037,-1141.4379,115.8421
-98.76383,-1447.3943,138.83467
-94.35149,-583.8015,135.77592
-448.9186,-0.5058819,90.48052
-47.53735,573.5925,124.51164
-61.018795,-886.50183,136.21649
-17.49536,-498.7228,143.86487
-102.7532,-281.58414,116.41956
-375.22916,412.82773,98.69535
-308.31665,-1926.9329,127.49397
-101.01369,595.3523,131.58577
132.3482,829.1769,151.47386
-188.8282,-2752.6208,154.48508
-81.372055,-1412.5347,144.57742
71.50222,-1300.0149,162.99286
-172.94113,-40.65261,116.60633
-18.425653,661.94354,116.61518
124.18678,2584.4927,111.884674
35.72841,-129.91359,124.666176
-214.08374,-808.55396,117.50753
0.20196244,2818.779,103.04332
145.11891,1235.2452,148.12991
-201.94514,-776.2849,134.39232
-199.31467,-2451.8694,170.08882
-45.50494,2454.8586,99.02782
-99.67025,546.6716,139.62288
7.681797,240.29857,141.11383
159.49745,-396.08963,161.07367
-60.224697,2380.145,116.090324
-99.08084,-908.3639,129.5949
-154.83441,-501.7609,134.08017
-30.144682,1323.6451,137.88997
-93.97997,-671.26746,144.82758
-87.01076,352.27792,126.97043
162.80176,4198.4077,111.78099
104.98306,1582.6189,108.06665
-327.37775,-1767.313,99.66298
-174.62369,382.20364,93.267456
59.414017,2903.9731,105.936874
94.97615,1135.4814,117.78401
-249.9586,223.16722,118.17264
-45.01998,23.558449,128.75015
-268.10684,897.00684,102.57367
-93.42874,441.44415,95.32414
-63.44147,1653.0626,123.122086
-309.11005,-923.72205,115.55581
327.86026,2616.9812,123.995895
-53.824497,-344.51944,149.75117
-320.776,-1341.4609,118.56367
58.226597,641.488,138.5586
-174.00737,-1770.6587,138.35818
-163.21571,-2215.7556,144.8577
-320.0088,-1919.7202,127.28092
-125.24794,-924.8375,127.64021
-209.03459,405.3965,89.82592
32.98671,2548.675,114.80044
-88.64583,-513.33105,141.63142
-267.35373,-327.9091,125.31017
102.57316,1774.0673,133.4546
-47.15409,1843.0837,130.14839
30.48866,-381.49918,147.21765
-74.37788,-2613.847,151.61223
-280.06122,-134.13203,112.558624
109.20861,2423.3147,120.2374
-180.63936,-820.79724,121.16051
-211.5333,-645.9739,118.4336
-44.117474,-231.12868,146.68944
-238.49506,-1493.4304,124.170044
-157.68614,-228.006,138.78664
345.69376,3600.362,109.01395
-132.12552,-1080.3741,150.10591
-163.4511,-107.31814,153.81032
-42.471073,994.47034,144.64572
-345.0332,-300.5839,116.34712
197.57692,631.45856,159.52892
62.134777,548.65216,136.62524
-134.76274,-360.00357,119.63406
-26.970781,-479.62515,159.71065
-141.78937,579.0966,113.8617
105.14722,2116.4407,132.95488
6.537939,1437.2634,135.63818
-177.84052,-9.63485,104.59521
-134.79912,572.0883,122.802315
-311.29248,-3185.7559,132.15036
-326.5798,-1267.9509,118.021576
-208.49611,1021.7148,108.22164
-164.55757,-1375.8665,124.5979
-32.612,-750.30286,144.44469
-346.98956,-2016.9751,135.47891
-194.03297,1392.6771,97.509575
-240.83217,-638.0403,120.96777
-63.060078,590.4146,131.31523
-262.69257,-53.07943,114.87231
4.6048765,1382.876,111.4519
-348.10724,-1771.8093,120.95852
-345.81586,-549.20166,118.43603
-41.920036,1044.8329,100.54913
-192.62793,-975.39514,135.33951
-141.17473,37.758095,151.11232
172.19835,4774.093,92.18504
-68.15299,-39.19393,138.8121
49.56137,882.8855,145.84163
-364.05978,-2183.005,119.31671
94.23541,80.4354,138.42326
-129.88278,12.442055,126.58069
150.9256,1270.2217,130.61691
102.34065,-224.52138,165.23705
-179.78525,391.94705,131.68483
-214.17145,-2367.9468,126.402245
-183.76869,-1255.4717,136.1975
-124.89809,1265.5547,100.45371
-38.398827,-1247.707,149.98918
-37.941006,1711.5455,134.58958
-395.0926,-2543.7488,130.62363
172.62018,1729.6863,116.27836
-149.75415,-1161.7601,140.93602
-354.91727,-248.28358,102.47711
-41.27594,-315.18094,143.91734
-118.71199,1250.1752,129.76926
-13.708575,553.3342,119.2057
-300.41043,-2062.8535,140.5708
-209.72975,-1421.1057,137.89912
116.53853,1865.8552,115.32321
-372.39874,-1617.6433,121.9369
-141.51393,1425.3,135.32724
-37.3819,1824.3524,118.79531
-200.05579,-735.4497,119.14423
-133.6453,824.77216,99.35609
-164.0065,-2453.3074,144.42317
5.474456,-1940.5037,169.57289
-37.62879,-63.365685,156.42628
-151.59961,500.5129,122.48323
-259.4089,-1296.7256,117.10366
-245.21053,-2128.8647,119.74183
199.12177,3360.3242,123.5871
-12.111707,-729.22363,143.29117
-78.91775,1363.8853,126.59893
-207.66429,-1453.8435,131.80997
-274.54742,-1741.737,118.98938
-243.69252,-1471.8931,115.610374
-264.84158,-1811.7854,124.134705
78.75787,319.80417,157.37712
51.079563,-2439.05,156.79572
-42.302338,1164.4216,109.155464
-249.2072,-1751.3259,130.4561
-113.834564,-1743.9363,162.35884
173.87817,1122.1719,165.9476
-333.2405,-2336.587,114.1114
-241.98311,-1371.6489,116.867294
34.985416,-1436.529,138.49307
-13.571029,1809.9434,148.56891
4.6161175,-2912.73,171.35022
-400.46802,-1530.457,109.10304
-87.44776,274.07053,119.3222
-304.08597,-1637.4727,121.9796
-158.9099,2065.8909,93.77881
-13.628125,432.10794,125.91461
-186.69269,-1821.7771,139.78998
-81.98289,-519.2649,128.73067
-130.42816,-1391.054,151.9206
84.8429,1371.3586,122.472404
-176.54044,-2508.8914,135.28264
-106.744194,-769.8126,141.186
-293.38873,-2177.8442,135.03427
-240.55705,-3006.596,131.5677
-82.91589,639.8025,132.4343
-71.06218,-38.870445,137.07654
-129.35583,417.8994,132.24928
-77.20507,275.14407,114.048485
-92.394394,1254.3927,88.17441
275.88876,2409.8635,127.9513
-133.94203,429.01764,110.44888
-345.3182,-1526.2246,128.90485
-116.84927,-650.8264,146.82211
-154.89348,-1348.0449,156.64514
-82.539825,615.864,108.14987
270.8725,1636.6025,150.54405
-76.43808,-1889.335,164.8177
216.98314,2494.2424,125.16209
56.423813,-442.05276,164.7676
-210.8706,-2255.278,138.6513
-168.583,348.4155,121.10342
-151.92538,-991.73596,128.54578
-270.3788,303.40604,97.035645
-286.84494,-3097.118,145.85791
-264.0339,-654.1759,130.05841
-306.28305,-98.26913,128.3991
-76.82824,-1381.4678,149.81744
32.417484,397.54913,153.94989
19.553106,-1158.2767,151.8134
-29.039923,1127.8832,111.80599
-29.960798,-981.9297,163.56165
-69.82165,-1539.0867,156.5113
-78.93573,502.96738,92.33035
-2.0610342,1588.5367,116.166756
-66.98363,-1168.5033,138.19012
-176.33232,1306.1853,100.61583
-207.22995,-154.53084,126.08815
22.934074,-581.3281,140.21838
-136.62172,-526.4855,138.62057
29.449306,391.6971,125.774574
-36.57667,2499.6213,105.724846
72.39211,197.18767,137.44855
-225.47153,-1395.2957,149.79001
-55.84656,2222.974,119.035324
-12.940919,1105.4973,147.27374
-251.3409,-1331.3127,129.74698
-130.5998,1093.1493,119.794556
-211.07619,-517.3063,124.23947
-20.796972,1144.9108,121.85307
15.951868,1880.4237,99.46682
-90.460724,257.8389,117.01562
97.964516,2028.31,107.81598
-416.41013,-2380.8198,121.88738
-195.93475,-3685.9836,135.8507
-102.86676,-322.70486,136.51892
-81.72047,1453.8939,114.290245
-160.23756,-602.0366,136.71205
-138.31001,-1057.9845,128.54793
174.22476,1574.081,134.58578
-117.49463,579.456,135.56842
-152.66286,-285.6348,126.333046
-49.12647,1268.663,122.11051
-211.84444,-1940.0784,123.2677
-213.74672,-348.00333,127.606804
-221.71301,-485.8837,126.649055
116.3839,829.4307,153.0059
33.89865,1723.9413,132.581
-276.70844,-1032.8562,109.03856
195.42723,3071.4163,113.00704
211.23502,4468.5815,79.29948
7.2086678,1487.993,124.235664
-160.80547,828.4016,111.39679
166.28072,4586.3574,95.74797
-84.99465,-912.9492,144.3304
-147.3077,-2031.9707,125.98731
-274.23724,-1781.1758,143.27066
-124.91136,1478.5472,124.24475
175.16469,1922.8325,116.71154
205.36456,169.21104,154.26099
-149.29742,-1216.8315,149.90761
586.57874,5675.151,89.19779
116.91981,133.97923,139.71082
-41.309383,-1037.9779,142.71332
-365.39297,-1359.5193,107.27669
-227.25732,-1372.0537,133.31
143.80182,3353.761,121.3849
-78.36906,491.91364,130.72229
253.69957,3276.6292,111.67008
122.54613,2514.896,120.70946
-180.46747,-933.06384,146.3678
-398.16293,-4071.557,138.45717
-161.6526,-2966.314,147.84344
-203.67296,-2659.2566,134.27551
-441.09943,-2525.0972,115.66584
-155.30641,-612.4009,148.20796
-181.33531,242.96465,114.32593
306.0239,3520.5925,87.79217
-202.74991,256.2087,109.16944
-292.18747,-2360.195,136.10208
-129.42494,-792.5029,133.25117
-149.74168,-545.0657,123.45227
17.039558,669.29425,142.76035
-149.89644,-550.12537,137.91931
-186.80936,-1647.9775,138.62608
-303.4397,-2624.705,132.92775
-305.93866,-4282.165,149.02629
152.20879,2892.9707,108.07065
48.053043,900.4388,130.45331
1.8088312,560.7816,140.64311
-157.85957,-1353.873,138.79112
-272.27832,-1718.9895,127.837326
-161.91801,-1099.646,150.83105
-37.814117,2767.6377,103.10183
46.48497,1767.7988,130.9711
-218.65846,-1901.6672,121.43861
-442.7022,-3403.2605,128.05153
-340.6971,-1214.573,110.31486
-175.4325,1638.6345,119.83673
37.09962,-1150.4684,138.04596
141.16197,2621.4817,124.44202
-121.74646,599.9923,132.30818
-79.91232,-2329.1501,153.4463
-71.46656,3152.4636,75.55696
75.779686,1240.2882,131.19249
-18.218248,1555.7975,137.54689
-118.11427,-175.29445,142.11018
-137.03575,-1069.7155,142.43436
-311.07663,-330.54605,121.58169
-173.19702,-1998.6472,138.83798
-91.18021,634.0349,95.72209
-124.83896,-460.44278,128.10458
11.015122,402.42084,143.06528
-46.57956,-1412.6792,150.38666
-138.76114,-1416.4504,136.20906
88.560936,2769.2534,114.197556
-178.39742,-720.38794,146.15416
92.33524,2174.4282,112.51634
-272.87268,-1527.0964,129.91823
-180.31284,478.6331,112.64628
-97.00368,-1052.9471,138.92192
-56.96919,634.95056,126.269966
-188.1294,-1063.2356,123.09258
-386.17468,-2542.6404,119.46991
160.10947,2636.1836,136.7196
-209.04723,160.04033,121.47575
-130.70477,908.9939,105.26618
-336.91068,-3010.8977,130.06943
167.35709,2532.0894,129.43532
12.100788,-1500.0933,158.38474
-273.4379,-1826.7617,133.5369
227.09734,56.226418,144.35588
-293.87747,-1999.8787,121.43065
149.31427,1724.5688,104.532906
-202.81212,-75.665794,123.139694
-203.73471,-643.79004,123.96754
-289.7279,-1596.3601,110.66341
42.367805,2615.5662,116.24548
-270.74615,-2454.6238,148.79184
-276.94946,-1279.6594,125.27286
-308.10965,-986.4408,111.38629
-200.44724,-1963.0989,149.90134
-63.638996,-78.51583,124.95257
-236.69818,-1312.3848,136.2057
-108.79114,-1098.0337,145.94304
-97.71534,-148.90065,113.801414
-135.60141,444.07733,117.91722
-244.43758,-363.76016,138.87679
126.13593,3348.3403,109.72784
-142.37784,-1713.9224,133.96457
-83.5623,-1308.9653,141.49202
-69.42725,-4.5494,134.7517
-192.77579,242.34605,127.03354
-4.251569,68.30851,119.994804
-356.07196,-832.41345,124.63113
-164.28053,-623.51416,138.96729
-122.69043,-2048.1943,154.35948
-178.16132,-1684.938,150.33012
-251.68556,-1053.3179,110.83921
-148.87662,-505.71585,133.15114
-210.33708,-1589.1284,133.50923
-194.46184,-2815.5537,151.65538
-184.62956,-1015.787,147.3675
-185.71526,479.74304,110.71613
-175.0163,-482.20084,123.316895
240.88042,1519.5262,134.18576
-239.95845,-2421.1833,130.60107
-247.98576,-1392.0518,134.63037
60.524757,2750.3428,101.69673
-104.90537,-124.205956,122.94994
20.849575,4840.143,62.564484
-221.35681,-457.70706,128.72652
-404.9323,-3390.7454,148.88959
-231.2917,497.78735,119.34802
-250.87831,-2295.9297,130.6584
-16.70535,-1772.1335,162.85687
235.4366,3694.5427,112.684494
-274.62323,-930.47046,126.14467
107.61258,200.33128,172.60274
-191.62656,-1774.5935,133.05719
-61.529972,-699.5596,121.804886
-143.28868,-1126.5397,140.96176
-3.695983,-510.75674,152.61523
77.93448,836.65485,135.59949
17.49703,-385.1149,148.8433
21.665085,883.7978,143.43437
125.30406,576.3152,134.90327
-55.59065,491.2106,135.08496
-334.94382,-2605.87,132.3336
-234.44073,-1869.9595,145.54959
-28.940516,-667.04395,141.12924
-34.879517,-1202.4604,162.24855
-205.64763,-2374.8064,122.97582
74.82505,1040.8073,138.7605
-151.27435,-674.9922,135.06801
-60.913013,1125.972,138.62404
-80.72443,-1814.4497,134.13065
-258.9627,1187.821,102.36256
-400.5934,-1938.9504,119.09234
7.6975346,3501.7283,90.1605
-85.28076,1274.9956,110.59362
262.83725,3891.0046,96.43377
-266.55756,-2532.2383,138.28928
-182.83153,-1208.5508,124.48328
-258.01782,-383.41714,122.537415
-225.08195,-1272.1807,135.14796
22.258966,1278.9878,114.38275
91.45431,1825.2852,131.9443
175.90796,3716.3213,88.37238
-242.78279,-3722.2424,172.31926
-182.48862,-1801.7869,129.45602
108.99405,-206.52138,134.09845
-108.391685,-34.82058,128.17004
-143.78793,439.90308,127.268265
-65.01502,-619.7832,121.81803
-56.918476,1464.891,132.29247
200.92847,5595.498,62.997803
16.164904,890.69916,126.523056
-208.7883,-2651.0469,138.27464
135.85548,903.9406,115.99201
-66.0405,2114.56,115.66973
-61.416195,-681.9684,140.77348
17.516203,-192.7809,142.64548
-214.9146,-104.21017,118.89417
-113.586365,841.08246,117.930954
-367.5894,-2307.5938,120.72782
-359.7124,-742.46045,118.680954
-266.91046,-1970.3381,139.26396
-225.40778,-973.2671,133.50706
85.248566,2224.7253,94.60138
-297.29825,-1417.0691,132.78845
23.448109,935.35864,143.6565
-299.5072,-1146.9489,118.75246
-364.34558,-1144.7949,114.32336
290.1802,4823.406,85.04553
24.46129,1875.4855,116.11839
-126.731445,100.94187,149.27249
89.96708,1757.9961,120.87433
-246.03804,-2179.375,118.31464
-81.83788,1353.933,142.19243
164.80907,146.36852,158.25711
-144.46358,-65.85134,143.63637
-292.28525,-892.3102,96.878845
51.203014,1592.1473,128.24135
-321.8455,-2102.033,126.16663
237.27794,24.473244,159.94986
-129.21626,-601.30884,133.97597
-145.17514,-1066.2609,142.28249
132.72163,431.00125,156.57988
-108.42054,-2187.5422,129.31332
-275.88327,-932.1924,116.448746
-53.145786,1398.2352,113.57443
208.38263,-561.6699,170.54903
69.19075,1038.6165,127.408394
62.927856,2824.2021,110.10444
-84.58631,877.62695,108.745895
74.64023,1618.1694,132.06238
-230.78108,-1740.3557,141.35387
-80.31644,-175.23622,129.09885
-89.09114,-29.90609,122.61331
-17.430681,-736.5366,127.956566
-202.27286,-1281.7529,146.28139
-194.74928,-1632.9431,126.091125
73.55049,446.3797,132.92735
173.31693,2770.1763,131.34613
29.81903,1236.5483,118.54447
-15.287942,-1471.8564,155.73647
103.88432,294.62698,151.67685
-165.20607,268.71652,115.765144
84.05331,153.08147,156.01657
-22.03414,1529.2045,108.8485
-204.14516,-711.58374,137.11487
-68.237816,-404.0021,136.9787
-152.96614,-191.68019,126.32928
-205.41266,19.728249,111.53496
-115.598755,-77.339134,116.34298
103.66996,2746.313,122.176704
-311.4008,-733.703,115.31747
-199.81549,-553.8933,117.41379
-153.47513,-1305.7847,139.19392
-233.3879,-1532.7771,135.8782
-283.77597,-2030.1594,135.98328
-185.981,885.4837,121.44417
48.934177,2283.3389,107.67914
203.00066,5593.044,90.349396
95.21859,-212.09352,154.81491
-348.75726,-1263.0579,128.47264
-419.46182,-2074.551,117.08684
-62.36368,2484.5515,110.61977
-179.26611,-1310.146,111.90571
-267.31757,-707.43896,131.78564
35.247192,1643.1835,133.37245
167.0994,1080.4176,143.47974
-78.48983,1055.4751,87.063965
-98.80974,8.697975,131.05605
-211.69673,-615.97363,130.5429
150.88243,1093.9526,141.49629
-40.07592,-617.1499,127.26567
-148.6655,-2390.6533,158.69595
-207.84091,-1804.3777,140.47823
-20.451765,-286.89188,122.796295
192.46121,2198.9375,116.62539
-94.84388,1752.1863,117.75983
-41.063637,720.82697,139.61893
-249.81035,1190.4769,99.2304
-171.39275,533.32214,118.75735
-352.79214,-3630.7947,128.15947
166.3936,3608.7192,105.08701
-345.13458,-1162.7709,119.59075
-111.9953,-678.72925,121.5411
17.737644,328.61594,140.59607
70.207016,1117.6746,148.2387
-171.62991,-2440.0908,134.97473
77.31363,-763.7687,159.25577
-204.84201,-1849.3232,134.55951
91.63081,-193.73207,151.53473
51.47076,723.7284,128.21439
-303.089,208.10625,96.32786
99.28799,678.1899,117.34831
15.433123,1271.3889,113.84091
-311.95056,-2521.1797,139.85255
-356.0767,-3568.5198,122.59623
-64.35134,-797.7644,157.7839
-193.72943,-882.71277,128.0354
-22.191153,811.2896,128.33551
-205.74599,508.94553,141.75603
-202.65288,-148.02907,111.69817
-284.94913,-1867.7937,115.97474
-226.6041,1312.5977,84.18147
-5.083333,2017.2323,115.52748
-26.361948,434.9377,124.12889
142.56119,1974.8589,149.99428
-233.57193,-755.88354,114.741325
-56.139202,1246.6161,110.74389
86.2255,2057.844,132.31349
-4.2327833,-364.96085,140.77261
-64.34183,2132.7898,101.884026
156.52618,3670.5408,90.8689
114.661804,3563.8228,91.65129
-131.59093,127.04795,111.09689
-160.58809,-348.74442,150.04366
140.79863,2335.625,97.57971
-224.99284,-2186.1401,132.22557
164.54985,123.939674,137.87668
-164.41685,107.87052,110.94241
-272.13782,-298.10916,113.589615
-133.64308,1139.6691,115.63281
-102.412796,-1655.0891,144.46782
-227.06763,-1771.866,120.65083
36.565765,464.73148,145.64967
-47.35403,-1243.1157,150.89687
-106.04462,440.14587,112.843445
-263.75702,-773.45447,124.54232
234.53856,840.89056,158.40387
-30.893606,1479.447,100.26282
-129.13174,1303.5967,96.83589
-348.30945,-1535.6816,112.844795
-52.680637,103.57517,148.00912
15.828547,1453.1349,122.307556
-147.08525,-271.55276,105.30122
-165.4606,-10.293907,127.25261
-78.90436,411.24417,138.10493
-145.65866,-24.766258,132.9814
43.617817,1740.7981,121.53211
102.89646,12.623024,145.22636
346.83215,3541.7405,123.989204
389.87497,610.5064,145.08789
-247.03654,-2871.879,151.04434
204.32689,-446.42935,154.60966
101.40621,3329.402,116.49366
213.70578,2981.234,124.99158
19.934841,-819.9928,151.91705
-132.2217,-1742.7878,129.56366
69.87065,214.50139,149.36989
-139.72037,1131.7747,121.86646
-194.62677,611.467,110.826126
-86.48986,-509.38882,133.22389
-88.82882,180.5703,124.08224
-203.16931,-376.6852,143.97217
-138.54396,-485.56522,136.50119
-57.273884,636.2707,134.77725
-62.15066,20.097206,118.04554
89.283455,1518.859,142.72404
24.993494,766.5125,109.56265
-115.38432,-1965.1707,136.55498
236.45851,2295.3323,104.70611
-189.50876,-992.8722,116.19099
91.34594,1693.9174,156.22755
-7.580386,-2311.4392,177.81682
-64.00138,-699.6864,145.08022
-97.265976,-830.3544,142.46687
-166.25046,-801.515,122.71214
-257.64813,-493.09207,99.21337
50.18927,1366.7051,133.89449
-235.68407,-1260.4961,139.21431
-237.15901,-855.6151,135.99913
341.71252,1830.827,147.25482
-9.196176,-257.7941,142.58534
-153.38275,-1117.3496,126.52743
-35.450497,-1186.6793,155.13542
-457.82092,-3175.1382,133.58846
-376.42004,-1342.062,123.90466
-237.86423,-2151.5217,119.65746
-153.4042,-1934.9395,124.14787
-5.1812677,184.61595,125.05722
51.39485,2118.4426,113.50394
-207.79839,-1019.58716,121.62725
-171.52351,-1547.6252,147.14714
5.3615227,2118.831,111.79388
-111.93822,325.9716,132.34972
-58.58298,-218.12953,150.81335
-12.543305,-471.95743,141.06448
91.797386,2895.8164,114.87435
-297.3162,-2542.5535,134.78096
-72.04666,-791.5375,119.69069
-113.2574,1289.1879,123.71154
-320.26395,-1562.0273,140.88544
-241.25255,-1524.1035,134.41144
-23.12594,-465.59415,147.24945
144.7477,4745.3726,67.763084
-166.66998,-2038.1538,146.54391
-151.9138,-2626.6404,151.16762
105.892105,785.8579,144.85098
-207.92815,-1154.6951,138.73772
-55.61661,605.00024,112.3342
-119.90785,-350.30765,142.7361
-243.08733,-119.97506,126.01753
-247.43834,-2497.4841,141.06335
-37.051117,595.3377,132.7815
56.09817,438.61563,134.22017
159.13892,2786.2505,133.51752
54.773952,1089.384,131.41064
-189.79091,-1550.3528,140.33684
-251.76024,1247.8651,105.18244
-127.693085,-2242.5864,148.4761
-88.78548,1852.5426,120.38724
-163.51958,-911.2329,109.919395
-236.23819,-1804.373,146.48537
-100.72641,1529.8175,110.39794
114.899994,3014.2808,102.99595
-219.08086,1378.0253,100.75318
-350.66696,-1012.0154,89.3882
269.87646,11.425331,157.08296
-220.72998,639.36237,122.58806
-71.2161,1500.0406,113.52182
-65.919106,79.02665,126.846375
-106.84067,1391.257,130.0057
207.87358,2115.1924,135.68205
-51.042706,514.1753,126.70695
-71.055725,-624.61523,125.68861
-149.46619,-362.11636,125.50318
-252.87297,-917.152,105.06708
105.478096,-140.52174,148.75092
-89.80699,-2389.7876,137.4271
-39.055317,-102.49276,154.73572
137.42113,3001.3064,113.75764
-280.8826,-1453.9607,107.25109
-28.612833,-2027.5127,157.01974
-57.422703,1807.8364,99.63206
-59.160763,-1467.5093,138.07312
-245.51085,-565.89197,118.6386
-125.03757,-376.73892,136.59555
-174.46054,518.3,103.902756
157.92938,3723.453,102.59922
218.81474,1923.2854,133.32225
-304.84073,-3747.5227,144.56882
-78.47341,-1652.3538,151.86678
253.43265,3359.7856,112.638725
-182.58301,-2247.1924,146.11769
-96.66998,-283.49307,153.22743
355.49933,1772.4395,147.99057
-23.182718,274.2267,123.43119
-279.98138,1394.3284,110.42971
-206.47096,-1097.8431,129.2431
-263.24326,-2972.987,126.28486
-349.0123,-420.3738,89.66884
-255.0934,-1615.4072,126.68041
-36.089264,2690.7974,104.68745
-259.45203,-728.7051,123.10531
-349.502,-200.91957,103.49765
-434.39212,-1005.93286,109.28164
208.7675,3274.5464,114.83779
-114.61388,689.59235,90.60714
-216.13524,-2296.8875,139.05426
-251.76082,-1466.9731,127.44933
-58.8588,1244.715,124.493126
-167.10309,-1782.655,135.74863
-150.58548,-137.97932,129.22133
-246.78453,-2013.2795,132.72957
-168.84407,-1722.6626,134.45073
-216.01297,-2949.063,142.37589
-182.25958,-390.82706,125.36715
-169.92833,-1137.6378,131.78236
-69.33322,-3491.2942,157.60309
-227.90129,-2140.2559,125.73879
-129.22668,-397.61172,129.2115
-24.283209,56.769447,134.97366
-118.23024,-708.4796,145.84013
252.48991,3029.992,111.25334
108.8398,3593.423,112.00267
-195.00487,-683.0636,138.39351
-18.466387,1332.5377,91.0748
-181.22166,-1113.4054,140.01073
-14.019853,2491.037,134.99785
-299.15274,-1360.8503,123.14038
-286.00806,-227.76369,126.13581
-76.57086,1098.0895,89.001724
-134.88924,-1373.406,128.01088
-265.61276,-913.50757,135.89865
-58.016483,-315.13882,136.7973
3.574398,86.38834,130.77539
109.44778,2453.5938,122.25295
-330.12302,-1930.488,125.371254
-210.78114,-1211.6812,139.54625
-146.15427,-1123.3453,134.38564
53.30164,812.10284,139.13733
-154.45811,1055.0786,115.88681
-104.66645,1613.9226,97.91549
-22.50303,477.56116,119.91379
-135.12025,-1990.4822,154.35074
-15.751248,-296.27042,153.95767
-149.97282,-119.23519,126.36872
-15.166467,-2549.3855,151.60858
29.704903,220.36418,163.56725
43.15568,2454.4849,89.96441
-59.84579,-2052.9377,132.65387
105.69766,2912.5469,124.040565
-14.594125,1367.1328,135.47905
76.81377,820.58496,148.37433
-246.5251,-1714.0278,134.14165
-117.91136,-196.61122,135.19144
-23.063326,1193.5432,129.66118
-211.20345,-2906.1826,156.21782
-104.0872,323.43137,123.78152
-351.42398,-1296.988,116.80775
-253.33376,-575.19165,128.50507
78.88703,2854.5776,130.69373
194.55653,3111.3186,112.41215
-69.638954,-598.7908,134.80766
57.277447,2187.7827,100.60791
-161.76242,-582.9248,116.322685
1.5669212,2734.526,98.69242
-206.38734,-1992.987,138.40662
-501.39218,-2891.033,116.52046
159.12753,1323.4187,155.15091
-259.39697,-831.7688,110.92009
-117.687546,370.5133,125.84201
-58.692997,-136.1335,136.98909
40.140366,3709.2307,83.11542
119.84022,2921.0107,95.74133
-319.96695,-834.52136,127.478546
-105.748604,-189.01552,139.85095
-75.0556,-1399.8069,144.62933
-178.10478,-2565.5112,156.72134
-354.3792,-1550.5874,131.33183
126.93395,618.3118,141.08028
-357.12094,-1236.6106,125.10421
-27.117685,-684.1891,149.00906
216.10461,2769.8796,100.27256
-122.525696,396.04492,116.551346
-225.32375,-826.70715,126.30811
349.91895,4939.261,96.48502
-133.25293,-1570.2961,154.69304
-253.53331,-1269.9734,124.95879
104.23039,1349.6879,135.21303
-275.88086,-2484.2612,123.91181
-94.37789,-211.46547,157.90773
32.391888,-1297.9529,164.17648
273.17493,2556.0608,138.33507
-131.88643,-987.20544,131.58981
63.669006,1062.196,144.04979
-63.968716,1550.4514,119.71531
-337.07654,-857.94995,122.46844
224.55757,4303.367,98.16466
-184.90677,154.30235,108.49525
-80.07952,-201.82387,127.04448
220.8657,427.43942,155.24744
-223.4799,-2574.193,133.40398
-7.5920916,361.45438,137.67711
-307.14795,-651.1133,129.90608
-95.94252,400.53226,127.63322
-395.20486,-1688.7764,120.47448
135.625,1683.4862,127.388626
-69.52374,270.8314,145.66502
-336.70474,-854.73376,111.461395
-190.40022,795.4659,122.40887
-12.209411,197.26561,143.37198
-274.258,-2186.3713,138.96436
28.07601,785.216,135.21252
-304.93137,-1013.49695,128.82785
37.927353,2164.0183,116.3343
-173.69765,-3522.0588,140.5203
2.6331167,2358.6536,120.85334
-215.42204,-371.37393,124.858315
251.34225,2585.7542,105.67308
7.568757,2620.584,100.64677
-277.58008,-1118.4037,135.53523
-135.91954,-755.5104,134.53627
-168.12834,-738.43176,134.35512
-202.09515,-1855.73,128.50249
-5.8116407,2149.9824,116.4544
-196.78073,-707.69434,136.42262
-127.12567,832.9868,120.21909
321.7111,4840.736,95.79099
-125.13545,1042.3423,135.7059
102.6227,3134.9446,137.9113
-197.79298,-1265.0034,131.02164
-243.6314,-274.51993,123.61545
-164.3314,-1628.6826,135.16512
-107.01048,-1376.4487,121.96069
-206.29642,-981.9712,125.68211
206.77756,1519.258,147.38954
81.30001,133.97447,153.65765
-280.8132,-1465.9644,127.27794
42.250576,-520.25,126.54151
-167.50433,-1185.4495,135.21782
24.98388,-987.6968,147.21532
-174.85939,-1951.5364,149.96918
-119.24165,-1300.9541,133.91245
-27.9723,1758.5261,107.5032
-100.83466,249.39604,115.28011
-56.54131,-196.98756,143.25995
50.259125,-803.7031,139.51692
-264.9393,1064.2014,94.74713
132.45287,1120.1176,114.27784
-202.32849,-1610.419,153.77634
-30.419569,-450.00967,148.92276
-276.83838,-1269.981,115.85187
-409.58603,-1786.7144,112.95197
-58.20406,2239.7046,117.36957
-115.943954,695.7912,106.08891
-140.20421,3126.6396,69.22447
-373.92746,-1514.948,128.83688
-374.66144,-1505.8132,112.817566
-121.370255,-1693.4866,151.02597
72.587746,1186.4221,130.37283
-116.82704,-574.4835,155.25131
-110.133514,263.67734,118.08186
-295.08542,-3972.7634,145.7948
-71.79632,1337.8412,116.19233
-313.36813,-2238.9116,131.94824
160.08508,-297.9644,154.21858
-93.626,-570.84875,145.89507
-87.17765,908.9589,132.79909
113.01744,2777.932,134.53146
-22.970736,-129.8572,136.82997
-52.769337,-809.8413,150.54143
-10.932004,-219.30885,129.88452
-85.71258,53.537636,118.39566
23.078505,297.94315,129.26938
97.82656,1743.938,133.5366
-60.39883,-431.11124,148.09767
-385.89175,-2248.9424,124.24007
-250.36006,-567.7191,128.65866
-322.62793,-2939.4783,123.69725
-200.74353,1318.2281,89.1662
-157.7247,524.45764,134.13538
-82.76972,-2405.699,163.72849
-100.35179,-781.20996,135.79074
-90.250015,-162.79732,141.52635
-157.51729,216.81712,120.34432
-31.301958,-2268.248,161.2563
-192.54898,-1452.5115,134.95596
77.97356,-1413.9126,149.63792
208.74773,1898.6378,144.38261
-80.48762,-427.77567,154.18707
-18.938253,1795.8806,107.3089
129.11676,785.44464,138.85619
134.90857,2125.3774,132.84825
195.75381,1469.2849,115.93152
-22.91928,697.4709,130.6763
-79.14654,-1776.9514,155.95883
4.4395084,161.601,153.23209
87.14526,1833.1777,136.0209
-167.44112,-1925.7002,152.20566
-325.71344,-1682.023,125.37844
-373.1243,-2103.1345,127.58964
-123.67108,-1066.1195,136.21944
-77.42682,-607.27124,154.88135
61.806892,-593.57434,161.94179
-69.89155,-175.72853,145.44496
-248.44691,-1581.0339,105.082245
-22.662245,-526.30383,153.352
-103.04903,618.75555,110.50259
-5.414296,1999.3025,119.246506
-202.76064,-872.7092,137.30765
-104.37209,2404.338,93.325905
41.78317,239.38036,130.5705
-73.91549,-1182.6511,127.94176
-207.27002,-2531.6677,149.132
-296.26913,-1035.6311,127.12193
63.61532,2401.6042,131.06686
131.78465,2205.0583,119.644104
53.522896,460.1532,154.56421
-164.03143,-3601.9333,148.15547
-104.87093,303.2535,120.55934
-27.274405,-337.06668,147.9551
-214.60318,625.05725,114.324715
-140.23598,53.123512,125.87788
-198.69429,-2542.7964,144.12311
-272.9338,-2632.0312,135.91046
-193.42094,832.1846,133.94414
-205.21721,-2104.278,139.84177
-223.2154,-1359.9849,118.97952
-247.162,-965.1765,116.87543
-282.97473,-1089.4889,124.31407
190.16617,1227.3647,147.36095
-282.15793,-1405.6067,121.20869
-311.72903,-791.4148,119.840576
-190.32436,-939.2401,119.846954
-57.331234,354.75244,116.22644
-103.00387,-816.8644,151.91876
56.026093,997.41034,142.40948
-127.392136,-144.60109,141.35112
98.00738,3437.7148,100.09865
-175.61649,-2806.6858,124.67263
59.02478,527.0339,147.89018
-141.48299,-2186.8062,150.23732
-54.10542,-703.76013,156.26501
-117.859024,-1017.6898,133.97076
-199.24399,-1729.5605,130.72926
-104.77117,-2037.8728,147.20415
-221.98651,-78.1578,120.09815
-319.49628,-68.274925,115.99368
171.3606,3423.2236,84.79794
-151.18658,1819.6625,109.11739
-17.475912,655.6276,138.95522
-162.48866,578.36646,102.80732
7.465991,1326.3654,109.87552
-47.492416,-1859.1145,155.44707
11.202829,800.5639,139.09792
-364.73898,-1379.6458,96.18671
-82.41189,510.72876,142.66016
23.26681,-931.91943,150.29182
-197.92044,-1928.2517,132.13492
20.164946,-708.4276,155.136
76.176445,1974.3492,121.394325
-95.478325,1045.4827,121.037926
-203.9862,715.5944,105.40078
47.85366,1766.4291,130.00238
-296.76923,-1803.3525,114.78462
40.262054,1178.7214,130.168
-20.17056,1325.091,106.04799
-61.85808,-2706.6848,170.87782
-51.070103,175.4439,130.39093
-15.4161825,-2005.0923,150.56375
-175.86258,-2025.1145,135.86037
-272.67322,-1513.3853,115.17054
-39.37681,894.0122,113.24647
-112.700195,-1501.8425,135.36826
62.32178,371.91266,131.48189
-123.72987,2700.8875,97.35284
-408.09695,-1624.249,112.050476
104.22661,1904.3436,143.0173
-35.106815,966.21,127.6046
-141.43527,1257.709,106.2641
-140.40265,-1131.9308,127.0516
32.018196,2169.9863,120.26098
-129.14832,305.8387,128.73335
49.66923,876.40533,131.52145
-15.147166,76.39561,144.12575
-172.65933,-76.82998,112.48091
120.75973,3254.0627,126.9017
-314.16757,-1669.6133,120.938896
-281.61002,-2623.2236,148.56415
91.12029,1751.7175,133.41252
42.133118,-799.8623,157.01009
213.50945,3410.8125,115.767456
-156.5044,-1540.251,149.07089
-144.0671,-1352.0508,132.93095
-123.47673,717.47723,121.26182
-238.71274,-861.02527,126.01482
-224.66176,-3521.4949,165.94026
-48.65817,-446.3367,125.87109
-17.920397,1631.5231,112.958405
-172.48265,21.932167,133.19688
-13.959651,-3355.3088,170.583
-102.39489,-61.988304,132.82756
298.45013,3698.0525,120.7517
-140.0271,977.87915,100.489716
-191.10484,-2691.3704,127.97135
-215.14928,-1627.6284,146.24068
-52.075092,383.865,137.65782
208.86095,-139.31166,145.86386
-84.62144,33.432472,127.31659
-94.0501,346.64908,133.45522
-46.41338,2816.144,80.627075
-140.45474,396.4626,118.00983
-145.87657,-1741.1904,136.43393
-279.29385,-2931.5034,128.78116
-316.67365,297.1575,121.23193
-252.12425,-240.2101,121.95743
-43.775063,1004.203,116.233665
-9.289607,-706.0282,158.25832
15.701648,503.63577,133.86494
-161.44824,-1223.6487,126.69616
-117.17572,2988.6125,95.181755
199.23006,2343.7915,126.4259
-59.570293,-1349.2529,156.34984
-130.1587,-394.14432,124.53294
-131.27287,-1208.667,151.81744
66.88589,861.2636,125.36909
-27.789316,-227.79994,151.55966
11.932521,750.6523,122.82526
-121.17313,-2183.352,131.04185
-129.57947,-776.57446,137.12373
-318.38724,-2102.436,131.79779
-301.7403,-2501.3076,125.52433
-9.286168,501.8403,118.77818
-227.20668,582.40424,104.70823
-47.1567,-190.00063,157.39276
-154.18509,-1811.844,152.75737
-84.3913,302.33768,138.8809
-97.58566,1764.9489,93.55316
-95.62677,217.13347,131.07724
-174.39294,744.06287,127.47161
-34.666958,677.5861,132.17221
41.56554,1563.8508,99.88774
19.529657,2686.26,111.487976
238.48335,713.17334,146.53679
-50.907177,1162.4138,127.20227
-275.08212,-1050.2782,142.62247
-336.63748,-3157.8289,123.7222
-319.90305,-2586.0417,128.48515
168.22926,1221.3503,146.75829
78.59122,2816.7727,87.069405
-91.3138,-979.46216,148.8428
-7.3765783,3999.4187,76.79691
76.290665,1650.9386,126.91727
-113.12366,1079.436,126.558075
226.5975,3448.3894,125.67143
-333.89008,-414.49417,103.34324
-64.97786,-1856.8477,157.20863
-46.842865,2459.21,105.675674
-3.6813192,1164.9468,100.46336
21.963469,1308.5651,137.54369
-71.73377,-197.13197,138.93646
-202.71461,-1534.4292,142.08067
-134.12137,-188.4778,138.51033
106.65836,1922.1997,137.39345
16.737812,2417.202,128.57878
-98.2423,884.80634,111.82771
-100.5291,-2160.7324,166.6819
-120.81358,-592.2954,146.3169
-28.12942,1130.1002,92.49735
58.94289,-56.773888,132.50835
190.91579,3045.6042,117.63459
-71.84794,220.94298,120.461105
-125.30904,-1469.5452,140.42812
-228.87093,-2126.0051,117.235916
-165.77336,-1062.865,134.4665
-30.629858,1285.0776,130.70944
-122.42665,-1018.4828,135.16446
82.06296,2320.5881,123.69868
42.43575,-20.987938,131.78394
-100.80894,885.2219,97.09793
-145.29625,-267.17496,114.718956
-80.574486,-1023.1315,140.87196
-60.889393,142.26408,144.71825
129.20662,778.6931,134.25462
-85.376526,-413.91104,120.306656
46.674953,395.68985,121.97379
185.15355,1696.0325,146.35524
-347.68152,-1478.7668,126.30682
-30.031298,1185.3151,140.42368
-282.10696,-739.0515,117.09423
23.198675,916.84607,149.50356
-221.17055,597.5491,103.522514
-87.88889,-442.22806,146.63452
-330.44818,-2408.7175,127.12472
-13.916881,231.04033,129.84004
-26.399435,-193.7632,117.5753
-226.14238,177.39232,111.45904
-136.62596,-1627.7388,142.27524
-128.20772,-1366.8008,144.28839
58.242622,326.4457,145.74942
29.763609,754.2574,113.816124
-53.018566,-717.056,137.11414
-145.89604,589.06696,118.28828
-238.28575,-641.6802,121.45977
-58.860294,1850.4431,109.01078
-353.59512,-1478.3196,122.753914
-118.59535,-1675.3586,126.72456
-147.85336,-366.29288,128.11975
133.30351,357.3928,141.91338
37.555115,1373.4475,126.48581
40.20341,1197.1967,111.45846
39.546402,1174.7279,137.47224
45.091797,-600.05176,156.57544
228.85464,-156.40071,153.84375
-211.74246,-2090.8718,124.74323
-73.75322,-285.20425,140.84302
-18.586943,1272.1492,132.9587
14.612639,72.78019,132.1224
-5.0769777,2103.4954,122.06033
-123.04059,1093.5817,99.7529
-74.19031,-421.09293,134.50244
-20.423075,2196.2551,126.21886
-30.933195,580.2577,109.325836
107.69104,1965.9622,105.47301
-84.86237,853.0666,111.84855
115.382164,900.8759,144.32907
55.117584,2893.981,102.63698
50.7363,1356.6228,126.70625
-194.70291,-2940.36,148.44347
131.2763,1021.7219,117.25938
22.43332,2703.1558,90.0728
76.888084,2896.7332,107.594185
-69.40918,1318.8502,101.04984
-16.318853,-572.6221,150.78838
-267.29782,-2182.7703,135.98691
-121.08536,-587.7875,126.66076
-93.67868,146.00334,119.17077
11.398474,2200.2444,95.07466
-205.57657,-30.452354,107.533905
119.63187,791.86487,128.30696
-20.000883,1125.4177,97.82924
-12.466884,963.6573,119.613464
-143.0093,-2002.6621,143.9455
-363.718,-3828.6208,131.42108
-15.663152,1094.409,116.7577
-75.27324,691.3675,126.26522
-37.884884,-1517.4319,140.49586
-331.74658,-1029.3567,115.69348
-139.17743,-2537.5713,146.00914
-214.05823,1021.6744,114.120445
-129.28217,1239.3975,92.45894
-71.10482,-454.81363,140.09615
-139.28706,-1501.2056,143.61208
-41.11754,1160.7147,123.74013
-269.65356,-736.70935,114.71292
83.92799,-1340.5671,152.86775
-130.24464,3.5918965,130.30176
-118.47914,-468.87015,159.26329
95.39959,1018.1444,149.54013
-217.81912,-903.0088,126.33691
133.26385,2979.7732,109.488205
-229.11882,-263.9186,128.06609
52.16462,-147.93318,140.13354
-20.105013,-2223.771,136.64912
212.57935,5552.2954,69.98983
-194.09184,-1860.3445,126.38457
-13.975293,-1217.5847,129.68082
-71.08904,-208.49904,129.70488
-79.058266,-1671.5867,162.96265
15.598388,1596.4315,127.66402
-146.14136,-103.958885,123.70651
-30.625841,698.1651,136.66406
-393.809,-326.6741,99.22108
-227.72917,-305.28397,104.08858
-136.46893,-210.73329,134.22182
-49.07607,-928.1217,141.37514
50.03178,3221.0928,104.84647
-236.02478,-789.178,93.17314
-123.49161,831.142,97.914154
-60.20403,-1420.6702,152.73996
66.24181,486.615,149.8541
17.598333,467.27057,149.84433
-95.46433,340.4,132.15556
-358.26474,-1630.2439,109.37658
-153.41295,-869.67847,135.7118
-250.24153,-1138.645,128.14798
-33.992172,-1303.4839,167.0592
47.887012,149.03264,143.51787
-208.47609,-747.80725,126.44749
-145.42102,-715.3889,140.67097
288.3734,2875.9822,135.25137
-212.97194,-541.3784,117.43839
-274.977,379.57144,91.55292
-60.427074,-1202.7278,147.34212
-74.0462,-919.79517,151.09499
-195.82906,-2247.3474,120.77928
136.44037,1094.5569,151.36423
-131.50528,-16.596214,119.91277
-170.0132,-134.97127,133.4033
-184.26619,472.73892,108.80325
178.58751,2125.4192,96.980644
-284.7856,-1706.4026,130.56729
78.34362,1492.2637,140.82747
87.852615,3153.9727,96.548
-115.068634,506.24075,126.92611
-199.24025,-1967.3972,157.21259
-200.51599,-1004.52625,111.62209
-261.90833,-2449.1462,134.9352
-252.63173,-1208.7793,111.14968
-97.211266,873.3804,131.2833
159.71448,-193.6714,144.7131
-206.70326,529.4506,106.78177
62.7259,-1535.4719,171.33545
-161.87244,-1455.6777,140.17519
-200.5273,-1705.1755,123.5922
7.886306,762.0475,123.53248
-28.51098,-226.91042,146.17964
-183.87752,-327.95877,128.3021
-231.67856,-2155.313,129.98471
-185.44046,-2104.0432,139.03679
-222.62225,-1466.7969,116.39191
1.1071081,-327.28885,129.41563
-265.19748,-3056.6711,132.56029
-194.79268,-1149.7267,130.47627
-35.810833,-784.4685,148.72119
10.924222,158.24052,129.03206
-248.20262,-486.9976,117.50792
-279.07574,-3124.5254,129.83342
-113.15961,-967.4669,146.96915
75.02366,1347.6117,139.86504
-148.3434,-2153.2483,142.13069
-164.509,-1840.8191,124.71682
-270.076,-1824.886,124.180534
-143.37425,-1323.873,132.14224
-124.025955,-62.706932,147.92288
-1.3753824,106.87357,143.51149
-56.19486,52.637062,102.616875
-98.07741,-1129.3666,129.42538
-1.8426771,1923.0463,136.09001
148.669,2876.9253,109.31514
62.25838,-96.72823,155.38959
-217.59521,-894.3855,125.070366
119.167,610.01917,144.42282
-50.510197,550.308,117.16432
-16.113276,776.5144,131.98244
-361.2197,-1515.779,117.62407
-310.8413,-3873.514,145.64868
-127.35373,1023.48883,118.71178
-121.89984,-1399.3293,151.96538
-273.4422,-1054.2783,117.728775
-241.08669,901.3126,101.27886
-465.3026,-2348.6616,116.72919
32.6296,1754.024,101.62634
-136.38217,1356.9479,116.26583
-7.1131372,455.6901,138.66681
-207.42627,-211.09706,123.65252
-432.5038,-1871.7852,119.38022
-414.93683,-1751.5088,113.994995
107.16746,2799.6497,113.00908
-66.23424,-974.04114,154.87898
-248.20247,-2596.6038,130.25824
-171.4658,1479.6523,112.32285
-206.70682,560.76196,121.98266
11.19665,1520.7042,116.83376
-53.89404,-72.53353,126.07387
-325.86627,-2286.8547,124.77891
153.03287,-91.576195,128.38463
36.862473,-340.704,151.52875
-192.67152,155.74223,117.15974
-50.480915,1387.3165,124.58768
-100.62152,1869.9504,103.83194
-171.38307,-638.5111,134.17229
-354.77988,-1775.2002,125.76229
-163.8479,-1621.6648,142.48836
-60.224796,656.05945,120.53013
-266.47025,-306.9644,103.02442
-25.342997,1541.7169,91.72755
182.11577,2831.9724,111.59723
-120.24811,-1442.5093,150.91948
0.7951946,2532.0107,114.8092
-122.14041,852.5768,116.10126
-136.47083,1661.5077,106.8339
26.989283,1159.544,144.58946
-46.09845,-431.6768,136.40186
-122.83002,222.41783,138.71967
10.214992,-628.9286,162.21036
-220.01167,284.66104,118.940704
-229.2499,-888.2931,109.856224
-121.43935,-1412.5886,136.22353
51.897972,-1016.9547,149.37149
-57.77914,-8.303307,127.19233
-93.43165,-533.55347,125.50579
236.62468,4039.4966,147.94928
72.08541,-775.473,151.95493
-454.86414,-1461.8447,105.03025
-25.808382,-805.8363,147.94109
177.8322,1390.04,140.6305
-292.89844,-1749.5742,139.14069
-216.04065,-2241.182,133.13649
128.46165,1357.4111,131.14343
-477.15155,-3830.5867,111.18195
-434.423,-1374.3367,105.92955
-200.37035,-616.2744,111.248535
-326.36563,-1221.5457,110.4146
-206.83252,-224.24232,148.04823
-391.49216,-1777.5054,122.29763
33.26251,2825.0967,97.96846
-343.67465,-2801.668,133.12746
-81.37904,-553.20667,148.43947
-86.12492,465.1159,122.38496
62.062363,-353.77872,137.13829
-115.84155,-10.826683,101.26639
-82.91558,1003.7853,124.73186
41.94308,2782.835,110.476036
-114.21225,129.36705,111.71559
-231.54634,-1744.261,139.62936
-190.2439,-2048.7327,130.50067
40.699284,-136.13844,138.38373
132.37134,-591.1478,134.78227
-276.2921,-1115.575,108.07338
90.59106,1271.9427,114.18496
30.954588,-2190.55,145.78983
-16.191607,1620.0222,110.82741
-150.10844,893.6902,117.77873
65.24302,-634.77295,157.53192
81.624916,784.2078,147.46344
-354.9655,-1654.1082,108.00578
-243.17494,-339.00467,120.88138
-47.88824,132.83531,135.472
180.13998,2293.357,130.28828
-53.721973,-2538.116,155.93565
-39.970383,3105.3518,103.27899
-55.318134,1231.5072,129.85324
-101.321014,-943.02454,131.11525
-213.58827,-1185.4528,120.87779
83.196365,3859.6953,110.289696
136.95828,3776.4517,91.17948
-38.237453,511.58072,130.6838
-273.63806,-1433.7483,130.8447
-35.782654,40.83683,145.00418
103.2182,784.3438,150.60565
-272.937,142.53746,124.34025
58.391006,-38.983604,135.26045
-310.55203,-3785.9968,145.5728
-363.38733,-476.32584,106.646935
-130.13527,1079.8977,132.87285
-109.666336,106.42124,101.38283
-111.39919,2484.229,81.06699
43.580906,1026.1566,126.5527
118.21919,1647.194,131.06567
-53.4689,208.89037,101.36942
-176.08754,-3053.7646,142.67525
-183.31522,-2200.4749,157.84608
392.58588,5446.052,103.633835
-145.6992,1545.1749,94.86084
-339.0214,-1641.1682,116.83396
-92.27851,165.06444,110.26742
-179.57208,-1912.4219,139.18137
-213.09407,-1215.5432,136.20876
-221.50249,789.92505,86.32328
-43.71395,1898.0334,112.22301
-90.75779,-888.322,143.28351
-196.47418,-226.08766,117.97995
13.9171505,232.08476,139.24815
-73.077065,522.44434,102.7936
-211.13104,-2841.8083,133.74527
55.05904,2703.8276,120.80411
-18.84754,457.37088,137.77397
-88.86001,-917.6605,143.10771
-164.69603,823.2853,104.072556
55.360313,3285.2153,103.49749
-94.26805,1543.1274,97.3418
-58.868916,-383.00296,139.14272
-344.58252,-494.37698,111.81212
-446.36676,-4114.897,128.02313
-201.51918,-728.50977,106.987
-106.547485,298.31412,133.26108
-167.70609,-1843.0662,143.07838
-42.840347,-1356.5864,149.87303
-212.02057,85.589516,119.38071
-75.663506,-1292.4473,142.84795
-29.688787,-987.3308,152.64093
-247.64821,-604.1842,125.257576
-39.048176,-614.8384,131.83867
-130.25246,712.50024,127.10735
-446.06,-3448.2976,122.78419
275.6624,1010.6244,139.73584
-301.12936,-1860.542,137.84412
86.63476,362.81296,131.85805
-336.77832,-1689.6414,135.56813
-81.53551,-1776.6392,154.87613
-304.94876,-1648.9702,125.78745
88.0409,2186.6165,113.33178
-137.31877,1253.3818,128.30411
119.42441,-5.252403,135.01796
-371.7284,-1698.1621,115.28187
-115.01314,1333.0608,120.24368
-252.57271,-337.31375,101.681145
-136.2009,553.2716,99.22644
-302.04462,-2294.1086,130.59079
-281.49313,-1885.2681,115.969284
-134.27536,229.1613,130.56052
-192.87292,-1738.894,127.58275
-48.347446,-3087.0571,165.19186
-79.284225,38.91117,123.04947
-204.51204,-2341.429,129.19946
-328.4956,-1629.0566,131.54195
-139.66855,898.81744,109.10245
-24.240572,-11.821373,129.117
-284.02405,-1053.0586,113.56736
-209.16287,644.86774,122.161125
21.799778,-792.4884,149.91942
-312.80518,-3439.9788,140.42978
-69.20077,-334.93362,122.72683
-156.09122,-2511.4927,162.45895
-279.69824,783.60876,121.71255
-97.5833,766.12213,127.283844
-208.79951,-1465.5283,128.57268
2.2059393,1956.1384,111.696846
-194.36679,-2358.8813,146.37059
-233.31284,-825.0676,123.599846
-186.60898,421.28088,96.651924
-2.8548021,-397.4363,123.88614
-47.966915,578.1757,126.24029
-413.85416,-1334.9714,108.6288
74.09503,2905.5876,91.99285
60.40345,-420.91568,150.81082
-222.50815,707.01086,123.283455
-55.158504,-2357.521,135.514
27.716352,1940.8942,100.45775
10.920005,-1054.1415,164.69562
144.52191,-1360.3271,150.68878
-119.01735,-1674.6514,144.41359
-398.6322,-2352.6362,109.67461
93.22783,1457.3486,109.64713
-217.67136,774.39954,110.03757
221.00462,3724.9502,98.93966
102.73198,1920.9451,134.78606
-382.051,-3319.6404,130.49629
-175.68468,-25.526817,126.71191
78.2382,2231.4473,103.74798
-186.13991,323.39493,127.32374
117.099075,881.7311,118.60443
123.51747,2330.5464,113.979744
-182.5087,-657.8439,122.538445
-87.93169,919.8606,118.8804
-180.76735,-561.5847,126.44882
-52.147892,1463.192,110.71824
-33.48135,463.05457,139.07198
-153.82353,-2353.7065,146.36783
-29.686491,69.73826,137.99544
-137.80263,1695.1664,94.59082
-30.89749,3.1509175,134.29758
-150.4609,-1057.6794,121.590416
-82.04461,771.7237,107.7468
-14.970653,52.067665,126.277565
-190.49503,-1692.3591,151.58844
-2.2165155,1683.0356,115.378006
-236.13167,-1584.9324,130.81816
-261.32428,353.67184,107.20687
-190.99104,-1973.5627,151.83688
-245.69154,-112.556725,108.340866
-3.665101,3973.0312,105.60455
-138.09102,-1601.5344,138.17639
104.977425,1317.8754,140.68213
11.735621,-20.685204,148.85672
-204.0186,-579.65295,112.929985
-446.2866,-3237.884,138.82018
69.28448,39.337074,152.454
-50.28323,-123.62386,141.8649
-48.25062,-1857.001,149.65018
202.93483,2245.667,130.84895
-106.71618,-137.54915,132.7097
-99.215164,3852.8274,65.24239
-83.91991,-1031.108,151.95956
-18.891615,2715.168,108.815056
281.25403,575.12177,141.318
-29.988962,-157.53432,136.94061
211.0816,2358.6226,133.98648
-225.43147,-193.64809,140.2875
-108.57881,-467.4998,119.6585
-120.06268,940.2625,92.50024
-323.54224,-2431.7092,150.19029
-81.30407,-246.47206,103.72585
-185.68683,11.591896,117.740166
235.35533,4278.1074,117.99156
-332.3093,-1682.2222,114.92535
-32.95325,1404.688,133.44194
54.612877,-718.2291,161.2308
-35.66523,1253.735,129.32321
-125.26872,-1228.7058,163.3837
-125.13498,377.50122,131.65083
5.516775,2688.5212,81.33893
-355.07892,-2248.9678,129.08583
105.34555,1875.4326,141.91632
-317.09546,148.46397,108.52603
-176.0654,-2631.257,159.96814
234.11063,360.921,134.4867
-234.44987,-1152.3694,130.13817
-123.51935,-700.6754,136.35266
-145.00955,-1640.6543,131.89336
-20.956293,208.4478,131.34666
-37.271946,1007.66925,134.19708
33.32821,1896.0605,134.65546
-236.0057,1203.1963,102.33975
-3.6325788,1608.7485,114.64833
-102.88073,-1076.4863,141.71107
-120.65924,-225.5121,96.629074
-102.077736,195.2033,130.08212
342.14572,1909.5566,154.52673
-355.002,-215.79652,113.90002
-239.10413,289.45547,107.08873
-178.62302,504.7651,115.6003
-129.05809,841.44226,140.48328
-203.59297,834.8889,128.44928
-191.99152,-1581.5823,128.63075
-31.624163,-496.61758,154.506
267.52942,3307.9868,127.50777
-207.62888,-122.01363,131.22754
-254.40407,349.29846,100.911064
-200.93956,-64.71291,114.774574
-372.08215,-4195.899,132.92029
-293.65567,-335.75992,126.59586
-364.79556,-1405.8352,123.82122
-264.12717,-688.5687,133.57903
-121.71594,-1659.054,158.17392
-30.537317,2.6564717,150.52197
-218.03922,-186.77943,110.06403
-243.60161,-1178.8176,139.11372
-298.19547,-1416.1284,131.8993
-57.987217,1410.0923,121.441185
-188.48827,-170.55556,134.67508
-21.936174,659.0,136.01813
82.515114,1276.4889,111.79404
-40.586246,75.55668,140.40575
-125.6469,-225.55507,128.84335
-72.3981,-2249.791,129.41473
-311.8241,-1771.6182,131.57173
-75.81112,1607.4199,98.45938
-181.32306,-1542.1423,132.98885
-168.39644,1578.31,90.84848
-30.383127,-1394.2202,139.05632
107.61421,-418.55106,154.45306
57.800545,911.6897,144.53268
-44.536213,-645.80164,127.77502
-157.87827,-191.62196,128.15553
107.707596,2736.0444,130.83914
-89.722115,1228.3412,128.14705
-191.41058,-2261.3179,140.16327
-369.59866,-3154.2441,132.06252
-81.45562,273.785,132.86948
-144.50505,32.248756,127.02299
-17.99005,1602.4581,123.91145
-152.15189,-1153.5125,128.24268
-215.84604,-1433.3394,138.65816
278.69986,376.8018,155.04535
-198.73273,-1773.1372,127.243576
95.34512,1948.9691,112.6681
-268.384,-1132.4805,122.25974
-309.31134,249.06163,98.71533
-72.75204,205.86717,134.90524
-106.509766,-1058.9883,130.37119
-60.531017,-49.778465,129.2734
156.26994,-1373.9089,165.2934
74.09519,1162.0303,144.14153
-182.21878,-335.92386,143.0065
-125.26198,1308.777,89.296745
121.7049,2565.3533,131.64995
-138.04416,1214.7051,102.20146
-38.26459,627.5043,105.622345
-155.92944,-250.98573,117.668076
-221.313,-2573.2402,126.20978
-394.13705,-4446.779,127.74778
-387.28372,-1864.9622,110.88213
15.398569,278.49594,145.1002
-173.05756,-488.12466,128.3785
313.9031,4376.422,117.273476
-63.326107,1054.4209,124.581894
-20.412058,-1882.6013,158.40062
-26.068075,1434.7972,119.905846
-77.94609,-904.41345,116.5512
201.77066,3348.473,79.79447
-82.23125,-266.30814,147.63123
59.259575,128.85216,154.1395
-64.63908,1487.4304,96.82676
53.538544,468.33035,148.36726
-130.62851,1173.1478,88.62126
-116.73723,-187.02028,140.87822
-240.22365,-1465.8796,130.12631
-24.135004,-3078.3147,163.18199
-231.9036,-1191.5256,137.35072
-85.33594,-516.06213,149.03452
-152.76202,-592.28735,128.34737
-207.30057,-2480.5466,131.73305
78.4817,1719.2518,123.49812
-295.0434,-591.84753,115.34447
78.22642,115.68803,132.57944
194.88908,2837.6187,124.99788
-198.49751,518.9254,116.729164
-70.24665,-133.9546,124.97679
-151.93842,-835.9275,131.19843
-180.07948,-776.9479,144.36296
-249.55989,703.5755,126.30487
196.47774,2617.4849,133.4088
-345.0571,-2054.2627,114.742035
40.280075,1728.6055,97.57964
-216.44604,-1261.8613,131.71263
-182.27028,-1041.9625,139.74167
-144.10303,-1444.8069,131.26582
-67.911766,-1683.4062,157.44914
66.040184,592.3108,129.37985
35.427578,1322.0823,101.95667
-83.20166,530.70435,125.595085
-249.06364,658.3814,123.88789
-319.45438,-3032.581,115.1447
-334.18823,-3205.7312,129.95625
-245.76253,-1428.4917,123.346855
128.0512,-198.56801,140.47777
-224.69484,-453.5524,124.828926
-183.51788,-435.90506,124.981224
-65.376236,-998.1769,151.31395
-78.71936,512.6223,134.59805
-2.20082,447.70676,130.7077
-177.03741,-863.76904,141.33711
-309.8621,-1434.271,137.38107
-12.205342,1002.67896,141.94855
-148.3972,981.8312,95.031296
-14.421748,985.00726,135.10849
193.84035,3164.042,140.93901
-23.8248,2563.7056,107.62966
-58.80528,-27.790855,132.7843
-85.673134,-2740.391,143.13309
-150.79353,-836.11755,129.57054
-171.08829,-15.693138,128.2135
250.03664,4176.291,105.77394
-161.52422,-1347.1172,133.89517
-157.77443,-1338.5078,110.795975
-80.33462,-905.3501,131.02307
181.50336,75.35178,170.25044
58.561283,1109.752,139.21356
-49.55447,-390.3328,126.1395
234.56467,2443.0317,109.642204
-102.021545,-202.97975,143.90709
53.9532,371.63742,145.03323
-98.02738,-4036.2297,159.29753
-302.8167,-3409.3025,132.95134
-79.83691,-420.60684,128.93842
-220.56932,-1224.6643,148.77092
-73.339264,-373.02933,141.03676
137.69261,1107.1364,126.307236
-196.24132,804.6864,130.92937
-7.188714,-1472.5278,163.50359
-220.3443,-1934.657,146.27985
-82.26006,-1225.7375,129.93848
-85.93423,-631.2411,130.04333
37.700703,3646.2866,103.78278
-211.91496,-2219.0828,139.2226
133.8361,1731.0337,117.70193
88.77312,-2211.2537,147.61824
-38.064384,1141.8499,116.44446
-225.37111,500.16168,131.51237
-125.14011,90.434425,133.52048
-104.37701,1029.6814,113.633514
40.483948,52.33158,143.39352
-209.6307,-378.87234,132.07118
-128.60333,954.09515,132.0652
-101.0003,1093.6598,110.91066
-287.39938,-3498.4167,153.12349
-261.86588,-2056.613,136.2575
50.839546,-101.878075,144.36183
100.394745,-749.2527,135.00581
-126.58986,214.53337,146.87856
-195.4528,-1036.1364,137.14938
-219.35315,-1942.0222,135.61949
-111.03738,-988.2738,154.10368
-31.720316,833.0728,121.71107
88.46397,343.41684,143.91016
-255.34956,-871.59985,127.752205
97.32362,350.3405,147.7762
-333.96906,-1131.3119,131.41803
-283.8061,-2645.9587,128.47049
-46.498993,-1310.1191,155.06616
-163.8793,516.2011,122.72748
63.801388,-803.22217,127.764595
-92.52107,1087.8235,107.337746
-168.73901,1359.1078,108.19468
-11.086476,-54.840355,122.00615
-324.49142,-2499.4143,140.33638
-178.89088,-561.12744,141.67856
-195.14777,-490.17593,119.113815
30.371168,-2219.9597,165.59352
-123.196365,-13.7944565,110.28291
-178.49687,-2810.6494,142.8608
-143.64163,-1769.6897,140.84918
-140.91307,-2029.2864,140.02705
-380.00146,-2697.4917,120.30121
-431.7709,-791.0298,105.61983
-26.378199,2484.198,114.51909
-252.2696,-383.4407,122.29989
-23.315893,1013.47186,130.52869
-161.66827,-319.02945,131.05107
-214.78702,-2270.4917,140.79994
-84.61465,105.597145,106.84664
-222.89438,-1874.259,134.58745
-143.37875,-616.19214,134.38788
-49.844402,3153.4492,74.01253
-210.39972,-1019.41125,155.89874
-253.33217,-2787.0486,136.92024
-186.89375,-2716.2334,133.56541
-143.34354,769.7275,111.97286
-184.94205,-1658.4246,135.50244
-153.08292,-294.12344,106.85123
-187.31639,-753.317,128.04279
-276.35382,-2072.7332,128.86285
42.334297,181.02782,141.97853
-68.003006,771.2557,126.220665
17.216991,17.655434,131.39113
-69.04608,-783.7776,132.4715
-37.02938,1202.8971,114.89526
-372.62012,-2120.0383,112.726715
-144.71956,-313.71036,142.32597
18.943544,1057.3826,143.79892
-4.67229,554.76624,142.56604
-214.2065,-276.22708,124.17176
175.48058,1343.9414,146.94792
-165.48145,743.2608,95.07398
-170.45657,-233.41872,123.69404
-219.30472,959.30707,101.932465
-293.22876,-3437.7405,134.87132
-246.86015,-1854.345,139.12976
-103.5495,-235.4092,137.91373
77.44113,1763.7267,141.25171
281.1494,2865.167,127.046
-231.62149,941.2831,83.81808
-97.62044,3414.4885,81.29429
25.334753,1970.1604,126.27451
-42.23733,1010.3113,126.73415
-94.08279,955.08966,100.40478
-242.20827,-1882.1323,139.89218
-86.3435,-368.87405,145.71718
-103.34636,269.954,136.08768
-91.3256,-163.96376,128.03078
-47.727085,1702.4342,132.26765
63.593075,1922.0972,91.58393
-62.021572,-1167.8412,147.068
-204.07478,-575.1323,118.08368
-25.672838,609.14374,121.55106
-47.66453,-373.96707,152.1876
78.42949,811.06647,147.01942
130.36746,1255.3206,149.43823
3.9320602,-1096.8627,154.18672
-187.92632,402.43637,122.71001
51.637493,2385.3145,109.421684
-114.36362,-2670.5017,147.65646
76.98111,-114.90194,149.36426
-336.83008,5.983132,87.77653
-158.88239,-449.86404,115.55261
143.45805,1116.7823,151.2971
191.4402,2742.4038,134.93011
125.58652,1817.9585,125.43864
-189.92847,-693.4409,126.88379
-179.52274,-2913.4722,159.64029
-150.77414,160.07646,112.96265
-162.45181,-1723.3572,131.55188
-156.67357,566.08636,119.413055
-308.7121,-1174.8988,126.09214
-232.44856,-2302.534,137.26979
-252.01659,-823.88684,103.79626
-125.274,-335.34207,134.94186
128.63887,-1016.3782,166.1008
210.83742,2750.09,121.772285
-236.7575,-2046.502,127.73233
-114.11774,-101.7557,110.899124
-96.33918,668.574,105.24737
-166.02785,-1546.4785,133.04291
175.64273,2389.5356,155.0445
214.08968,2082.333,114.18126
-275.9996,-259.11575,123.48683
-235.83235,-2180.9006,143.70589
-159.9304,-1255.0452,129.96983
71.130516,-774.3585,157.25737
233.57675,1896.0502,131.02155
9.261957,480.75476,145.14162
-232.11876,-391.42703,130.10463
95.467636,155.08067,162.96263
-200.37404,-474.71414,131.03966
197.8063,4236.555,118.77202
-46.68295,-136.73921,136.90518
-121.75839,1999.4419,95.39016
221.8427,2929.9236,119.62978
140.21494,2848.971,99.54717
-210.58739,-1014.85266,138.66252
-70.79723,698.9735,119.75394
-40.68754,634.5845,151.44441
254.24574,275.46487,117.66919
-93.50333,559.768,115.44276
-221.65454,-718.9407,118.11843
-52.239094,44.87638,139.50803
-195.52856,-1179.1753,126.92704
-172.25237,-1397.6082,137.89917
73.08934,1791.907,127.52695
-105.54063,-1249.3145,145.87787
40.466644,-3455.1482,176.77739
-121.79521,-726.8529,144.75279
-313.38565,-4532.843,149.81943
-62.891064,2177.7405,80.263954
-342.39346,-2233.9995,140.29604
-60.612682,1053.5835,119.75393
221.53418,4957.8633,101.7334
-218.08691,927.8314,88.77346
-93.29917,213.95134,112.46015
-106.17794,-263.68228,119.84724
-128.14365,-1268.7625,139.70506
-292.92642,-1104.0985,128.90576
-172.43312,1645.027,105.71189
-95.79614,-2049.6218,146.201
-5.6700335,-286.1685,164.53392
-87.95338,-1547.9585,151.25253
125.98519,92.2833,145.141
234.14589,2986.615,105.63466
105.82227,1406.4307,139.35852
-118.71675,766.5497,134.16649
-341.54486,-1082.35,121.17913
-178.74684,-2338.573,140.8207
-120.43291,-344.93436,119.180046
40.60656,2113.829,122.996574
-361.5572,-1341.4736,119.79657
-89.411385,-922.1543,121.092476
-182.29367,-1255.0154,102.784676
-194.41214,-2754.1008,130.40118
-64.34978,-1408.6523,144.87791
-325.86707,-663.2595,112.10333
65.81403,-117.04391,144.1935
-108.08528,-49.906578,132.8751
-270.50482,121.49308,116.41376
-283.08237,-925.8013,125.18751
170.57677,5266.0664,77.25596
-33.606285,-606.3568,149.44127
44.87569,200.02483,140.42406
88.54357,1596.3955,133.18219
-206.65369,-3330.8635,152.19121
-299.94528,-1910.0266,120.48482
-274.90936,-1255.0525,125.02066
-159.55699,1845.567,118.47209
-4.430667,-794.109,153.97421
30.187769,906.36475,121.667816
-71.23393,197.09312,135.57109
-113.45259,-868.06177,125.09929
32.24216,-130.65492,129.47597
-9.35609,806.6763,111.86027
-197.92633,-1568.3008,137.02739
-110.35795,-684.3905,137.26535
343.22177,772.9125,169.23938
-70.257614,-28.327354,141.51074
224.69925,2760.6003,98.57978
-102.4964,1373.0793,132.60136
-322.67,-707.1969,105.10816
-10.40673,-2169.7737,160.2841
-167.78043,-1327.1328,151.17885
-199.4644,10.919411,140.4455
-106.98671,-699.58813,142.28201
-186.62123,-365.48013,109.96863
-9.797332,1792.3494,107.577515
-229.53674,-160.25026,121.02129
-132.87155,-1232.7083,142.57468
13.3595295,-10.392662,130.22203
55.06815,807.0891,122.34311
-111.928894,1304.8002,101.0079
-184.50458,479.3221,111.32465
-27.282358,-1802.7341,154.40872
-342.5489,-1229.8352,125.84734
-72.447174,1943.8292,104.68483
80.65782,-445.1486,155.73569
-146.82332,-532.9955,130.78049
-221.03372,-47.5364,121.76632
-280.7594,-1743.3665,136.83168
41.15375,2691.821,96.759674
-86.50476,-854.489,138.63406
282.64627,2058.4675,125.78941
-253.34715,985.1407,96.263855
73.65233,2427.023,112.26442
-420.57715,-2248.0574,109.19149
-108.77927,-702.36,128.89267
-69.999535,-369.8467,151.71324
-199.92291,79.20249,112.77006
-389.46292,-1732.2068,121.35252
-142.03151,1749.5211,107.30219
118.77117,931.63116,139.18756
-305.2791,-647.04663,107.532326
-187.36333,-1051.7657,130.60501
298.8602,810.5799,125.56897
-94.81172,-657.2284,131.0575
-38.519558,-257.1033,129.73369
377.19055,4681.3345,86.25176
-315.78586,-1769.1411,126.53106
-293.36905,-1370.2161,117.87661
-193.06241,-2017.8762,144.65067
-184.89777,-1092.4412,143.77176
-50.6714,1163.1946,143.36038
-227.30832,-1225.3528,116.69885
-216.4894,-1502.2456,129.59763
-169.52623,-2060.0513,149.32037
-81.99678,0.49253118,130.33441
-68.52946,-824.0133,149.7803
-398.7181,-326.72366,105.919655
-225.9633,-972.79443,143.1709
-323.77112,-74.02584,116.51281
-76.31994,-1807.0386,147.36104
-35.254158,2103.3723,111.90875
-89.37764,294.24716,108.06867
-184.74925,1363.7003,102.6471
-44.66893,-1066.9039,156.8908
-9.595141,1722.2649,100.8446
49.9547,55.966652,155.27904
-40.940598,481.58862,137.95062
-65.40427,-574.54407,126.46488
-65.73336,-561.83484,150.45824
-143.97804,369.99738,110.94897
104.49902,-643.5397,148.34865
-57.90813,-915.155,150.2023
-250.87285,-2779.3381,144.59637
-230.75484,-2323.0088,141.08052
-240.71901,-1613.0986,114.53841
66.25207,170.64043,141.29239
-21.829775,327.3965,117.21275
467.0198,3202.2148,122.420494
-251.64769,-445.41653,105.13507
162.94939,110.259926,149.59026
45.15834,-445.68753,161.12572
-0.046839736,-1797.4409,152.89566
-91.1437,-1820.699,152.02858
-23.286394,1200.1588,133.43532
-200.94452,-1698.853,141.50581
-101.07218,-2167.7017,146.41237
-65.552086,-646.2948,150.5028
-215.94739,-2077.3147,131.75677
-193.16426,436.85754,98.098206
-92.72013,-1928.3948,159.64862
-66.0224,1868.2467,99.95445
-59.141033,181.21544,136.4958
-123.668015,2486.6567,102.67575
-356.95496,-2107.8013,123.419205
-46.98345,-179.7997,118.087616
-91.615005,1662.0352,117.674675
-75.73205,-708.6654,136.07365
-18.663313,1531.54,135.00742
-10.441892,-2316.1926,173.78741
-95.862144,-1528.8701,155.31548
-245.65877,-736.4675,150.60078
-409.9994,-2146.462,105.93263
73.564545,1992.0736,118.61764
62.21982,885.2002,116.976776
-43.864777,133.26317,140.09848
37.60265,1333.9695,121.11426
-8.911689,1709.1526,109.12412
154.62102,1521.1503,127.913124
-113.0275,-389.91177,138.9207
-102.16152,-593.9966,127.28339
-254.36488,-1132.5349,125.08852
102.76655,-249.47658,163.7373
198.07634,-564.8004,163.53856
-50.236637,-717.1564,149.53506
-103.632286,-215.36012,115.36022
-174.49355,-1281.0591,129.08247
-349.0578,-1892.0703,126.27639
-12.770812,626.67303,128.49382
-312.1166,-1120.1267,121.54373
140.55408,1613.2898,153.14159
-157.45743,747.0742,115.840126
-58.308567,691.4541,127.00578
-67.86866,1495.2662,132.8489
231.13472,4186.1025,114.1624
-129.52576,-67.96273,127.83891
-265.38525,-2672.7004,142.51308
196.0631,2923.7253,115.607124
-193.41391,-1909.0315,144.81293
-25.716135,60.13169,137.94737
-0.9473257,2495.0718,96.088425
94.33863,1286.3899,144.54326
-183.9285,-1979.5559,146.1491
-45.01109,438.50668,100.82112
72.0258,804.2813,131.8022
141.3561,2830.5789,115.30761
14.731604,-1237.023,141.577
-80.87442,-600.9994,149.81703
-263.01825,-1808.9907,125.787315
69.98206,193.96007,125.68971
-142.09645,2052.0,90.09871
-213.15102,144.15227,131.17368
-131.5012,-2786.9033,144.44844
-51.014065,-459.96866,139.54944
129.51596,2986.707,125.32673
-208.68306,-1371.0125,134.00449
-229.07608,171.61668,126.03964
-242.84026,-1402.6355,137.2053
-472.90826,-3558.5261,129.88979
43.33425,1180.6274,118.16447
-305.00696,-1948.5876,110.12818
65.42202,2081.6804,121.404274
-65.219315,496.8321,134.40529
-381.63538,-1835.7644,121.97083
-242.566,-272.85635,114.74094
-77.33276,735.6561,139.56325
-346.5283,-318.76065,122.02009
-70.63839,1497.3451,106.61575
-79.537605,-486.5557,100.88604
32.56594,1682.4098,137.52913
-292.9236,-1079.0679,125.38209
-276.58234,-1598.5703,137.51256
-168.54497,-2193.5503,143.7943
-61.977924,-122.71566,149.55156
66.835724,794.7749,126.59966
-206.98685,-152.35866,110.09147
-153.88866,-1210.5767,135.78691
-107.03228,-248.41115,133.95236
-362.30902,-2409.7947,124.70405
-195.41891,-542.2721,126.44936
-3.1748533,523.07043,101.13669
-22.194315,-160.01082,147.65387
119.657036,3750.211,81.773994
-140.1906,-1632.8057,146.72932
-61.9325,-520.3976,125.95219
-188.43466,-2024.5344,151.36075
-239.05255,-814.8552,121.1771
-1.8789377,1007.68933,138.54018
-174.23,-420.63297,136.8506
-205.4541,-214.14247,134.49306
-85.24164,-744.8341,121.456024
-30.454248,-81.70864,133.9036
-74.167206,-344.26212,121.26189
-163.07755,-1473.4409,127.59308
-85.9918,-111.113304,134.03302
177.31528,972.5183,143.74959
62.801453,-223.62502,162.63707
118.017715,1358.2805,128.21446
-197.7211,-534.2284,123.27619
-272.27612,-350.2206,114.51432
-19.797647,1718.3606,126.501854
-325.44186,-1870.3174,127.57432
-194.26443,-386.71988,118.808205
-298.7014,-2669.2893,114.567184
-364.28745,-1109.2996,100.10078
-201.48682,-2148.0564,126.82292
-310.654,-1571.9553,132.81897
149.18405,-1975.5833,183.41321
50.61841,1344.445,120.11205
-199.6308,-260.36893,115.07461
-290.18716,-3368.9617,132.32896
24.516232,-1541.1768,161.85825
55.352974,815.4245,127.387115
-17.150618,538.5172,142.00615
61.348866,2969.6685,138.45813
25.155306,-492.6747,163.44064
-187.19691,-106.84164,123.252884
-151.11024,-139.81136,148.40775
29.793701,636.1693,132.79468
-179.35226,-1508.9089,146.31819
-400.48862,-2643.4844,124.14269
291.9392,4465.6807,87.57402
-131.50748,182.17107,125.10423
-105.78471,1596.5443,105.26586
-23.136606,-677.9675,157.8513
32.885086,1703.7405,109.422585
-110.486206,-915.34326,143.35205
299.99484,3860.3237,116.99875
66.06651,-986.78955,146.46019
74.88674,-1101.7236,159.5532
-350.74997,-250.82619,99.51686
-407.9252,-2906.434,128.63635
-100.6426,-1114.9536,113.22856
-13.8459425,-212.93007,150.19264
-155.31879,-2344.3137,144.0623
-172.7882,-1500.7192,138.52142
-164.6353,-490.95377,145.1364
189.41216,3079.6436,115.30671
-253.95992,-2170.8765,130.47383
15.703394,-1508.6365,171.51274
-128.89116,-870.14,151.86649
3.7316446,3448.843,107.06316
-40.346012,360.2916,96.432236
-91.96849,-629.067,137.62517
287.43234,3078.6,103.86134
-65.3116,569.266,127.01791
-123.25334,-1628.8457,146.13806
-177.02,-1023.23535,124.59373
113.95361,1518.7328,127.729996
36.165848,759.50195,136.994
95.163414,2469.179,122.29435
-141.89885,-969.77795,124.58143
-237.95627,-1236.7427,122.22688
-104.670746,232.7996,132.24135
-221.72745,-2479.9548,135.62978
-8.764155,2399.913,121.28995
-45.394238,1017.6464,99.66254
-303.38715,-2226.6865,133.49146
406.90604,5496.317,112.79931
-108.1023,-530.47644,140.44112
-34.53249,1407.9325,130.47173
-187.131,-766.82495,126.99269
-82.90519,-1023.225,143.46182
176.68694,2268.548,112.216606
88.65959,-1012.40686,159.15175
-63.178036,-492.1271,130.0995
-79.338356,-1920.55,147.84187
-7.9127398,-261.6182,140.4344
-5.9010878,1187.9774,112.70671
161.30211,3081.3838,114.75576
-56.31776,-521.5676,137.8384
-319.01556,-2713.037,122.16788
159.31432,346.16312,143.14754
-184.62021,-774.114,122.6368
58.489155,-825.86414,105.81804
-75.88169,-1448.6538,134.7643
-201.70015,1086.2006,107.78867
-210.17117,-810.40137,117.97695
-103.238304,-929.92346,131.18004
-79.99289,566.0979,137.04208
-148.51862,-1948.4973,133.1803
38.57441,-895.2179,158.6339
-336.5247,-927.40955,119.32617
-157.08504,-1651.3552,139.9977
-205.34196,555.67444,124.42379
-9.704606,1372.5593,133.36723
-334.5942,-1380.0193,119.87767
-49.219975,-341.84134,150.23796
-206.98235,-1435.7971,117.84328
-57.84412,-494.93765,154.2278
-44.419346,77.47715,136.76923
-373.43887,-1941.2615,127.45892
-212.36661,-2533.1382,128.23979
-413.74176,-3842.7268,113.3226
105.09966,1833.3041,122.32153
-35.79003,-236.16713,126.10776
-287.92935,-2015.5017,113.102196
-351.43933,-2444.0234,107.332146
-64.839035,-374.80496,123.817024
109.06131,2189.9377,114.68975
50.53819,1280.1765,127.34338
-90.69423,-1398.1147,159.68962
-380.54596,-492.4717,123.86339
-77.94572,-2361.175,151.12798
-131.05385,245.3834,126.95534
32.781357,814.8572,115.773926
-252.45973,-1722.8784,117.97492
227.79117,4119.248,106.05401
-49.452885,1820.2113,123.55905
-252.5193,-2121.5913,147.86946
15.242131,1303.9209,124.85997
-112.393524,-730.20654,135.541
-267.4945,-401.96915,123.7325
-68.87422,-1344.5002,156.42462
91.7585,3030.037,114.26128
50.542362,552.71,141.49438
17.887377,1963.474,129.25864
-138.03355,1130.2751,136.95415
-164.33586,409.80176,107.938
-120.5869,817.15314,94.9076
-174.18718,-2030.1648,140.74539
-114.49101,1474.0889,120.08516
-39.75795,-734.27576,128.40027
-133.33028,1907.7131,117.07657
-186.70459,-1001.79736,131.2621
-97.04235,-2273.4795,153.84761
-252.22932,-2354.7053,115.94624
-63.92268,1600.6965,134.78145
40.882603,-710.8032,154.77386
18.358965,559.53436,134.92421
14.120175,1981.8407,153.66379
-207.88795,-654.4946,136.75551
-219.66753,-445.53995,125.78846
0.69816494,1430.4636,145.68747
14.203276,841.93176,129.01216
212.563,3169.09,111.32344
196.62329,2207.4048,106.64404
-193.0392,-617.8872,132.97649
-145.2534,-612.06274,128.43372
-89.990654,-1650.8357,139.53935
-280.94916,-1645.9358,113.390495
-240.02724,222.39458,107.25813
-54.30904,240.16618,108.44933
-13.337396,-1693.0593,159.19194
-167.14845,-888.3833,129.56908
-300.15128,-1548.8555,122.154755
-170.21806,-2909.3904,146.78342
104.57011,1150.6893,143.42656
44.03657,-85.34176,145.55582
-23.060575,2220.7297,100.62133
-129.84201,30.584145,133.49956
-251.51213,-537.56506,123.44508
-241.623,-907.2428,144.63081
59.54338,-891.0708,170.29549
-171.71649,-1369.0754,134.80164
-325.04938,-1001.32886,127.18814
34.131454,1288.3643,127.697754
-174.1918,-396.7371,142.57158
-24.114721,-1783.6611,154.72397
17.18027,928.4793,127.91032
-238.16188,-1727.5076,134.04007
6.3744917,-272.5363,146.99722
-34.78891,728.63116,123.3634
7.176714,-1225.8916,154.28683
-43.461903,863.379,126.09198
-198.58255,-925.2754,143.83333
-271.89786,-1690.471,129.28906
3.3624296,-353.1398,152.3923
-89.717545,2320.0222,85.829834
-236.41435,-3668.3801,140.47552
-126.15477,172.82841,108.73367
-253.73994,-1366.1885,140.307
-244.36382,-985.0049,99.49663
-77.42576,2178.626,94.95811
-256.4582,-2303.8286,139.719
8.707229,-998.229,156.75473
313.18463,2577.8835,126.873726
53.822872,924.38116,128.65898
-222.0192,-968.28564,118.778625
-213.77464,-2893.9292,137.77977
-4.543414,768.602,108.64137
-494.815,-1740.1963,105.23081
-219.5766,181.94475,115.899765
-314.87274,-151.4468,87.6712
-189.98004,-76.79464,113.127975
-17.16012,-147.91139,126.51954
310.72403,4256.3247,125.59783
-198.35289,-2528.6863,138.84479
-58.20799,341.53152,121.15858
-17.037619,275.21274,144.65027
-4.0896025,1683.132,96.6793
-295.62054,-1789.3264,117.08001
-186.29715,-572.4016,140.64394
37.02535,2741.4302,112.677185
-84.99975,-686.95435,142.95396
-122.13547,528.8481,109.25814
-18.580587,1996.2306,108.76999
-177.8122,-1347.7866,139.53362
195.24986,4526.748,79.799355
-173.24483,-502.88382,132.49727
-64.78238,1220.6008,128.73424
-14.469565,70.23936,123.6191
109.724884,-1522.5391,161.88501
-84.81317,-528.1273,131.99203
229.89973,2502.5042,120.346886
-212.45146,696.85266,131.50963
-249.87987,-3234.7346,144.2035
-8.725854,533.1606,133.44118
-91.07245,-711.6095,141.68033
-191.25339,-293.25504,147.62325
-39.226837,167.41972,136.73189
196.71909,3563.3206,107.605934
-270.06042,-1519.2283,131.0884
111.50546,1018.67505,147.22774
-135.5415,1067.104,133.3183
8.100887,2205.1863,116.557175
-9.400107,238.5111,127.487274
-177.6479,-340.79178,125.97501
-2.3208036,2037.3923,113.12627
-55.843594,1128.5782,118.53553
-76.41274,-1785.1897,136.97684
19.285236,1899.606,128.14134
-210.78265,-2630.6973,136.82837
-209.12352,20.604958,143.08223
-243.5609,-481.75027,109.74528
-94.37417,1191.9807,111.36448
-179.76628,-1413.2883,138.67996
126.440315,1204.8087,149.40475
-10.756993,550.62036,152.30498
-393.98862,-3274.695,116.26114
119.83797,-294.81888,139.31578
-95.11576,-281.98856,119.65029
-17.908548,1304.2312,105.87044
-195.02841,-1995.9497,130.11232
-394.6936,-1753.7412,116.823685
-168.21529,-101.46346,126.63757
-349.1297,-3017.6033,128.29445
16.128345,-944.6456,130.08922
-217.95854,-1213.9089,129.3424
73.97681,211.21532,136.85522
-234.38385,-3593.2625,140.25304
-38.949554,262.598,129.284
-54.989773,416.00485,117.4638
-109.58652,-2978.775,159.00911
-72.08265,-1416.0396,151.88354
4.1544294,1283.1793,136.3228
-35.768623,-1395.5991,142.28981
-291.6001,-1337.1167,124.612915
-107.29804,1442.4454,114.85977
-47.055782,-455.8201,143.29091
73.75514,2972.6594,103.76627
-209.65504,270.6904,107.32095
-198.83548,-1232.1663,131.54317
1.1231308,2645.8665,91.3784
-224.21004,-1083.4042,126.78115
-103.44008,541.5193,94.820526
-235.68636,-686.0836,123.19024
-13.101583,1509.5106,141.37674
-29.791151,848.21173,112.372055
-311.84402,-1826.4946,118.45141
-357.06732,-1860.9646,121.329056
-267.5066,-1229.0444,131.64726
140.99785,1854.99,124.07349
-81.60472,-757.03735,144.95937
-250.15996,1250.9819,109.775635
275.14355,1491.5375,152.38559
-165.23953,-617.51086,102.305984
-144.73106,-831.6627,136.90334
-48.34808,-1430.5093,160.04694
-255.21007,-812.54456,110.52185
-240.24858,-1519.9663,151.70529
-280.93893,-354.19327,111.91615
-133.00337,1042.7476,117.67902
109.87692,-1386.533,167.12265
45.78835,1068.6672,143.87701
-184.70197,218.56548,117.32991
-425.2223,-822.83606,113.89722
-225.13185,-229.62624,117.08405
-54.728558,-140.21779,131.73933
-202.28062,525.5418,131.7074
-184.7839,-1877.1157,134.30383
78.38335,3644.7021,98.65307
-399.75922,-1959.2339,116.48109
167.21506,385.74194,157.38716
8.508787,3030.0256,111.97742
-157.64108,936.5463,113.37184
-158.2637,-750.3511,122.41683
5.5955906,-550.9281,149.6858
130.90039,1193.6716,130.05843
-127.30351,-726.1156,121.46836
-5.1068544,-134.44618,138.57182
-390.8745,-2042.5791,120.37146
-157.28032,1176.848,126.13359
-151.33128,-244.94008,148.85104
-327.07962,-1651.6267,121.93191
-132.01105,-2489.085,135.58502
110.46927,683.69836,140.66379
-83.630875,1240.9509,120.32075
62.762054,1855.8813,117.94009
-224.66847,-1951.5681,123.67838
-219.43903,-155.8816,111.41785
-36.548035,621.1102,132.36208
-130.85211,-611.24365,138.11375
-60.665745,-374.00662,148.32466
153.8492,2322.8591,113.32953
-78.05464,614.0788,111.87923
-200.97108,-440.5828,113.92807
-247.32976,-1665.7507,121.7123
-124.2605,-577.09424,148.12532
197.94156,2176.5288,97.371864
-153.41937,1083.2195,99.568665
-65.96185,-531.95325,118.41822
-174.20682,-2449.8157,138.81541
-140.81335,486.1468,148.05107
0.06977747,622.77985,119.65146
67.58051,2465.275,113.00994
-317.96628,-2355.743,129.66364
-43.36044,-272.76248,156.0787
-47.227745,101.94944,145.69875
-181.33224,-1978.9819,147.36604
162.43678,2115.9868,146.16809
-290.07385,-1934.0984,126.69202
54.17843,3092.9043,144.2504
80.832596,611.31085,133.00253
43.839703,1954.9906,120.94219
-427.07852,-2162.012,117.73946
-189.68687,540.4121,117.749664
33.207993,2563.9636,108.398315
-133.1415,-3429.01,139.93738
-37.980824,-851.0951,135.5033
-61.307568,940.0588,113.32972
-31.961721,-1017.48315,142.6489
-39.174374,2404.9272,103.32296
-191.48456,-2125.2144,124.5732
109.65655,1447.5934,127.45422
-55.90875,809.3682,132.62477
-243.31691,-28.254112,109.450134
-195.66751,-520.027,137.51503
-147.54593,1743.8022,112.13763
-232.36264,-984.36804,140.6792
-71.4757,2667.02,91.624146
-72.79836,-1453.5186,153.12566
-113.06296,720.6355,126.24333
-238.56459,-196.36769,118.972305
-244.21864,-2559.9949,139.09286
60.233147,1158.3898,148.42601
122.37682,-305.4224,163.7377
-210.92715,-1024.9225,134.87863
-144.72049,-721.2124,136.56941
-369.6283,-1766.842,125.184845
-69.425095,2688.5554,79.04715
-15.35642,146.796,133.68379
-228.5789,-971.23865,114.81667
-45.68377,-1083.1946,140.73465
-76.18062,1430.7849,112.3861
-224.97826,-497.59525,106.299995
132.7269,3571.9954,96.236015
267.60138,2315.808,130.79178
-142.92331,605.913,98.22192
65.039375,493.85168,131.72714
-269.20853,-2436.202,136.84195
-6.9137716,1352.4573,132.91646
-88.87272,532.8986,125.68269
-161.87535,204.50859,112.15192
-122.428696,988.9731,103.51131
-236.74686,-969.5665,113.7079
184.15646,1619.9828,131.19655
-70.48407,545.99524,128.31075
-69.55944,-361.76346,144.60979
-337.4356,-1590.4963,133.46107
-100.07467,-757.34717,137.03093
-74.34717,-745.3894,138.56094
47.032913,-1493.5171,154.88087
-231.9829,-811.23035,120.43192
-64.47514,538.0427,116.5309
26.208067,2654.1682,115.3391
-90.43773,-2523.3074,149.94194
-83.01814,-32.87063,127.464424
-153.89528,-466.21878,120.79517
55.176037,919.49835,123.82904
-103.334206,245.2824,133.9876
-10.680036,421.9537,119.77786
-368.21814,-1585.22,119.48741
-38.03029,-688.1754,139.51775
-216.43733,-1402.321,120.28729
-18.871553,-1559.3276,155.8903
-142.03127,425.32428,135.0188
-92.00883,254.61382,140.33508
-4.436553,512.06604,123.42292
153.10957,289.767,154.69626
123.60249,2108.2856,105.23518
-113.871765,-773.14246,141.5678
-301.57425,-1417.1926,115.05036
-5.1779146,1254.6674,123.17812
-215.76566,-2190.32,128.18692
-432.02594,-2131.8027,109.58574
-350.30005,-1523.6226,104.80594
-62.873775,-865.90955,147.17113
-314.34003,-1574.189,126.848175
-269.3932,-1694.5127,117.63138
-225.27095,-958.0956,128.75725
9.463074,-483.09476,152.96458
70.57666,-2036.645,168.34222
-28.946718,-258.8488,134.20192
138.48596,238.71056,148.9982
-229.82188,1798.1243,95.567345
-364.07822,-933.0641,111.9605
-187.61392,-321.5004,114.95045
104.97117,-210.88808,136.71931
-211.74962,-149.18336,131.28777
19.85342,557.172,123.03027
-183.6101,-822.30774,126.35016
-241.79036,529.57385,132.93607
-289.10486,-1929.2664,113.450165
-338.1705,-1192.0886,117.239334
-97.92034,-570.4347,135.3998
-302.18246,-1269.6531,103.77498
142.68042,3452.5156,124.654564
-1.6486349,1050.2578,144.71104
2.081236,-1139.3046,151.11906
6.295003,-499.29922,155.05037
101.79802,860.8749,136.76666
189.59883,1169.9583,138.47868
77.49056,1408.249,129.00656
77.80189,1199.3748,144.32645
-186.40546,-1701.8982,147.58038
251.3448,848.28424,166.34743
-290.84152,-3587.3845,112.78786
-64.818504,222.73058,130.73663
-371.0124,-1227.0449,106.19076
118.80428,488.52573,146.71338
-390.48572,486.6876,102.946945
-4.6969557,295.15402,138.81621
-254.21489,-1206.706,128.6967
-196.14417,438.9363,105.74135
-93.02023,-362.90555,113.51608
-275.5783,256.4703,113.84062
169.74762,730.1559,140.4489
-241.0183,-316.98953,114.75463
179.63187,-270.7858,141.75275
-258.8554,-2282.9148,143.31207
-322.1923,-889.3263,101.03591
-102.90379,748.70917,126.573395
-245.30446,137.96776,110.945786
-154.62227,1553.0638,93.57743
-144.5775,-1646.3384,124.712875
-254.62624,-853.70483,110.856186
256.33658,1254.7819,150.40018
-99.89979,-1356.1987,148.41832
155.84538,159.27647,147.88107
-66.64898,1693.2441,113.333984
-220.53993,-1535.2065,128.3059
74.68596,1582.1761,119.59059
-96.65596,44.12052,123.353134
-120.36005,2240.2776,111.034805
-222.52611,-996.77637,118.69561
-5.2360888,581.1658,105.3486
-155.15648,-1763.6157,132.17244
-5.269923,-546.71704,126.66572
189.33055,1712.4438,122.54917
-437.6769,-3778.3792,126.96616
-331.236,-609.68726,107.981926
-222.39532,-1816.96,141.34668
-107.56532,-514.0027,137.145
172.67384,5305.8237,96.07669
0.6250448,-2341.4722,151.22044
23.968443,1448.0116,125.62558
-220.7306,343.3815,116.42314
-26.703058,-893.745,147.09435
228.82121,2688.0276,115.1241
228.01964,2192.8125,132.15012
-247.66154,-2414.716,141.96674
-285.30853,1031.2617,101.24612
-212.07886,775.8127,130.76968
-145.8856,-573.36414,131.73494
-304.8846,577.12885,83.383675
82.747856,1392.0533,128.18692
-187.91045,-1238.9004,135.53476
109.054054,639.76807,143.04399
69.21674,-92.31753,119.08943
462.55176,4398.0063,122.69566
73.03426,1768.4451,132.8546
-391.85413,-1487.5381,109.86408
122.87961,1095.6567,160.85942
-255.54454,-2918.4153,141.89465
-203.6792,-856.5416,134.7579
-108.39649,-1876.3467,162.89964
12.708118,-244.42006,123.54681
-96.79388,-280.9153,123.18265
-151.90479,-480.111,125.538895
46.15254,652.5025,115.51049
382.67892,3780.152,113.07589
-428.16238,-381.0165,104.2031
-133.57315,-783.88916,156.2808
-29.293768,3136.789,120.75862
-178.23518,-3598.1501,166.45598
-37.681637,-361.54922,153.80405
-160.51747,2046.2216,81.27188
-143.78262,-910.43286,145.34717
9.37152,1778.3845,120.021675
143.71953,-455.022,156.50066
-59.50955,-618.4492,140.12419
-249.62187,-2050.257,145.31165
28.19439,1232.2576,110.97612
-156.84885,-983.1741,143.0466
-63.223553,948.6306,127.34465
-46.167618,978.5067,105.04598
-91.88199,-843.61975,157.6464
-181.43417,168.44981,101.46834
-295.53806,-322.50687,122.86582
9.365265,-660.3644,148.60373
-112.52104,168.04948,121.88042
-307.13904,-3615.1277,118.16318
-229.663,-1870.1763,136.18147
-129.36928,-944.4883,136.75063
-158.69737,-1572.7546,143.51811
-310.94647,-2770.65,142.8556
57.38189,-167.81142,137.1031
-158.8648,345.32254,128.26695
-57.65314,-725.88635,143.34326
-219.63301,612.82025,112.65756
82.73529,400.7375,124.03882
-190.01817,-347.1293,120.86397
-315.7132,-3112.07,140.94489
71.10135,761.2393,136.7667
111.24717,-773.7539,166.98239
-136.73941,-1056.014,148.21161
-153.06732,-1030.9655,141.07973
-172.1592,-1851.208,131.5735
-230.27313,-2571.3057,145.15572
-8.198428,952.8001,133.95134
-299.83762,87.03837,95.371506
-72.189255,-948.9863,128.17734
-4.6602793,188.32695,123.43252
166.3533,-282.0419,145.58182
-192.37967,1067.747,104.51831
-112.35112,-1234.0347,149.93135
-68.35814,-838.7355,141.65327
-23.765482,1328.3671,116.01532
225.20657,4879.758,103.24546
-57.723812,-32.85415,115.3602
-90.20693,1214.3068,117.81598
-322.07007,-3848.5974,129.97728
-143.89346,-1857.511,128.73451
-300.9905,472.35477,93.46182
-340.25922,-1179.1771,112.93124
-137.89937,1087.6196,120.13885
15.254608,957.9652,127.16302
107.52958,2206.0518,115.45504
-136.49525,-2296.2808,142.57808
-63.099377,552.03076,130.07648
104.95428,1461.551,126.52552
-52.938557,2117.0164,101.83186
-249.3235,-637.4282,128.95848
-121.63304,-1142.6996,130.84842
-212.06088,-781.3987,116.87346
-38.303787,-765.3175,142.95096
-83.45059,-894.70776,155.89386
-328.5086,-835.47107,130.98418
-206.65218,-317.7332,117.90814
-159.35245,-1427.5132,132.66759
85.197235,5215.8677,71.28638
-352.56793,-1874.8545,140.5366
-270.92044,418.01785,114.31972
69.23642,-797.1892,166.24594
124.26727,2065.2744,105.94298
-308.09937,-1175.1094,131.1953
-106.132256,-2432.062,139.6906
79.25461,1849.5984,133.50963
132.11049,2891.0251,99.84362
97.957184,1894.0481,121.37303
-66.08086,1006.5498,143.78824
-81.30985,-236.51515,132.73964
-99.74268,-2418.3176,154.25801
-163.98244,-1745.532,150.2073
-57.40848,1163.839,131.05461
-271.1234,23.67759,116.79257
-75.80131,1448.2881,102.54853
-296.72186,1330.0955,101.94461
-140.63986,882.45123,130.38193
-241.37535,-2175.7622,127.06417
36.268345,2012.8754,123.425125
-1.2206144,-906.75256,119.21464
-60.398228,-689.5615,142.63965
-8.360156,311.7949,142.74266
-164.87534,503.54538,131.32841
-222.95111,-2758.641,126.126465
74.514336,1077.7391,137.49997
-290.4306,-615.6455,102.61111
41.29275,1649.8013,138.16267
-42.514565,2611.095,104.32863
-204.84087,80.84428,103.78448
90.78436,700.4357,148.06757
225.6096,2149.5188,139.2719
-279.33954,-1848.0361,132.69746
-184.92285,-648.71484,145.09506
-111.84497,532.2871,134.87794
-225.42038,-32.529503,119.74811
-356.5845,-1790.8247,134.35542
-11.122815,1685.3268,121.9562
-393.32303,-512.9337,99.71957
-42.698288,1442.076,87.04857
-228.65468,-2501.6797,142.15419
55.906895,624.6895,140.78659
-104.84826,-1078.0348,161.31898
56.330685,-947.85315,133.97723
-222.18529,715.5725,99.457275
-183.74532,-1476.6985,125.31454
-171.5562,-70.45821,125.62365
-103.470184,833.17053,126.66951
-128.30675,-646.34314,131.28694
-194.4979,-2715.3757,154.51454
-178.95728,-1260.835,130.05388
-160.27037,-3686.6292,148.36774
-210.24176,846.1574,124.72873
-255.77065,-420.08316,106.19782
-210.47005,-605.9335,126.5009
11.359157,1339.2518,110.75996
-165.0884,218.92827,133.59389
36.015816,2158.161,131.68108
84.37156,3379.616,95.43863
-250.90666,-2381.2605,128.45866
-312.9026,-1774.4397,129.41469
-176.77408,-486.6448,145.25337
-110.1116,-763.90125,121.04022
-152.66817,-1023.27905,146.0988
68.78399,3029.349,120.22199
-101.10292,-2335.473,143.38052
-50.09284,280.19077,124.85699
-159.62901,-725.04285,147.1275
-225.38646,-906.79114,129.71886
24.259111,1765.5593,141.67204
-166.54623,434.60974,110.1092
-80.71792,1011.05475,120.92619
191.1596,3831.9373,101.10258
122.46694,-48.142784,139.47162
-27.140966,678.12866,153.21931
-212.49367,507.3797,114.61928
-88.291016,-1194.509,155.36324
-346.796,-1351.4846,110.90881
119.44377,1330.0836,119.534294
-58.569065,-1201.5083,146.48547
-297.2108,-3081.4985,129.08725
-10.150083,135.10973,127.71708
-4.4095945,128.97392,126.54744
-456.76852,-3117.0525,130.97108
23.111576,1116.131,143.56044
-201.04198,1418.8492,100.83373
-167.04662,-378.18948,125.63533
46.357548,-220.97939,145.01717
-94.010254,-824.2262,133.20862
-0.9260206,815.8056,131.2176
57.43124,1785.9429,85.86357
-137.89108,-2706.9668,156.33734
3.0987225,-916.8612,143.74638
-337.62103,-2291.2202,121.22405
-100.354225,-1089.9192,138.03708
-316.44885,-3070.8113,133.1602
155.18834,3195.8848,122.601974
-120.28049,232.4511,117.45823
45.0627,814.60864,136.7488
-171.66861,441.0675,127.07271
51.86812,798.40295,138.63776
-162.88258,-962.4359,139.28122
-28.891962,572.9911,138.16203
-55.38287,-1303.3267,154.43326
-349.3884,-298.82083,118.42182
-36.340843,1037.0598,118.40991
-401.33875,-3011.93,118.82077
-128.98462,-2873.9336,154.78604
-388.7474,-21.486229,91.66737
-248.79167,-751.9547,118.410126
-86.25187,193.12498,132.43808
-125.26453,-157.2093,136.89279
-57.0706,-543.5065,146.6427
-350.4318,-4681.0864,128.7235
-99.46024,2764.8977,99.634705
-387.52426,-1226.8726,112.11052
-71.598465,1556.3799,112.36802
-126.41948,-980.6915,139.99434
-52.23258,1470.7025,91.38616
-235.37325,528.64636,101.47998
-373.99377,-2263.211,125.10878
-40.34736,-1161.3405,146.92427
-38.436054,-996.1482,137.49254
137.6701,2663.246,107.4263
-38.739746,-1504.7317,165.52626
-135.62178,-1551.5581,142.07945
-205.15717,-730.0365,109.77352
-209.12172,-815.9852,115.1675
-136.71103,-3895.3865,152.20584
-296.00534,-2386.0674,115.32093
-128.98671,-2322.2993,139.3488
53.2147,645.62476,117.0427
-152.59238,523.474,113.98204
-66.78128,561.29803,136.79716
-232.20287,-648.0371,129.37602
178.43387,3300.9004,127.93344
-420.1142,-2064.7615,123.15484
-183.0671,-1565.2002,144.75539
-177.39018,1439.334,95.22958
-173.14554,-1172.7543,133.67178
43.76474,1166.1602,115.76701
-185.51613,1083.1353,124.14631
-297.87857,-783.2621,131.7187
-171.41747,-277.1697,116.881584
65.17711,158.0457,136.51237
-265.82117,-2471.252,153.15143
-170.01846,1097.5275,119.25458
-140.77469,-2774.234,145.22104
42.82552,473.06424,141.50243
-55.221478,1043.4896,122.94302
-377.34024,-3881.8347,126.167534
-109.74648,225.47026,130.82364
-368.47372,-671.7589,111.23269
-181.93887,-323.4684,111.05612
-347.40448,-3042.393,129.9201
-3.2870398,173.78789,152.2346
-422.5518,-2549.601,127.62546
-69.533394,1467.6482,99.92379
-303.38528,-343.25027,106.00306
-0.084593795,-807.3672,140.76924
-241.11916,-2351.3672,150.2727
67.47504,1856.6296,119.52187
-33.803,-219.03358,139.69756
-374.73,-3482.4055,133.3657
-179.04315,-1478.7625,140.29465
-149.2984,-1216.8337,127.26157
76.89358,932.5349,123.989555
-101.670525,-2071.7322,144.85626
-197.00352,-1124.8047,133.0608
-136.8858,930.1164,103.53358
-45.820656,1852.4703,121.78812
88.65441,473.11865,128.14037
-168.99574,-1103.2692,136.53369
-37.595554,1367.2461,124.00281
132.72844,347.3436,147.79245
-189.90196,-8.120018,129.47455
-133.76534,95.367836,136.0364
-171.0968,-2222.3838,143.31651
-184.32907,-1878.5632,116.871315
96.66228,2190.3994,125.26819
-9.533755,126.43949,149.16533
-193.27693,-1335.2944,138.86684
-333.459,-2711.8403,125.97994
34.539284,1666.7003,124.76975
106.90926,2402.2695,117.4564
-255.63933,-1902.5371,137.06046
127.26034,1314.7083,130.66803
-39.10739,2572.273,120.98383
-116.36784,-132.0403,138.06541
51.179985,243.87401,145.63795
319.14886,5734.75,58.329308
-177.628,602.0022,107.99217
-204.32372,-665.6404,118.9906
-122.47783,-2023.8557,130.13402
-243.58382,-758.30566,140.67052
-64.23481,802.9352,132.319
-278.53397,487.3723,102.85823
-177.66023,-2193.0105,148.69646
-240.15334,-496.4102,126.12764
22.913782,-230.51259,164.63182
-78.283585,3562.0173,92.81101
-347.79367,-806.06604,124.120964
-162.38297,-1804.3755,150.11176
156.83272,791.1751,136.37756
-247.04799,-2422.4639,127.17491
-135.21584,-735.2471,145.68388
20.936947,-325.4412,139.01639
38.934193,2785.0168,88.686714
-49.459057,186.5529,119.5792
-282.3347,-2855.3708,131.97838
-244.47096,-744.6127,122.88528
165.58784,3506.78,89.84976
-294.56116,-1879.8672,126.224556
-105.1396,-1323.0566,147.36151
-64.11023,-621.55994,127.55859
-61.11967,852.35925,135.90356
-17.975695,732.989,103.15216
-114.73488,-3360.493,150.1847
128.9782,-988.02124,165.25267
45.76504,689.2932,106.24731
-85.82791,500.73245,129.69516
177.41216,464.95374,149.20734
-332.96957,-1641.5952,121.73899
95.73896,381.50592,123.6122
-92.659805,888.7614,130.01575
5.350545,1368.0986,133.86147
-77.86997,181.71062,136.95404
-27.326788,-545.0111,131.2571
-53.980305,2015.4719,115.59491
-59.09437,-1376.2764,153.01964
221.3724,1106.5304,143.66669
-211.47823,-2113.8755,142.63528
-124.00455,-903.3491,131.2778
-168.73962,-737.3988,138.4314
-190.10103,-709.15857,131.18211
-21.587893,506.18042,144.82462
-179.47635,-2718.6104,139.87894
-56.842304,-1084.0402,151.5965
147.66957,706.9604,118.74781
-240.91994,-2006.2793,119.22683
-159.91522,40.538795,131.99901
-416.25378,-977.24695,104.76882
36.610474,1158.007,129.12431
-120.45079,603.979,112.60686
-103.939674,-1042.7446,140.90306
2.8901186,-1196.6033,134.7286
-22.898333,80.893105,138.80043
-102.76973,926.5391,135.96895
-107.66274,-1745.1113,155.07878
-170.21408,366.94824,118.13876
-60.331882,1078.651,140.70665
-166.88799,-983.771,127.54206
-359.80368,-2339.5554,125.12104
-5.687661,1129.2848,109.3446
35.52178,2315.116,96.03789
126.92554,2708.74,119.46232
77.15314,1024.919,137.1552
-56.168507,-140.65193,122.1004
-369.61066,-3551.3562,139.9963
-320.3416,-960.3247,102.768906
115.05884,3825.1814,72.55785
-124.54326,-2132.9568,143.66971
-105.953896,119.1395,136.05646
-73.41551,-796.88855,150.61307
162.1688,3716.5828,120.560844
11.199085,3608.8003,119.32886
-165.40231,309.44833,144.8434
-48.52798,-261.9025,142.61784
-285.2249,-681.4961,123.72566
-221.91362,516.94257,122.118095
46.071266,-436.88736,139.4341
-109.94433,-1561.4453,130.57133
204.9135,-215.33168,162.60277
-146.74846,2229.7273,71.16418
-208.59941,-1077.9514,113.34666
1.5915127,95.00138,146.45255
-92.80293,-511.7084,134.9317
188.04729,4043.7725,125.611115
-174.28499,-228.91444,108.97639
154.4218,1271.7506,129.9852
-66.91403,3057.5935,91.57615
-289.76324,-792.5464,119.83151
-239.40161,-2306.3132,137.70616
-166.74182,-643.4133,133.04544
-270.38828,-462.4573,105.55937
-211.7121,-641.11304,127.804085
-46.978233,-674.9353,153.6937
-170.3357,-74.175865,104.40663
-129.34499,850.76117,118.300735
98.36301,3313.1426,87.55053
-147.86375,-646.3125,142.11893
385.2507,2554.2568,107.82896
2.2021694,1528.4205,102.38329
-308.8585,-1289.8652,132.56947
-277.679,-1338.9727,121.79993
-335.36066,-1983.5754,128.69392
-207.8356,-1781.1624,143.8322
-58.473576,207.6314,130.85631
-177.20895,-691.01404,144.96806
-197.95868,-1449.9341,125.57318
34.4553,-144.50826,137.58089
21.35589,1851.6266,115.17761
-119.51846,516.2093,108.05852
-55.15179,1034.8922,119.526985
-215.79414,-393.4539,132.57898
-108.092804,-258.87894,110.18056
-119.83803,-2498.5618,141.28735
-1.5995684,1158.8846,99.94104
-87.01052,2105.86,105.74964
-346.40454,-1880.6194,130.98436
55.129368,-969.59595,149.97986
-180.83865,-83.97054,118.1605
-209.16533,308.95126,111.760376
-50.602657,309.9846,106.794014
-94.36803,-1110.3884,142.03285
-98.68033,269.9614,125.06747
94.05182,2908.9412,133.65904
-234.5586,-616.5665,114.14674
-39.491135,2041.419,104.47931
-343.03696,-941.74023,120.65274
-278.32477,-2894.9475,146.83725
-229.38275,-3497.283,150.36734
-18.570635,2431.4077,105.51718
244.99477,3347.885,113.52936
72.33667,1511.2029,135.13904
-141.79561,750.36316,116.85208
-138.28564,303.29044,129.63972
-152.2276,-1481.0327,139.68196
95.61031,1232.3711,132.97923
-48.10062,379.0364,147.94351
11.905186,1195.866,138.69357
-222.86087,-2448.8145,153.05853
155.7113,2143.6309,130.31348
-158.84605,-3826.1775,170.06088
-149.99382,1078.9032,115.33609
-122.774155,-1919.574,138.6261
-119.4146,-256.95035,131.04555
-295.9734,-2939.3374,134.47917
-17.553465,974.6929,113.89553
-28.839521,-361.19778,152.9431
-88.006935,-2089.7756,155.21889
-28.55195,-691.9935,129.96405
-239.4296,-691.0856,132.35379
139.64674,1751.4802,131.7524
-288.53732,-1251.3665,138.5152
-9.874661,-722.4474,140.4807
-308.15933,-1503.2192,116.83344
-358.86914,-1565.685,113.87753
-209.98949,586.9954,109.22547
-23.106443,2075.0955,113.6254
37.64843,1585.2023,114.48367
-206.59999,-1030.0969,121.195496
-122.79988,-1402.4253,126.94151
-102.89047,1163.5581,113.03623
31.083866,838.3351,135.41214
184.45549,831.26447,146.73825
72.48888,2480.4333,111.77308
-80.22652,-441.4778,131.1871
-135.72415,-1464.5283,145.5746
79.48547,-309.2101,153.358
-140.37192,503.45306,101.71183
152.7067,2541.7805,128.4487
2.2329788,1329.6171,122.42438
-400.6477,-1333.9563,116.880646
-89.39819,-423.5132,135.50119
-282.0373,-259.63004,121.7026
-264.75882,-294.78323,100.010445
81.54574,4503.285,86.24435
-85.320015,1040.5986,123.326485
-301.48822,-2200.73,135.08826
-48.40521,1984.3379,119.78245
-393.80887,-2979.3857,124.3377
9.756268,-134.7925,153.33418
-59.539143,474.51538,139.66212
20.902237,-207.40236,149.30428
-125.76555,-2360.4648,156.06886
-422.1643,-3331.4636,121.39733
-104.69725,-2464.82,159.86964
1.6708698,-1043.7651,143.36107
-299.6677,-327.3638,110.60301
-225.25421,-3030.7793,138.4576
-300.8803,-2567.028,145.26846
99.094154,-32.486656,139.38364
-27.48741,-214.01442,154.21468
-116.668655,-859.82837,138.55608
-201.28218,-2873.4685,142.34647
-26.23784,686.29016,117.565125
46.698208,2010.8193,120.694954
-67.075035,-185.30312,111.529144
-249.84123,2347.1602,88.743675
-38.53335,-2124.8694,169.51244
-83.10925,-1356.6968,161.3485
-85.32574,-553.099,121.51413
-258.7497,-1721.6941,116.20679
-311.10086,-972.2916,132.88698
-193.32626,-117.8641,139.32787
-94.90854,-277.5259,136.1902
-287.29724,-1086.5104,123.234184
-76.98347,1220.6888,114.809845
-337.9166,-1385.0457,111.64198
-178.54121,-701.4414,125.32184
-300.08038,-642.2998,110.31101
55.39515,2872.105,131.37985
-64.02235,-1490.0549,152.16728
23.6511,471.1118,134.0259
-162.22612,242.10564,80.865616
-288.6835,151.12364,99.75906
43.241398,206.35277,146.5038
33.78668,1261.7639,132.04546
-206.073,-1617.2024,136.58914
-253.94585,-1486.2974,136.94777
33.270794,2530.378,117.507805
9.475141,-240.36574,155.90266
-102.877304,778.27325,146.56326
-390.02457,-934.683,130.7379
-97.83893,-2043.6965,137.49084
246.85594,2871.2722,135.6644
-166.36754,-1736.6201,149.0296
-241.57933,310.23032,95.286995
77.0741,-695.72424,159.03
-325.9609,-1602.4868,106.19626
-41.02444,1615.0674,135.88095
-107.509155,-518.5845,114.09357
-66.371925,-1298.9575,142.87134
-99.08248,-1657.6875,154.1192
-78.67866,223.60149,118.11436
166.84671,2982.592,104.16172
-162.73608,1435.4781,90.485306
-213.89069,441.25198,98.274376
-15.482808,2783.937,102.87839
-316.55078,-236.00185,107.924416
-85.97015,-277.2382,131.66867
88.75537,559.1829,136.17801
94.998535,1247.0532,100.74047
-147.41968,327.0139,114.2651
20.567225,62.545143,134.33534
-144.14075,432.63467,116.1971
-128.94554,-1569.8845,138.95653
72.36024,-701.19556,151.38416
-171.11641,-672.45667,118.66773
-341.72363,-2603.2822,134.93948
-62.30309,420.57608,134.96164
114.11124,3135.8157,112.06677
-291.34122,1046.3893,97.59845
-43.64547,-435.8643,131.55095
-195.3094,-188.64052,123.09439
142.117,3277.034,118.83629
-19.924501,155.24309,131.88527
-11.964643,-675.4442,160.70543
-0.9876642,98.40385,152.40607
147.01337,2222.838,117.209
-136.15765,-411.54788,127.26872
-328.61063,-1901.491,126.56294
-93.79777,1073.6085,120.64158
-4.2965403,1356.4869,122.16981
-50.625156,-1180.6738,141.31758
-70.59613,-178.31276,118.27399
-80.999306,-2698.937,151.51132
-206.12257,665.454,96.772804
-201.958,-1521.7405,132.33932
323.02866,952.7795,151.47578
-243.05223,-211.1476,110.33069
-129.49852,-697.9463,121.113846
-132.17293,740.52356,121.77793
137.07104,402.47815,164.14233
-340.92868,-2649.407,128.92755
181.55444,2144.178,133.13388
-87.879005,-749.0132,140.02988
-225.34674,-1074.1748,115.15721
-237.0561,-148.25148,126.39981
71.82054,3072.483,110.44769
-78.78342,-1430.2661,144.05345
-8.52283,2908.6328,84.750885
-230.12502,1788.1393,106.94598
-130.46523,1260.7854,116.92062
45.877247,2557.8784,125.97634
-4.1285524,-495.83438,137.73503
-5.1628046,632.4472,133.11876
-331.5531,-1420.8469,106.758286
99.64805,-1226.4651,144.79138
-352.30963,-3351.284,117.49021
97.643456,204.00383,136.26842
37.870296,-73.3041,139.3957
58.259083,1704.5916,123.19081
-277.6333,-3100.6787,128.59421
-14.12102,1260.0725,98.55217
-8.793084,2505.7922,98.29187
-38.316372,124.379616,128.97668
209.00453,4424.8833,91.937096
-275.44254,-2904.8674,142.89542
-258.50623,-1294.0974,118.69176
148.96004,839.0913,124.690025
-97.273,-1665.0796,164.12057
-125.12558,-967.9595,138.22765
1.3865662,463.01913,122.99354
-129.37755,-3422.5452,151.47134
-169.83482,-2087.5828,114.032455
-177.63184,-2681.5208,132.28082
-119.04869,-1061.8073,137.41145
-60.39214,-1687.8308,142.07887
-116.18005,1277.823,135.04285
-204.77974,-173.4828,109.87514
-14.160008,2560.7942,101.780716
-212.93605,422.0634,111.86027
-73.06098,-1104.1296,156.02412
-196.41487,-110.50814,123.808
-73.19665,-513.25464,139.46957
6.007574,-1229.0789,170.09145
-97.35546,388.0234,132.67906
-179.33792,-785.72546,136.0725
13.407476,-755.5592,152.31023
73.003044,-971.01,171.10536
77.79583,1658.6454,134.22327
-403.20474,-1175.3851,111.93759
-109.00554,-138.92152,125.36448
-5.293996,-1261.5715,143.97446
-369.8089,-1464.3845,125.34822
1.7291822,1754.617,126.42958
79.5841,-369.05472,148.46147
-257.05136,-434.59708,126.269165
65.856544,1835.9541,112.398476
-261.58862,2076.977,85.24129
-298.00128,-1916.3616,113.7197
-158.51172,1004.542,118.17124
-185.5799,-1307.3047,138.47133
147.99036,1916.7579,98.96596
153.06784,507.00003,155.54312
-166.31046,-219.881,126.03031
-47.336807,-1555.8745,157.47528
-207.03886,-2166.4236,133.20024
-145.82715,-729.2472,123.236374
-302.24927,-103.44106,107.267624
-238.39014,-959.609,128.7275
-316.31793,-2292.2249,149.6508
207.51126,-58.11709,176.58084
55.28847,2376.058,126.28933
-410.37244,-721.73584,108.09408
-238.86427,-1761.9312,127.35063
-18.915712,149.24571,111.80649
-302.97092,683.48224,92.86955
119.69621,580.71814,151.41597
173.40967,1251.4686,157.79652
-68.422295,-836.88794,149.36084
-9.866822,-115.89602,150.45357
-257.49554,-307.8909,111.798515
-276.30344,-1775.147,137.53967
59.28784,-1229.199,136.22691
108.1848,360.0332,143.834
94.596245,2930.3818,100.31949
-158.92705,-1036.8436,145.85872
-115.29109,2160.0273,90.47523
-226.1479,-933.87024,135.81204
6.228794,834.268,143.79645
23.673494,2833.9092,101.94638
-405.51935,-1759.887,128.5596
-54.702892,1800.9841,98.439354
139.06577,216.54314,139.0244
-317.9608,-822.70874,99.87872
75.430016,2773.8308,109.49048
-229.30923,188.20561,102.56738
169.38725,1253.4181,150.0492
-97.20804,-428.49625,146.33238
-70.307175,1178.1362,127.75072
-77.47692,-1169.8792,137.53038
-271.23785,-1719.2749,130.53546
-162.01035,-2316.3499,136.80933
131.6355,1028.0455,122.43372
-147.58455,-560.5283,128.61493
-142.69412,-249.46547,139.772
-50.258488,-1450.012,144.15793
-74.98173,943.7135,139.07008
1.1220837,-454.65506,137.84822
-131.32147,-762.19006,133.99712
-103.907585,-1141.0615,142.62085
91.92751,322.43137,142.45018
116.54432,834.9786,133.92459
-128.6928,-46.60885,143.84998
-184.82144,-225.2997,110.863144
-26.955286,366.27698,147.17723
-216.6668,-2535.3384,144.98569
-140.92267,-946.46814,147.29506
-214.78186,-155.99269,113.52894
32.09034,3419.5085,105.94122
154.10567,1758.1045,139.95445
-250.05391,-2223.586,132.14465
-187.5577,-1669.7224,138.1211
-316.4788,-1902.4644,120.92712
154.50972,1563.6539,139.51419
53.22884,502.3934,155.98735
-61.670452,99.03794,144.61206
-282.6068,-1620.5088,129.3547
45.751194,-121.97024,138.21997
-97.62959,1031.997,130.71645
-144.15567,-643.1448,131.49037
93.47141,1449.3706,140.30157
24.483547,-739.89417,116.8032
333.34665,1122.8324,127.06891
-286.87888,-634.6594,108.94441
-163.92816,-404.59525,114.47965
199.48798,161.82365,166.56247
-86.1634,-2964.8508,163.00691
341.6397,4960.9067,130.33156
-96.93413,-871.9164,157.90057
61.872787,3798.115,93.71616
-270.919,-1071.9886,113.615944
63.909702,2947.9023,107.531
-289.41678,-342.918,117.91333
97.96089,918.5376,145.17786
-250.57716,48.891884,132.85564
0.48287866,-1184.6012,152.11967
234.11308,2726.8079,119.53842
-170.8801,56.57981,130.51962
-86.93913,-474.94583,134.94536
-120.51364,-27.65963,136.88792
-119.42279,-917.34705,133.9097
77.87825,-108.609215,145.75888
-318.6061,-1963.6123,118.83344
-101.70573,-1474.7051,135.50526
-168.48758,-350.71048,132.9322
-264.0286,1112.5161,84.07476
-358.6554,-131.31776,90.10911
-318.33456,-1483.5862,137.76262
-370.553,-685.86206,108.13813
-292.21014,-2735.932,135.95082
-149.1377,-706.1509,132.92435
-171.76173,-1100.4354,140.49228
-266.0845,-236.99782,137.94409
-369.71317,-1269.4124,113.99429
-123.23387,542.94684,100.56752
-109.358795,-475.28226,132.91386
-64.992775,286.5651,141.54381
219.82895,878.31683,149.12137
80.511055,1815.9475,127.5492
-324.07147,-2271.476,134.73434
-428.6124,-2500.8215,125.33912
-159.98305,-1418.5505,147.57756
-407.2389,-2584.3633,129.29831
-78.44992,21.383217,139.52129
96.643555,959.6628,125.84171
-198.77681,-1463.4419,128.0354
18.431879,2508.0967,154.93748
-312.87936,-1455.7747,107.59088
-333.14847,-2461.9067,136.32231
174.15913,-230.03798,142.41188
43.611134,-1014.1448,151.96321
-38.77481,-1369.3452,161.51416
182.10417,771.59534,149.28598
120.848305,3291.3425,112.11022
-299.1289,-1516.0815,123.7254
90.20859,440.74863,136.53104
-80.51431,2868.9338,80.89186
35.048695,-3357.7366,182.54797
-283.76974,-1418.2991,118.77389
155.60428,223.4998,153.91322
-169.05042,-1041.008,123.465706
-294.99243,81.4705,107.48026
-353.62796,-1162.1825,103.43118
-49.646687,1409.9763,129.15176
19.64702,1285.5178,136.67447
-261.18433,-1940.7991,124.94732
-232.36493,-1364.3972,137.9135
-44.640118,1427.0292,99.94281
-3.7400846,1683.3732,123.45933
-134.33704,-511.14688,139.7383
212.37828,2162.3242,100.77906
-56.97053,-1901.3547,135.88878
-133.0801,2251.3555,92.89807
-53.211025,1309.6473,131.53154
-149.22867,-1184.885,134.43483
-208.62994,-963.9971,128.46251
-125.78177,-1483.4573,147.49886
-66.716446,-1606.3694,152.9817
-353.51318,-1921.5327,125.08286
-8.816337,-174.83192,148.38329
134.28105,-960.3213,147.1638
45.72817,-135.15633,126.87302
-85.08147,-530.3871,146.89554
62.205685,2329.7883,113.894226
-198.74991,-364.53165,115.14584
146.17783,2432.573,116.13393
-96.48215,-1049.4187,141.23471
265.21967,3668.959,82.75344
-255.10753,-113.90176,127.783806
201.32779,1515.4747,139.75175
-247.1234,1848.2642,95.40619
-9.243035,553.1394,143.9857
72.33142,-65.46108,140.3403
12.38427,165.08885,135.40173
-0.25590804,-13.872765,135.21628
-113.36516,-1005.15625,144.45377
-139.17616,692.66724,124.83275
-69.652176,-1197.3579,144.82921
-224.19041,-285.2477,108.70034
-155.07274,-302.7902,142.9636
-153.16817,-3567.9646,151.4265
-173.39096,-1468.2903,144.81706
-243.02052,-491.43716,120.62169
-213.3767,-2644.7637,129.38277
-101.786835,347.04025,138.75174
-119.86775,-1761.9624,147.61394
-226.13226,-93.52297,104.745804
-83.2892,-1531.0732,149.86946
-253.9026,-2104.3252,134.97734
-5.2782087,-559.4752,126.99929
81.12383,745.38794,115.77486
-149.81664,-1857.689,147.8796
82.05012,-1155.8369,158.23615
-232.11694,152.5283,109.790855
-295.4176,-1034.5314,119.61563
377.08954,6857.5596,75.16756
-328.61722,1769.0419,96.586075
-112.41998,-1114.5167,150.26157
27.480427,2623.0156,103.54912
-345.31018,-1330.7148,113.76081
-1.6729002,1978.6952,121.98532
-155.3038,72.87565,107.32899
-435.04398,-1099.7968,99.22496
195.96217,1358.4548,144.77637
-133.74763,1251.4641,112.98477
-260.69897,-1373.8167,123.37467
-138.76642,-1507.7197,154.79051
231.2752,2698.7273,111.42738
-87.5596,-1108.7247,146.4862
-170.4528,-1504.2771,142.6274
-302.68497,-3569.7864,147.69374
93.3063,1842.2559,117.71753
-125.27739,243.80504,126.709946
-297.75198,-3509.6848,127.93902
-270.83795,-545.8086,125.935875
-366.79813,-2960.8113,136.42719
-169.46964,605.0282,126.52884
-12.09448,-87.20071,129.64745
-80.04092,981.62604,109.54265
-226.94594,-193.80006,136.2839
25.873623,1796.4146,124.30847
-79.33871,-1032.4612,143.47409
-80.31771,-397.6027,129.54805
0.3904104,886.0278,134.62936
-29.10903,-1945.6992,149.02692
-41.707184,-383.9816,119.50085
-6.5545416,329.41544,122.08167
26.022974,-271.34488,141.79642
-155.3933,1460.3951,114.15181
55.745224,1566.4165,134.66557
-200.94449,-2217.0225,121.3718
-79.78447,327.181,119.58174
-217.972,-3741.8372,142.43517
302.22748,2971.906,116.57297
-143.45757,-320.93533,130.76941
97.273994,1366.2217,144.68979
-204.05804,110.201515,110.61668
-32.443504,-564.6771,150.23547
75.49678,1217.1367,125.599236
-72.27383,-218.68874,142.37106
11.805389,384.71524,141.3307
107.64106,1047.202,153.8479
-306.70062,330.6569,102.11119
-387.0005,-990.93335,104.91669
-246.8256,-1754.1396,137.58496
-231.36053,-649.5011,130.20422
-115.11893,-1495.7056,137.44518
-230.98796,-2767.7793,133.53116
122.2678,1639.8203,136.32095
-208.91795,-1265.5078,134.7865
-218.94003,898.77997,108.4926
-289.1715,-1363.4197,120.272575
-36.6121,-689.6056,152.44157
202.69798,2549.4084,128.68753
157.99738,2371.593,134.80775
3.0880003,2383.2698,91.4014
-4.32594,2668.6123,119.34686
-388.36078,-3146.7913,138.70552
-308.90323,-612.646,89.04053
-91.68459,1634.6504,129.69408
-90.30694,757.2845,114.360985
-154.53584,-1451.4448,130.77481
-17.949778,238.11314,149.85689
-295.5382,-2209.1067,123.68059
22.038515,836.0754,136.31787
-236.13658,-1183.9989,136.18134
-181.4173,-1290.8884,139.75328
-385.19406,-802.4829,111.12907
-141.31996,-1507.8496,133.39034
-296.19177,-2116.3132,126.61113
68.65797,2040.1134,129.76372
-63.356464,282.71927,121.353874
-377.8448,-1317.3037,108.12445
-142.80788,-653.8872,134.891
-91.048775,257.5717,138.2773
-381.58298,-713.99854,111.64474
-101.26393,1233.228,113.45704
-298.23834,118.79191,105.81107
-286.47928,-511.1736,113.71479
-118.22421,-464.70535,140.57622
-6.053256,-1485.648,151.65544
9.848412,-40.40377,145.89188
-357.20447,-880.57776,103.8754
-134.05905,-2864.4736,147.82373
-7.091922,1015.4121,108.60054
-214.45174,8.955116,111.74355
-136.72649,-967.1614,142.60791
-95.322105,185.36076,126.98553
73.562256,393.53333,139.15102
-224.62263,451.5236,98.60248
66.53605,229.71416,144.36974
-229.62724,-1658.9912,127.96214
-67.85053,1413.874,132.13887
-318.66702,-65.69155,97.81233
-379.05215,-1545.4512,112.253174
-132.88702,208.32121,111.79655
-50.855183,1129.9747,135.5314
-302.89938,-352.81253,122.81596
-252.41216,-1463.6943,134.59337
-117.82117,231.65398,118.51892
-97.35369,-143.5594,130.48767
-162.37088,763.62787,110.919754
-63.24943,-453.86307,152.26357
-197.51738,436.3348,117.37596
62.24139,985.9572,118.65336
-74.85305,95.799416,134.08774
-226.86243,-325.72757,112.44828
-301.57098,-2434.5525,126.31996
-70.05255,-1030.1084,142.84778
-133.2326,269.42477,135.76192
-223.97646,-125.71401,126.48711
114.05116,2886.1743,117.96117
-11.866931,1052.1724,133.12907
54.64491,980.61743,144.76945
-251.55345,351.20972,92.34873
52.8553,2723.3035,120.87388
-112.35228,929.7429,112.225136
-89.0481,-2966.6763,154.64638
63.511112,1062.922,142.16856
-18.703184,-747.75256,147.05623
-59.57169,-464.7742,153.85495
11.7490635,1005.8925,141.418
-72.18934,-722.60144,136.52905
-234.86064,-934.74695,125.045425
79.09004,2771.9343,87.68241
-143.19543,-1335.179,136.76959
-198.60754,-826.71643,116.86696
-149.58261,-521.2433,118.55715
-369.8834,-1826.2634,131.2792
-232.60356,-12.602623,110.978386
-45.227013,1663.8993,95.1894
-178.1314,-1054.7366,143.23825
114.80947,1182.0162,145.33354
-239.31429,-2024.1223,132.8038
-280.4594,-1450.8252,122.35436
-210.23337,-554.60815,120.645355
-173.00679,0.25424993,132.68404
-122.66957,1981.7628,116.61104
-197.02437,-960.40173,115.16318
161.36111,2107.5454,129.63708
-99.403366,-1465.1567,141.89815
-129.34018,-129.1537,126.37581
-11.698827,940.5252,135.16306
-118.57388,-1149.6985,144.17937
-21.142374,360.5046,135.91719
31.10567,709.8133,128.03447
-139.61766,-468.2532,149.76498
-132.94719,152.63768,116.72632
-74.10612,-737.6194,154.35127
-415.7799,-1142.7008,97.253586
-121.19058,-96.71761,122.928734
108.20655,-80.31155,142.14456
-0.32079986,-287.09647,146.4272
-153.32852,601.0276,111.885254
-217.13898,-417.87735,121.86547
131.14966,4470.196,92.19421
-57.108067,874.9489,117.278625
119.7709,1708.7001,112.80388
-102.1243,-2040.3242,158.66731
-116.87326,-563.87537,121.38462
-141.03404,-774.5825,124.51679
105.42911,635.2251,100.552124
-261.26886,-1997.8762,128.52324
-169.50346,-714.334,122.08787
-119.59636,-265.5187,136.37222
-219.53381,-3444.264,143.38867
-373.7066,-4011.5232,139.09964
70.518715,-493.67923,133.70241
-103.73179,-391.52994,153.03224
-76.35863,1924.5321,119.44012
37.39893,4108.3496,86.68702
-383.67978,-1038.759,108.95839
-196.5704,-1129.7964,148.96039
61.361618,543.3732,146.16759
24.77498,1331.6207,102.50146
-210.39293,-1776.4199,132.75621
-174.42995,-1407.8877,123.94246
-241.12422,-1351.519,128.45435
-172.69063,-1501.1963,118.44716
91.813354,1553.8234,110.08594
-365.2532,-3089.606,128.27359
66.79705,1423.8575,141.99113
-89.27038,-1719.5901,166.82767
321.45972,3958.0142,113.21277
-238.48506,-2049.428,133.18398
-169.546,-854.2976,138.62524
-122.15387,-868.51404,139.62187
-196.13878,1070.8298,86.10713
-193.85161,160.98997,107.69049
-183.34601,-404.89493,127.29191
-30.571512,-1937.2971,136.59476
144.13127,-986.46155,165.97115
179.53691,3024.1208,122.42258
-151.85323,-695.458,126.914536
-448.62366,-1332.2454,105.26132
-36.54822,942.0382,122.47085
-331.91635,-1955.0261,121.95709
-272.45633,-1416.1506,121.072365
-59.147022,672.1053,138.97658
235.4449,1661.5043,127.303894
-54.489773,1036.1788,131.12383
-1.5140791,-153.75026,113.131134
15.316967,1384.5282,127.037506
-184.28539,-572.0812,112.366875
24.933548,-1050.9388,163.5553
-181.03278,1801.7998,121.885506
-26.506865,79.483986,135.0748
-332.4406,-876.928,113.2336
-205.44688,-209.85158,128.95346
-210.15079,-3137.3154,137.7957
13.093324,-244.7859,127.49721
-180.89539,-1197.1741,140.47412
55.349,-1151.1327,148.93047
64.4176,-410.41788,138.4999
221.65654,2577.4736,135.72636
57.380367,405.08966,134.46547
-95.24448,-667.2267,154.06358
-14.811154,-2506.6113,162.11687
-83.4568,-945.7197,139.1417
-145.21443,219.59789,135.57109
230.84991,3664.535,82.173065
-57.361317,57.48545,140.62157
86.699936,-66.61257,143.19554
-314.14276,-2600.8037,119.03632
-383.81207,-791.47974,110.988365
-75.20378,463.79007,114.362625
229.46632,1729.2886,128.91452
-218.15347,-2878.0544,147.98651
-77.99232,-795.7501,130.54832
-91.83125,142.80681,125.7574
102.56438,1937.2871,126.33436
131.49165,-270.26688,151.7854
-230.25291,-2180.9133,137.18222
-7.3975077,59.697548,150.73827
-209.21976,-2211.3904,140.30421
-276.55222,210.99187,91.89161
215.64641,1681.5736,124.904076
-6.9959097,2347.4785,103.01639
-64.04094,388.99133,117.85525
73.19322,2373.1377,131.14365
-177.97543,418.43515,110.794685
-104.23049,890.74994,95.77605
-326.70694,-1944.8867,118.306526
44.89045,2980.9543,102.40396
48.415947,1387.2476,90.90722
-161.61078,-53.695396,117.669975
-162.80011,-1085.1204,149.24974
-31.230188,3125.0588,83.06249
-163.29158,-1483.8271,125.265366
225.12712,-1011.48804,168.91348
134.38634,2018.4962,131.6796
-318.24435,-1598.4346,117.5192
-247.24562,-2126.4026,137.36697
-141.42227,-895.77673,141.6699
-107.15224,1018.23663,120.23153
-316.98715,-880.5995,110.23387
-152.21724,-681.8137,148.74895
-68.83799,1892.0793,77.774155
-101.6872,-630.2936,121.98776
-209.4628,-203.43898,102.4309
5.556924,636.29626,108.78376
24.603392,1156.5148,134.09006
-300.35648,-3326.2014,135.54855
-201.67035,-1611.2456,124.11117
-239.72984,-1444.4482,120.89358
-107.35509,897.9596,134.34293
141.85187,825.29034,139.22926
8.53747,122.525856,123.356476
-247.09438,-1551.0935,112.55138
-300.55783,-223.51723,104.071396
73.79983,313.95944,165.01616
-194.68112,-93.68392,133.96846
-103.14978,122.3942,121.84816
-285.7258,-2794.6838,130.29811
-137.4953,2347.1672,106.054214
-58.683247,1097.8328,127.81581
-190.5716,-383.7731,113.09767
-182.70972,-1276.0166,131.2282
-259.2088,-2133.071,135.42021
141.71863,3390.8787,116.85758
-267.22986,-1773.5557,127.71237
-274.50967,-2320.7002,144.40034
-19.904089,1138.2305,135.89566
-198.13647,-684.34607,101.31684
-25.401533,1312.0605,104.09238
-162.98163,-2028.2122,142.0445
45.676434,191.8474,146.22162
294.02402,2085.5925,129.09265
51.085297,-461.85513,115.736275
-174.13199,543.7663,111.534836
-27.831072,904.02783,101.48894
13.513427,1172.883,109.07378
1.974433,-15.334862,103.29022
78.171585,1539.2291,139.70166
-164.01653,-619.9807,116.62645
-37.52205,1701.6946,120.500946
-105.896996,737.5397,132.61044
-10.224515,966.46185,135.14009
-259.03445,-1457.7197,125.1463
-198.99901,1463.4275,77.10159
44.3571,-707.1094,152.46088
153.746,2201.6396,142.27202
-259.71948,-76.093956,108.790726
-159.06627,-1201.0266,126.22778
-15.559602,2809.7349,82.73177
-18.292337,1982.0903,128.71147
-264.86084,-1513.6951,135.34137
-57.544384,-67.56179,141.68884
-127.807724,-136.571,134.02527
17.389557,463.45685,137.6504
-241.87898,-240.45656,118.981514
54.681187,2315.4055,121.54287
-152.2897,-517.2633,105.814766
-67.92669,521.91235,109.23972
-251.5655,-679.9176,125.44247
-127.98131,-690.28516,122.8739
-378.97232,-2178.8325,121.55704
-223.7715,-1569.01,129.00983
-40.577377,-2706.149,165.5353
-251.11562,-1675.6238,117.98604
-316.4508,312.7501,93.31442
-321.2098,-706.251,121.910065
-114.80061,984.822,128.66391
-40.87847,-776.327,144.46544
-105.84422,-2711.4265,157.35883
84.183945,2382.9385,121.80501
-27.077818,2145.3633,94.67884
-237.7007,-838.9553,122.28335
-346.80914,-25.117393,135.68942
-291.17926,-3110.2698,147.0288
9.769734,1488.7274,126.86376
-2.0835962,196.53362,132.2871
146.21324,157.13304,156.0699
-154.17105,-277.25833,114.098076
-179.83186,-405.86307,139.6504
-58.585903,-1084.5854,152.69797
-140.87453,-1704.0813,137.54124
149.43317,2711.525,110.133255
-67.8722,-1244.5823,124.52794
-129.56343,31.901405,129.19917
-52.58225,-536.7318,161.84966
-171.40907,-920.2626,126.46149
-403.22922,-2241.3894,127.862465
-289.2666,-2080.617,112.10318
-320.9187,-473.9606,121.20848
-117.816986,-36.242516,133.64687
-133.28201,-1481.8508,128.11763
24.820042,2895.6433,99.30048
82.07308,2909.94,124.838165
-83.501465,1050.5398,123.59697
-117.294495,-809.18286,132.90067
-129.32056,-1469.6458,142.82036
-259.78754,-2090.2947,125.92527
-229.66196,-1267.4185,129.12096
-188.54262,-1404.7646,137.68692
-50.628872,-408.62454,146.77472
13.634973,1441.6906,128.9702
-102.32388,-1282.425,148.32391
-147.65865,455.95825,114.010735
-374.53604,-1481.4661,115.531586
-2.7651052,808.9473,146.78961
199.31792,538.12476,155.86804
-68.97903,-1051.4077,123.99886
111.36918,98.89182,148.22606
173.04773,-447.30508,143.73273
-472.9231,-2296.6382,114.44801
-130.81606,1579.1497,119.22313
-35.730606,-1245.6016,162.59216
-82.82732,-2908.74,164.54077
-179.61852,49.99369,122.28576
-149.33655,547.3225,129.2704
-213.99414,-1026.3635,145.61905
-193.73698,-1481.1985,132.42807
70.3925,940.27625,136.98405
-191.4872,-487.2692,126.08999
-198.65335,-373.98734,142.25424
16.997189,469.0734,129.60977
-170.12141,1532.6183,124.88671
-186.36826,-841.0282,115.47046
87.4397,2110.9954,102.380684
-132.69746,30.47184,126.92267
-396.31064,-3745.6243,120.00203
118.89186,1737.1525,129.37503
-206.96191,-472.64957,115.16116
-438.652,-2680.838,118.027664
-262.4319,-1404.9795,124.78528
-105.33702,1872.1875,114.61758
-39.88945,-383.74954,137.87033
272.80853,3870.533,124.43336
-237.05959,-2949.79,127.69118
-124.247375,748.06067,130.8609
-60.43382,1310.5266,83.37643
348.66098,3430.2903,131.56824
586.5946,4668.6655,118.97791
-251.95421,-253.39857,135.42789
-279.9048,-1660.06,111.5713
286.8332,3889.7375,109.64119
-224.02173,-540.96326,112.997734
-297.7081,-1252.6948,111.80567
327.57318,951.29297,144.22258
48.732307,286.28342,152.40434
-186.14532,-348.17996,126.772514
-196.26926,-948.067,116.532394
-58.538853,1034.6,124.24078
12.718664,2768.6057,104.401764
35.80644,1811.8135,131.31567
-163.49059,-2423.879,133.96431
-260.2495,-30.860558,115.10218
-171.24582,-2133.5957,147.17104
-72.37476,892.2818,131.61548
-1.2638006,-378.57254,154.19043
-67.50766,2182.6553,109.84426
73.15874,1826.3302,101.47106
36.54236,49.38346,137.77356
-35.45667,2043.5854,129.27264
-1.5254068,-523.61584,148.5038
-63.777378,-376.72977,137.4835
-77.04685,-1070.7523,145.88174
105.62109,1996.5132,112.919174
55.93913,548.3931,158.64311
-151.02583,-1660.2771,142.70963
-198.21431,-777.5681,107.18474
162.13963,2876.6172,112.94703
-57.75494,-2644.623,170.19402
-34.969105,807.3459,92.305405
-98.56328,1258.5411,120.659836
-199.35254,110.80271,133.16267
-43.374855,671.22656,118.367096
-75.09979,2928.63,80.622025
45.151756,348.92438,144.82938
25.714787,2810.1743,108.19627
-337.01318,-1109.512,112.30551
-161.6051,-790.912,137.5631
-203.27414,-685.5508,120.88929
195.52406,2903.356,121.96322
-16.349672,896.7143,142.75633
-230.59395,1575.8706,108.70918
-64.14361,-737.05664,143.44643
408.34402,3729.928,134.39435
-179.97687,-1077.8715,116.13957
-14.939492,2683.409,84.1092
-35.73146,1467.8888,114.037476
1.2173414,898.93677,122.19556
120.06352,1103.9462,146.13615
-63.998142,-1757.1921,151.52115
-70.60122,-1028.5127,144.25491
-271.14273,-1955.0701,123.04554
293.41806,3259.0847,100.26467
4.0094147,2053.8767,128.80576
148.01355,1646.9377,138.66272
-255.12709,-760.287,119.25938
-125.745026,-967.66125,141.4341
-119.58156,-258.40897,118.971794
55.462418,-308.62613,163.00163
-102.22155,42.61625,133.4598
-17.711145,1237.5911,140.26993
-180.68459,-529.21375,126.309654
36.133747,523.8822,154.30797
-14.169999,-1580.7163,160.05103
32.406025,1352.1975,141.73158
318.97247,6022.9897,69.559746
39.784798,790.9888,148.25761
13.607088,596.7337,137.2168
-67.58601,1182.4839,136.50983
-71.08072,482.34448,112.25835
158.14745,3071.8264,118.206215
-59.374546,609.5278,125.549385
43.42031,173.44298,148.73486
-194.46202,-598.12915,119.48175
-152.41225,-1238.2671,142.88828
-323.8615,-704.1067,106.58414
-47.07128,2181.4238,103.15185
-152.63216,-2228.2756,152.15956
-53.974026,226.50609,114.87197
43.8842,2474.3738,130.56642
-135.31708,470.51428,121.8843
-195.52116,-443.65518,127.11794
-87.53927,117.26597,133.51492
-115.59682,-614.3246,153.22076
219.97649,4730.658,65.95753
66.408585,-184.81264,163.0882
102.87536,-878.7284,159.59317
-237.82141,-847.8436,145.27994
-121.57068,-1135.7826,128.21527
-72.5446,-179.2754,141.50343
-244.27312,-561.8895,113.552864
60.948696,720.28314,133.71654
-38.09035,-1567.5154,149.79427
-221.61292,113.17356,113.239334
-216.62537,552.384,112.73579
212.39996,3445.2788,122.79238
-17.406858,-227.41322,144.409
15.464214,1176.4297,124.375275
-218.54475,-1811.081,139.9312
-152.85533,-1717.8582,152.76414
-109.289825,-1538.9438,148.61378
-103.191185,-941.001,134.01753
-100.717575,-37.975,134.59982
-69.225266,-458.30154,129.04333
-257.95914,-557.1642,128.43541
-86.914795,-833.36584,164.14531
-179.18626,-1398.3821,124.24317
210.361,2810.6836,109.50635
-264.13223,-1483.3984,143.64534
103.535934,2133.4,126.11112
-252.9976,-1633.6194,141.63858
-73.61149,439.96594,124.03723
-341.95737,-2113.3867,130.15787
-131.95967,1202.3563,129.43439
-79.42489,-737.2234,142.0468
-83.11171,-426.62564,131.95724
98.75744,2805.6758,89.67743
106.3012,-1233.3601,151.29942
183.36526,2742.9397,101.29901
25.17096,-1041.8204,149.32635
-102.75363,2302.423,105.59862
-28.19996,1650.494,123.42283
-74.03301,-1829.1433,143.28493
-109.84343,-442.2034,115.316414
-280.0931,-488.73355,112.148056
-12.559337,150.19902,135.29997
40.751034,-730.19995,143.80302
-302.85324,867.09143,90.05727
-193.00444,-1028.8699,122.90091
-251.80864,-3547.3938,140.45699
-163.72795,-1242.3442,134.87094
-138.8209,-105.41555,125.61673
-144.7101,666.6827,124.82186
-251.63664,-848.0957,132.61621
-272.53467,-1027.7361,112.688354
-51.08376,1713.6412,114.839806
-154.63637,212.14537,132.90239
-107.4916,-1407.9187,141.57211
-72.38202,768.5768,121.026924
-23.661486,2593.1218,103.302155
-334.4103,-1635.2102,127.439766
-9.0541525,-969.17456,151.06827
129.1017,1464.0688,135.64299
-48.556522,-56.660057,142.01003
-72.08002,-528.7418,155.24011
-173.61884,20.455055,114.62383
104.789856,2359.1565,124.69428
24.392866,1554.4854,117.3758
-240.16173,-1256.4153,127.01215
-213.48434,1446.3958,104.1367
-147.76866,485.25922,126.04565
1.1711283,-308.22366,140.20178
-171.94975,455.9395,116.30865
124.32407,655.54095,127.25685
6.535347,1982.9064,138.11446
-103.33193,773.21576,116.864456
233.44452,3840.003,98.66227
-341.47513,-1978.1016,124.4288
-177.74895,-1605.575,133.5332
30.420443,682.8715,132.53911
78.29593,2826.0164,86.86363
-156.94781,284.5734,122.71344
-73.36573,-238.99428,128.33986
-118.73126,-578.58875,130.33167
-65.86519,29.561562,141.37686
-181.60121,-219.44911,131.49345
25.882612,1901.5132,109.76519
-57.317722,25.156044,122.167305
-7.4250307,-578.2023,151.06998
110.18579,-1035.253,148.15125
201.62868,1768.7555,126.67498
-93.11437,823.8083,131.00845
-47.311554,-1483.4434,146.11726
-62.38574,-270.2311,162.69499
-257.95166,-2461.1226,141.35542
359.31088,476.49155,147.51428
-60.04739,-2081.6619,154.54884
11.821721,-2532.493,164.53864
-89.92167,1373.6226,118.609085
70.95072,1064.1093,123.65167
-129.40749,546.0924,110.32095
-207.38127,-3090.7886,134.64368
-80.81718,-946.766,149.21582
-92.26153,-66.60195,130.46764
14.41767,38.452065,150.68607
5.345935,1153.3455,117.99949
-63.792133,-292.23672,119.82437
78.15227,2024.97,138.5071
133.20282,3027.519,118.76838
-302.8107,-530.9889,116.19075
-194.50519,-1962.439,132.12451
-400.80597,-2641.6582,115.720474
-314.03802,-1141.4686,120.440544
-40.386906,-1350.8293,157.39507
20.764236,1295.5312,118.96488
-162.08125,-748.35547,126.79939
-200.29004,-340.40616,122.248764
72.217186,161.3975,140.13185
22.4277,1994.8997,131.77982
147.47324,1366.2855,131.03918
-65.02285,455.01825,135.74258
6.4057856,393.76227,119.41655
-282.77032,762.88745,100.88898
-335.66833,-2780.0076,127.36318
12.958998,2054.789,99.58974
-67.37085,413.36682,119.8757
-206.68346,-2251.6892,139.1949
31.225716,1003.6498,124.01842
-104.31761,-394.83975,141.232
-236.97563,-828.1996,109.20643
-193.72115,-933.00806,120.69009
98.09371,1819.0579,139.98656
-290.9918,-541.8456,113.17966
121.94104,603.6281,157.54758
-128.22566,-1316.4348,165.10333
-228.57513,-236.95924,120.42863
28.43966,2451.656,96.06088
-166.7056,55.75779,129.81046
-343.5701,-2906.0564,131.19742
-25.682753,1773.2052,119.67181
-232.05939,-1861.3838,132.06631
131.0834,124.06986,138.41418
-305.76163,-3004.2847,149.71803
-343.22095,-1684.4272,144.93584
-283.66785,-2015.0151,135.456
45.099262,-1402.1028,147.83508
-14.278031,-743.07117,146.74666
-68.53942,-693.65076,132.49127
230.7703,1838.254,120.63412
-152.35204,-1129.9532,146.34123
-291.14743,-1261.6279,135.49724
183.00018,1435.4473,146.778
-312.9849,-2415.0774,149.41779
-259.88797,-453.22684,114.864334
-118.727905,-1827.8325,161.4705
234.29106,3115.4812,104.20992
55.84291,1101.3746,144.06036
91.50922,1566.162,137.57895
9.738416,2887.8572,107.28012
-67.847565,-534.26965,147.00818
-106.1983,-505.36465,135.74872
-45.59069,846.5491,156.2266
62.583466,-533.37537,163.00235
87.98759,295.67368,138.74371
-73.03358,-566.3308,145.70618
259.2846,1669.3282,132.10677
42.462776,1072.6404,128.39339
38.635517,945.75684,125.850235
8.17138,-46.15609,142.13316
-184.9648,-1943.4429,151.59956
-302.18173,-442.00174,127.05779
-215.63225,-527.20435,126.25105
-98.42386,367.8747,129.91934
-185.10155,-114.1177,118.52067
-348.97452,-512.37756,97.07186
-280.9916,-1584.1055,142.82686
-219.94049,-2102.4048,135.18805
142.40808,2075.3828,138.76132
-43.883156,-494.73306,149.15144
79.93143,199.98613,140.74617
-223.57147,-1083.8683,130.24287
-349.8081,-1938.3962,124.641495
110.566696,620.8754,163.38692
130.54321,2724.0217,111.60842
-360.57483,-1161.087,116.39712
-168.7749,-414.38455,128.87953
-31.416525,-721.2605,124.0501
-280.03995,-2546.7717,145.04839
43.234665,-1321.0168,157.38719
38.64567,4197.6914,68.5964
-161.07396,-1509.2852,128.40628
-104.37911,-2017.3215,134.95992
-188.41006,643.67,113.297195
-128.28857,710.64374,118.91154
-119.16261,-690.9513,146.17397
132.48938,1526.6091,117.18281
-62.63744,-1242.5698,135.67856
-318.2949,-1272.2883,107.737595
-247.38121,-3068.4968,136.07281
-178.6642,226.2271,111.25689
-191.08986,-1012.50745,122.02068
-251.08675,-691.4917,117.85781
-146.4984,-1519.9441,150.88089
52.10273,1359.9941,122.23557
7.594225,-355.94473,139.70522
-64.108536,-1490.7715,144.04282
-65.69458,1488.8698,113.2847
99.93553,318.69858,145.88138
-137.8531,-396.272,119.49787
177.10426,-654.6686,170.4701
-103.25267,-416.58902,116.03822
-203.06094,-964.1555,136.17424
26.013083,2000.5782,108.002106
-355.38113,-2138.2588,125.46125
-331.37952,-2359.7822,137.98517
108.60479,526.8498,130.57861
207.81108,2054.4426,128.6396
-9.205253,-777.73694,140.74197
-63.923077,213.82085,142.1492
-85.109924,-1188.6914,134.82317
27.351255,738.4529,129.75198
-221.5318,638.7729,92.40485
-94.98667,668.18616,140.40065
54.035404,3368.875,100.72692
-77.15011,-1422.3313,140.02127
-409.63483,-1672.1902,111.25697
-198.8012,-1643.4146,138.36226
64.09802,2325.682,99.48895
-264.1273,-646.43176,97.94393
-230.40974,1926.283,96.3718
-150.70796,-641.43225,141.83733
57.280926,2203.6116,110.25236
-266.39404,-417.17227,110.58381
-133.07489,295.78104,119.83341
-398.641,-2660.879,127.75477
-16.175314,1209.0294,110.0883
-26.192179,622.5147,151.62189
-20.771368,723.0822,128.79153
-217.84569,521.38824,122.17693
-23.24383,155.19603,130.12268
-6.386842,-954.9208,156.92004
-100.644226,-1626.4312,136.07327
-233.94788,638.99445,105.857574
-149.12273,-1233.9429,137.4766
-194.87622,-477.32376,132.63791
-245.33336,-2357.9233,146.06882
-105.91298,-1181.8187,146.2146
23.462904,-1685.5574,152.7
23.012684,-561.98,150.3111
-107.307625,-2079.4355,149.19443
-195.33876,-1174.2664,138.90617
-226.86322,-1251.7761,112.724815
-105.385544,-10.192711,134.83212
-79.325424,306.29294,132.23526
-16.571703,1694.3865,107.792145
-120.01909,-510.34268,122.84784
-40.631172,2588.2458,102.27861
-334.98428,-3001.774,128.77713
-123.05664,105.47288,139.83282
-342.86957,-1543.9822,115.25934
-35.950336,1046.9082,133.87312
-18.90936,824.8671,121.88409
-60.136982,419.07108,134.96292
-81.17988,1261.6311,116.23958
109.4972,140.06773,158.99149
-304.6389,-1304.4495,116.8759
-190.67569,-314.3704,105.3224
-32.11457,934.7847,131.36966
-308.38156,-2720.013,145.2874
-131.81618,1426.4031,121.87891
183.36699,2632.1055,116.84462
-112.537186,675.363,135.58014
27.124025,604.8269,149.59898
-271.77097,-1945.2546,139.8896
-186.77284,-1064.6578,128.30556
-108.49432,-58.899376,135.01306
156.60503,2499.4204,107.84892
8.466786,227.523,130.01852
-41.84315,104.30546,151.68991
50.45744,4508.1035,92.72064
-227.69441,-2675.4329,153.1665
-44.448654,-543.34424,154.57683
7.648885,-1786.5522,166.61328
-205.18639,476.87238,122.10547
-225.13394,-1244.9927,120.79556
-38.738274,-494.1873,137.67432
-240.08437,-345.32108,116.524925
-183.393,-982.5023,117.855156
-225.68704,-1494.406,133.99394
-36.570374,3047.8801,97.59848
125.96481,964.21893,136.65855
30.508392,-33.880333,125.6246
-203.00398,-571.2937,120.93093
-266.36533,-1088.1302,140.78865
-185.58469,123.14866,151.08195
-166.31328,-545.5205,113.769615
-46.092922,480.30072,139.68346
-343.5567,-468.00064,127.70932
-182.65561,-394.19913,124.13619
-208.11768,-2162.7837,135.37328
-27.381159,-15.275291,106.456375
244.61746,5515.817,96.77716
-29.849508,-168.45155,139.28052
-247.11317,161.3983,108.24219
81.87323,371.1958,164.13937
-85.028915,97.77335,128.43141
-166.68867,-1148.4701,145.16211
12.4771385,657.2656,139.0187
-53.311604,-1336.5051,146.73206
-176.74683,-2042.7368,134.23476
195.9789,3215.6702,119.92479
-6.7751455,4295.7563,83.845184
85.309364,1763.9407,139.92007
7.517687,165.15215,147.76364
3.576479,2088.4949,115.956566
16.372944,310.88663,133.51767
-139.95331,-737.1958,148.92455
-330.0642,-3559.3933,127.85374
-291.96634,-3135.5237,130.137
159.07364,75.84928,134.78935
186.23471,243.38585,164.56529
145.30922,-756.3191,163.0576
-129.07018,289.29373,124.67837
34.82623,2141.6091,122.643486
-9.552587,2193.3545,92.13551
-297.7428,-957.3092,114.2315
-224.95018,1448.8876,110.49707
-145.67279,-49.25753,94.81115
-2.0902948,804.3162,145.43762
-396.41583,-1562.9175,98.49802
72.23287,1217.5869,98.42719
11.973428,1818.6808,143.03413
-234.05125,-513.3617,114.32205
-202.41632,-1016.2947,130.55595
32.80182,-265.59134,127.82412
-129.61928,-1774.0496,142.07822
-94.49196,1229.2981,126.381004
-342.86627,-1762.6208,113.18658
-198.84111,-925.98486,136.26776
-27.224962,1306.941,136.5496
60.481167,1600.7732,113.33594
-43.792458,-990.6765,142.63002
-31.406351,-1614.679,162.30576
130.05032,2866.3113,98.415115
149.15324,1786.5067,115.755066
-185.68106,-1960.5049,136.79317
-48.009647,1313.6661,120.3127
-228.88416,-1787.4109,139.64085
-141.81842,-483.58597,149.48444
-93.25435,-1072.1208,145.59901
-332.5318,1066.4889,99.98887
-445.38474,-1405.4492,97.041016
37.10933,1105.6565,130.31172
-52.557667,-199.1166,106.84809
-124.79973,1227.873,118.99544
-278.7919,551.59924,102.1482
-73.72341,-1533.4563,150.98546
-290.0502,-2626.4375,143.04207
38.183903,880.8013,143.15337
231.63994,3614.9539,95.18268
-112.55025,736.1797,124.30214
-274.94577,-2612.89,140.18959
-202.48984,-736.6144,124.35411
37.89846,1889.1824,100.60799
-196.22485,-1146.5349,131.11475
-178.80237,-1930.5691,135.28677
-256.44525,210.16136,110.631195
-101.978134,-476.7283,131.41971
-351.74677,-1794.5024,116.49027
-163.24174,1204.8234,93.83577
-6.484433,-33.00924,118.29091
98.35916,0.0016254188,153.10448
-198.60641,-1498.2402,144.7367
-256.00595,-1111.4181,116.68749
-2.797309,104.087685,141.73068
-28.48776,181.50267,143.36299
372.09973,3252.4556,114.69487
-141.25189,-138.27101,130.59471
90.0198,2671.4172,110.64622
-193.12483,-1617.6614,142.53117
224.71182,2166.6409,128.19931
199.72914,2289.828,131.60161
-345.6561,-3344.4949,134.20154
206.61574,445.05484,159.72879
-243.24437,-523.3833,136.68185
-5.2420588,2237.1975,116.5569
-72.50629,-117.851036,126.38443
-93.60498,180.68645,132.72472
-86.50194,1535.999,106.19362
-89.567444,-23.707237,125.177635
-271.46384,-1954.5525,138.23943
1.3733902,-239.47694,132.89494
-196.20316,78.647194,95.12833
-122.664276,-3229.9343,169.71437
-23.793493,476.33228,132.99916
-105.927185,69.93778,123.21964
-163.30443,335.45743,116.71679
-222.08435,-2335.8281,144.02116
-74.64991,1115.4318,146.73375
59.64596,1014.4971,135.62114
-160.24379,591.2812,122.02463
-179.16112,-2085.7324,137.55232
180.23729,974.4468,150.51425
9.973737,-1579.166,151.07741
-269.7636,-1267.4282,123.71314
-49.79559,-1088.6199,152.88112
-68.27325,-84.415306,144.89253
23.422066,219.67131,148.89233
19.987574,-654.6422,151.52164
-142.8966,544.0639,97.60345
-286.50458,-1775.0156,135.351
226.62509,1952.1838,116.187935
-127.67879,-643.26526,153.1787
50.378944,1526.5044,110.92471
99.4443,941.31067,138.72029
21.677359,-465.33914,127.35944
-8.33385,318.3279,152.0364
-193.76758,-2806.5505,140.31839
-247.99019,-586.92395,118.7051
-167.43204,-879.9988,126.561905
-96.79685,177.7426,136.07385
-137.68773,-389.83853,114.72898
215.38055,2081.7876,142.48567
280.852,4639.748,96.95686
-276.94336,-1178.263,138.84666
-121.22583,-2844.0679,146.22409
126.72272,663.9026,127.14599
-293.4103,-3079.4058,135.79514
-64.788155,1566.4955,119.25802
-54.806652,-1685.738,164.65984
-231.5905,-1366.592,131.42917
67.05652,-1044.5294,129.34908
-237.36789,-584.4331,98.05666
31.396032,-367.56448,157.23293
66.00286,2333.7,129.43285
4.7051,-354.67654,151.67331
-221.9026,333.2714,137.47778
-205.21124,-1776.7144,135.09447
-216.36418,-354.63467,123.90001
126.640434,4080.947,91.02237
-190.95238,-1707.197,129.73784
-168.02927,-2034.6626,149.70488
-213.47939,-2690.6306,139.9468
-2.0988512,3516.992,103.2712
-60.94116,222.60252,112.55859
-336.107,-2786.8926,138.48465
-39.674065,969.9579,138.9404
-89.66319,-264.21304,133.90935
13.095695,3523.2046,100.84544
31.960018,803.58765,140.05478
122.80128,1484.6514,127.4082
-82.00263,-822.062,139.05925
355.4257,4370.2646,116.48674
20.727375,-933.6594,133.77223
-302.8217,-3487.8684,147.46777
-306.94058,-1336.1809,114.26636
-36.539013,-413.10574,155.85216
93.71724,3473.0977,103.23967
-308.31567,-1610.4888,114.75696
-51.145176,-840.15454,130.76352
-331.77112,-1308.3596,123.47392
-33.834694,1433.5122,94.05854
-277.77072,-693.2135,133.20511
-381.6975,-1699.864,126.45252
-175.53049,-2074.6724,131.99448
-170.66476,866.14874,113.32024
-23.216536,921.23816,113.8802
142.17381,141.32683,135.36702
-211.06477,-979.4094,132.57497
224.87047,3072.9758,114.93201
-154.1058,-2843.5632,138.38416
-73.775314,-2752.1826,154.14018
141.5807,3102.6152,91.52316
-21.415335,3312.602,82.148834
-164.62599,-371.90836,103.9734
-277.71127,-2945.0098,129.0493
-149.73547,-2345.2341,143.45297
-164.39111,-2099.5103,139.95177
-118.258316,-440.62552,135.7008
-90.37001,1383.0009,131.81807
-129.81099,-2593.0288,139.41354
-114.68065,782.5556,129.40265
188.4674,860.37634,150.44403
-52.218464,827.27893,144.9245
-195.45976,-2020.8936,130.63934
-1.5569506,138.42113,135.07967
-260.99722,-988.7069,115.23359
-100.82445,-484.26163,139.18382
-360.42242,-1623.6628,118.78699
-262.82208,-1293.1165,124.59764
-258.40906,-2097.1917,98.888855
-249.9662,-363.38016,106.474884
-233.16574,-1719.6309,152.38747
129.69942,2601.3245,133.6895
-201.94176,-339.28995,123.62366
-260.75327,-733.9054,134.4923
-291.90164,-2336.928,122.12696
5.0328617,-246.08253,119.41693
-158.5286,-2192.1885,147.85587
-193.18996,337.4841,111.08451
-340.85538,-3327.8425,140.91092
-295.5417,-719.9391,116.59173
57.618523,-619.3259,155.66405
-206.21869,-950.9087,133.53577
-256.46014,-2116.749,140.32947
-110.83908,-566.4707,134.79628
-96.28652,2843.5437,112.017685
-278.86078,-379.7809,114.56172
-39.07268,1766.6027,128.2531
-32.530407,-932.4105,148.47516
-122.94223,-2250.679,160.40343
-6.405095,725.5723,139.0543
-172.19746,-1168.1682,133.80144
-107.80799,138.3654,130.45413
-265.2945,-1580.1174,129.36774
-109.556145,-136.39888,117.44842
-205.61229,-1558.2466,136.50984
-220.31978,342.28323,117.9348
-37.73123,-1059.0343,140.66978
59.57202,443.40674,138.53519
85.104706,769.3119,126.52248
144.31758,1800.1647,147.6343
-337.8453,-1173.5834,114.35667
272.68713,229.46245,153.704
-342.2819,-2351.603,125.466156
-133.52425,97.95872,111.52038
35.302616,-1113.9211,149.92776
-56.71475,-1206.169,143.73465
23.909508,-441.9434,153.4182
-12.69683,898.5314,115.00139
-157.17296,-1317.595,139.4819
-46.22688,-203.71278,164.68123
-17.083364,-1526.7288,156.50746
-90.29314,-1831.9949,145.3266
22.697445,2991.3896,99.72124
-223.5724,-2259.7131,145.99487
-318.39386,-1741.3767,135.66646
-196.04858,-174.65712,130.27205
-173.48384,-1069.1146,122.70736
-66.90186,483.34515,116.46898
-187.2587,-1145.4294,129.27025
361.42172,2678.205,134.5953
-266.9442,-938.5167,129.46921
-333.7142,-1157.9774,117.07159
-334.07358,-1531.883,113.54781
-55.410183,-503.97073,141.88272
107.32259,3812.4236,87.118706
150.84616,3752.1846,93.537
-171.54027,218.57133,133.75221
-253.11113,128.24901,99.72663
95.66561,727.6404,130.9012
-232.42697,-2505.7485,132.04942
-11.252236,207.26103,138.12766
-220.89922,-1699.3291,129.89499
-24.952227,1817.4373,106.80114
-189.9156,1669.3334,97.80111
-50.6328,-793.2412,136.91196
-165.23387,-2021.9946,145.48547
-120.67189,1838.4446,103.898575
-72.37614,544.41235,132.74565
86.9966,119.57871,138.18553
-388.7312,-88.00045,95.61079
26.544407,1156.7346,134.0325
-203.43001,-2555.3022,145.09373
119.24817,-1640.7063,167.12875
-40.76772,2599.9375,110.322975
-270.54993,-1497.8091,123.05728
-229.01427,-583.7124,115.43991
69.804115,1159.0748,125.81509
-14.106597,195.37517,148.70831
-164.57431,-2239.8394,138.94136
-46.349747,477.46057,127.24391
-236.74226,-2355.5415,140.6321
-143.16443,-1090.6786,137.76901
-197.21666,101.806496,121.20025
89.71257,-608.1625,157.45552
-48.535946,-409.6039,112.46757
-78.45211,-2167.8655,162.17896
-147.27356,548.64026,109.43164
-145.10341,-1443.6882,134.1501
-27.832754,403.44742,128.6999
-211.0613,1.3075336,100.34616
-47.567387,1454.9172,138.08116
-225.25903,-2485.4114,130.7143
-267.79617,-990.4402,120.171745
-339.75574,-1230.325,117.246376
-258.35345,-1624.1472,128.14264
-27.385836,1079.902,119.081085
-146.50005,525.3945,112.538536
-166.50612,-2582.6636,139.96721
74.35376,2108.6624,127.35163
-222.39954,-3909.6848,135.66441
-35.094456,-839.80774,144.53862
71.45236,1181.8794,126.569595
-66.26477,2104.5854,83.18963
-38.043724,2077.982,103.244804
-97.17067,-197.90468,144.10619
-158.12184,-2440.798,149.52165
-167.78021,-1960.2549,145.55624
-172.41125,51.68699,130.99416
-125.713806,-420.55984,130.8277
-217.52953,-338.99442,130.23726
-7.742158,1769.7798,130.05254
-70.85071,-551.5209,144.80447
-143.63263,-7.0717998,120.59528
6.685543,1208.8021,134.65297
-55.778408,2088.7734,95.40228
183.52055,-223.0685,167.05376
-160.07657,-1025.5166,127.32497
-94.755325,2508.4038,85.64707
80.20328,3002.7458,126.92487
-137.6243,1668.7458,75.14979
285.81076,3850.5735,131.3608
-159.11974,660.00916,128.94626
-190.4691,-1293.4539,132.8441
-446.17953,-530.20337,103.37722
-166.78253,-1228.0488,137.24307
-152.43445,-30.583946,120.59689
-110.67856,-1417.9421,147.96837
-63.83186,1074.4641,109.993866
87.51441,2757.533,102.49427
56.02501,1449.4371,139.97752
-9.072759,541.44574,137.201
-221.32425,-931.6864,131.99953
-181.87563,-3153.3833,144.19667
91.52824,3182.4849,117.95453
333.0138,1303.857,134.34666
-351.58203,-988.3589,115.520515
-64.766205,2560.7156,121.28971
-23.233683,1066.8768,139.64505
18.714094,532.4873,132.64363
-107.97975,-1142.1244,136.5935
-113.80171,-1165.2302,149.67029
116.51413,3185.4473,147.19534
-248.79488,-804.58215,118.920105
86.41793,2664.1868,110.32609
-77.40901,231.58641,117.91611
72.99901,423.66028,149.0808
-141.69936,-1232.6904,111.33516
-64.86334,1209.5247,124.92901
47.132557,544.49243,148.39081
-435.11664,-2007.5757,102.29982
-290.25742,-2165.026,126.48118
-39.702896,-1083.7253,148.01161
126.185135,-1648.9583,169.80315
-105.89629,74.62675,135.53429
-193.10405,-1351.9512,138.84659
-330.79794,-2268.0974,121.66935
-270.3489,-1001.8395,116.775055
-118.63187,-1032.7595,142.89737
-257.7253,-776.0928,127.65217
-126.26953,-2330.6487,141.77603
-92.1507,113.86143,122.41414
-154.372,1541.4614,91.958435
-111.66278,405.5453,126.46725
-63.57999,99.33073,144.81361
-86.216896,-1310.4927,160.61136
-129.30623,1401.191,117.48526
-17.955946,666.59814,138.71658
-75.758224,-379.68948,137.45065
-86.32674,-726.89954,143.60881
-289.37177,-2109.6519,119.51836
-138.53198,368.69434,133.02646
74.38241,2642.0164,98.06312
139.681,1539.0032,125.729744
30.077007,939.553,106.08221
-191.18098,-1363.4509,140.7261
-127.40848,-405.3904,137.57156
-41.21243,-720.04065,126.58462
-138.67986,-1796.8691,150.2254
-172.23967,-2501.957,153.43977
-156.27011,-1415.9365,139.42294
113.64138,1334.8351,137.44286
-59.739162,1907.415,114.325
-141.39856,1279.6549,109.35133
-352.92014,-2265.375,108.47352
62.458748,314.63535,149.58676
-47.56428,-927.69446,165.04393
-237.22635,848.73486,103.06031
-37.438248,-2420.8892,161.19974
44.635006,-1125.4065,133.42256
-63.562725,1078.61,132.42139
9.139162,759.3473,118.66158
158.09732,4950.674,106.3632
-194.44293,-1700.1924,132.6867
-101.256805,1132.5812,128.19304
-244.12279,-1767.9578,130.28621
109.11531,1257.8916,145.5026
23.657516,-2098.2686,138.92175
-51.887623,823.0362,140.74431
-204.09424,-1160.6034,133.0671
-78.27354,1031.1584,141.55753
128.22041,1140.265,135.13191
-247.90654,-1375.2317,118.694664
-64.46489,-1106.1398,136.4257
-178.38986,-2344.4978,148.77145
-295.3042,-1012.2208,118.08744
-149.99666,-410.9462,135.48402
39.04002,1571.2096,107.34753
-16.261003,-1203.521,163.45671
-306.76413,-3650.0994,141.72168
208.1557,2196.1165,138.11925
111.3535,2486.32,125.801414
1.3933458,-1596.541,123.913666
-292.37335,-4055.7336,146.49876
-125.2162,-1531.8105,149.10861
-234.55365,-1378.8289,129.10904
236.31339,3736.6675,111.19217
-138.90802,-2719.893,153.80309
317.8259,4256.967,93.3713
-16.89998,1782.8307,110.075935
254.42513,4854.2095,98.63389
-32.08338,-113.7524,139.04372
55.651592,366.95123,159.43143
-158.436,726.9904,118.86402
-207.24329,-546.7372,118.65854
-7.499789,2161.0112,106.11313
-10.394366,281.446,118.88041
89.64354,1812.4565,111.95915
99.59813,1991.5134,104.012436
-42.046757,-183.75539,143.81573
-147.05984,-1000.22437,147.01099
-37.151096,1787.0111,137.9452
-125.38899,-150.58955,122.95094
-109.65973,-54.961082,118.28356
-198.34018,1205.6913,94.991165
0.50823975,-759.2633,149.66983
66.79138,-111.328575,145.19391
135.58084,2083.2148,144.44856
-152.96513,-1296.2192,148.92111
61.071163,981.2192,139.98944
-91.449524,967.11017,126.672165
-87.67489,517.0301,136.41336
-237.42668,511.8666,114.90009
-185.58621,391.76328,130.87323
-227.32393,655.50104,98.33252
-305.29767,-3091.3276,130.83171
-110.292,-1239.5518,147.10516
-19.668047,-195.14198,130.49496
-84.86135,293.80075,121.679405
126.652405,1478.638,137.3271
49.242622,1176.3959,126.22614
335.40298,3979.2905,112.80955
-0.5120897,1589.3223,125.11534
-352.54584,-1285.6948,116.93324
-29.299822,1297.3802,128.68947
139.59521,1296.1022,136.51378
-270.38104,-3522.3772,135.36339
-10.404607,2598.6694,96.453865
290.723,615.5088,145.9601
-199.69334,-1893.9956,150.71048
-79.963234,-1650.5344,143.64296
-207.64084,-1978.8987,127.00758
-349.70596,-2324.4248,105.41842
-60.279522,2034.7386,101.986115
28.20324,2679.4304,102.133865
370.6405,5950.934,96.9024
239.6759,2654.6018,135.37859
2.9814892,1799.069,98.84212
-160.41348,1646.7406,112.30533
-156.10439,758.7038,116.530815
-157.78137,-1519.3806,151.27202
191.90118,1885.4326,113.08797
-134.76291,27.857887,128.16055
69.43066,350.1657,158.27867
-294.00842,-1652.5757,123.191246
-7.6837626,5.21769,118.9126
-229.65955,1127.7664,86.78479
-21.915468,1686.9755,109.48187
-67.41652,-1749.3955,163.52843
25.377989,1224.6833,102.106255
65.63199,2110.1177,112.54344
-169.36908,340.6553,125.045555
-78.5285,-1074.0204,142.06725
-171.14041,-796.1964,125.9594
-7.471202,-722.1019,151.41489
-173.8522,1037.383,127.522995
-229.68202,761.8529,102.910965
8.319365,1820.3683,123.08332
-25.89358,9.64463,143.9146
-148.75891,210.23723,123.96184
-185.01245,-384.7266,123.96054
-92.93218,248.79747,130.55707
18.65832,1942.1355,114.19222
-229.26326,-731.6846,109.08319
80.944885,848.3249,113.827866
22.880213,236.44731,120.536644
150.90543,2901.769,103.69961
134.75995,817.2601,161.88307
-103.7101,-713.5156,150.32811
-238.62326,-1305.0332,131.83054
98.456535,2511.162,130.3424
-214.82095,-530.73987,128.38719
-163.28838,-2194.6372,146.19891
-233.0773,-1980.7676,134.21606
-148.16557,-673.22205,117.931656
-70.0278,1005.2425,118.58994
84.34279,2552.0806,119.259445
-144.3968,-1820.3181,153.26237
76.50804,-1799.5142,165.29465
-309.2202,-643.0133,125.87096
-164.25468,-1865.5452,148.1657
-282.39005,-2994.0642,146.59676
-11.131375,958.9548,146.04797
-397.2034,-1358.573,135.35808
-206.26839,-2060.17,123.25261
-248.97044,-2063.7244,142.41174
-83.459885,-2414.1633,148.2663
109.51171,1150.6215,136.2228
-219.5068,-1169.4305,110.57331
-31.605246,1606.8245,111.08216
145.57262,2139.1975,113.72919
-219.36723,-54.579247,112.29857
-239.9999,-386.6288,126.80614
-124.170166,-1122.0745,137.27565
-243.20692,-1626.3274,128.14783
-150.08315,-565.2086,140.35028
-156.59702,-212.97926,129.31134
286.4319,1159.9468,145.8793
-424.50327,-1356.0144,130.05328
-193.62799,-492.9634,131.2278
-413.01935,522.83826,97.62528
-124.414505,-1541.1323,147.2036
-150.08626,1178.5587,120.713
178.24385,-201.8108,130.67598
78.20931,578.20624,153.10535
-94.15858,472.4912,97.69815
66.46359,-348.56082,152.49008
-64.72336,-1069.0582,122.477356
30.90185,-1147.8331,153.8412
-241.1736,-1325.0295,107.36849
-167.84985,1569.3639,93.64233
-189.95482,-2332.8896,146.87906
59.783146,362.88162,124.00024
-345.96625,-403.59402,115.20391
-54.056164,-790.4314,128.00867
9.321884,1054.0815,145.78578
-131.27805,-710.7317,142.76137
185.73155,1001.5865,133.14346
-145.13939,-1950.4731,147.35008
-90.53946,-459.6188,141.92851
-113.96596,-24.190208,145.018
-62.021793,-159.72084,141.64612
155.78897,553.506,129.95232
34.769157,-1650.8835,155.07076
-80.211136,1544.6737,115.04607
42.332024,2526.7068,112.70755
-32.002422,-38.363487,145.08913
-316.3543,670.2696,101.662056
-19.206987,316.90524,149.41724
-76.69551,663.7597,130.58838
-302.80743,-1726.6262,119.661606
0.524786,-421.4479,152.86368
67.773415,-769.28906,127.90633
-2.5995455,2549.8335,89.84133
-132.59651,139.16423,133.30243
310.09576,4905.2866,80.01943
274.7414,4849.2495,76.65771
-193.50047,-1405.1624,143.33871
-271.5004,-1801.9854,125.07908
-58.37476,707.87537,130.98817
-59.837307,1119.078,142.56502
-97.06199,-12.420921,133.2565
-101.00255,-733.7811,135.59215
36.585545,-769.29224,150.26302
-375.96143,-529.33704,104.54241
-21.868727,1266.8721,99.6918
-72.49622,733.54877,117.5764
-294.91052,-489.18814,106.26895
-146.54869,-1904.1799,149.18651
156.64548,4932.303,102.05753
-90.38395,2049.8748,104.859146
-216.85187,99.584816,101.79054
-125.236465,-159.10194,117.86866
-87.08254,1280.1139,116.17348
8.897879,2550.0117,97.905655
-385.6194,-2648.9268,116.810684
-8.424916,478.11127,134.77266
328.15002,5786.713,80.024765
148.05682,760.2654,136.5514
-141.20728,-16.670677,101.036095
-93.375084,861.28296,122.66837
88.45023,2828.8271,103.444
-192.3074,477.00885,101.54528
-225.76694,1248.8677,107.81824
-31.650309,598.8838,134.43707
-61.693188,74.35526,136.99316
-168.86209,-941.4481,124.77502
-276.78024,-2116.0679,127.218124
-348.26132,-1415.4199,127.14318
248.26576,1064.1478,145.72752
-315.23108,-2889.053,131.43394
-133.02509,-639.0056,116.81468
-150.97702,-902.7097,133.25726
65.704605,3142.6614,95.03753
314.4082,3237.109,112.43081
231.49205,1220.393,133.99496
287.74353,3556.5918,112.023155
-239.25003,-1110.0273,124.59161
38.97006,1359.791,110.2028
-7.4209547,255.65587,129.54865
-90.23084,293.6282,121.4507
16.09247,1801.878,133.36063
-260.3597,-669.0781,124.06846
173.41364,1658.6356,134.722
-195.0359,79.34275,129.43842
36.381603,117.06089,137.85283
8.2246065,2500.5664,111.27602
65.66651,3208.2346,99.40792
-17.388632,297.12936,146.17305
-8.07894,2439.535,115.16459
-341.62878,-3180.0767,126.64696
-75.040474,-499.4977,132.03683
-28.808111,4.613503,154.4451
-156.71632,-2743.7107,155.61096
-210.8531,-953.26416,140.8302
-196.77759,-1034.6488,118.24429
-48.314922,120.63926,152.46669
-318.12698,232.54326,123.5918
-62.20891,-120.74081,133.2626
-125.6926,-1554.3823,130.13802
28.144684,-193.4944,148.43573
-93.02682,2179.106,92.359245
-126.9957,-523.1709,124.928955
64.2924,1160.3354,130.60588
-115.31856,-15.942894,130.0813
-231.37854,-485.38528,129.9881
-347.31772,-234.30922,109.40593
-116.26613,86.742836,130.36443
85.12039,-729.9767,142.82268
-179.93097,-994.4712,125.95343
206.05782,1697.6199,137.77452
-58.373676,-571.3567,139.81728
-22.023558,-722.2346,162.00368
62.773525,1741.8262,95.757385
-324.46506,-390.4357,122.30974
77.69313,-1957.2463,151.20306
-139.0644,2238.0671,105.18113
-266.08704,-3105.7715,117.278984
-180.35312,-1694.6597,146.5732
17.100023,-249.17946,134.84097
-127.36513,239.88548,141.56097
-34.580105,1889.9595,111.88288
107.282684,297.57462,159.21432
-232.67128,25.016151,102.89418
48.067432,3154.708,95.956924
-3.2304506,-1892.7944,150.39143
-254.77809,237.86119,102.97362
-91.867424,1956.5894,102.00611
17.486225,308.77487,147.70709
94.961075,2734.8755,127.92537
-95.304115,-106.296715,132.10973
292.12607,3834.3025,134.86627
241.58508,1122.7072,153.63678
56.642662,-57.588524,148.92726
-106.59751,149.93456,121.29908
-321.5934,-1998.207,134.89171
-465.61984,-2820.4404,105.12002
-127.62077,-956.91064,133.5193
-226.45306,-1500.8396,125.30838
-142.95946,557.38617,118.4711
-185.50404,-448.43338,129.76968
70.458435,1127.6824,150.64264
7.353386,-311.0248,166.23735
-128.90485,-1217.862,138.16464
182.13579,1838.6359,129.65025
-156.46606,-710.98267,147.92302
-5.923871,409.8904,112.91673
-26.588503,-286.6475,147.27943
28.048504,2354.9756,76.43857
-112.05534,-1301.4204,131.29922
5.330909,1662.3762,140.28583
-206.09956,1324.2913,84.103195
-130.39684,1536.739,95.359764
-235.59732,1065.0386,109.76069
-264.58435,-2451.232,123.66018
4.289174,1940.1528,119.88995
7.366042,-1018.47974,160.72339
-172.01306,-670.30725,120.49761
-95.62818,-40.233788,149.06769
-101.767105,-989.28,148.41002
68.79714,-1174.2471,165.07191
-206.56168,-1646.4553,140.96588
-228.64076,-1736.9304,133.18852
-356.66113,-2385.3518,123.12933
-310.92325,-765.1432,111.2033
-203.67053,-3454.4495,145.8347
-100.34194,2988.9966,104.730545
-40.298397,738.5781,131.03865
-73.71376,-1033.3048,155.78442
-199.11447,-372.2543,131.96315
-1.5221643,-184.50258,159.40941
-232.57425,-3037.817,147.83957
-200.83072,-1741.1658,125.39184
-319.18542,-2084.9172,139.52232
209.17152,-54.96566,173.09415
-101.415016,-2279.759,136.28566
254.4243,2150.8062,113.280785
-122.93535,-1062.0063,126.34093
-120.59682,-1374.8503,145.55638
-96.31095,1085.447,129.91008
-101.92876,-1709.2163,142.94894
-270.0652,-1711.898,128.71066
-7.188676,1478.6277,107.843605
-322.90277,-1929.5483,117.062454
-143.6035,-1528.3484,134.01111
-337.39078,-2112.2944,118.013504
-291.2758,-1801.748,129.76451
-218.36006,-1495.3826,121.94553
-62.490795,-1657.2766,139.72665
-200.68976,-652.41455,135.69513
27.201338,1377.72,134.07565
-141.37996,-1260.5718,138.5225
-35.919315,-556.2024,146.38889
-65.3496,713.28937,121.72069
-369.87396,-706.90454,114.0656
-281.47433,-620.8352,121.969734
81.28666,379.2891,168.11156
-211.30307,-300.38907,122.87526
202.11674,940.5747,159.9234
-210.71211,-846.829,136.70697
55.910805,1257.7767,111.32035
-227.00346,-2340.0437,143.38782
-137.26816,-1823.1287,149.19368
-49.763783,-418.1205,145.10306
-106.63584,-745.1885,149.70877
3.2925024,1650.2736,143.09822
19.528252,2893.7307,95.51624
4.549774,1244.0776,111.69796
-179.38663,-1077.3602,144.89857
-187.05258,584.78046,128.88045
-351.80402,-3134.635,118.35177
-71.029976,184.41661,129.23557
-169.16377,1554.0219,84.60375
-139.37897,831.6327,116.15871
-29.59051,672.20233,128.00476
11.434269,1886.7439,131.15196
-98.10479,-392.0535,129.93517
235.23901,1924.1349,122.21841
-61.543285,1334.2549,99.42575
321.2306,1442.0403,144.53871
-201.74016,-1074.8394,130.28374
-223.5263,-759.906,131.81364
-167.69806,993.82446,121.80301
-113.056,1108.8092,130.1907
-429.13937,-742.34607,109.86008
-118.42511,-1528.1753,148.18333
35.071888,450.11188,139.22462
-224.64297,-3033.7039,143.69116
66.971664,-675.09094,136.86969
30.308113,777.3157,143.69853
-309.5504,-1759.6575,119.57748
91.84446,1448.1014,130.1652
96.875824,-432.7576,138.04976
-183.50092,-1929.2502,140.90425
-238.3996,-2324.7834,110.893845
-173.98297,-799.25964,127.869484
-226.20844,-3360.0237,144.1123
142.89383,2113.2756,126.398224
-379.51862,-2214.4001,125.35495
-322.2528,-1680.7065,126.68408
26.599077,697.73126,131.3824
120.02613,2998.7815,97.8308
272.5518,3398.4155,149.71066
-29.091295,-459.2659,137.19693
-27.574617,1470.0598,120.81213
-364.32935,-1124.7754,112.28397
-86.80143,594.31335,123.88227
-182.43289,-594.6974,113.82245
131.57124,2174.5344,145.32228
158.29659,1973.3301,107.798416
-159.13472,-2251.5566,146.3592
72.141235,309.35507,140.31474
-62.4967,631.4505,123.35635
-210.4036,633.6178,103.74264
110.69114,2110.8645,137.12558
96.22621,862.74524,139.74524
-141.37978,-793.2903,134.93845
-217.11798,-2053.3333,136.47247
-238.92244,-40.885887,100.535904
-99.1545,186.02245,126.49936
-117.27786,-2091.7961,136.2986
-240.12263,115.290016,88.974205
-259.68915,430.3727,103.90977
-58.370228,339.34567,111.36712
543.87494,6270.86,82.40085
-433.5157,-1782.7727,111.8189
-189.54524,347.68973,116.82571
-34.830868,1310.4492,101.333046
229.9136,4028.4375,109.83496
-113.8766,-365.8356,133.0516
-160.34772,-369.15494,127.41133
-286.00162,-2028.2944,126.387215
-161.00981,-654.1863,125.15664
-68.97185,1836.924,106.56963
-220.81947,-231.43861,99.51731
-101.27822,552.323,143.50346
-242.59264,-2954.147,145.54753
-18.963816,281.38693,132.50659
-180.45024,511.59192,121.354675
-240.77098,-3065.8176,144.0309
37.021255,3132.9539,99.648834
-137.59322,-1541.169,134.71808
-16.380285,-199.01173,140.71048
-263.12924,-1883.9011,133.27664
-200.9868,-2083.974,142.08159
-169.4748,2155.6663,118.2804
90.52216,2846.354,102.13502
-203.76038,-410.90128,116.91596
-359.35236,-2537.476,128.4654
-5.2783346,-231.29994,158.06952
88.949234,1312.6859,133.16426
-157.1289,-1679.001,145.43794
-286.33044,-2199.6255,142.53964
42.539047,-450.59317,175.98593
41.468994,2062.472,123.355095
106.38864,4976.491,84.58776
1.230834,2307.887,99.336555
-248.36803,-1220.7532,136.85793
-360.53,-1451.9331,124.00742
-173.12334,-724.5016,136.24243
-38.275387,768.50323,118.81974
-150.60963,-437.8394,133.88528
50.273083,276.0809,152.91277
-24.779016,-929.4153,136.29678
-56.329304,-1315.5586,153.02174
-4.1323175,-650.6759,140.33813
132.74228,2211.475,97.592285
-348.11646,-1047.1598,125.25933
216.94548,4749.223,65.64355
-280.18365,-1875.3782,133.32625
-145.38329,-331.26834,107.740746
-161.05844,-284.27078,122.005486
181.95032,246.9293,144.84349
-41.74626,-680.6537,129.04747
-105.755486,668.343,107.75512
135.711,852.21985,130.22852
-175.0655,-905.3323,123.841286
-111.62692,479.2264,111.99177
134.08696,2702.2542,121.19025
-14.919736,152.96947,147.90898
-114.86549,-23.75283,110.37674
2.8306742,1156.7367,136.0321
51.531998,2305.2961,95.42462
219.49025,1296.9269,120.59043
-79.67813,405.28522,124.69405
51.257725,61.866615,148.4521
192.4864,2524.5732,137.37607
-56.446507,-611.2971,147.19685
-85.558784,2095.9568,83.2724
-224.59174,1072.3983,86.5769
-75.59361,-600.5808,143.19244
-306.9596,32.104897,128.73924
56.442398,-67.94802,177.5982
-41.729042,-748.0065,151.30492
237.54099,1904.4231,164.32552
-175.81152,-1009.80945,116.49255
17.890257,191.15532,125.317856
-66.57032,2059.0676,109.92587
-19.710722,311.82553,158.9675
-232.91507,-849.3141,109.10408
-182.75348,-2441.9768,133.57146
141.96684,757.11676,139.89062
-352.92792,45.102516,99.30935
47.193077,1817.3958,121.28754
-275.534,-3845.9124,130.48665
-466.4643,-1363.8298,104.838425
-128.63834,-621.4479,135.35344
-107.37685,-160.60982,128.58858
74.056435,1533.811,134.42677
-105.736824,-423.6934,124.902084
206.0204,1781.7576,131.38495
-62.957943,1281.985,110.740906
7.1237373,834.9654,138.65685
99.78749,2809.5088,121.315506
-24.301447,-40.968956,145.94337
-386.56696,-2904.027,134.0889
-107.47246,-1499.5288,141.24863
-174.01454,-181.43385,112.025826
-370.5022,-2025.4502,110.74052
-92.14094,-1603.9138,148.90862
43.861618,874.54724,118.34968
121.272865,2675.6538,127.25942
-72.69127,-252.31923,125.07037
-172.76979,-2157.529,139.10918
-0.6181116,661.3398,125.46622
-41.55874,-313.22562,151.1829
30.79836,614.1988,132.76648
-42.81036,386.10016,141.87396
198.66837,2578.4226,124.5341
-51.505123,18.911049,117.47667
-52.87512,-1283.283,128.723
244.86615,2109.4033,108.45547
-21.635637,463.35004,147.98756
-83.90899,-373.83768,157.80328
-9.719577,-1456.8162,172.5779
-148.50233,427.42648,112.31125
-46.93564,-654.6371,155.18976
-260.62302,-1394.56,127.07715
159.20004,1438.5546,138.8949
-146.99646,-2647.733,143.82292
80.6173,1468.1719,128.58768
-1.4487562,-199.23146,147.90437
-85.570496,1500.7362,131.97513
-326.24655,-3547.6077,136.72923
-156.06697,-1867.8674,145.15111
-257.94772,-402.02786,127.63141
-18.191694,-213.62428,157.55132
140.67488,2895.838,124.226875
71.856255,2110.3281,118.59046
-97.67859,-2816.9292,159.04288
-47.866474,2309.8086,82.34592
-120.91188,-1235.5361,145.94908
-153.28125,-144.97389,123.9729
-242.83116,657.1851,109.58697
-202.94409,149.64696,122.61157
16.944733,-342.80838,125.069885
255.59264,3434.075,104.48072
-231.72357,-9.827293,95.97859
16.84001,3276.6858,127.95561
-33.74996,-255.48732,144.7916
-96.78961,1509.2175,104.99846
-46.688343,686.7273,93.37634
-118.26601,936.00214,106.8648
63.75791,2653.462,90.26994
-182.90944,-1177.7152,139.99985
-82.88661,2678.562,89.80202
-388.78287,-1858.0371,121.486275
213.91881,1723.3367,139.00647
113.28445,1587.5198,124.037834
-30.691504,-826.80896,148.22498
-216.10216,1058.3354,107.52346
-2.9150763,2124.2808,124.526794
-223.73021,-239.57985,124.163216
-192.97751,-2267.5415,133.62915
-322.65173,-2792.024,130.89937
-31.887178,-1434.6499,154.80486
-174.42258,1514.025,119.83714
295.0216,2058.5867,151.46974
9.042156,547.7614,145.42416
-176.49147,947.67834,112.37227
-235.07457,-712.9337,118.965675
-164.14842,-949.7114,132.60387
-404.92575,-2433.5273,106.55986
25.386782,449.10483,140.72589
-89.60654,1681.5771,122.27838
-219.1924,-2050.6963,138.16165
-205.67136,348.82538,123.31124
-157.38025,923.13226,124.65686
-105.5324,-1182.0732,125.969185
-105.91989,-734.44714,122.85245
-2.5539598,621.7541,144.07925
-262.419,-1603.0542,120.861435
-19.642393,625.9164,120.315
-148.99324,-1090.4655,126.59127
-22.040407,2972.8713,79.09718
-101.47929,363.945,111.63564
88.90376,1392.8551,142.62248
-35.88828,455.83337,129.21558
-257.33508,-426.30252,117.676865
-244.55833,-0.5013653,94.62134
15.136269,47.626503,152.16849
77.51468,4137.181,99.39533
-108.063484,-2044.707,128.69684
-68.26331,2108.256,108.95126
-124.217575,-962.4468,139.07881
-25.216074,-1025.0609,152.99556
-25.55316,725.35864,117.1202
-248.14546,-1724.9465,128.13254
-154.91739,-650.9458,127.07653
44.62522,-146.3666,163.01953
-262.24304,-1376.2415,131.22229
17.616083,1715.3884,123.67482
-95.12783,364.52945,123.034935
-64.65259,-2273.1343,156.7013
-16.405859,-768.6582,153.09357
-203.791,-1560.2568,145.44565
-234.01106,-1147.4775,133.44356
12.129814,-1996.8447,146.6381
152.4514,-496.10806,150.57552
-86.197395,-1566.9641,126.27314
-75.933105,-784.9745,124.28538
-178.74287,-1489.8401,114.62701
-63.7143,-1421.2573,154.9325
-117.50041,37.171303,127.85062
-271.25006,-1162.5426,120.82176
-77.491905,-497.2571,141.38545
-259.4914,-3061.2725,149.5026
-205.57047,1018.1187,114.01961
-126.46094,843.426,122.20916
173.91605,2058.9175,126.34987
-120.12819,699.4586,127.2483
-247.35783,-966.2118,126.37571
-299.57068,139.53838,105.37454
-263.3174,-348.6586,106.82927
-32.42369,237.99297,131.71718
-318.52936,-1240.831,106.747154
-29.422915,596.3827,124.74558
-264.6997,-2079.4983,139.19821
-108.48008,48.272804,138.9243
-134.81796,-150.93806,132.87662
-311.83456,-1044.7006,126.13951
-304.92596,-618.43665,112.590065
235.27655,3511.7122,95.381004
-4.555211,2804.0632,109.62262
-8.52181,-943.1433,139.84424
-321.5404,-1377.4692,136.11844
200.58554,782.4924,134.65898
-4.4185057,-1183.527,140.65942
-291.75702,-2481.08,140.7229
-335.71448,-1882.5891,117.76877
-301.57306,-2431.0588,137.36424
-47.080124,1901.9587,123.28237
-137.30983,899.87714,128.29936
-242.66145,1447.549,89.107216
-126.041016,-1473.5591,133.52097
316.45996,5317.2915,92.576454
-50.927532,-335.86307,145.43303
-137.13911,212.55656,115.23583
178.04967,1658.7334,137.39325
-181.07643,811.3217,115.872826
-10.23886,2770.4832,88.85019
-147.50526,-918.99976,122.72555
-229.90936,-206.5082,128.87715
59.268112,1664.5695,128.76651
-159.52794,146.16081,142.33994
-251.54488,-1126.8983,134.05003
84.92765,2426.4075,90.11452
-157.93518,-1158.5939,144.93018
-287.60013,275.2717,97.783195
-178.00581,2044.6906,93.69506
-151.25609,-1862.7073,153.58528
-106.11589,31.30143,126.04059
89.73011,679.07336,124.82971
-8.614537,1350.6804,127.64136
-203.00848,-1692.7625,144.7917
-112.2769,-281.43204,141.2734
-76.016525,-1970.6189,145.76804
-128.72787,-335.8201,147.86967
-125.95125,-886.8237,136.89577
-130.55,1852.6643,91.85909
-149.93709,1071.8215,120.651855
-24.326883,572.8143,147.8672
-15.727895,1690.5432,115.03259
47.17814,-162.65034,159.13869
-109.58607,1035.4982,115.108505
-178.22633,-593.1537,130.15144
-107.35226,-192.14296,132.32404
-375.18155,-293.96756,113.15774
-126.54666,399.61237,89.31333
489.8092,3854.0293,107.49561
68.45205,916.0373,132.79405
-241.079,-1420.7263,147.12836
-291.82513,840.51666,89.74036
11.5849495,93.22758,140.06796
-26.843317,388.13867,115.8682
90.02049,-1013.57764,145.31444
-28.072264,210.73308,142.0079
-172.13689,-1703.0598,143.23515
-133.79982,-2855.4248,139.6297
-220.18855,243.31212,112.06714
1.783967,-1917.5442,168.68355
23.615673,-265.97964,139.20735
-159.73767,962.30835,123.98768
-245.88396,-1136.1731,138.33502
-115.378296,-507.4069,139.59956
-78.44911,-518.953,127.22428
-154.74423,-1740.758,107.1302
-231.7296,-950.64514,128.74916
-73.43494,-153.16408,151.35233
-293.0338,-1027.2006,110.60395
110.94146,-1586.698,158.83885
52.283207,69.12968,138.63045
310.94946,2968.5308,125.34489
-67.56572,179.34496,129.99905
-139.27267,-1111.4498,142.26862
-153.6639,966.7408,121.494095
-297.6849,538.4439,112.68682
-240.5688,-568.78735,116.79315
-239.15433,-2382.0745,127.12086
-73.41043,2470.0015,110.9713
-83.95463,-111.36538,110.37945
238.92479,-177.29152,146.5607
-144.50717,-41.240013,120.179665
-177.30098,-1564.9082,133.66066
-21.130812,-930.4094,150.97408
-156.1003,-1321.1572,142.2303
-124.09627,36.314003,120.03191
-188.7646,-2292.8528,130.09937
-223.7975,-2262.5686,139.7106
108.50786,-264.814,147.307
-4.0257444,1529.5277,120.00846
-60.210453,-134.00783,144.88681
-95.07929,-521.0552,131.80869
185.19008,2310.4692,143.3628
-141.86017,-724.6572,131.74742
-113.60016,1646.639,97.263855
-107.94487,-1031.8076,144.9775
-207.4187,-1345.3347,132.41919
201.37341,-410.5651,157.99529
-83.92098,351.6966,118.02254
-62.16197,-2539.08,154.04462
53.271557,918.90686,128.06126
-148.05772,13.777382,114.142746
13.876481,-600.4247,145.76227
-122.198685,-101.1155,134.85184
-152.46114,657.67413,115.99092
-70.50773,-3092.5186,166.328
84.1742,-348.05533,152.82469
-138.67915,-69.2759,107.406204
91.49294,-394.705,154.42049
-118.05557,1612.8645,103.92244
-329.13397,-2908.032,122.356285
-310.85025,-2324.0352,129.38283
-395.47394,-2144.275,117.69761
-104.99733,722.07227,118.38524
-206.14845,-2962.768,130.32928
-230.37363,-1975.2358,140.18979
-290.26083,159.28337,108.68821
-259.30905,-1468.7771,137.19649
-4.133456,706.223,159.4996
-182.88316,-1644.6445,157.94455
-11.823628,2103.5369,133.39996
104.61795,399.6064,144.57092
-270.49655,-1213.5845,118.163475
-229.97835,-1336.1155,108.786224
67.37538,385.18655,135.33493
-189.58354,-1054.5869,132.56416
-254.5984,-724.2103,99.33044
-173.64235,-777.07935,140.66946
-175.95554,-2615.3933,138.78023
87.66125,-642.5885,148.29538
-74.10258,-515.75854,152.59326
-166.44164,-1854.9182,136.27473
-66.081604,19.601967,120.332855
40.272503,-1642.3384,171.64926
-246.82039,-966.03455,115.32246
-226.49338,-1608.5769,138.60045
130.91296,2010.7861,134.22896
39.21486,3497.3855,114.8391
-183.95805,-890.339,140.09285
-198.99236,-1083.4757,136.2709
-291.78848,-658.2914,77.868286
-164.02657,466.29657,132.1369
-199.91751,-1693.6982,153.97202
83.90813,-67.491295,155.6151
-33.117508,2109.9255,105.68174
-213.77827,-2153.8535,147.2526
-109.18033,153.56346,113.41859
-82.252594,-593.9927,129.5503
-265.49542,-1215.8762,123.09095
-209.90839,-424.98648,120.945335
-395.7468,-1758.3738,122.26607
48.771675,608.0844,146.73022
-20.384901,1010.5041,123.970795
-102.07171,-1444.0388,131.0343
5.2126446,1100.37,133.74693
-275.39868,-707.5781,129.9588
-97.29314,1435.1187,126.29328
108.00829,2145.193,134.36993
19.44239,1576.1111,113.65519
-180.55872,-1252.2185,150.1306
-61.41238,2513.822,96.940704
64.562645,1258.8894,135.22536
-166.19269,-273.9302,135.93678
124.56118,-488.72903,137.7463
86.12825,692.5103,140.8183
94.00431,-862.0,161.79434
-129.12125,-207.13783,140.5304
-201.39705,191.06175,112.204094
-399.01913,154.7838,74.3944
-131.03716,-224.54774,126.747055
-55.422,106.238014,155.56458
-91.202194,741.57166,141.25764
-131.75044,-274.45828,139.90002
-270.7237,-468.85245,121.81156
-287.95297,-4406.3066,134.01787
271.5266,2706.243,131.60992
-251.94228,-812.40906,111.46489
133.1774,-158.69466,137.50507
38.62247,2787.272,113.38991
-302.8807,-1577.4263,121.919945
140.89734,484.025,159.35464
28.536415,1597.2563,134.68341
-181.16823,-271.7128,124.05699
-281.96387,-2395.269,111.53018
239.99965,2178.778,141.23647
-309.3153,-1569.7488,129.2959
-313.18152,-438.29398,119.1195
-260.1976,-904.0156,116.8697
-162.77332,470.10342,111.94655
88.62873,1498.1173,135.40842
-28.206903,-114.83944,128.77354
-135.67241,-2250.137,147.22075
-210.14339,-1386.845,143.55666
-96.19954,-1845.2598,160.056
28.41169,1501.876,115.70069
-85.73984,837.9346,118.73727
-153.45103,-1499.3918,129.80516
-181.79404,-2167.7659,132.6015
104.27376,1314.214,117.71217
-157.07098,-2314.4377,129.56131
-212.18651,-1314.408,132.67581
-77.73975,-1275.2771,153.6631
-120.366684,-301.7067,111.78738
-315.88895,-1977.071,133.00545
-173.28087,-728.2114,131.8708
-160.66858,754.9581,117.570114
-108.77683,-92.00936,129.6862
-237.1803,-1365.6404,128.3161
-376.67603,-1710.394,123.97066
-27.19658,3782.138,76.27317
-53.22478,1365.2081,117.48961
-180.8121,367.01556,136.46072
-84.294464,-1350.2493,143.70465
-18.242727,761.19916,118.09901
-290.9778,-2147.04,127.74689
16.75612,-1425.4458,159.33308
17.86429,-1093.6456,148.0502
335.4214,3127.5176,141.81235
-248.29347,-2342.4763,125.03649
54.579308,2616.7742,93.846725
35.70731,706.3931,111.2747
-113.86975,-2678.7703,155.94527
-82.11449,267.83047,148.94885
-74.72531,-759.3512,133.2019
-282.2898,-2340.323,120.555756
-238.11707,-421.56216,116.660614
-81.9702,-1408.0962,139.86385
84.978,2315.4854,115.09105
-250.29591,-963.3141,132.92824
133.11078,789.9972,156.94601
500.44965,4670.3125,122.54311
-217.07524,-728.7019,133.12698
-164.01492,-400.21024,131.39304
196.6874,2046.418,129.63144
55.369274,-491.46146,129.5089
-53.216076,-45.5812,150.1815
121.37101,1361.7687,141.08434
9.412211,-735.16235,145.7219
-153.64682,439.40594,109.38916
-13.273688,-345.10574,132.39622
-46.16769,598.8814,138.15384
-78.89315,782.5934,117.05574
-312.72614,-2825.674,136.8085
-37.31879,943.8713,125.57377
-325.73285,1061.5004,85.3891
-12.038314,2054.3171,96.05289
-141.85318,294.59225,110.77439
-343.28378,-3045.7722,124.604126
-242.29008,-4080.078,130.0744
-175.3056,-2675.4336,143.13669
-122.65651,-421.27298,130.72144
172.19197,1691.6764,114.61232
190.06337,1236.8738,155.54305
-156.02121,-501.17886,133.21495
-126.403015,128.37712,126.30893
110.87756,248.22691,127.99177
-196.44037,-2713.8289,136.4586
-209.09053,-1625.935,135.21045
75.92472,1969.1235,134.93213
-40.39379,1013.1541,133.43176
-67.080925,2199.1565,92.66164
-59.1981,736.2476,99.40317
-89.9388,-143.65633,101.883
172.35338,3150.8057,113.633316
207.65025,3755.648,111.562004
-339.36966,-663.4133,109.86516
246.61047,3590.3958,117.488594
48.764294,212.3914,137.60164
175.14961,811.887,135.85435
-154.68497,1390.3892,98.423225
-276.3015,-1202.2512,117.7842
-188.16414,-476.64798,130.96867
251.20721,3700.3347,109.594604
-172.3412,-1506.7837,131.56406
-199.34042,1735.0693,93.982475
8.880728,-2078.646,145.18027
137.0615,2518.3503,121.27489
-133.50082,-2578.8108,142.15103
-54.269863,-1444.5205,148.55154
-77.50795,537.6434,123.56978
-78.15278,667.73883,117.87236
-58.874584,650.844,126.00181
-128.377,-39.56948,115.05208
-376.26837,69.989784,83.237595
-162.60806,-2022.51,130.8923
-23.641752,1460.8169,107.82168
-170.82576,144.42796,120.61878
-158.52408,1109.013,116.35306
32.973606,-93.13308,129.0794
100.1967,937.1667,150.20839
-10.631654,2837.6343,79.11803
-200.08722,-981.18665,128.85446
131.20474,2570.6973,115.82426
-297.33902,-418.7012,116.69698
-120.63631,-1048.1692,145.24852
-138.4643,-33.905174,126.00054
-201.21199,-3476.802,149.91235
-47.127422,314.55978,129.98982
-329.15198,-2519.8086,119.7397
-138.7663,-1147.4801,137.7962
80.95592,-704.6107,147.45058
-62.68134,-430.18863,133.59998
-122.89842,-95.78036,135.77463
-90.45519,-155.8351,135.62984
-115.98822,278.44528,118.93987
-4.2692823,-868.9562,134.47101
-109.55579,-712.0326,141.2112
-218.34337,-1782.4106,136.1035
115.11722,2131.932,148.53688
-158.6173,-769.7698,137.7385
-328.71344,-3735.1736,136.66823
60.866158,2817.9248,120.64742
-283.86325,-828.64636,114.260666
-21.455297,816.85223,129.7594
-143.47115,-951.5178,151.78119
-238.309,29.610023,121.675804
-81.87157,777.65326,154.55925
159.67622,-211.99916,164.60278
-135.25044,-223.75307,127.41073
-48.85725,-785.5314,143.4919
62.41342,618.8135,145.78621
-47.90858,-465.32608,146.83765
-165.94565,-1309.3843,131.45215
-220.75597,-96.073814,104.30635
-377.1983,-2410.5427,124.6558
-10.823052,-672.0148,115.77017
-131.04881,447.7356,127.42893
39.8971,-220.41737,126.98154
-92.20437,-2777.1077,144.01587
-216.99577,-1803.3701,146.83684
-96.43079,-1672.1941,147.60294
27.42763,2810.8508,107.39965
269.2624,1819.2892,133.76888
-28.431662,-1011.99646,136.75693
-202.47008,-531.001,135.8368
85.02355,3679.1616,94.66314
-168.4268,543.2668,94.72106
50.491875,2070.4934,81.319916
-36.248352,-362.93863,153.22946
-147.39781,-686.63306,124.67437
-98.996506,1661.9313,121.1454
-128.163,-1292.7048,121.66352
-169.60745,-2552.9172,136.14537
-58.01298,1580.0524,114.38346
127.962204,1901.4376,121.12294
-209.63322,-583.7627,146.16684
-405.3874,-1364.2744,115.88496
-76.45634,-242.94106,134.1279
202.65228,1407.2286,144.44691
-169.75137,-1197.7783,124.334854
-10.387532,328.67422,121.698395
136.24834,1761.7979,130.15062
-218.7271,-861.90295,145.27567
-61.478176,75.396034,113.88634
-149.06197,1673.7317,114.18082
-84.94969,1284.5288,118.60654
-229.90465,-911.0156,129.84369
-144.60358,688.455,120.778015
-237.42247,-930.56665,137.1065
-157.4015,227.12083,109.90696
-266.31818,-4047.639,138.10051
-267.4155,-1595.6956,126.8807
-255.10393,-1834.3293,141.73643
-95.30848,360.99243,129.97075
145.91359,2197.253,135.36089
-178.4566,-905.14075,112.08499
-142.40242,-94.88851,116.90668
-47.958416,1372.8931,128.67003
-210.57462,406.3005,106.422905
-55.102108,-1764.0635,149.47194
30.661955,-3284.8225,169.02567
-322.88303,-839.33984,112.75535
98.892136,2960.1338,97.6304
404.3061,3582.004,151.35046
105.94643,311.05325,135.5423
177.14925,2500.5872,146.62144
-395.6574,-3812.9797,137.4382
106.79375,1132.8221,146.4299
54.430622,483.8377,140.53961
-213.8547,-2462.419,147.38454
111.34998,77.243324,144.6731
-185.60446,-391.86246,138.58652
-183.17455,-1323.6191,146.42027
-120.21094,344.59927,118.46577
-255.19685,158.757,131.77373
-127.953384,709.2011,124.488434
-241.08775,-1940.6499,138.42274
206.0369,4376.256,107.53338
-124.37662,-254.86134,136.78552
-148.7063,-311.15018,128.56285
35.771027,3350.8364,105.07863
-59.94772,2418.367,97.013245
34.344547,1625.9086,131.07466
34.98406,956.49835,129.6769
-36.341976,2410.8818,120.63318
-42.41953,-1139.7759,123.16982
-242.52357,288.9241,113.793816
14.681388,-1209.3826,125.441696
-53.29542,-793.9542,145.62973
76.161156,1837.6682,130.30678
-93.03337,164.51952,115.27353
-232.96259,-193.69643,114.34544
-303.89505,-2014.1179,115.56031
36.211243,2013.5054,96.50845
-242.16023,-188.49513,105.835976
-19.123259,-6.3368144,121.215965
-17.017324,1696.5353,102.388985
-93.86298,-263.26505,125.66335
-178.57216,1389.9081,106.68205
-152.2038,-1355.1833,127.135025
-111.14008,-344.36404,108.06962
158.35034,1598.5586,119.067604
-0.46834853,1141.4575,147.56847
-155.98186,-516.5061,144.33742
34.307114,-440.17606,151.87459
-107.59982,-439.0812,135.04234
46.819,1801.9266,116.20126
-108.08174,-2391.657,165.96971
104.28652,3447.6091,95.50055
-62.271824,-49.211815,145.86111
73.033195,49.364967,125.21012
137.85524,3068.2256,106.39815
-325.6007,-1945.728,122.67355
-165.56494,-281.73672,127.051315
12.894978,996.9626,107.48208
198.05815,4251.0366,98.973755
93.9985,3111.0076,95.931595
-274.8405,-1188.5076,133.68312
110.78935,-969.3843,134.50441
15.757392,-1163.2632,156.8869
4.1321173,1561.0072,127.913795
-386.24002,-3248.0862,117.8381
-15.091468,-275.0048,145.11613
-257.97418,-1320.919,122.988174
109.822174,2972.3203,122.12224
-299.7543,-2554.1401,135.00172
7.2553806,255.89928,133.03075
-70.99247,548.0111,125.51897
-70.02284,407.66034,120.69865
143.88213,3436.301,115.933495
-223.77155,-1117.2445,138.4456
350.47406,4181.266,119.475525
-200.93121,-796.5288,117.206924
-93.79369,922.23395,145.357
89.9748,2016.9336,119.82451
-280.13037,-1854.758,133.85558
9.377843,2067.9988,123.221275
-118.44011,1459.5543,117.81529
-62.21574,821.02356,123.93797
-97.978615,416.5199,101.82307
-111.78404,1438.4585,135.0843
49.342945,1998.2279,109.27189
68.070694,2583.864,95.33214
-77.946724,252.78038,129.45908
-130.7218,-1151.4613,140.06288
128.69614,2364.8958,109.29748
-137.18066,-920.7162,147.09744
-83.59004,676.44507,126.93813
-124.46101,-1542.188,123.39406
-141.03122,330.58267,131.60971
-258.09247,-746.0521,120.144165
98.03531,1784.3695,152.05011
-67.485825,-220.48964,136.0
-40.810123,1555.6653,113.20159
-46.735886,-2152.9216,138.67253
-206.2085,616.9129,108.07855
-291.67694,-1327.2285,125.330215
-319.44672,-3721.9016,126.572
-357.62885,97.94785,101.247765
-59.31786,118.642494,133.59827
-100.312004,-124.78762,144.76157
-169.92087,-1573.6482,144.69595
-250.09746,68.3599,121.41271
-153.35835,-1269.2178,144.87971
-229.92569,-191.56813,117.10006
-82.30543,-1818.9448,150.77876
-126.88718,2224.9822,101.97245
-163.52599,-290.05447,116.09412
-195.21114,1246.3752,105.06129
-189.37004,-37.42562,129.65791
90.83204,3138.759,88.00384
-55.44778,-394.22183,153.29004
233.95432,3555.0771,98.27654
-275.30167,-813.8699,115.95139
-362.79892,-755.2435,101.449554
-181.79643,-1999.6248,159.68411
-5.4605455,-1505.2839,138.06589
81.00935,-515.59875,159.37453
-138.5199,-360.459,135.74135
-264.29562,208.29253,122.95863
139.71385,1199.136,120.66576
52.25309,-226.38918,161.40784
-72.89321,330.93985,128.94223
-9.068959,-38.973045,153.74377
-183.36389,-1022.2583,152.07549
-152.65814,37.568703,118.3351
-95.869125,-1330.5686,133.58997
-89.78623,-1327.3035,136.74072
-135.63112,-630.84814,136.7327
81.98604,-620.7405,169.11754
-202.77242,306.92715,122.653595
-167.6828,1636.8575,100.84414
-346.5987,-1021.33923,94.84721
19.080364,-549.9337,167.40074
111.042564,1462.8157,132.41211
-24.348677,-1577.8354,142.72386
-299.49728,-464.49796,123.357704
-11.561069,2183.0764,100.62809
-39.018505,-245.6194,129.51341
34.65113,2160.3127,123.30612
-278.21375,-946.3296,134.4501
37.517735,-731.8324,145.57294
-83.24287,316.2748,126.98988
52.494762,1253.1013,132.12714
-251.39558,-46.21853,122.424515
-47.46751,1018.9821,116.38983
107.91165,898.07544,142.70894
-234.90169,-687.3015,132.9324
-12.799518,769.9222,127.61342
179.61284,3408.1257,101.52708
26.959152,-591.45056,136.71483
248.13892,3278.786,117.0506
-19.211985,1493.7803,111.54261
-57.984875,-1318.3267,153.64108
26.895342,-860.2412,128.04541
-73.852325,-1745.6064,164.38377
-77.97671,1940.5272,102.9222
-255.45122,-1219.4131,110.92171
-218.74509,-910.0399,113.58823
13.699912,722.1802,141.86984
-176.77547,-1063.5491,144.80562
-87.92771,-886.39014,126.91012
-185.90514,-647.08813,139.08792
-7.2008753,2532.3157,117.237274
8.806574,2190.5825,136.33789
-174.06693,75.05064,122.469185
-16.838434,763.51575,130.81006
-252.99977,-2978.2576,157.46663
-170.03548,-313.97208,124.37105
-336.15735,-1013.08105,139.80338
41.84213,1817.3843,120.38498
-320.1555,-1895.061,131.75381
50.91741,1111.7205,127.21742
-98.50213,-1852.8413,147.38188
-97.268,2225.225,90.62613
-72.570885,148.19188,107.85932
51.126484,2391.8877,124.64134
-3.2249174,-484.31082,146.40767
3.3750315,1595.0505,98.811195
47.550774,1678.6642,117.701836
-240.22102,-1973.8862,152.14838
-214.59032,289.63327,133.73747
264.29807,5086.461,107.121185
-287.6159,-1166.9506,126.230644
-49.42351,531.1869,136.95453
-200.30577,454.80682,119.926636
-9.92699,1329.2651,125.9922
291.06873,2950.5107,124.31559
-127.01468,753.7061,103.883194
-124.364944,-971.4795,129.8852
-145.4405,-2102.412,140.8235
-172.49785,-2105.2542,133.92737
-37.26516,-959.23987,159.71971
-207.77441,-977.714,126.01351
-64.7855,46.532265,125.21823
-137.84164,438.89407,106.38145
-153.97127,-764.6875,124.432045
-167.99269,-2869.852,143.34055
47.18987,1885.6589,145.80412
-361.78394,-3271.2278,119.28022
-263.50412,-774.34766,100.211296
-175.22499,-1175.6,143.50381
-212.53685,-798.2427,138.4458
-25.314821,340.1295,135.18622
-310.72592,-604.006,117.86041
-226.62703,-609.5314,114.13125
-4.645108,1455.9797,133.29364
13.539558,2301.0356,128.12488
-188.52771,-729.5017,134.2123
-413.98196,-2176.1484,127.134
-14.409043,171.26482,113.04811
10.709555,1328.3761,122.793015
71.703926,2510.224,97.396324
-367.15848,-2032.2556,105.18506
-337.3758,-1528.3545,134.22945
7.0848713,-218.183,152.49854
253.49895,3411.2383,131.3767
-24.279913,-341.6038,161.22595
59.655487,290.31747,153.86484
-291.8391,-2596.5364,141.63821
-118.517624,-887.1221,125.62453
-57.72797,-2049.455,129.44324
-97.56834,957.95184,123.87526
303.08362,3768.6619,128.57059
156.04776,2820.3867,144.26486
141.63431,1205.0793,138.56146
-95.055214,-829.3601,151.09286
-292.31512,-3121.2031,131.6103
-166.85626,-1444.8945,125.24328
65.84433,637.1934,130.68124
57.562847,2046.0197,98.005714
-74.30328,-279.62405,141.6087
103.31932,3652.9329,84.31818
-97.6229,270.80527,138.95529
-42.07757,1960.1578,107.58415
-16.308184,-172.08363,125.29314
-160.33234,1373.9349,108.06044
-158.47516,-100.87313,119.8855
-71.56589,181.34996,135.28574
-64.44017,-468.92557,135.37843
-113.41528,-1881.6726,146.22234
56.70517,811.6644,140.05898
162.86874,550.31696,139.79497
-155.48224,-1232.8665,129.97795
-173.41492,-376.79788,135.97168
-242.1656,496.28394,101.9957
-177.09178,-237.34657,129.64293
-222.14244,-476.42703,123.71967
-152.01254,-1473.9285,138.32797
-146.3496,410.3947,117.823296
-87.827644,-205.77675,147.23837
-176.803,-259.44058,117.92677
-222.31525,-1669.8906,135.52708
-273.7117,-276.5878,105.07344
-273.43835,-2302.8135,128.81715
-82.47547,1178.4875,92.54164
11.468671,126.87998,128.47377
6.755352,3510.903,98.05007
154.35117,1942.0951,134.49321
-54.129574,-872.92676,145.75256
-77.887314,2198.1475,91.07492
-143.36824,1500.5825,100.70561
-305.7318,-1099.2399,105.42523
-142.64716,-1422.9417,144.74379
307.71683,2938.416,117.88291
115.33665,2856.919,124.57282
-92.50672,-913.21216,133.18683
-24.288675,558.1967,138.41568
294.10397,3426.073,107.19901
-73.02429,-975.03455,144.7269
-210.84172,317.54324,102.61718
-206.7543,891.4771,110.27269
-185.38637,-1511.2983,131.338
-14.490487,206.45665,129.78989
-76.97354,-1384.3748,142.45967
-258.6835,-2259.2778,132.07841
-150.64148,-485.21194,137.57387
-111.18876,350.3684,120.05105
-349.73615,-1068.7354,125.25717
64.981804,-463.96402,143.50046
199.50232,2893.8774,134.92786
-53.199528,-2047.0374,155.09464
-107.56874,-2630.4563,135.27115
-166.01746,-91.52651,120.39666
237.70328,190.80089,140.09183
-126.78244,-1739.3911,142.67262
-64.82151,486.69458,130.69595
-236.20027,-716.9651,117.64245
-119.25972,1572.8662,114.857574
202.32338,2648.3726,116.08023
-9.50212,2002.8912,104.669846
-40.072544,-399.09695,128.04216
-75.802025,-322.79373,147.29626
-92.756615,-121.76833,108.71129
-217.97266,871.04614,118.31337
-274.28415,-3411.8567,128.96936
-16.189508,1433.6703,119.17391
-317.98294,-3931.569,133.65868
-225.76482,643.44354,99.41126
-347.44913,-712.3501,111.033264
-347.4398,-3011.407,123.02406
-40.407883,-843.9833,153.34503
-128.82756,-389.44888,121.0692
27.09962,-814.7134,135.9151
11.586688,696.1963,132.91132
-300.10968,-2314.4272,129.09871
12.754266,-291.1083,145.43695
-235.34999,439.35492,111.79683
-260.46048,-1173.4603,125.13922
-84.21399,464.28552,120.954315
-217.68819,-240.76845,123.83124
-64.53647,-1809.2625,132.50374
204.98361,5754.141,64.83421
-133.18681,944.11884,119.98758
-19.199034,-457.51126,155.73972
-46.804737,-982.4524,140.67723
-126.00275,680.40216,134.10123
60.248123,1901.1693,124.097626
-191.84602,963.0064,123.20139
-108.21285,-1711.4885,131.2953
-94.19023,-751.5499,134.92091
-183.30492,582.3747,120.609505
-108.64639,638.3116,103.2454
-39.97289,901.26154,132.191
263.4613,3006.364,125.19883
45.71229,-1078.0735,173.31012
-191.40842,693.68274,123.06427
45.476955,-1037.2944,157.36348
-206.12617,-362.89236,109.95189
-178.98111,-3062.6377,147.95375
-222.70703,-864.4159,109.47499
32.14099,-735.42725,144.84358
17.13443,-827.00854,152.27264
-240.5153,-291.30154,124.80899
99.696175,330.65793,130.99133
-241.03026,-2219.5635,152.44019
224.22646,2476.9001,123.06703
141.29224,1534.548,125.26132
-381.31912,-4053.6248,130.6335
-119.73863,-2147.9468,153.05478
-133.71677,-3273.0305,135.18039
78.177414,1863.9299,109.18403
-85.08273,-3028.2922,152.56265
-283.65506,-2837.9102,135.3874
82.10107,4685.185,82.39772
68.75271,2196.314,140.8706
-63.388813,-1619.0166,142.25964
-270.862,1471.6863,92.214294
-80.52083,-6.3800273,139.6375
85.78939,-241.7743,146.68715
-121.71373,618.25073,119.48805
-38.147644,-3015.138,167.6313
-145.71358,591.89606,130.45212
-286.0381,-946.1593,106.43654
-373.10284,-2827.143,123.270325
-331.0774,-1216.1006,118.31913
20.302637,-404.63907,151.33856
-198.42545,-808.636,118.4258
-280.47372,-790.7473,110.31858
-227.56593,-1559.3308,134.2681
-285.1686,-2331.555,128.08098
-381.42786,-3697.157,139.24277
-158.72198,-18.478416,109.22878
-13.658519,399.122,136.61186
-112.40631,-2300.902,136.47577
8.035706,2700.3115,95.18019
167.71523,3018.6848,114.28877
86.760994,-656.885,161.40529
197.02263,2960.928,123.622375
-10.985841,-509.8151,128.71515
432.6544,1767.0865,121.88795
-52.78256,-1340.71,156.19643
-131.92036,-2303.0469,156.59186
-166.8326,-2090.144,149.09325
-37.159927,-350.7498,153.17819
7.8225517,1461.2213,129.01657
2.377223,358.24167,125.72357
124.75603,-565.21497,143.50781
-138.78793,-606.146,139.42062
-110.31934,-520.7461,142.44887
-78.06554,-86.66549,140.01064
-33.806927,-105.85238,159.44681
-177.23059,-1818.4314,139.18236
34.270103,2070.0972,115.893326
87.700905,-1385.7969,137.41959
128.542,-402.70267,140.80801
-318.15805,-1126.3334,106.888885
-16.655325,66.2996,133.71793
-73.740364,1416.6171,126.8226
-53.965633,1738.6497,117.54198
-186.154,493.34402,110.01903
52.311684,-533.0951,138.07266
-34.76789,1077.909,126.29169
87.13559,204.75377,116.74665
-43.88018,-2727.998,139.14491
-28.715353,-175.59584,140.52861
39.53808,1288.8875,106.90212
-92.90375,630.0066,126.59341
-309.8016,-1630.8379,122.84974
-344.2738,-3486.931,140.38568
-130.03409,-969.0349,129.46739
-87.271385,-1000.0493,153.09218
114.25827,-685.6753,160.6365
-166.05429,-757.32275,146.05847
205.09862,2007.6399,121.9908
-207.90244,-391.7006,112.664314
-215.47427,-1642.6621,125.778366
-70.91663,-1632.4338,177.91423
-109.55183,-1607.4563,148.30959
-324.95416,-2187.4778,132.80377
-123.45564,472.65097,148.8737
49.80162,879.33923,139.24512
-122.14366,948.98566,124.84527
-67.34718,372.29947,120.517105
38.408924,541.31836,130.20613
-44.64133,10.778358,156.54555
-233.67407,-1748.2637,130.2671
-342.80154,-1694.0383,115.86965
-258.42062,238.70403,118.63433
-167.08293,-1944.7197,146.84154
-186.63426,-2076.0896,139.54996
-158.89896,142.25053,129.97853
-201.6824,-4369.171,136.24176
-181.39658,-357.6746,123.973015
267.5135,1540.2046,139.82529
34.396347,1146.1656,121.794815
-275.76968,-2013.8889,127.33528
-73.52273,-502.15042,141.92863
49.50399,1762.8611,118.238396
-270.89648,-938.48267,131.90546
-67.20784,-1700.5249,157.02492
-165.49628,-2.851707,144.05818
-19.165369,-132.86464,127.97077
-16.199633,-1816.2024,150.31013
-38.429035,-845.8701,150.07393
-234.33862,-1298.8894,129.75787
53.954166,-1350.6555,132.56453
-13.718799,1971.805,99.061005
-192.72015,1114.4855,116.53844
-216.5478,233.30962,123.62831
-51.240788,-1838.0425,146.1298
-60.378956,-1050.1531,140.4953
153.90848,-1541.2537,164.4486
93.84507,-1015.6732,150.36905
-151.90837,-1216.7456,134.3005
-215.19208,-413.2017,127.00269
-202.14551,-227.74648,125.653175
20.397747,122.0543,161.43195
-121.15173,-710.2158,164.24194
29.296986,2284.1787,123.93555
16.698595,490.93765,139.37364
57.428806,1282.9917,142.99821
-10.19543,-200.54115,155.27144
-244.9969,-235.55544,110.986855
-368.55255,-2206.7188,128.35167
-191.7877,1401.3479,102.47335
-6.638877,1680.9514,122.56832
-51.49605,-725.77747,135.56476
137.00995,2405.3723,124.35829
-26.59976,-3522.7751,151.4762
-90.80053,-1708.854,121.6072
-30.907728,484.714,135.99915
-345.19644,-1753.6726,126.24653
-58.049137,-1268.481,145.97368
-174.20064,-1077.1703,137.28297
-166.7254,-1465.3828,140.0882
-39.42209,-76.41982,147.72757
-65.81506,-1139.9711,147.25383
-107.75511,-446.12686,130.36884
-230.88832,535.8755,114.53004
74.3606,383.12228,151.88971
-5.06763,-759.3302,148.42741
-4.979245,2274.925,84.89684
-156.10992,-1212.7625,122.89411
-240.1252,-2239.486,140.6574
-36.180912,-109.9443,151.37769
-100.29848,-2952.4338,148.13934
-329.6913,-3229.2786,127.22496
81.909065,-549.68445,136.29909
-423.37234,-1368.0513,129.02687
-103.093185,-310.52567,135.65567
108.510345,1962.7003,123.94959
34.37423,1877.9115,119.51232
-207.89328,554.3434,108.785904
-264.6473,-2594.1257,142.58871
-134.39053,84.14243,113.47223
-5.4344873,3011.0784,103.20643
-230.10016,-1102.6421,136.69984
231.20125,300.32187,134.72057
247.65733,2993.2483,142.4961
-42.379616,850.6628,142.07478
-159.04668,-1890.1956,136.1842
-31.383776,1557.4469,134.80898
-103.11151,-117.14645,138.82983
-144.26166,-939.07385,102.70387
-45.68605,663.2129,134.7706
-315.6029,-162.75502,124.303406
-256.09018,35.685707,116.62626
-176.01913,-191.21645,118.49263
-183.67699,141.60863,110.73731
58.160492,1413.8773,126.486694
-306.31656,-694.44763,122.80235
-234.39653,-457.53726,118.687645
-130.44286,-1172.9653,147.65259
251.79108,2750.1062,120.45379
-185.31134,-1833.2112,125.190285
-182.04305,-1236.2173,149.2123
-9.628226,1268.2126,117.84548
5.2784986,1950.346,120.3901
-140.84143,764.2087,116.368126
-85.19666,-571.47705,130.77484
-287.41476,-1244.1284,106.37569
134.37239,-798.9313,161.37386
-112.33229,152.84508,134.11311
279.8619,2044.6376,146.38828
-2.6047525,1096.8451,113.37267
-187.1942,601.8386,133.33409
-155.25694,-2683.6196,160.59402
-314.49915,-2728.8018,139.65974
5.423211,1554.4263,117.76357
-61.405964,-683.57434,153.61993
-135.9564,989.8802,114.861275
-392.85748,-1564.666,121.6589
-0.24473289,-83.53658,145.99445
-100.01831,1739.3077,122.79692
-102.11621,-2424.9924,151.1358
-365.7318,-1991.4592,106.38761
45.10027,1033.2377,119.5699
-20.20389,805.4953,120.85257
-277.8126,-1552.26,131.67981
-245.00496,-1526.3977,128.74985
-243.33156,-1873.9558,120.690636
14.593829,1299.2107,117.169685
-134.59064,-3149.3286,148.28212
163.27019,1280.4133,144.00667
-210.00038,-855.8772,126.046844
-282.84613,-324.1038,121.18154
-152.37764,-2767.0864,135.87321
21.46561,52.810036,149.2022
-72.98613,-1554.4717,156.9724
-154.05643,-1199.3835,144.83846
-230.19373,548.07983,112.28929
-108.98086,-497.40445,149.76103
-76.88513,792.50195,101.11434
-147.53409,-2760.9233,145.51195
-15.589532,1759.8436,118.7748
-127.23038,-1047.0964,132.43866
-220.81516,1142.5865,126.60506
-71.85609,-880.8098,162.91032
-67.65708,-1442.6873,155.483
57.87622,1978.5093,129.20961
301.93723,4729.5293,84.17849
-330.3188,-3018.0005,141.76506
49.87964,2375.6687,102.66045
-111.61951,-3047.8809,163.2281
-225.57262,563.7123,119.88365
-15.69793,2703.3582,106.15723
152.18204,1033.1326,117.72278
-109.84157,-1644.2969,128.69067
-102.6552,-66.128136,141.11516
-20.533678,1951.1282,131.9086
-171.87202,-1686.4941,137.56873
33.48457,1085.819,123.379326
-246.6986,-1418.1602,110.200134
-252.26323,-1339.2881,121.64599
122.72379,2235.2346,124.52878
-86.41159,-1284.4741,148.98557
-143.27374,-776.1323,115.80722
-60.69173,-171.6692,136.76059
34.942654,-1546.3657,162.53343
-61.5379,802.97345,124.78787
62.603146,763.5282,129.11794
-224.6637,424.3155,108.39202
3.5845804,-1828.7869,155.85811
-167.25217,-809.48425,141.10715
-211.7506,-144.00179,125.54794
-66.17457,-1025.1025,136.2718
-273.45166,51.46012,103.50878
-61.011974,-467.86258,119.99703
-7.233815,-2026.5889,142.89426
-63.191677,-827.45593,141.74875
41.69951,622.0729,136.45999
-180.61128,-717.3281,116.781586
-131.38734,1233.8297,115.59887
172.06805,753.7735,160.33914
203.20073,2990.0918,103.06414
-225.10675,-930.9481,141.50543
-5.099683,-2556.2524,179.48135
82.79854,765.14087,141.88628
-98.33443,-2537.6409,132.53574
-48.42979,992.0375,104.0848
-93.34892,-1306.4678,141.90457
-275.2179,-2501.1738,148.50856
29.010971,-626.82874,155.85268
107.20706,2384.535,102.3713
-127.10881,-1659.6453,155.38034
-127.25824,911.49963,94.760956
-147.34416,-482.5081,126.55044
-198.64581,-2844.5613,138.47887
-207.29991,774.5391,107.62458
-192.32552,-1268.7686,138.41069
34.820927,1112.57,113.101654
73.95101,2641.4014,88.090965
-235.83485,-2603.9307,120.60327
90.29231,187.30656,125.422295
-100.88271,924.8151,104.8832
90.9643,411.92267,141.61938
-110.05653,-985.77454,157.40694
43.7351,2667.4785,115.551704
-145.80609,-1330.3015,127.44444
-119.867065,-127.06051,126.62506
-150.74118,84.00205,139.90114
-136.71854,-919.01953,116.33241
-34.075798,46.74485,112.968155
-222.85283,-765.33154,124.20044
22.602493,-588.07764,151.28473
-30.25152,660.4155,145.33957
-107.760925,-835.77344,146.82878
-126.619705,66.46439,123.71938
-138.30814,-915.61694,126.42467
1.4952745,2095.3823,139.9811
-5.980117,-12.927147,120.98558
20.950325,330.7413,148.33015
34.938854,45.449257,151.0623
-333.64905,-1998.1709,132.178
-268.2367,-2941.2808,138.37827
-28.209322,145.88658,145.98581
-51.289715,89.17216,130.76398
52.637924,1604.5272,139.52744
-225.11716,-2401.702,139.85414
-138.4418,39.75907,122.342224
-121.12854,169.74644,115.441154
-113.263916,1017.19434,115.01629
-38.173904,-534.29724,155.02234
-146.68431,-251.95522,134.75317
-307.41574,-1235.6609,122.667984
85.60169,1667.0061,121.323135
-66.86841,-663.8976,130.3957
48.998386,2087.7834,109.13424
-12.960452,2770.1206,97.39596
25.056953,902.94525,124.70661
25.655464,2275.7388,106.37171
-71.16201,-34.28164,132.1023
-318.7123,-3600.2097,128.50815
70.98603,1522.2133,142.47685
1.2962799,22.404762,106.96941
-44.27438,727.38696,138.0881
-444.56772,-2743.0554,133.68166
-206.16164,-1881.3582,143.30516
-104.665215,651.78033,134.54407
-27.765547,915.23364,125.96267
5.5174484,1268.5482,131.04079
-9.638213,1549.8412,102.25406
-382.23932,-473.45145,109.701836
-62.484142,2285.5166,118.62837
-323.53876,-1365.8494,132.34117
-84.574486,-2647.105,155.91699
-116.54364,277.32675,108.0816
-373.78574,-1935.7515,113.74367
-95.256615,-2319.4526,154.84096
-325.8273,-1086.6406,101.480125
-270.29474,-1756.3174,127.53209
217.92749,2439.6426,136.10028
45.28455,2721.8345,87.924
93.42543,-1800.7229,160.17778
103.19099,-920.97205,161.22874
20.549194,2211.855,116.989105
29.324862,1406.035,126.60003
97.677505,368.0623,153.0284
-26.784376,-1810.8965,162.26923
-40.5587,1924.0686,132.346
-129.04471,-1821.5532,158.51047
-15.225024,1638.5477,113.32867
-359.60638,-2458.5657,118.05559
-20.893847,-359.70255,134.68451
-306.6052,-1437.103,139.625
-255.7819,242.22264,106.11101
46.14162,160.51823,150.50014
-142.91351,-1598.8579,152.33054
136.17648,806.1125,148.13583
-329.42035,-2452.164,125.79408
-66.621895,1100.9839,122.31658
-90.59846,-1507.44,151.31078
94.61878,917.1919,119.75165
-253.39198,1361.4874,78.95819
58.258934,637.7153,143.62685
184.76065,-1622.2573,175.86946
-345.8286,-1125.5415,110.66248
-132.0186,-328.47708,136.51622
-341.35715,-966.7152,117.988556
63.301537,1835.1782,137.99715
26.379421,1423.7053,136.61977
-284.46945,-932.5862,117.16077
1.4026556,-117.92568,146.45334
60.603313,-334.57315,172.31644
161.5985,1732.6638,137.36842
-230.87405,187.29887,110.388245
-332.89618,-2444.839,122.905205
-273.57837,-1618.3997,128.113
-92.48896,-2010.8198,139.08945
-312.86035,-2021.9817,133.6307
-177.86656,-3005.0735,157.45671
-122.8163,-1449.322,148.30391
53.705734,626.24786,122.04834
-369.2142,-3276.672,127.33585
-37.502666,3393.5781,99.698006
59.39294,660.85187,108.52368
-367.24106,-3420.8445,142.95631
-226.40573,54.482216,112.54535
-225.98102,-492.21268,127.55239
-59.585667,-113.24221,153.42555
-284.35706,-309.09732,84.56511
-206.97374,-1907.9412,141.31906
-309.88773,-1399.0874,122.94591
-336.1197,-414.46036,99.20864
-187.55081,-1621.575,156.71484
25.40421,78.61704,132.76491
-232.15096,-1965.6494,153.43073
72.336266,1160.4828,138.14017
-184.37523,3.0001607,140.36697
-67.957726,233.33531,137.32436
-74.18226,2951.1956,82.01338
-106.46781,-243.75197,141.88232
96.41782,199.6179,148.99123
129.49878,2774.006,117.32923
-17.204126,3351.6338,99.51262
-281.18536,-640.0442,125.38253
-47.291874,1311.8611,124.1817
53.16071,609.53516,138.39262
-53.880383,1759.0155,107.7202
-153.59322,392.38345,138.0794
-92.81169,1173.4812,117.60467
-143.3353,218.55327,143.08406
-187.66283,-1661.3977,145.56497
-196.67693,-86.43319,104.42361
-66.601105,-43.69497,115.457
-187.13486,-1481.634,142.9421
-134.68135,-531.7202,140.88191
-77.24324,966.59174,96.012856
-485.31512,-2570.2595,124.588684
48.555706,830.17914,136.29459
-171.58432,-3985.0208,172.31075
-49.532475,-994.18176,148.65657
-159.1288,655.70764,105.25377
45.274616,1941.6892,146.43178
-187.73982,-1418.9951,125.847534
-205.24387,-2965.4856,132.77298
103.23536,592.25684,141.00131
-117.848526,-1765.2183,139.07437
104.06341,1065.5706,145.03754
276.45676,3084.9688,137.69914
164.18436,-282.2863,156.81337
92.78379,1948.9609,139.36372
-308.2179,-1512.0757,108.77041
-126.39639,-930.33276,140.52234
-57.471508,444.30246,124.52185
-109.812614,1553.6095,106.94585
-62.516773,1212.1385,94.11116
-123.63124,-859.4059,134.92996
-168.03165,-1689.1584,137.49037
141.74585,350.5795,162.52957
-107.30204,-1392.3054,137.17421
-116.47513,-159.25154,100.06011
30.799934,182.36711,134.58025
-68.56106,448.74216,134.31638
-173.23322,2130.5503,95.38446
178.22598,2385.4482,134.73659
-58.39665,468.12897,104.63902
-139.6964,-726.44116,142.03516
-302.89355,-269.89066,108.644226
-94.31635,1807.0299,138.95284
-198.92613,-118.464195,110.80204
-12.779645,3011.1577,97.15859
134.36752,1692.6713,110.73807
135.98491,2247.5994,114.78825
193.67049,1657.0928,132.98055
-42.88176,596.2559,147.81952
106.3643,1723.4869,132.16403
52.65561,551.63934,144.25613
-118.37727,-368.54703,140.74963
-86.84189,-1238.0701,141.87834
-160.27063,-742.6677,150.37857
-108.703804,599.9853,115.3056
34.66247,-1410.8809,164.5211
-167.08331,-1203.4854,133.47157
89.697136,1303.6355,135.52008
51.98574,824.4566,125.88157
69.07967,2487.2979,112.23598
251.15909,6516.05,80.97293
-183.16675,-1073.996,121.023796
-218.66647,273.17465,112.7045
-168.6044,-412.11905,133.2376
-294.60806,526.8217,133.747
40.31391,83.17179,134.82335
38.84164,485.5716,127.02387
-187.4587,1031.3168,124.25456
-253.96474,-480.64774,108.72427
11.851696,-45.904137,142.31895
-137.84586,900.21857,104.21711
5.4555063,-1336.6111,172.33556
-189.41833,1777.6647,113.95745
-306.3418,-1682.1218,152.28036
75.64329,-529.0454,155.41121
124.79178,258.0674,127.14572
2.2299986,-120.376976,131.80324
-87.08121,999.22876,122.03501
-23.607214,59.191566,133.3556
-129.01065,-1166.1543,141.32993
-304.18503,-849.62683,116.57024
-136.24521,-2882.2666,155.42633
-238.64209,-785.4403,129.571
-119.66545,-303.361,141.48439
-229.82951,382.8154,118.135925
-268.04507,-1708.5576,128.0092
-83.12938,1763.4769,86.170975
-156.6401,-1160.595,109.52119
-188.4675,-1483.6311,128.0481
103.39799,1302.0554,140.51689
40.566097,2374.863,110.53793
-131.79694,418.42755,128.23395
-1.8013926,235.1035,138.47339
-147.34523,-1978.8972,150.53691
-318.45166,-1397.0256,115.898415
-198.47379,-515.0773,110.45163
-10.540721,26.664162,128.84111
-20.905718,-244.39235,139.77911
-125.670425,-1290.8157,131.34694
-160.18274,95.47489,108.97741
-131.40363,401.73227,115.549164
-272.04172,1584.5283,83.73707
-107.0759,-1732.8911,131.42496
-332.40292,-2559.5508,130.28258
-252.66365,799.50183,120.74995
-75.19759,-266.9351,147.31526
21.736168,1338.7988,129.57446
-84.583374,128.80846,121.04834
-177.0212,-625.5066,118.23347
-114.669525,-1520.7375,145.35524
134.1253,987.4409,135.02623
-170.86293,29.047829,120.35833
-215.77895,-905.949,111.88573
40.337425,-729.41516,160.20737
-197.15973,-1292.8518,156.43712
-367.51007,-1170.1676,117.07933
-178.70006,-2477.013,158.13612
-316.27167,-1396.8145,101.45521
-245.15565,-1957.6704,131.0408
35.510803,311.6675,143.0887
110.0905,2301.4744,108.32488
-177.90515,238.10435,124.660034
-235.85622,-92.58254,120.641884
-136.86806,422.42126,122.89733
-237.41705,-1844.626,139.23126
93.12467,1264.9432,123.18569
176.4809,2128.248,119.129776
-22.33896,-737.99524,134.63652
-169.16791,-312.54593,133.78893
-18.074186,2052.189,100.49813
-70.06817,1099.0375,137.49142
-44.075413,1027.0527,109.27281
-22.371298,49.338844,116.38148
-272.08707,-995.5729,118.04146
-101.513565,1647.0208,104.56517
-72.783165,-925.53625,164.25694
-333.42285,-180.22475,96.01465
-77.02128,-626.64624,140.02692
-30.412779,227.61418,139.84421
-254.82762,-1467.291,116.9885
109.69287,-82.20266,146.84634
-56.1797,-89.89425,134.94421
-148.23268,2082.4521,110.24891
2.9307728,-2470.827,135.7412
26.397465,1390.0404,134.43265
-114.69948,-729.05994,139.50551
144.29466,383.62292,153.41383
-384.341,-1149.7523,112.24584
-332.33893,1673.425,81.31587
-332.35883,1067.5829,97.29617
-60.30321,3073.8318,97.106926
-57.005848,3029.8198,83.90489
-184.83203,-338.03445,121.68215
118.773575,1487.0231,128.95355
93.09186,-1042.2899,145.95699
-164.5188,219.03923,102.25257
-225.02316,422.5875,113.92214
-181.91194,-81.76986,112.059586
-12.693822,-587.13635,155.86615
-253.5508,-119.87557,122.7099
-244.98985,-361.91556,114.03491
-221.95721,-1182.8195,126.094376
-279.95462,-1991.531,134.38931
-230.87392,-2019.4736,130.94139
98.42562,-1102.3069,157.34874
138.08113,1872.99,143.05571
-87.468704,1353.5686,87.876495
-20.533243,2260.1174,98.84335
-322.04364,-1075.07,108.123604
-148.95973,1008.4713,124.16883
-160.57521,-1803.4685,154.78314
-28.707659,1522.9774,98.01176
-420.78568,-2411.4067,109.95088
396.59064,5075.252,99.510185
-204.20403,-1928.2883,123.8464
-47.12407,1120.5033,121.85157
2.334896,86.60807,153.04045
-60.328823,520.9019,136.6705
20.576252,2868.2795,96.11759
24.100706,-1060.2773,143.89047
57.47423,868.26654,120.83216
272.04123,2171.962,134.44234
-230.36455,-1006.56384,125.85129
-218.83174,-2012.5005,133.98564
-315.41357,-2714.85,124.56753
-120.41547,570.6499,129.94391
-336.88367,-1363.1902,119.58167
-86.90894,-876.8738,142.84439
-205.43993,-1631.1602,134.15575
-135.57327,-911.95984,134.37218
35.49103,1030.7256,145.01814
-61.708187,1271.851,133.01572
140.64922,1484.7341,122.39085
-318.27307,-693.47314,100.679565
-166.88902,597.59155,129.46968
-272.84613,-1327.7383,127.14173
-98.9986,95.735756,149.46777
140.33476,834.1974,130.63791
-56.234783,1715.1475,101.82042
-298.26358,-1241.6777,120.09473
-130.77943,-2612.625,142.84024
13.727553,-1040.1722,155.04482
-197.19194,-391.819,134.31467
-132.98685,-2492.2788,154.55518
-279.47928,-2051.5486,118.30277
225.20584,258.84903,160.3934
73.019554,2214.7493,112.94894
-289.98303,2560.9302,79.71547
-118.62306,-1861.51,139.90344
-73.92155,960.861,113.97542
-272.48495,-2457.7544,140.0379
103.55959,1468.1439,136.50253
-211.53291,-2518.4397,132.48775
-130.51826,-1123.3265,116.55311
-125.511826,-1009.4364,141.29524
162.86841,3663.228,116.47964
-3.804061,-2586.3154,173.93709
-180.47253,-972.5646,146.74023
-49.60068,-1202.8652,137.04385
-49.459652,-1337.2307,147.33708
-281.16406,-3336.1174,132.44533
-243.66588,-1741.4617,137.16086
158.02214,4105.8867,89.21093
-168.18991,-2320.1978,151.53865
-105.28408,198.79265,131.18338
-66.49812,-253.3954,113.83887
14.828278,1830.4275,129.1749
-226.23055,-4.813926,126.70568
-52.89741,187.85503,140.672
201.83192,3574.256,119.50687
-37.554447,-825.4114,139.08563
93.40898,-670.51013,160.61844
-77.53523,83.04032,151.4285
-105.736755,-198.36195,139.99655
-287.85333,-1971.7869,136.34935
141.77751,2529.761,86.54064
-288.83398,-1112.5636,107.623764
-234.07806,-1107.937,128.06886
-137.53285,-3286.3997,149.89104
-93.84631,1483.0199,105.81269
-218.65596,-1120.8582,144.31306
-108.99402,-1478.9968,150.5527
131.55821,-651.9208,157.16893
-250.96269,-1981.2244,112.89054
-87.29533,103.900246,129.72232
-18.247961,649.2183,124.96772
-55.44534,1750.2355,109.46646
-155.93378,569.28064,94.00425
-122.468414,-86.95516,120.32225
-277.00198,-1952.0198,127.92279
-216.38742,-1633.835,111.796715
19.103468,-1135.954,143.98267
-200.39873,1865.3458,92.93661
-52.514126,1642.4889,105.20073
-35.212772,838.21387,122.31447
-192.65529,60.34281,129.8272
-262.34854,136.08012,110.81275
-61.138515,1002.0696,114.19226
-139.18794,517.25385,105.95056
-22.550451,346.39078,124.229225
227.97234,3622.836,100.63887
-177.60432,-1486.5264,124.67809
-131.32962,249.4937,116.768585
271.3889,2556.3145,147.10052
-25.86556,-301.45633,115.93143
-241.96117,-1460.6218,129.79028
-2.9860296,-1515.1123,155.95892
149.84726,388.30133,131.56764
-84.300835,72.04179,129.18016
-235.2085,-1800.0764,141.14133
151.98386,4461.501,96.86284
-19.040106,-684.53735,141.20192
-126.22943,-2830.912,150.18427
-152.34981,-795.0974,134.46265
-56.598392,1525.1786,92.47898
-46.744904,-1430.206,142.9302
-24.544054,2739.2441,92.10517
-99.67585,-1356.936,161.93622
-177.22539,-674.67957,113.82994
-326.51385,-1315.4636,110.27307
-37.242634,1810.8403,122.961464
127.5176,695.9869,144.3241
-10.870034,1971.5173,110.16624
-245.78645,25.486244,104.090324
-267.94278,-750.34094,116.24025
-351.2154,-1212.6328,121.99104
180.87573,2451.3044,128.60004
49.680553,-1353.9985,134.00262
-114.21889,-342.30252,130.68787
-194.31346,-686.598,113.186714
91.53692,368.0676,156.66766
192.46684,2631.8557,136.05339
-73.37678,-440.40274,122.45172
-110.26109,-1591.581,132.07442
-164.84877,1146.417,116.559006
-364.4176,-1923.2314,124.4714
55.417908,2566.4602,103.03375
99.4723,4274.189,96.43797
-249.83391,-734.47864,136.34145
-232.96342,-290.5236,137.14993
-18.044558,-530.3434,145.37251
-267.0719,-22.423058,124.90359
-184.489,-1247.8159,109.52205
54.2727,1487.8683,143.41191
-80.204506,338.12173,119.50761
-218.74867,-79.79153,111.55777
18.913471,1363.6433,134.66289
-227.91995,-804.6592,125.2366
-153.1448,-401.27554,138.13786
37.95386,609.229,146.69301
-280.55444,-885.584,120.50854
-288.88306,-320.50967,124.95709
-109.791916,410.12625,119.73753
-184.2226,-1549.134,124.51038
-98.09793,356.66043,136.64302
-143.87617,505.36646,127.16548
-140.46921,-2833.3872,150.54388
-135.79199,-125.6661,118.40943
-207.80188,-3171.906,142.91444
-127.17761,-1740.1077,152.46716
-156.07986,-2011.3525,149.24194
-151.86227,249.9752,123.79716
-216.3427,969.5429,111.34802
46.965973,602.7692,145.7392
-135.58426,-414.99026,123.42627
-164.71547,-2144.2844,157.52206
-339.13208,-1123.6051,108.15751
-37.840775,1420.689,118.82271
-45.169685,-530.8723,128.74065
182.11763,3253.4878,83.232414
-50.937244,1447.2118,92.452385
9.294351,1068.015,122.68697
111.530174,922.08453,129.33325
-5.429637,400.41086,143.55164
-146.09679,-561.6821,138.88333
-170.86343,1010.78735,110.29226
100.4145,1404.4886,119.85328
6.4233866,-1037.8759,162.44987
-171.03288,-1917.9937,156.5737
-309.60336,-2414.7332,124.239044
237.91801,1387.0986,138.94139
149.04778,1418.4822,148.53862
-46.564304,2111.4314,135.35272
-225.54774,-809.7363,122.52226
-28.443361,270.09537,140.95172
295.40384,1470.3845,171.60619
-177.15445,-318.10257,122.77378
-268.23358,-829.42053,131.57927
95.37964,1714.5647,115.54673
30.637125,2157.2622,118.99108
-96.21601,-1102.8499,150.00348
286.19485,973.1367,122.51638
-214.25279,-640.25354,131.21504
-169.24286,1424.0453,118.52246
-60.979664,-1575.6921,146.78856
23.304514,942.9335,134.72935
2.138133,-84.20406,153.84515
-262.24045,-1208.4656,108.38653
-178.28706,-1743.3281,141.34921
-54.275402,362.44125,125.7536
-92.3322,861.06744,104.913025
-127.17093,-1128.6201,156.18384
-205.48361,210.81956,110.1016
145.45772,-86.73214,162.25269
-330.24582,-2164.4666,127.43133
47.71258,-1419.8091,146.69649
-87.25377,754.1957,102.67261
203.63776,402.0713,148.16081
-98.79751,-1379.4783,135.85782
46.776936,-2043.9702,160.39543
48.789845,996.52094,141.71164
40.823288,1066.1101,136.40575
122.77572,2776.619,104.97541
-62.237988,384.6177,141.47374
277.23843,2686.528,104.16096
66.88433,3250.5608,106.89489
-88.68281,1855.786,114.51892
-269.89026,79.82334,111.71742
238.37521,2069.3655,130.74854
-163.08527,-2490.9534,141.87265
67.2927,549.8303,127.27646
-371.61014,-2877.4739,120.33521
143.60112,3046.2883,123.21284
73.95561,-1858.46,168.82042
-277.0266,-2206.0537,126.31898
1.1169043,2450.1365,109.20895
-64.73777,-105.350975,132.48248
13.001301,-531.47144,143.76285
-198.2664,-1860.2778,127.7904
-56.272785,-669.2949,138.02298
-221.05765,-614.3987,125.06255
-289.58322,-2313.4534,138.02863
-131.60677,-1389.3777,135.50746
-104.80223,421.88855,108.58824
-233.9154,-1822.2249,131.91731
-65.875534,-520.8014,139.345
-252.52342,-1083.1245,149.42131
-226.08835,-1905.6514,141.08408
-331.1796,-1999.1123,124.89198
-71.166115,-641.5504,143.4399
160.8576,3558.8064,90.14698
265.685,709.7133,129.16486
-56.52695,769.14655,129.86508
0.09197519,-730.16516,131.22295
-276.44678,-395.56326,93.92921
76.370316,2499.5527,111.587265
37.95617,3065.8884,95.26359
-247.5301,-456.77554,126.08631
-155.64246,-2875.177,158.62799
-206.3261,971.37445,85.70906
-426.91553,-2212.448,107.33033
-379.0109,-3278.342,119.81291
-76.986725,-170.42995,138.17807
-233.39874,815.9887,105.84379
-208.80942,-1504.093,147.02806
-258.40958,-2546.7512,135.13239
-216.12263,52.524757,139.89879
-265.89502,-320.21878,117.41439
-78.074066,-1954.7314,156.11115
-163.7869,-974.7821,134.51483
-60.935184,3340.663,85.34468
-145.67679,226.283,104.59854
-227.26845,-651.00745,128.86272
-106.85762,-367.33878,139.56374
193.38074,4391.8354,100.63103
-185.27124,-993.473,128.65388
85.47543,-769.72546,151.12021
348.4258,2399.2249,122.01833
-74.15115,798.5665,127.04085
71.6354,2558.4375,101.24402
-95.75494,-1238.6184,149.7001
-57.073956,-1852.2488,144.0682
392.01767,6357.1943,78.94241
-58.697323,-1091.678,150.82378
-116.44585,-1233.386,151.48354
-226.53157,-346.3483,125.438286
-154.51306,-573.8635,127.03989
-246.18996,-1128.4023,124.07825
191.09679,4720.533,86.18642
-82.182625,-2064.7358,148.62776
85.97409,2807.7698,91.80712
-230.45833,-1018.76685,118.07743
-95.357765,378.30273,135.59328
-62.921658,-2149.1992,144.13872
-163.26329,-135.13539,133.0301
-255.9597,-694.31836,130.0127
125.61554,1333.3676,158.58784
-203.52432,-1884.5642,125.06249
-128.34683,1067.5696,106.974915
-10.626697,650.5595,127.882675
-174.98344,8.280006,129.97096
-263.0645,-3148.4407,144.52597
-156.74667,-912.6688,128.39903
-21.29431,333.27603,115.5881
-110.21764,-468.35098,125.61316
-214.54564,-177.2593,134.1505
-133.97911,-1004.10266,130.38094
229.88237,282.24997,149.63048
-23.418589,-1096.2112,152.22115
-359.4992,-2595.2185,120.77037
-103.36765,-802.9158,142.008
-256.1191,107.265114,126.33938
-48.448093,-166.29616,155.46675
32.083538,2915.9084,97.89506
-8.49764,-579.88354,127.67339
-53.42303,2232.3513,97.93371
-31.721582,1400.9752,114.86182
-305.27908,-868.8629,112.26323
-323.5042,-1972.3809,117.814674
-378.0059,-3098.7676,132.02657
-318.1169,-650.2909,112.951836
197.34361,2604.4666,137.70093
-143.21857,501.09387,102.53767
-287.8108,-1225.0906,134.04901
-227.52179,-1080.5342,118.75433
159.14186,2715.7,104.86957
127.78002,-324.5729,169.77039
-13.096139,2412.7964,94.85603
-74.02734,-2012.4211,154.66583
-93.51683,1428.7926,129.75105
-245.71468,-519.0045,120.09696
-171.04851,-2608.3152,156.05069
20.716223,797.30414,136.88313
-211.27153,592.41766,113.49641
-173.38838,334.54074,121.98497
-48.266956,523.7063,147.00475
-69.0542,-583.0383,134.6754
-142.78851,-626.916,127.41243
-205.86057,-650.26465,109.981476
-242.9246,-1137.2942,132.12776
-212.41594,-1706.6509,149.83487
8.63172,-289.84915,119.10244
51.86164,676.48895,152.95987
-306.34152,-1041.3864,108.840324
-152.64493,-1131.2233,117.21004
-243.00905,-140.2419,118.36631
72.97046,645.6755,128.5047
-196.69191,-3093.8528,144.04498
-116.69743,74.286476,120.250404
-189.86247,1522.3093,100.273094
177.51529,1767.4327,124.116394
-230.7197,-2082.8862,145.9714
147.6633,4212.517,84.31458
36.336266,400.4014,155.0106
-267.1451,-1651.5881,127.899994
-127.34285,100.675514,139.01071
-318.05612,-2263.6233,132.9669
-360.65826,-2016.5793,107.297386
105.44711,2526.6763,114.7255
72.44827,-83.762474,128.58556
-67.725945,-1132.897,143.1596
-237.08257,1549.5273,73.276695
262.03937,2852.6287,113.150826
-65.55121,-227.09206,118.2886
2.3539124,368.88974,120.002304
38.746292,1792.0768,124.869934
-33.36455,60.14927,139.1621
-273.19717,-1090.4912,134.03107
-180.62012,-303.4274,119.05447
-208.32806,-995.5768,117.4952
-104.51635,-1888.1323,151.45029
-182.98885,-912.58594,127.61242
39.904755,768.4832,131.17506
-116.4037,-881.8685,136.58824
-164.87732,-3212.373,165.10966
-333.54318,-1416.1941,106.86692
-160.01897,878.66077,126.40838
132.6535,-1392.606,170.5591
-210.24074,-277.85867,139.92632
76.32094,2544.7485,106.38637
-227.1899,-2464.386,140.92235
134.25069,1466.6018,124.35425
8.632465,339.66666,138.40245
-57.87701,-709.3699,138.35521
-297.06976,-610.7538,124.72215
-157.84537,-481.81607,150.9644
-457.8801,-2811.2473,121.47999
177.87871,2247.599,108.523094
26.815372,2100.5332,103.27476
-201.1157,-1525.9275,141.05629
-201.0135,-1556.0183,133.48064
-243.57106,-1252.3013,125.89481
-185.80537,222.20006,133.60704
-56.893955,2630.5786,85.31103
100.07362,3600.8765,100.46227
-167.84271,865.38727,96.94549
49.406616,1159.1812,141.03496
-429.06717,-3347.923,120.01762
52.17345,911.00507,124.87124
-173.21077,-1039.021,128.76167
-21.553232,-1646.0078,166.18062
-74.70626,-2565.8813,178.99774
-105.28052,-2679.3013,144.95578
97.79165,-427.60477,151.60858
-248.96547,258.11984,102.69053
176.6552,2187.442,107.22641
-187.9793,-833.275,113.97405
61.690002,448.18753,131.17296
-196.38605,-2940.8718,153.42433
36.847797,2986.3176,105.33039
-305.42017,-2122.036,131.38531
-88.4377,-392.58023,130.70982
204.07454,3219.4512,99.23162
39.25081,325.4316,126.16247
15.211059,-229.50099,140.34135
-35.287693,-370.57095,157.96547
-103.26187,-345.98904,133.46953
-139.8918,-410.5966,141.13896
-322.07413,-1415.1536,129.76224
-45.412064,-2747.4663,162.02286
-197.73424,88.04801,130.20772
-119.9344,16.464272,134.42802
-136.29419,176.2061,109.5303
108.69818,3198.154,112.65
-181.85143,-912.7794,132.62209
-174.63231,573.126,105.7923
-143.40674,-2050.894,157.34998
0.76493454,-409.17276,157.59244
220.90446,3800.8567,107.74307
-67.16213,-583.4861,124.493355
-27.015047,-1237.9846,152.09453
35.625336,2999.5686,107.545
-183.11148,-1027.85,143.20213
-307.10718,-1088.1515,126.22832
37.852528,-333.27225,158.21025
-104.97721,741.29065,131.03879
225.64157,2441.651,93.48621
73.78233,3845.2407,55.629242
114.68905,2279.8948,106.607666
-24.765802,3512.5051,79.339294
-367.00174,-1595.1707,118.6375
69.63031,1494.9528,108.38857
58.54401,1448.7328,140.1821
-122.28348,240.64726,130.04861
-96.96039,-254.03163,141.90717
-188.11229,2015.8043,104.1702
9.163133,-1161.9318,157.97595
-142.03358,-187.06471,137.16368
63.81877,-160.30031,154.71794
-85.91915,-1948.8347,157.36534
-149.34221,-1696.864,137.01312
-106.64472,3447.0698,88.08182
-98.07963,246.9843,129.55478
-229.05725,-915.1907,123.40748
-222.80957,-356.01675,139.8123
-77.14053,91.759254,139.67958
46.200523,-509.0231,159.76268
-136.50711,-540.7484,111.71766
10.938067,986.9164,122.31024
21.98854,217.13115,137.29572
80.00548,-526.34753,159.79694
-304.21225,-1830.4158,129.56543
-26.806643,1646.9211,92.10693
-146.77768,1625.7155,97.42727
-53.219387,999.7307,111.75502
111.56183,2364.272,132.74792
-71.58312,-209.49416,153.02179
-76.213066,-634.9501,140.02368
-345.08804,-3369.597,131.7689
-98.19727,494.6618,120.38918
-307.44736,-1826.7319,124.04654
-146.55644,376.11755,122.16469
-56.086025,-1010.9916,152.61531
-120.43712,-1621.8135,155.0585
-96.309074,210.25145,121.75905
-266.66492,-1502.4031,139.89061
-226.81409,-916.0867,125.55544
61.333378,242.42155,148.13893
-71.67159,1853.3412,86.33605
179.69118,1707.8784,118.01391
-323.5209,-3107.9727,141.38737
-198.91685,-1896.1147,137.1007
65.633766,2973.5325,122.65476
-123.079926,-1164.5327,135.93309
-20.11843,1410.8712,126.275154
-181.35881,649.7476,111.54519
-360.74826,-1863.7224,107.79902
-326.2939,-2418.1943,130.78067
-138.5608,-1769.885,132.57503
-278.1796,-1534.3914,126.179
-6.935111,889.47906,133.70024
-137.63199,774.6701,135.78583
-2.6105833,1542.6941,137.86789
-5.139699,2009.8026,87.51514
-43.89121,2046.4525,117.524506
-167.95317,-1199.366,154.04964
-101.145065,1144.8997,128.80608
-228.64677,-92.24081,130.41371
-101.63759,717.1311,133.75319
-171.58334,-1544.3171,134.44562
55.936455,3940.477,97.7957
-47.180374,-427.64236,146.41165
-347.09595,-3071.3855,114.18628
24.543367,57.16886,148.61037
39.184994,-611.9995,149.66798
74.40553,852.13525,96.49318
-67.735794,-714.2449,132.50957
-85.71623,1269.8069,111.15289
121.04098,2105.168,118.1626
-164.13884,-1538.706,137.41214
36.4444,948.2428,137.91423
-24.447779,570.21,134.15973
54.63714,944.8089,104.8682
-124.401825,-1817.3062,140.68991
-125.431046,-1480.3247,148.96742
-159.28851,-1527.6882,148.29953
-181.69498,-3.3005595,128.36798
-65.17073,811.2552,123.441086
-5.524726,2718.6592,86.305275
94.84267,-1721.623,171.00551
186.4302,624.29004,136.07866
-86.35585,2057.5151,94.409904
-51.197704,-517.27783,156.53885
-54.81085,-1866.3596,150.98445
-263.08038,-2226.318,129.45901
86.38757,251.05016,145.91463
-146.8492,-141.39406,123.514305
-174.72737,-963.7584,132.33133
384.14896,3774.0178,135.88354
-111.66533,469.79782,131.17926
-99.7172,2199.282,119.79415
-157.21631,1108.9099,116.435936
-130.52823,673.2278,104.59816
-311.7261,-1609.4036,122.26915
-105.94241,-591.0436,144.4342
37.2304,2026.4808,80.426544
-262.76282,-544.65967,120.70881
19.378096,2103.7363,113.952065
153.7354,511.92603,133.3547
-159.19556,-1905.7009,157.5855
6.0059233,684.39856,137.82175
-172.25414,-700.43945,129.89017
-270.57114,-1017.2882,114.06729
67.466324,-131.72005,150.86629
-43.858517,-804.0624,152.68304
-56.19221,750.50104,154.1122
-40.82446,527.84,133.63719
73.96215,2515.6902,106.554985
-119.680145,1162.8691,127.22806
-377.24976,-3457.7263,134.48563
-251.12404,-520.01404,113.43123
32.941,1025.0585,141.76491
-209.47993,-1652.2786,128.88687
-154.95624,1192.9941,89.14171
-137.13542,1281.483,114.524704
-81.812294,-513.51,143.97176
74.26378,1402.9269,128.47466
-130.73949,1176.9801,119.05477
-177.91687,-2200.2166,140.8469
-232.22125,-1371.7302,148.2994
-203.49455,-143.25362,131.41833
-79.51206,985.9639,126.25769
254.10449,2547.154,133.3309
-383.4434,-999.9409,106.052734
-464.5535,-1809.7053,109.96158
100.67653,2170.989,130.88594
5.5472813,766.8567,133.69272
91.26384,565.2421,119.08116
-150.34709,34.302956,141.908
-171.85928,628.8558,96.594055
115.96269,1366.7211,120.76736
-42.694313,-1595.7146,152.85689
18.615868,471.6423,130.70808
73.977356,1862.4265,100.7489
26.834278,2065.9246,107.085495
-49.25201,-1712.3342,158.5522
-104.9738,594.325,131.85062
-73.15153,932.01697,135.48114
-20.510191,755.6694,119.450264
-234.09265,-1728.8225,118.763756
-6.9957266,-537.6007,134.15178
-245.32503,-2598.5261,115.68445
-384.91653,-2563.0867,111.84087
-190.70447,-545.49695,130.30426
-168.29945,-746.7118,123.29002
-173.49976,113.11845,120.29102
54.749977,1796.886,134.20871
93.45497,211.46867,128.10591
-210.32669,-3209.6304,136.28078
7.4698076,-1091.2064,169.59326
-183.9422,-1927.6941,140.57509
-133.71796,-1475.3015,148.33401
-293.78076,-2304.307,130.56818
152.01808,1517.9929,129.68805
-260.6727,621.0403,108.42638
-176.99496,-1168.7592,134.49484
-114.258286,2794.9421,99.49233
-189.49187,-1451.6846,115.52135
-114.51787,1094.2034,103.20697
-56.665417,-22.761986,116.62097
136.17242,3062.2932,102.91167
-205.62502,-341.1265,131.2879
-31.974104,-1547.0872,151.12466
-189.57594,-2621.7021,134.22377
-337.88058,14.660133,112.81316
-52.77418,1706.0557,101.51436
198.31929,3075.4714,79.49179
265.51346,866.3803,124.06794
-101.811966,-864.1909,133.52556
14.903766,-1572.6826,172.67645
-47.354122,1551.0846,98.55343
-305.2823,-350.5209,113.47523
239.09024,3663.831,108.08785
-361.83444,-1819.2246,122.91567
-128.32455,492.10843,111.58778
-64.94359,1033.3964,124.577835
-9.303079,416.402,143.00282
67.53018,675.54987,127.54214
-282.8043,-1568.9187,129.71756
40.095444,1952.1493,120.053
-18.835936,-2376.6926,137.63899
-277.7962,-2202.5862,107.93866
-232.3713,-678.61096,124.9384
-241.52684,-17.19033,125.60159
-189.65028,-3065.7205,133.40894
-191.54915,374.95856,110.25151
-240.0801,-1830.396,124.70654
-211.91118,-1731.435,137.33055
-453.78998,-2954.1436,125.721924
-222.44269,-1009.8877,118.966896
-155.88873,-1325.5906,122.00555
-159.24538,-1336.064,123.385895
-61.11797,-180.19911,146.30403
-262.71094,-1737.9026,118.304924
-239.18736,-234.23976,118.36459
8.739241,-18.98806,138.89507
-187.97203,-277.8151,115.65054
-8.132077,1666.8856,127.01812
-89.08537,-473.22964,152.81197
-386.47195,302.9457,102.42519
-274.33344,-1370.5112,122.23186
-287.98224,-1401.8513,110.35897
-66.67644,747.0876,106.98883
-86.853165,-309.94925,132.24683
-112.862595,-1672.4839,138.60944
-77.42337,-1240.9712,144.2661
-88.49446,-978.4785,153.08496
-227.31708,-1714.5371,131.61499
-68.84659,1984.1615,124.04575
-229.59348,-283.22855,124.388954
196.21474,3051.3147,125.73464
-74.58534,601.70825,116.28737
74.57395,2666.0247,111.769005
-94.30879,-889.5764,142.17073
-233.887,-1561.4241,136.71194
-227.15977,-40.471764,119.10242
-150.27777,576.47504,101.67947
-150.36241,1190.3655,99.04693
-310.5792,-1220.7302,115.21931
-268.52686,-2458.4934,144.60252
-181.38722,-2774.871,149.86842
-91.66431,-2573.528,152.44061
-248.50774,-848.20496,120.11592
-88.304276,166.71996,128.01187
228.34314,3060.8042,137.41467
-328.032,-2341.425,141.02083
-223.14139,26.850868,124.545715
-6.138856,1373.7692,121.31127
212.8656,2160.4673,140.00865
-237.30745,-1505.1868,129.62857
-142.86314,-99.08138,124.92157
-168.43018,-255.20522,105.66188
-148.51065,410.32593,122.17223
-214.26302,796.78534,102.66838
16.702824,1210.4812,138.9642
-182.6265,-841.181,125.59448
-116.43109,-566.469,115.80183
-6.0194426,760.7248,139.79936
-141.3217,362.63147,109.48092
-311.54123,-668.6056,108.5007
-311.4598,-389.7891,108.10962
-75.9719,1332.1864,102.82673
-127.77138,882.5726,125.378876
-98.5995,-519.7766,125.28115
-232.48015,-151.1894,100.89083
-142.64691,-81.54183,119.43232
274.72537,3380.6597,144.38263
-112.49461,-737.0742,158.7443
-81.48967,200.18211,149.66817
-198.57018,-768.0748,130.80717
26.676022,1188.394,140.02687
4.1072044,1996.0358,127.73755
-20.745878,-539.4429,120.07624
-30.989157,-121.18478,116.216
-134.96107,-1795.8206,142.88062
-74.04906,-1434.7915,144.08282
-14.424609,-1568.6819,147.03044
-160.4241,-802.5614,140.09863
-121.90694,-678.687,137.94632
-218.79137,-98.14864,102.143425
-166.9737,-2019.2937,145.7683
-125.23593,-662.583,133.71812
1.6181355,-297.34427,133.06514
-324.21814,-885.4276,133.72676
98.58274,494.02902,131.53485
-30.292223,-662.66504,160.38586
-235.78384,-2146.9666,143.80736
-108.20406,-1899.6736,155.75471
-21.959776,612.7367,112.39617
326.94702,3244.547,147.66986
-205.30438,-411.126,132.98184
-136.89468,-644.1008,131.96999
-134.19456,-271.13626,115.08336
-246.54466,-414.08853,115.86219
-283.84915,-2950.408,141.57207
312.3838,5808.9497,86.99367
150.46054,1088.4315,149.06554
-63.720074,-9.83065,127.464035
317.43466,1701.304,157.5042
102.51257,663.0329,135.8063
-264.03687,-1534.9089,114.276886
-142.11552,-429.48892,128.59583
-259.48145,-1182.8245,139.71588
2.1940975,-185.1144,137.45006
28.670944,2095.3108,114.922325
-125.26701,-1459.1816,147.7772
-120.755585,-794.13806,147.84204
66.24045,1945.6348,113.91496
-144.78932,375.5798,122.26148
-192.80298,-1284.0085,113.878914
-3.5836287,-1495.6028,153.43864
-207.72852,928.1719,95.51505
-219.37009,-1199.6038,147.20432
-140.77283,-861.7731,122.670074
200.50436,397.2096,158.29947
-113.62273,-379.87015,154.10352
100.00242,3637.63,91.29363
51.32105,-463.87015,154.30997
-63.523426,-18.114342,140.33235
38.842407,-109.34457,138.79636
-174.39055,2316.1206,104.71636
-359.1098,-2397.0012,136.5707
-29.315641,-273.1995,126.774445
-204.90088,-2426.4458,143.61646
188.84595,2481.211,111.468666
-245.55132,-3853.59,149.32637
-53.75974,-121.859215,121.01603
-216.37854,-2019.6777,138.69643
-226.83238,104.0333,121.51739
23.092224,2189.9888,81.78548
-209.6349,2025.3729,110.64337
-129.6017,846.4587,108.9938
149.68434,3277.5847,109.15219
-105.247536,496.94437,127.17243
-249.63948,-1131.0536,114.08924
-221.71349,-1498.2942,130.4061
90.25389,1637.5988,123.1698
382.66986,3367.6077,128.68205
-254.51189,-1652.0889,129.45737
8.852315,307.52536,135.63727
-246.52617,-1508.043,131.64607
-64.84013,-899.1636,109.36779
135.68036,1966.8977,116.314316
-4.1486464,-398.03494,146.22447
-286.6359,1286.0132,89.25263
54.517418,-317.92618,149.28735
130.17828,1881.8334,127.69923
24.828268,-760.4702,121.45853
-411.5086,-1810.6882,101.68335
61.052094,3058.8618,90.12932
12.638693,-545.1511,149.06941
-160.41544,-88.23385,137.78345
-97.266914,-1879.2583,155.11937
132.98854,449.8151,129.8231
-138.37094,-1082.1619,144.8401
-202.13287,171.95268,117.50374
-337.40662,-627.9292,121.637
-64.0684,1774.047,125.09152
-103.52667,419.69278,132.38377
-1.3546362,305.32687,153.05197
-262.46188,341.2632,111.302444
-91.76545,-39.612938,123.78609
209.52127,1973.98,156.53423
-13.679107,-550.3519,155.0226
-59.508495,-202.38075,132.23573
115.57885,417.89178,143.6752
-59.11143,1315.8926,121.33972
-83.084595,-763.0233,146.9648
-49.51855,425.37146,145.04776
-73.37355,474.23276,148.96771
-196.81851,-167.532,142.47801
218.78586,1752.0437,131.6968
-35.585655,1622.2479,109.09787
-74.13376,3573.0427,71.17859
-219.60762,-597.9498,127.3831
-155.59987,-2240.2368,135.56163
-267.36435,-387.2676,117.29236
-381.80545,-936.0366,105.11547
-108.40599,1321.8256,113.048744
200.75252,502.31247,119.66959
-185.64716,-228.49965,131.09702
-195.35509,-1911.8887,138.16846
-189.36256,-3040.3164,150.44128
-45.260654,-190.76234,150.06934
-47.311523,-1880.928,148.98158
-380.48334,-1408.4651,127.07869
9.823782,1206.6163,130.36261
-33.32357,-516.1776,136.74538
23.13927,-354.92056,144.20761
-216.90201,-400.8101,123.65835
-202.80869,-402.67252,95.557846
-107.9401,1539.2529,115.13505
-137.96494,297.76968,132.18823
-174.7263,-1373.5103,147.9076
-243.65306,432.29694,113.7952
-252.0594,-1254.5017,122.67119
-360.11017,-2218.843,124.73578
-149.61183,349.99582,129.99237
18.744743,3421.3494,84.28198
-239.61076,-2089.1882,136.7696
-335.691,-2381.152,139.51895
-161.31981,-534.5078,115.02615
-56.537296,2132.9111,122.321144
-176.47348,-1752.2354,122.500656
-89.2717,-2107.2612,135.7976
-183.00404,208.76103,114.077705
-222.37036,230.8502,102.879715
-111.292465,-2002.9331,154.85141
-38.87881,-968.2307,152.3718
-32.625515,-1509.8955,144.0084
128.11267,2971.2532,127.35923
-266.80173,-1854.2407,116.50838
15.84807,1538.2396,134.81482
236.11589,2597.2937,141.3407
238.2853,447.9622,150.97847
-167.19254,-1697.2434,128.75195
-81.41868,-675.3611,138.23302
138.78535,2239.3782,112.972984
-133.04367,-1526.821,151.1091
-159.69734,1311.9707,84.19987
7.9709167,-935.7101,144.27438
-283.73892,-1408.8389,145.30566
-274.35242,-2968.7576,143.75813
-456.58514,-1452.3364,92.31425
-384.68253,-2299.3809,113.772026
140.2054,2552.1665,124.95694
158.83963,1948.4043,131.09688
-53.594128,202.00316,153.3879
-259.66245,-1967.844,131.53398
-199.22528,-2295.215,137.15881
120.24438,943.0318,121.21002
40.549007,489.05032,146.01927
-256.97366,-954.4662,122.69769
-67.211235,-960.33057,151.67632
-201.23854,-610.8922,117.44374
-45.018333,-1776.1533,150.24924
-26.248907,2264.479,90.20758
-142.98294,1119.6959,112.12618
-29.58169,1910.8157,126.81277
-206.68088,-1778.0754,135.2518
-167.12418,-839.4697,133.462
-91.305405,409.835,151.03879
-193.31921,123.20548,126.19623
-145.87563,-577.16785,149.39453
-135.37865,-2825.6626,146.10666
-150.55678,-1948.9729,145.10352
-254.68492,-1141.4716,126.28146
53.70305,2517.4343,113.00544
-32.480804,-1463.3618,162.34372
-149.09038,-388.07608,136.29613
-366.73422,-2893.523,111.64644
-18.278845,-1112.0338,140.58026
-13.394542,3752.8916,78.75777
194.59279,393.6626,151.26613
18.084143,-2165.8816,167.65439
-300.48923,-2121.876,132.79567
206.80849,-917.50696,170.8301
156.34282,2179.1462,134.46494
-48.116215,-284.48685,143.36555
-182.80823,-841.67334,136.62181
-127.18233,-164.89601,135.72496
-34.36531,581.7876,134.8987
-104.519844,957.8063,119.63012
147.58768,2546.4731,123.19128
-80.72648,492.81125,116.72487
199.37215,1646.9673,130.24557
-143.28038,320.6724,130.72546
-365.51782,-2400.922,130.55222
-196.22702,-1544.813,140.28406
53.59113,2239.2285,134.29082
-84.66628,-8.041466,166.95522
-280.8743,-2156.4788,131.08783
-18.103216,2153.163,128.22935
-73.72125,-254.24806,135.11273
-95.02112,-548.17444,149.38173
-145.03392,1417.1029,133.19685
-169.38928,484.58496,108.035034
41.859016,-959.0558,155.74904
-108.13649,331.25595,121.25828
-245.77849,-1624.3494,148.04819
251.23962,1937.0706,155.86404
-77.03048,973.7758,124.19062
-227.9843,124.77689,125.4642
95.56986,2396.257,116.09157
96.41367,2784.0437,116.62209
2.9865646,891.2769,145.11934
62.411358,1041.0986,143.7082
-185.70999,-1475.9973,138.77042
-356.76303,-3023.3,143.35483
9.218542,2689.4077,117.66172
-0.5541525,850.4802,135.83661
245.35522,-1229.0925,141.28825
-220.98279,1913.3114,91.58829
-49.563534,-774.8917,153.09229
5.228675,-1478.3464,147.26341
86.510414,1442.703,121.786896
-36.94477,1155.78,104.54495
-77.70002,439.161,114.27641
-233.83604,798.86847,111.42293
-169.58977,185.9669,113.67094
-121.00067,-1167.7339,127.56727
-125.395706,-261.56937,135.18942
-54.5154,-24.893822,129.95117
241.9982,3225.5942,109.561844
-247.0978,881.21155,94.20568
46.055084,-821.7228,142.11234
-372.56024,-1851.5359,114.10026
-77.94376,1038.3134,143.71349
-120.51834,1576.9342,107.94365
-139.74245,-964.4686,132.41922
87.01056,353.70117,157.44087
-184.42035,1070.2556,99.354576
-187.22122,-1383.8533,131.2833
-335.108,-969.9081,132.31508
-145.42151,-812.25696,120.13705
-170.05676,-931.256,104.53884
12.982691,1671.5637,96.45619
-301.9303,-2218.907,128.8473
-148.82487,-30.004295,132.71815
-116.7952,355.2469,121.2079
-118.08823,-1053.5859,124.14069
-244.09245,-1418.6931,121.74385
-294.8694,-3384.9104,139.64093
-287.4404,-550.1675,116.73361
-351.5276,-188.85976,110.27899
173.34581,2618.2573,135.06021
-138.10916,-1082.0333,145.67842
-277.508,710.9049,114.9104
-97.22474,-420.8422,145.25732
-274.69562,-421.77933,117.58077
-202.54453,608.75244,114.94695
-74.80634,-3026.8604,151.5176
-89.299614,751.9873,133.50832
-283.28714,-520.6155,118.81392
23.02174,1135.8165,129.46301
-32.17942,2653.8328,81.141235
-133.14209,-457.99844,139.3525
156.3324,4983.0796,90.91932
-39.34271,1172.8469,127.03276
-265.1184,-1608.6082,118.54072
-216.41116,-182.15334,121.381744
19.616507,988.165,137.18822
-132.44815,-501.23904,133.37944
0.3087606,-109.24374,144.01875
-416.7787,-2444.6628,112.912865
-65.424835,1631.2147,122.47158
-160.15953,1565.583,105.2906
-177.39143,-1680.2969,141.8996
-74.27746,-925.14685,142.35478
40.277256,485.6252,140.78358
-77.04019,1264.2314,126.015144
94.259254,1845.908,133.49847
-129.74278,191.65776,135.25456
-176.63817,1355.4012,118.859985
-187.36559,-1983.1221,142.02312
46.42697,3839.6597,99.393196
215.24835,2553.5994,139.3713
-104.95923,-1116.8721,135.86841
-223.51468,-932.5906,128.64047
-235.95824,-2230.5503,122.39087
-329.8703,-2811.8594,131.76912
-256.717,-3285.8826,149.62155
-120.3396,-53.226036,132.81316
-229.56789,-1325.4526,137.29596
-140.01198,3468.818,59.841843
-252.4304,-2311.5598,125.55396
-221.6886,-2358.0376,149.09915
-189.41847,-285.47098,95.60135
-284.0532,-380.63577,114.80083
-64.80981,1571.8679,88.96595
-244.5136,-688.046,114.991714
-69.82232,2376.9014,97.27114
-122.062775,957.1681,121.08528
-271.05835,982.9086,99.57038
-146.47194,-1401.9128,144.74197
-38.986473,535.2316,135.87907
4.980894,2182.8022,118.413086
-184.19435,36.16166,121.29518
-41.43998,327.69583,133.81294
-75.84963,-671.4243,149.26521
32.111813,2866.2532,103.03291
-245.65462,-731.73926,107.53095
-220.65768,-1383.0718,112.22987
102.87461,1094.4956,125.546165
-100.99795,47.054176,131.4848
282.24478,6059.203,76.23999
144.60468,4111.775,88.30236
31.22334,289.55832,137.38965
97.1309,2955.7622,68.82132
-99.67131,154.84746,116.617325
-196.68744,168.09215,129.25293
-260.20462,-1401.4392,120.642914
-34.36407,-909.13525,162.0808
-0.62094784,810.6602,138.20084
265.7888,3409.7483,109.677376
-205.61029,-1458.8164,145.85754
-5.535844,1935.19,108.87152
-158.93932,1414.3171,118.82246
-262.37357,1129.7229,73.0585
-342.72046,-1526.866,121.62437
240.10231,3641.8906,100.31677
218.12576,2100.6145,131.99696
-215.77048,-2055.397,141.0205
-13.475255,202.17064,142.39406
51.743176,652.2907,143.18369
-35.358097,1418.5596,135.07939
-351.15878,-1878.4111,115.14739
-329.2394,-1407.9824,123.94651
82.25575,1409.5375,127.88535
-208.40508,-226.89796,140.72594
-188.30122,-701.42664,124.14327
-113.89519,635.82367,123.94232
59.01344,3664.2659,68.5848
-99.064224,-369.51004,128.17924
-152.29333,598.3039,129.93347
-415.78058,-1377.6511,109.98689
-345.79706,-1379.1902,105.29376
-85.13014,293.8837,134.14305
-10.6523905,-2570.7517,140.56592
-137.13693,-56.848167,117.44957
-97.469765,-2335.0137,135.07443
-232.46103,-441.71207,128.41832
-340.915,-1817.052,117.47636
-66.93383,-668.5365,130.68195
50.150017,581.8287,156.38426
-141.12453,-1533.5281,142.18431
38.916267,-945.60754,154.78693
115.576035,1715.2561,102.04039
-116.09056,-1188.4272,138.62541
-92.208565,-693.3185,121.71281
-225.7148,-2566.5776,127.386475
-230.04063,-1158.6799,119.56278
-61.93224,-621.2915,113.453384
-196.73955,-723.198,121.647835
-88.28402,-702.8447,146.04396
-176.11987,942.2905,109.46892
2.1307707,1381.1119,124.87385
-0.7863493,-728.1428,148.54442
-170.05202,-1296.3064,123.96197
211.80399,-961.739,161.45522
33.169865,2271.1404,93.58731
-164.20624,1618.7369,75.63272
145.60692,2724.1091,107.197075
41.231342,1529.103,114.55378
-160.5012,122.93595,127.721275
-111.24403,480.85852,102.33034
33.22739,1943.8248,116.77888
-16.26615,1237.4084,118.38803
-287.75732,-2944.1262,152.29085
-236.00133,-842.459,116.379
-188.58464,-316.86905,123.473656
279.3574,-611.11316,151.73181
-73.91226,204.9121,138.18445
-310.0788,-2165.0068,123.71403
176.22096,1911.575,126.34376
-58.765263,752.65393,111.24316
53.195305,925.25397,125.8697
54.89026,2099.2278,117.19219
8.000364,127.64152,132.54097
-169.17676,955.2204,106.01075
-88.14468,1449.5474,103.68036
-59.86852,-1311.3616,154.22293
-41.853523,353.10483,133.19241
-321.53912,-982.1422,125.54925
28.515455,-22.596458,148.58885
-38.476334,245.90013,154.75957
-141.89438,313.45853,131.65279
-7.174262,2032.0647,110.171555
-216.06583,-25.55642,113.41021
-53.91644,-2581.306,160.53227
-64.030495,1487.9358,121.95434
-312.6679,-1449.1545,125.413246
137.58972,-143.48524,149.84799
-25.944891,660.2008,127.09458
-33.612545,273.0574,149.06213
-211.39784,-1289.041,126.25657
44.191635,442.51117,153.9845
174.92375,1688.9247,139.13425
-98.708496,-561.2739,108.270325
240.0202,766.9423,134.6415
-221.06696,-2497.2258,146.29143
110.24844,-99.74294,141.14967
2.0830116,1177.491,139.46811
66.56891,981.2043,128.35626
-49.716183,2779.7297,90.71846
-480.18497,-1665.9917,114.1728
-11.946483,671.3356,145.13374
58.92914,542.358,133.69595
267.5714,2995.004,131.32146
-82.40494,562.42035,126.88655
24.624662,1639.8718,126.93121
-161.36858,-1783.6743,131.40921
-78.5908,-1417.3215,139.55551
102.69625,965.18176,151.40234
-337.61746,-107.62484,104.452415
-214.08583,-491.53397,109.289505
-202.07751,-617.0172,137.95515
-335.3372,-2356.6226,118.41667
-164.48112,-1330.8186,153.22205
-26.187422,410.9131,133.50362
115.37831,-286.50528,148.02264
39.225784,-1990.8406,154.09055
-219.31822,-2671.948,132.74529
219.76051,2576.1096,138.70885
46.14103,3356.9014,97.75762
50.11869,70.83585,145.47821
-156.62222,-2729.6172,128.96483
-142.76477,-2514.9136,149.46391
-84.316444,-2015.8501,157.49689
-245.0815,-2687.912,149.87024
-175.73543,-2816.6602,139.77386
-179.73259,-1644.6499,153.46104
-178.19136,101.78025,129.03986
-2.071353,-1539.5659,156.66597
-203.17303,-1673.656,127.930244
-50.032825,1053.8661,118.47442
-194.32648,-1579.0393,142.27728
-33.011654,269.06473,129.81802
-243.63005,841.16406,117.128654
-76.01718,1189.7249,124.14671
-110.40766,-1008.15015,152.22385
-58.574482,-1384.2573,147.36479
138.4426,-1633.7173,170.18222
-195.34076,86.02964,121.64123
-215.96414,31.007301,117.74181
-80.805664,-1322.0151,131.5953
-185.01414,-1746.6594,140.07443
-73.44758,-789.7384,147.91801
-206.35208,1151.7852,108.33769
-132.81122,-413.37173,143.98318
32.63195,876.19305,152.63167
-201.40105,-1115.7651,130.3312
-190.60493,-2257.284,148.27637
117.125465,1273.1017,110.706924
127.29564,103.58384,133.44308
-270.85434,-4017.069,143.02913
-123.774445,-2586.801,152.61896
136.89178,1177.153,143.17009
-134.59052,-486.15005,135.70459
-71.002335,1388.6295,117.631615
2.3196507,1569.1842,128.58588
-60.119625,168.13933,135.49811
118.031784,-1244.425,168.22699
167.02306,2007.9307,118.73176
127.711914,1968.8235,132.7592
-359.69232,-2036.7886,129.46675
-228.11288,-2352.5317,120.79765
67.84427,158.1859,157.34387
-181.97849,-2807.6277,149.48773
-207.38501,-755.2401,124.49541
81.40659,2579.7827,112.75107
-118.19324,1060.9027,99.038376
-311.88998,-693.02893,80.864716
-71.3797,671.0038,115.574265
-110.73382,-1780.3501,139.7263
-105.332535,336.68625,119.44594
-284.513,-2006.5486,113.57408
-200.80338,247.90837,120.37592
-324.68152,-1288.0576,116.59777
86.608475,316.541,150.79846
7.0242596,144.91563,134.8609
-139.8652,-1681.9365,138.45573
-83.44066,-2319.116,155.39139
11.253836,3476.8113,108.10631
-191.56866,-635.8638,122.50073
-19.351946,1472.2499,128.30775
-73.15527,1098.6987,128.66168
-80.15862,-609.6505,125.324844
-109.2264,-1216.1538,145.73087
-13.130986,-178.15858,153.47719
-311.02457,-1867.4019,122.096375
-140.85396,416.90515,134.4436
17.802084,347.59866,135.29924
-472.56125,-2244.3547,101.85695
40.401638,278.74655,125.70311
-83.97241,287.21756,122.488075
133.20346,694.3619,139.37845
4.3833675,1835.7258,137.61505
-340.48172,-1596.3813,135.45323
-80.05999,407.07715,118.272575
-337.3156,-720.7771,113.72812
-21.211134,2944.019,83.31997
-66.57382,-67.71914,149.50719
107.963104,-1137.7488,147.4824
-293.58438,-736.0675,116.03505
-142.15968,656.3272,129.14165
-151.90195,-3143.7974,151.82874
-212.80415,-833.40515,135.06947
-198.64528,-1194.8191,141.90111
-59.69811,-721.8512,128.6806
-166.75638,-1908.0837,153.782
-84.096695,494.61658,114.097466
6.093437,2108.1562,120.92479
-330.42746,-1295.0823,130.94435
32.056675,1602.202,114.68862
12.872825,1743.9016,119.414734
-131.12494,-913.157,137.3309
-276.14087,-760.2849,122.33197
-142.32942,-451.63138,119.8135
-125.632935,-837.4011,144.06415
-192.33458,1957.1902,109.47251
40.48134,2585.2947,123.103004
114.79498,1919.3433,124.063156
-180.34348,-10.121422,131.90219
-161.82588,-442.10098,128.43826
116.726746,453.79797,142.59468
23.28197,1430.2158,123.09928
-85.93926,1891.1227,126.17541
-156.21658,-523.23914,122.766556
-211.88948,-2007.4551,130.0238
-279.62512,-1548.8691,126.244934
-308.16064,-1811.9924,124.53631
-29.16984,150.77306,131.71875
72.36482,1183.7854,150.19968
-99.57002,344.76132,142.29593
79.06661,1232.5486,109.44306
74.56982,1454.7828,122.63452
-79.4778,1256.4935,122.73238
184.93785,3223.0166,105.57001
-166.57005,-1586.0146,140.53807
-288.15854,-343.74808,101.99205
67.89036,2959.6038,96.584854
-220.69655,-1983.2351,128.62712
-186.4617,-747.7871,146.41179
-146.13992,-582.55444,130.0067
18.621054,2268.7346,106.466156
-31.319994,1985.4197,114.3125
-188.28151,-2811.9958,148.4412
-133.46208,-1697.5215,137.5031
-20.25091,589.98096,126.74559
-103.92689,114.25651,138.04407
162.89507,180.13664,166.4278
-201.51575,-1512.0759,132.97449
-129.58394,16.439552,132.72833
-204.12383,-1409.5786,121.6354
-58.879864,974.3518,140.75685
35.82655,1162.3354,140.04544
197.22272,965.98303,146.07742
-365.8362,-684.28064,103.85792
56.41604,1482.3584,117.66731
-210.14082,1373.6741,105.69019
-11.337556,-676.8706,134.92339
23.993622,1504.6447,131.67332
84.17147,1689.6074,108.904854
233.40483,2713.3425,94.477104
-74.34987,-1131.8439,135.36256
-37.0069,1161.9655,125.112
5.6359425,1367.932,118.34507
-242.5721,-920.0587,133.96645
-94.0451,-1758.7854,140.30472
-145.7617,-598.855,126.899635
-245.8098,1572.9426,102.588264
-256.6649,52.35624,108.59974
-291.10324,-2677.5742,112.03757
-226.59474,66.59153,114.11256
-170.00623,-3300.0383,142.04881
-250.80522,-2088.515,133.38614
-12.801904,2366.2756,111.77865
-250.3351,-2125.2703,139.13643
-31.709398,-1322.3909,126.31888
-323.32874,-1197.2795,115.97737
-20.64092,-310.55557,123.6439
179.21509,2786.4583,110.72988
196.41437,4036.9128,101.862564
-117.49246,1010.6243,130.6077
89.13316,2966.9712,109.1403
-37.22486,577.00726,130.32962
-125.8857,397.77322,112.675095
-290.77405,284.02994,103.69643
197.2166,3261.8528,117.369194
-350.83832,-1321.4324,131.39314
-333.40073,-3029.049,137.50177
103.5082,4181.7314,95.947426
-192.25974,-1669.7878,145.27098
-68.61209,73.66898,129.07423
-121.4771,-254.89613,143.83575
-169.41147,1117.945,106.01957
-9.251418,1261.7417,115.183495
-92.52369,-87.2875,133.40677
-143.60873,-2949.5945,133.53773
-231.9266,-1257.8513,140.96367
-105.863205,1211.8021,98.39364
52.043907,186.66167,154.72563
-122.39789,-1502.5098,134.63254
-446.65598,-2117.655,115.27232
52.970146,-623.13306,137.88312
-184.05063,-692.2223,113.662926
-187.39606,251.76018,107.52643
-292.06403,749.239,91.6557
-177.95673,-3030.9087,134.66245
-371.33286,-1802.4646,110.35405
-112.19673,-750.5582,115.51631
-316.4856,-1614.936,123.56675
-404.5118,-1485.8745,113.64364
-398.03296,-1850.4531,121.890724
128.21045,1182.1162,111.551216
-79.84085,-379.32962,131.50671
-321.18805,-1803.3796,132.21613
-119.85605,1301.1377,124.44414
-176.52827,-553.8041,111.63594
141.32693,844.84485,130.4743
46.845226,1137.3695,129.34547
41.65666,1558.9244,146.94463
182.00192,1293.5363,124.52435
-426.12915,-2185.393,108.759445
-36.36792,797.0066,143.43214
-151.17418,140.1892,117.71386
-155.96074,-103.25613,113.500046
225.94496,960.9022,154.28342
-12.479133,229.18456,153.74763
-256.62192,-77.86471,116.970436
-204.40231,-2395.2834,134.49535
-233.37971,-93.74703,122.408844
-91.38062,631.59216,99.15134
178.5601,1419.3065,134.76811
-26.506952,-1803.3176,166.69615
-355.69034,-1066.8062,118.70831
-431.45538,-2956.5222,133.83781
-108.92704,-992.74304,157.04634
-78.66972,-830.3806,150.96172
-83.3267,-464.7775,142.2771
-278.7242,-465.97708,119.50071
-300.2625,-1188.2495,106.04856
-299.31827,-1223.4038,134.01735
50.200993,1565.132,113.5417
-122.92737,1321.8441,124.778336
246.8263,2612.5547,124.73924
133.31622,3115.0688,116.933945
-142.53374,-634.724,132.10083
-219.54167,-29.414757,134.40953
-150.5273,-221.30898,117.29787
-151.28664,431.3907,116.539
-142.26987,-1949.6746,138.03006
73.236404,2024.6127,124.91878
37.087723,397.70914,154.34518
-140.4738,-1529.4541,126.21369
-157.93355,-803.74475,133.56654
-205.58221,-3.9570537,111.3217
-97.08186,686.08307,99.321335
-222.21394,-1450.0144,130.03358
-71.81897,2364.5168,104.49662
-169.11615,-871.6482,142.1699
22.29835,2263.6472,104.00682
213.35365,3324.6882,99.55152
81.601204,413.2591,154.40968
-57.523945,924.6584,101.06091
142.97859,3274.1091,88.941826
-131.16818,-101.95016,128.35785
-241.69978,-1058.6987,135.52219
-181.49635,-1026.0353,128.33531
-118.1613,-101.6697,99.05788
-287.48386,-537.65186,127.29273
-145.10945,-488.1879,125.606186
-62.794987,596.60065,122.752045
61.813667,2576.3174,126.07247
-202.88034,-2368.5164,142.78447
-19.497038,-300.91714,140.5675
-172.37846,-545.79224,115.83502
-177.75308,-966.52234,142.33803
113.83774,1249.8193,125.05372
-296.7439,-346.67252,103.35682
-188.16345,300.68137,112.284744
-44.789295,1395.9961,105.75263
166.01524,2770.8716,112.7358
-25.494009,-718.40186,134.59521
-92.19129,-1526.9092,142.45006
-115.84807,-847.32715,134.7985
-69.676575,301.0767,133.30125
-144.09616,-2456.9387,146.10187
-221.31108,-3533.0002,146.77327
-147.05348,-1166.2391,139.78197
37.64481,2977.6619,106.12369
-215.88731,-6.985374,120.52886
-483.82162,-2125.3362,97.867424
-100.05126,-2076.7744,132.38553
-336.9943,-1924.4204,135.39246
-116.80316,666.6529,130.25528
41.454365,1651.1793,133.56856
168.95468,-2649.1477,185.47047
-155.05672,-256.4772,120.952255
-104.39474,-1625.3203,125.85402
-149.2752,-2892.3594,142.25867
133.39117,349.4496,123.46136
-365.88013,-1047.2146,116.33436
-95.20344,601.99854,132.17258
-324.6284,-993.73596,115.96565
21.565474,-594.2261,150.9849
35.313236,-1756.1191,165.51323
182.02777,4117.9688,82.81185
-48.788143,-1754.0637,153.16843
-148.8381,-776.7676,129.89186
-437.16864,-1569.7673,114.09517
-126.4986,-599.6749,139.0734
281.92087,2617.1895,120.98386
-251.30473,-2394.1824,139.59651
-242.835,-2792.4893,126.75974
-7.161334,1301.7188,131.09349
136.65067,1557.0688,143.24455
-125.45738,-1619.9902,154.07994
-26.33016,365.44653,149.24614
19.747671,109.20396,143.3888
-68.24777,1396.2435,116.68252
-125.00543,-2283.2583,129.99681
-231.64334,-2130.689,136.1072
-78.072464,1460.7958,117.804695
-48.138958,373.36026,134.556
-261.14185,-1529.752,139.26675
-102.7263,-1145.6415,151.70525
-155.97635,-123.63424,136.07643
-163.85966,-676.1315,135.76738
-435.8289,-3111.9436,134.98033
-333.3041,-508.1105,97.570015
-91.68801,298.88858,131.98732
-93.5846,1719.7213,103.81114
-127.92168,1125.7003,107.13373
103.98172,1109.5078,136.29675
152.58844,1485.4064,141.37782
-84.931076,1014.65576,96.891884
-93.602165,-572.3524,148.91289
-247.86412,-125.92928,105.73035
-102.66724,-1072.6346,136.36963
-30.711336,-731.881,157.38565
101.69648,1194.8851,162.08833
177.03809,2481.2588,102.54201
219.5047,4473.9043,98.41124
-318.8813,-2.3368754,122.24722
-80.96513,-351.27408,143.55559
-297.39227,-3355.6277,124.82072
-257.93747,-971.5598,117.79625
-220.09511,299.66257,112.200035
-294.68823,411.86368,106.13051
-199.37633,-964.4448,146.27489
-129.54398,-734.5388,137.75441
-69.159805,-1400.3672,128.75426
-83.97693,484.73206,130.79216
-229.78346,-813.67224,118.617165
-191.71095,-534.18933,115.05748
77.987076,-45.527977,116.407364
-25.096972,899.43866,134.66154
-192.18427,-2834.5505,143.65143
-9.494714,-816.746,150.79561
-175.763,-1801.0967,120.731316
-329.78384,-596.68945,115.00744
-116.423935,372.2064,132.07918
-183.9374,-2249.902,158.47977
-354.22705,-2675.0432,130.75047
38.32199,544.768,138.32208
-41.673443,1172.6465,99.90544
-165.6609,-341.91898,128.92703
4.9885206,228.46642,150.49457
-186.30104,-2280.8687,126.79367
-129.92085,294.16953,121.894
130.49393,2647.4585,110.235466
-21.479616,287.47537,149.98615
-119.53833,1689.574,98.03196
-113.092316,1118.9565,108.48147
22.345797,1126.528,120.76493
-135.75307,-1984.2634,134.94928
-140.42398,2104.4663,121.3947
-227.2581,-2438.9006,121.4056
-74.25606,-122.45132,131.19553
-18.897444,239.33403,153.02158
-62.11912,229.07182,134.96895
-85.96665,1164.7676,114.92268
251.78664,-199.9535,178.444
-120.3318,1413.3658,105.91539
-155.85542,424.75452,124.59928
-282.1023,-429.47623,105.47878
-11.9293375,1493.9773,138.9848
109.637184,634.86597,121.55227
-257.4981,-796.8248,111.137596
5.950223,-1381.1167,161.98323
-61.778492,-115.23623,135.09982
168.0625,-868.2964,145.99124
-42.98822,211.71794,115.42683
-126.39696,239.4688,141.69841
-165.64374,398.2363,126.36359
-96.11284,123.20408,137.33192
-212.3175,-1683.3928,132.95067
133.70787,2779.0417,121.648506
-135.5738,-390.0331,121.49158
-222.37917,-1759.8679,146.65929
-62.65111,1197.1382,105.95251
-162.39594,-323.595,138.15974
-252.04375,-1998.4163,136.47458
-374.8586,-3460.4622,139.50479
-275.98166,-503.67874,113.62955
-131.83325,-1340.2041,129.92384
-150.43283,-2537.032,155.50562
91.661026,1832.9298,104.11523
-298.92426,-2557.5994,134.2402
-102.92289,-921.907,132.9577
203.82486,2567.8462,103.34385
60.857983,1309.7255,132.46964
24.41918,758.29913,115.20377
-183.2952,365.52347,108.62111
-130.24673,439.59167,118.4698
-289.38034,-1270.2261,118.974815
-155.86702,-1085.0537,144.14728
-140.13742,-1772.6929,141.08191
-216.48955,-2355.382,135.68532
-73.77128,2142.6042,121.51664
-125.584625,180.01659,122.53691
-1.219554,495.00916,128.77995
-291.9477,-3052.0095,137.97115
-356.45105,-497.72586,116.97647
-173.26637,716.0369,85.53649
-77.92094,1980.5734,122.87926
-170.07532,-248.59865,120.9461
-20.236174,1148.8411,136.11714
49.36203,1414.8425,125.409874
-140.65697,923.36884,127.17631
-108.87395,-766.4662,146.64783
-203.15907,-1145.6512,139.59552
149.09721,1320.33,146.50371
-192.55966,248.51543,125.4707
-235.25554,523.2932,94.42777
-79.02921,1240.5923,129.37631
-170.91426,536.312,117.19078
21.01131,48.65513,134.6333
-60.540913,-475.4966,118.74588
-37.28626,-1034.8143,143.69101
-80.81069,451.7689,117.27615
152.56197,2863.4175,99.410934
109.43521,-276.8135,162.63506
-13.920278,-52.78469,113.1245
-210.62599,-2444.7686,120.69273
104.60033,2477.2969,93.205246
-63.198734,1214.387,106.95055
-93.47114,-1816.0012,156.50838
16.523466,-1302.1775,165.12549
-130.52492,775.9952,117.05827
-220.18378,-1488.6243,139.12115
-67.07799,435.71112,129.05595
-208.9603,-1120.4135,139.44724
-223.14351,-1989.802,119.38252
-38.815823,792.72546,124.83993
9.416913,-718.91956,149.97365
-275.47742,-1031.3756,126.529884
-339.32715,-2721.6665,118.83471
-17.82126,-56.20028,129.8847
-116.59207,681.5807,119.065155
-4.46004,1077.8079,131.38832
234.46364,6472.309,56.75882
-182.16759,-2426.9822,141.9818
-162.7116,-301.1536,127.70904
21.983608,1546.6606,123.144615
-61.263958,-144.529,124.50959
-32.35116,-1130.4692,148.96852
184.02519,1126.4027,139.85378
-323.0517,-2102.0435,127.29723
-159.97849,-1451.3699,154.1434
74.38188,-564.1575,131.09094
72.406525,-593.11035,153.04742
-54.95223,-2073.4756,151.01457
-107.858284,248.81834,124.38473
66.961075,156.94145,123.29756
-28.009985,185.22581,147.58731
-236.93098,90.82053,119.18677
-327.6745,-2144.8723,134.06787
192.5593,2259.3042,138.95538
-78.90512,-622.7644,156.06544
-101.22976,1599.7067,100.0471
-177.758,-20.079369,115.73755
-49.38126,465.34564,149.95543
-244.00008,184.84312,102.579025
-208.76569,-878.1305,134.48834
-127.45,249.93285,127.1872
-299.25436,-2681.285,132.48433
-260.03592,278.99838,98.277695
-258.11606,-1583.3105,143.65692
-2.5726576,2676.7712,111.53091
-296.84293,-12.392418,99.57111
-48.909412,-78.58175,141.661
-146.27295,-1741.9409,138.55444
-305.6122,-2694.6387,113.48211
-126.20703,-193.15944,127.66153
-197.78447,-1997.3118,130.2488
-139.75182,1239.5238,115.66588
-164.84496,-1294.5566,144.07704
-57.085987,-1598.4446,146.42546
-35.44557,820.04626,131.3413
4.813944,2507.4875,125.74781
-222.79103,-3072.4832,146.2341
-55.690495,423.50208,142.27682
149.33437,1826.6063,140.19621
154.49251,556.04126,148.9703
-17.130007,303.71194,125.67836
-26.074015,3059.0056,94.32647
-230.02104,-3437.7078,148.38376
25.33767,2965.025,132.88927
-215.99902,37.824074,121.83445
-103.2486,-1492.4817,152.9364
-48.683712,-92.553246,116.69347
-421.07693,-2580.1155,134.6024
-159.4775,-1170.1974,150.7618
-109.77313,2456.5857,101.23567
-88.56937,1831.2711,98.34953
-248.6891,168.0648,110.02352
-388.31076,-804.89233,114.33694
9.513081,-1000.4917,150.11812
-74.86645,-1215.469,146.80571
167.2893,1226.0883,138.30615
-11.557549,100.838905,124.71803
-47.120693,536.4075,121.904106
-295.25177,-959.6117,103.27747
42.96052,4243.153,85.976616
52.12808,644.44836,151.562
-134.45775,-1284.7915,136.0272
-24.431013,-637.72485,155.29903
-345.96042,-987.6936,133.26044
-174.03036,-1435.512,136.28432
86.34025,2550.9958,136.88841
-244.4828,37.689857,106.46759
38.698837,953.2367,144.10709
-12.577504,789.4673,137.44228
-351.4402,-1030.0636,88.587234
-20.292685,-78.92446,145.85583
-223.50285,323.50882,107.59909
-261.38608,249.90172,118.62769
-167.19101,-1171.9385,140.01543
-4.764161,775.26166,134.6444
-394.16672,-964.7822,114.67978
66.224144,2338.8982,117.620476
-346.78723,-1891.4678,120.09496
-6.727454,1575.6088,126.95049
-144.14175,-2234.3203,149.33499
184.4219,3255.2776,103.43913
-292.8687,-1283.5388,135.75864
-21.50677,285.44235,135.93695
-310.58286,-2182.355,123.39835
210.96455,1731.7279,146.79208
-419.5195,-1104.1864,96.75563
-141.84016,-490.64835,121.23387
-128.79713,-887.1111,141.57181
-85.5088,-1545.6709,134.11678
-254.40749,309.09396,93.42658
-185.61684,-1302.8035,135.57784
160.70744,3186.7527,86.6032
43.792694,750.6024,143.80656
202.79831,27.005104,164.95105
-8.378911,1417.1147,105.84291
-56.07526,-1876.7034,143.95569
-283.15845,-1091.6799,115.600105
-33.20055,429.9349,140.42262
-151.01184,-163.41396,118.49877
-264.14026,-1705.5376,133.01236
0.4068174,-2337.1602,163.60358
-26.259901,-346.65262,136.36203
-252.30803,-1106.7217,142.9169
-252.34291,-1893.7126,124.48508
-132.86465,52.927284,128.5329
-2.7768888,-677.66797,156.07591
-10.331702,2357.7021,125.28951
13.474433,580.0025,134.12437
69.42767,2079.7927,109.15325
-161.66359,-108.05129,134.71419
-166.96909,606.762,124.94687
-174.76163,-453.44913,106.03213
-221.65488,-589.31396,144.20506
-45.824974,-262.24673,146.78128
-153.17265,-683.87024,141.11775
-118.903595,64.91941,121.78538
-276.8622,-1188.8933,124.84172
-254.97902,-1128.3148,114.05093
-249.52052,-1654.2107,137.29161
88.054695,4806.31,86.69062
-79.91955,694.3174,152.53793
62.74715,3091.609,87.038155
-231.46237,-1838.2783,136.78578
-266.21237,-1572.5796,133.9765
-230.55215,828.6367,104.06748
-94.97392,2456.0876,100.79949
-138.50806,-2037.3179,141.82155
-420.2036,-1764.6475,94.347466
-221.51964,93.47556,118.86592
-486.64606,-2576.0457,118.02974
-183.20813,-2611.3154,127.30509
-286.4807,-1641.8833,127.30294
-193.94019,-991.4773,133.77156
-103.71849,-866.1377,143.31955
93.038055,3088.3435,101.265625
64.15054,-830.5204,148.04935
-110.49487,-853.9719,155.52974
-23.61695,2335.4934,110.05685
-179.87097,162.19566,110.618385
-62.783123,690.257,120.37453
-96.2093,-414.93277,147.90778
-306.5079,-963.3994,122.31084
-132.12811,321.00925,133.79858
-163.14665,-1442.4707,125.97149
-144.68666,1619.897,79.02017
-85.533745,-666.0243,137.5797
82.96446,2116.8093,126.698814
-160.83015,-1420.9192,139.94937
-61.09644,-245.20424,139.8296
61.716305,-1129.6637,151.07617
-267.22992,-565.61035,121.53512
-230.72214,-1862.1599,134.6757
-213.80019,-1662.9414,133.16551
-73.39936,1318.3127,108.18859
-118.159744,-1523.928,125.9433
-123.65126,-832.12134,149.30142
-86.97902,-794.9175,137.60768
-257.79074,1036.0459,91.37641
-6.3523054,-2235.392,160.7518
-159.08064,-932.71594,126.72402
-232.46637,-2236.1528,132.35342
142.37303,4299.6816,114.39219
-81.7544,-193.00514,132.05972
0.5112333,118.930214,144.08144
-205.15396,358.77194,117.02163
-19.811758,-2743.6433,149.49683
59.51644,2259.7222,118.5372
-13.253615,3469.6636,98.361435
-284.00647,-2120.7095,126.14206
-155.22551,291.6838,121.02803
-200.39081,1831.797,119.845184
-191.60301,-1577.7988,129.48788
201.50516,2053.0747,147.95306
80.869865,2112.3677,130.92949
-160.69191,909.8694,129.2052
-181.21559,-2569.5955,149.57367
-77.18994,2280.4236,103.20858
-317.01996,-3090.8296,152.97275
-381.18726,-2074.1533,128.43779
-63.090458,-1289.9727,139.0028
333.57822,1728.5786,122.1513
-329.1178,-1640.1013,131.2169
-163.1645,449.21838,110.49229
-50.723377,-109.18917,139.3631
91.33056,2529.3748,147.2103
-225.69722,-2548.4688,135.55098
7.3612375,684.65497,139.97711
-64.4015,-331.6674,122.653824
-174.05193,15.045082,131.62181
-31.54267,1063.551,97.212234
60.461464,-1397.2395,162.53415
-210.40213,-2317.199,129.47484
-269.30252,-1741.4062,120.599686
157.6074,301.5051,158.24911
65.55938,640.1687,137.39235
111.527,-807.90515,145.58426
41.459873,2203.0642,106.81858
-219.67177,-938.432,116.81189
-198.18388,-246.41786,105.29118
-56.39847,192.98357,132.3721
123.543526,1404.2686,124.18669
-124.89906,-1111.3428,131.33318
-95.854774,792.67883,111.91249
30.255919,452.66486,141.35175
42.541157,-557.9514,155.49149
-220.25813,-1565.1279,130.64511
-98.33903,270.8221,118.79149
-51.28709,1282.6825,129.17233
158.00957,1051.6895,132.60747
49.97939,2095.4973,126.50226
13.844335,1054.9048,155.22548
-61.04022,-1721.9412,157.68028
65.72259,-628.10706,122.15679
79.68906,-853.14075,162.49341
-20.215551,-193.88356,136.72443
-93.44786,40.623207,126.908844
2.6786394,-1797.5037,170.5161
-191.64857,-1076.1854,144.35823
-27.768698,-1301.3062,154.87294
-350.4951,-2538.35,116.54193
-120.131714,-886.2086,148.44676
-29.929316,1027.1687,136.16364
59.893738,608.52246,125.7991
-181.24214,-744.3778,110.99615
-42.588573,-1834.8259,152.2666
-166.8342,-2027.0417,138.94678
-263.42035,-2336.9507,124.68051
-188.82698,-970.5967,136.44908
-136.00243,-908.0984,148.79329
-62.886784,-222.98561,126.4771
371.08557,2928.3735,137.92291
-195.36452,-1570.6396,122.50325
-66.199234,40.84031,155.36559
-366.14328,-2106.5608,122.61299
-313.59604,-2241.1838,123.19711
-133.25685,-1627.3403,145.31197
-111.531555,-1486.4219,138.7347
-57.734722,-463.30045,137.44028
-261.3432,-1203.0999,128.42128
-127.22792,-1076.6901,149.71791
-266.38614,-1615.1008,141.7544
-172.99297,-1203.7334,141.71326
-130.82336,303.9802,129.4302
-155.50006,-659.3689,117.28879
-39.3343,434.1372,137.31094
-329.8838,-2622.911,120.9716
-196.10765,-251.55031,123.62044
-175.12355,-674.0492,139.20625
69.01569,765.88544,118.16334
-45.529514,-455.7465,129.90051
0.22134492,35.981056,114.2559
110.392525,2137.8572,118.85836
66.68167,1004.77374,148.08684
-41.66142,963.99054,134.33955
-10.039279,-1081.351,156.54466
-52.862377,692.9143,124.690155
-424.20544,-3668.3455,124.707375
-292.4925,-1135.9248,116.398224
-88.80112,-52.527977,120.981285
-266.75317,742.54736,114.74197
-53.52348,612.23315,130.04054
-197.97533,-751.155,131.48506
103.03618,2110.9453,107.823814
29.014921,2459.9338,137.86107
-99.17102,84.76432,131.9646
16.17509,573.6502,155.43535
107.42274,984.2348,151.91316
-184.31601,-522.00757,138.43326
-93.92631,869.6257,120.01661
-239.24756,-525.8855,131.05324
-81.99498,-740.7384,130.3273
-146.13647,-1065.5298,127.43811
-321.80893,-3451.093,135.83505
-50.51711,-451.28897,132.48471
-182.52112,-1513.4043,150.1142
-160.54787,-935.2894,102.525116
11.170416,-1726.2207,161.03839
-21.230684,-1711.3269,136.16759
-284.3612,-2012.5881,148.2896
-189.37294,-2225.412,150.41801
-332.35587,-469.97733,114.701416
-60.064075,-1791.9666,151.97107
-14.548556,105.49235,140.34558
288.89966,4449.582,94.170586
-100.082596,2301.6467,98.51655
-250.26888,-3016.1726,135.97842
-46.20145,1091.0039,127.541046
-58.028812,-1988.1382,153.48598
-184.25943,-1480.5842,141.7465
210.1095,1356.7626,158.77377
-22.230429,2031.9781,120.47663
42.550095,-846.22266,164.59862
-226.54515,-89.79354,118.30147
87.52891,2405.726,141.01974
-221.3667,748.9368,89.53177
-248.87114,-1747.1758,128.43362
15.094833,1721.7091,125.637985
-195.27899,-247.0685,146.78894
-423.7938,-2747.8643,125.7881
-240.02852,-2417.773,155.77428
-67.06185,1105.5212,130.73355
-260.31958,-1504.927,129.3795
-103.90701,33.773903,127.078384
-84.80049,-2587.205,131.4607
144.38644,326.46664,152.4032
-83.05897,-1644.9668,152.6487
-32.647556,3384.4517,95.35311
-50.522938,-1235.3865,163.90791
-120.21359,-127.42147,134.45312
-81.4272,57.2866,156.72166
-71.691185,-799.5952,131.70624
-38.68836,390.28952,133.92374
-412.89035,-2291.593,125.45015
67.82946,125.897865,129.06165
-203.74704,-933.67126,120.124535
-106.21457,-828.81287,123.18139
-134.36513,133.16655,110.91299
30.261753,1306.8501,109.42657
-107.346954,64.61381,140.24226
147.27925,1592.5686,127.3717
-331.50308,-3037.6992,140.61812
11.622036,-388.85098,139.1952
-154.9984,-980.35596,144.81012
134.56673,3202.1438,108.48444
164.04582,2373.8435,98.59432
-26.287031,-128.95949,130.8814
-257.0095,193.55412,121.81262
-77.365204,-1369.9666,153.62315
-4.3414946,-80.37832,153.42351
181.02992,2559.6694,108.86267
-146.49586,-95.33456,122.96117
55.958706,-431.30276,141.73251
96.008545,-202.68141,164.6469
-184.30568,846.1434,106.92594
104.28978,1113.7446,144.84012
-85.25638,2468.497,107.5729
-163.98926,-62.149803,121.21994
-143.78954,180.54369,104.69206
-124.43059,-563.8015,119.84014
-373.7655,207.3637,99.93424
24.646034,2821.2087,103.536446
35.14466,-3281.8743,168.23166
-231.27704,-996.62646,143.33553
-382.07178,-1223.3152,124.567535
44.52314,3082.319,108.973816
304.01633,3370.9229,112.6341
-40.514225,-830.70605,140.29669
-113.22316,480.12918,120.49452
-138.69145,-1987.5474,154.59389
-109.49574,-312.70743,145.64027
-8.065938,452.47,140.2977
-420.6881,-2831.6372,129.25659
-62.28651,277.416,105.06026
-80.89978,2175.9417,92.75756
-45.740986,-1227.0312,149.91142
111.147316,804.05786,166.53392
-186.55707,-1915.0681,141.70876
-110.16984,-571.8091,132.59174
-251.38448,-641.54114,126.99058
-23.412786,-685.6343,142.04924
-159.43387,-4341.719,173.51787
120.68889,3284.15,81.72209
-276.94937,-925.2257,106.876526
230.98492,4724.2104,100.46519
-181.9482,572.77094,102.06647
73.65217,668.0351,167.59012
-97.4496,95.41642,117.08134
-59.03451,588.4503,132.71439
309.6578,1546.8953,114.37536
-203.46481,1955.2563,93.63275
197.48267,3037.019,124.62698
191.3335,1083.356,146.06554
-157.33115,-1468.7649,138.38956
64.94876,1945.2076,117.5692
101.109924,1023.7081,161.1298
-162.94205,440.19693,132.03024
164.8038,3511.6587,85.13777
-243.54143,-2798.8345,128.00839
-186.13776,580.21625,116.73059
-132.89612,-2805.4753,156.07709
-8.056407,-394.34048,137.82483
129.95349,373.20828,149.36314
-169.8109,180.16826,116.11721
9.201199,-73.919334,167.11963
201.90398,2963.4119,132.70636
-287.37256,-1171.5885,128.21236
-84.92746,-1800.5398,141.25757
-146.57097,1639.8729,124.58072
-44.2863,797.65674,122.4862
-96.38543,1015.8074,123.03137
-178.55653,-1734.0076,132.16747
26.68681,2214.7935,113.36387
-166.04095,-3848.4646,135.92201
138.03856,3323.7046,113.65661
127.67186,-246.12306,152.95122
-17.826952,-400.73123,108.02597
-267.41394,-925.5012,129.84816
-244.8658,-2559.3132,136.35622
117.577644,1141.476,132.47874
-323.71915,-2483.335,138.65742
-285.49033,-491.7266,112.19305
-91.134224,408.42575,121.42708
-15.351716,-724.6854,148.04665
29.287281,3471.3645,96.74678
-105.54288,-325.4634,135.0472
17.397692,-489.15286,146.33609
-10.238732,1311.2075,123.96802
-115.50389,-1426.9963,154.7274
-139.99004,1783.0547,118.30266
8.423167,1401.0802,140.4136
113.86004,1661.4454,111.560005
80.78051,893.7386,152.18782
-259.20908,-1286.9805,127.80151
-48.66009,-1473.6846,135.19154
-150.84091,-687.2201,133.96864
153.78665,3128.4858,115.837685
-149.61061,109.006874,119.05559
54.59322,-13.8448715,161.6907
-124.68761,-888.27026,145.91774
-173.49663,249.31944,109.28253
-189.74059,-2412.0884,117.70809
61.29071,1895.737,139.21149
-221.78671,-276.7631,105.864876
-109.94075,1119.5571,125.99381
72.44881,2386.0828,104.76003
-379.18246,-728.8777,97.87315
-287.6135,-2280.7515,131.98521
-258.8526,-867.3806,125.97169
-50.006428,423.33148,132.48228
-313.13663,-1444.5737,119.229515
123.66129,2222.703,138.47408
-141.41133,-1369.8406,135.42491
-47.723934,820.4209,137.49994
214.82405,-13.359459,138.1594
8.366584,-1805.5244,152.1927
162.15045,-389.17838,165.93904
-149.04153,-1482.1187,133.52708
-230.33777,-2577.3604,139.55292
-294.6777,-122.90096,111.12269
-164.4034,-2274.656,152.60278
101.27352,4770.1553,88.439125
190.72804,457.75732,149.92618
-93.8861,2027.7559,111.84519
-232.80963,486.5122,126.43424
-129.1462,-1294.043,133.68372
-82.950134,690.75824,128.10645
-119.53598,-2599.7568,144.82619
-104.60965,531.42456,115.22683
-113.786255,-2135.6018,122.7239
40.014263,966.3004,146.60622
-192.23624,-652.4011,123.13714
84.919235,1078.694,154.41533
-180.81708,-1972.4526,149.71494
35.24855,1192.1439,132.96663
-125.81096,-1543.0798,140.23546
-307.3117,-2940.6436,161.79532
-126.29086,-1126.1917,130.93523
-303.61102,-977.2333,104.30335
-160.69269,-190.80202,112.15761
-67.227486,115.48026,140.95642
-117.388626,410.80478,114.84238
-372.02713,-1184.1945,127.33464
-154.81337,539.11066,92.2469
-265.46646,-887.027,128.9342
-157.5731,-1135.8591,131.08325
-32.74588,371.29886,125.16678
-27.480959,-1322.4119,159.42151
-30.110807,-88.127464,123.77542
-4.897336,-541.5337,165.4391
-182.5577,-1976.6648,133.75739
-167.05724,-2261.8284,140.32039
-305.20575,-2261.8647,134.08226
23.955229,1460.0011,129.18777
-24.969652,-1175.4141,151.50226
251.1551,579.24225,168.19498
-241.9612,-1041.7157,141.2279
-46.141796,89.41355,130.05673
121.27131,1297.6067,120.42081
-208.89778,-2255.7278,143.7849
-152.37204,867.7681,116.16821
104.34847,2865.5325,90.36963
-130.77429,664.4262,113.14786
-108.99695,27.488014,132.83488
-421.83923,-2753.282,127.07296
-151.29721,-1660.6416,135.4258
-78.902534,787.22546,122.439445
252.47185,3482.2786,101.041405
-180.97754,-298.199,89.57462
336.50436,2455.8462,138.90129
214.06642,604.881,148.24437
39.02282,-289.99173,149.17506
-10.319295,-1306.322,151.19543
-361.87686,-1163.8527,118.21681
-121.15608,923.2921,110.01401
324.0329,-893.7777,159.9359
-1.0872355,1092.0045,98.60138
-212.21704,-518.11584,137.15083
-349.83243,-1614.032,125.466446
-196.02365,-2518.907,131.40271
-74.09562,-286.3572,130.96725
-183.87956,-1709.3086,146.38937
80.14432,3019.7942,107.13415
-150.33861,670.363,92.47239
-77.34524,-361.1497,133.78119
26.669615,-1062.1481,152.89305
33.040142,348.2717,121.31865
212.73079,841.19464,143.46767
69.9899,1563.5032,128.21175
207.36882,3628.4656,130.13544
253.77666,2436.0146,135.64125
-289.44888,-873.81616,125.94595
-331.43896,-1555.9595,117.92125
-252.20036,-164.69386,119.530365
-11.735984,103.55088,134.32072
20.6797,1685.4634,135.69928
-63.057278,-2570.3762,165.39241
-117.54399,-2765.5325,150.05742
-265.52866,-2039.6814,127.68209
-69.10378,1506.7991,107.628426
-18.638182,993.695,145.67271
-184.17487,-3281.133,144.71597
-41.598732,-608.54663,141.45813
-210.36472,-517.8368,127.947395
-4.975421,-670.85254,149.6956
92.83311,78.991005,146.27217
-47.613766,985.5593,126.10394
145.9662,841.05035,141.12642
-40.86562,-253.94228,142.06023
-138.88483,-1835.4707,121.77232
-29.715979,-1171.9677,153.20197
-44.4321,1789.3066,102.26662
-39.101936,-1292.5244,152.84283
-295.20663,-3444.3142,148.83496
-67.1277,-1315.561,153.31058
-269.25946,-407.329,127.42792
-119.33807,-2126.2139,147.72794
-303.5813,-1195.492,127.91077
-117.44179,-343.98477,124.02511
-408.66476,-2466.0945,111.89405
-186.37274,376.5369,135.98227
-253.79137,-3517.3083,141.90257
-109.8676,-1877.477,151.44127
-318.49954,-1760.8423,126.80568
-271.93945,-928.4431,123.03435
-38.076874,1435.476,117.84641
-199.21774,-2607.2324,129.8275
-85.46608,1035.5001,127.28782
-163.63765,1071.1907,113.70959
-50.352932,514.43286,107.94683
-99.03383,-2549.5193,161.15134
-29.202398,-299.9318,158.0602
152.08798,1501.84,146.44286
-8.019643,-195.83693,157.95872
69.155426,-63.27767,145.30754
-336.41736,-1230.741,116.79242
-229.19966,-188.94777,113.23635
86.45736,-957.9579,160.17183
-4.206092,-491.43948,156.76863
-193.12013,-927.64026,107.081215
-186.65605,-1118.0406,113.682495
-131.13147,-2749.0334,147.9847
105.53868,2550.765,90.808014
-140.37805,531.164,105.24984
-26.839945,409.17264,139.39087
-69.980835,183.55852,151.24437
-0.94165134,-644.1509,136.96832
-157.04262,-45.71334,119.99261
-215.19572,-1638.7649,139.46965
2.5687513,219.97972,134.93274
-193.84538,-550.32556,141.13382
-186.20647,-1579.6858,135.75266
77.993904,-52.99221,129.65652
-171.45071,-1439.4211,119.61988
-216.7125,-892.1875,135.26562
-220.96104,-2434.871,134.09242
-343.51498,-2177.4646,110.1185
-311.1437,457.92877,107.75433
21.489384,-560.81226,144.06207
-80.78511,-1749.7241,141.0133
-22.84149,1105.5803,105.93151
13.78997,282.61856,154.1137
-94.87794,589.9998,95.68262
-12.671027,2713.873,97.444214
-236.77907,-1418.7732,114.62334
-108.91517,-1260.885,151.05934
-231.27438,-1445.7561,140.75435
29.454674,264.48807,145.31795
-245.41072,-1504.6006,124.651146
3.3384657,3074.3416,116.26501
-222.94571,-1299.7095,122.52467
-9.086537,-1068.6803,127.37556
-244.58098,-2576.2307,140.11649
-67.91738,-759.1969,160.2018
32.39577,274.57138,131.62535
6.4467907,1.3106464,135.61856
-152.64864,-1491.1416,142.947
29.742119,2381.7913,119.34914
-245.10335,-2362.0996,135.84998
-121.096634,2651.4075,91.664764
-173.68323,-1139.9323,143.7861
-44.00337,995.5391,126.61953
259.02322,3289.4016,100.32919
-339.70465,-1842.1636,117.26424
7.2823687,1500.0986,128.51004
-107.25529,-712.9392,117.30987
-92.79911,-9.056908,125.93925
292.54623,14.669716,154.63596
-127.95024,221.91338,135.46387
-6.3363676,2133.6177,90.759636
-48.07411,346.1086,151.54718
-83.63671,179.33446,126.17744
-278.4421,-2219.1042,143.30981
-92.50084,-739.22,140.22028
-187.3129,-1138.1309,112.47213
-218.43811,-253.21461,132.95851
2.0582905,1230.9833,152.14952
-44.155476,194.46342,133.92062
175.6492,3776.1975,113.82167
-62.26491,-676.23096,144.62933
-97.05304,-1217.3313,157.41243
142.6696,3498.5789,81.754456
-162.52966,911.6678,110.111755
-152.96555,555.8745,113.72777
-50.84316,-1031.8014,147.7184
-115.19029,-864.53296,144.5895
-129.75818,-70.309715,135.21806
5.1975985,-1722.6926,156.23528
12.25943,-1132.9106,140.20485
-170.75194,-1144.0272,118.53463
-342.0753,-1776.8289,134.95406
-114.73181,1318.8961,132.6647
92.13268,616.9325,133.03014
-255.82906,-2109.235,140.5712
4.8888016,-918.17065,167.775
-231.58511,-2412.8445,147.55031
-153.74818,-709.8865,112.798386
-209.54315,-1284.9858,128.63867
-62.386623,1284.5242,131.05064
-102.45233,436.99747,135.23177
288.41284,4276.893,116.42784
-109.18456,1236.317,141.4319
-90.66512,-311.69827,139.05748
-38.417717,-1401.793,142.99417
158.87526,305.99326,129.08759
-226.73877,-1426.7534,117.5127
-146.09421,1285.936,110.95538
-336.01755,-919.56836,107.32619
-231.6932,-1215.2183,121.51373
-228.56061,-169.91884,124.80649
-16.599195,-800.84424,159.11371
-328.90576,-488.11197,117.63457
-58.1796,-437.43472,127.74625
-36.96361,-442.00272,157.62114
-16.60887,636.1472,129.4892
-130.61836,-1344.4058,129.93666
-111.15733,-262.48062,151.62479
105.23536,1410.9581,122.471535
-81.66346,153.57512,118.123055
-287.5932,580.04395,101.07034
-212.3271,-815.16077,133.99892
-205.96124,-2282.541,152.75246
-12.62687,2189.4546,92.14212
-51.51305,-2319.891,150.80516
-3.976182,138.70464,117.296715
102.2256,93.24467,148.06242
-224.25578,-778.25085,126.80886
-256.7831,247.70409,94.163895
7.1841173,483.53995,127.29629
-17.240736,1757.4205,129.69725
-188.71649,901.37134,96.07113
-285.87445,-16.628075,129.14781
-247.56825,-1262.1477,128.16556
-49.35713,675.0579,120.76983
-5.8051386,951.07825,139.29451
-290.00024,-3537.3752,134.91779
49.071964,1356.5782,150.42502
-227.28307,1728.0112,99.617615
-6.4914656,129.25603,130.28757
-284.88428,-613.0189,116.69579
25.723038,2917.2024,111.32294
-148.27806,-1097.5168,135.34862
-93.97783,1257.0747,115.95054
-192.70227,-1771.3677,136.25911
84.46262,2406.2695,110.12379
-64.98776,1224.9617,99.51292
-236.91203,-1655.5398,138.37794
-33.031704,392.8307,130.6898
-302.0981,-2963.8662,152.00098
-14.85485,1293.1254,119.63407
158.34384,-1751.8042,169.21036
11.01904,1733.499,146.49779
3.7209616,23.431923,149.11757
-287.1225,-1076.6335,135.67807
-18.612768,1078.8562,111.66097
49.070713,1274.688,104.36534
100.142586,2377.8635,127.11805
-14.971444,447.885,148.60417
46.233418,-226.58022,156.18575
-7.144248,659.3379,112.70632
-167.46794,606.30566,123.03918
79.39756,1792.0189,135.69482
-213.34996,-446.5092,127.44531
64.119,600.7516,146.9217
-325.1565,-853.56555,96.0026
-21.002691,351.6063,123.453384
106.006065,2995.8042,111.1168
-360.25018,-2577.6152,122.376366
-79.72092,373.43973,130.04852
120.196884,2090.0117,141.40569
-180.0636,-877.0686,130.33397
-107.39352,-80.955284,128.56282
-42.546944,-664.78613,118.57718
-306.1639,-1292.6143,107.22686
-34.200077,-452.52066,138.66418
-380.1741,-683.9762,98.52015
-106.56376,-425.9279,136.58975
-10.988896,1718.0441,111.331154
-180.25365,-917.41174,124.0638
-158.89125,1190.9656,107.673676
16.687037,398.41913,146.22578
78.87932,203.32622,124.87352
-257.99377,-2992.3525,136.90096
-236.98042,-444.4224,127.4817
-72.494026,221.3734,117.61207
-49.803867,1497.0498,116.36676
-213.40529,-3851.7722,139.08827
-28.851435,340.03806,151.42741
82.8226,-1754.6746,167.05075
-243.8427,-1472.6035,116.107735
-213.24783,-1046.5885,114.50588
159.56868,2372.0408,118.831635
142.73628,823.1292,131.5719
-404.5549,-1884.3064,129.74008
-227.60304,-201.4463,129.10344
-292.20377,-2618.298,147.30484
-138.61578,-2467.333,140.46346
-71.09455,302.3889,133.7164
-10.49796,-1391.5488,165.85796
112.51849,878.4095,149.366
-51.40752,98.49308,132.5844
-348.79468,-778.4645,108.36004
-151.82605,-46.40792,114.44343
-93.37315,854.1295,130.40099
-33.256718,340.58804,134.24472
-245.49092,-942.4155,131.49065
-33.00037,-1836.0862,149.9649
-215.98027,-1982.5232,129.49408
-52.175365,1553.1932,107.899055
-95.469,339.4631,122.343346
96.667854,-352.51956,143.80101
-10.947993,496.16193,130.47635
-48.365795,-242.02028,149.81978
-53.583828,-328.47916,137.47383
-134.25769,-1286.9539,129.73299
130.76953,204.72673,149.34048
9.947406,2577.9321,83.091095
9.993864,1154.4695,133.5741
-68.56123,772.67084,124.951324
-154.12843,-207.05983,133.77783
85.7662,2280.5828,140.23584
-32.642357,-1933.2241,145.43726
-5.7064276,448.11862,118.68346
-213.7409,-933.94604,122.13092
-234.50603,-155.75581,132.66269
-2.444562,747.568,138.13423
-245.57509,-1470.9377,105.08427
120.40809,4484.4575,110.907646
-34.103733,219.35594,119.694664
-131.36,-942.3672,136.43233
33.274197,3327.877,94.45089
-61.051647,-920.6575,148.44283
-331.4488,-3519.7053,131.86165
-115.08101,-720.7383,152.57703
-127.13135,-884.10754,116.85864
-148.49228,1566.9304,93.50587
-124.76105,120.44645,129.81248
27.199272,1740.1409,142.05038
-191.99638,623.12164,121.01786
-49.88602,1805.4248,84.360466
-106.53736,1196.3978,122.94587
-232.3928,-528.1891,115.19938
-22.936766,-673.97864,134.26054
-180.08112,-376.04813,130.65855
-124.26674,-1329.7715,155.67671
-114.54103,-587.6947,129.90227
-199.53052,1957.348,94.497086
-368.7843,-1916.4126,117.18935
-140.73138,-1448.0032,115.724396
-205.16933,799.6737,93.1757
-225.48372,-2041.5999,146.12411
-105.36333,1773.4337,99.47428
300.43716,3993.4136,107.59011
-290.1285,-905.0526,107.42214
71.00699,2450.4521,127.91939
-110.84267,26.944435,120.78827
-313.97272,-701.8296,109.16011
60.530346,-2637.61,168.58315
-28.926805,1327.2104,121.50388
-194.44019,-160.95906,123.88943
-190.35417,-944.16797,126.22012
-84.78468,-1090.411,160.75171
-114.73096,-1491.7219,145.18306
-155.93918,1621.7289,120.824646
-308.8135,-2250.0164,129.13765
-143.08171,-145.11421,125.86774
-26.848425,1240.7811,106.45619
-114.66812,-569.59216,155.62474
-110.56248,1989.1858,98.436
106.88311,-652.58606,171.90012
-305.04193,-1504.8535,129.34334
13.343012,-1136.6221,162.3527
1.4467134,-1102.1398,158.67026
-143.8377,-1441.21,132.7687
-267.99243,-2538.7915,131.35056
-212.84152,198.81041,117.673805
-177.51068,-140.81313,115.331314
-406.51324,-2755.466,115.59908
-140.19221,-161.85707,159.15228
-86.32486,-559.6598,129.13513
-275.38934,-161.2978,126.36117
-193.71698,-1930.7683,148.90674
-279.24557,-1059.9746,134.04922
-127.08374,1193.5524,113.01548
235.49817,885.43646,147.55743
-145.72672,-2297.1982,131.41913
226.21883,-423.1674,124.620964
6.643504,2018.8091,102.12378
-282.8435,-1907.7546,133.61954
-127.211945,503.22144,128.50159
-293.28827,773.0309,82.940025
-143.43808,834.6742,126.40114
-19.329096,194.15941,137.65782
-201.92485,-1081.4822,127.989784
-239.01747,-1610.8369,123.85366
5.063426,1942.2164,106.64568
-149.20819,710.9409,119.716034
-170.39137,-1364.6667,146.9066
-220.77844,-2519.4138,143.62666
-107.278885,-1422.6328,145.4749
-327.18823,-1977.8657,132.26814
-228.53786,-1850.0481,135.68848
-207.371,-1119.5232,131.46666
307.40884,2378.275,105.66536
127.56238,4674.351,95.74633
-228.48982,-514.17456,113.16025
-76.03589,-1923.4836,154.86217
-24.271887,-1328.0063,138.3228
-321.4316,-2141.9358,127.176506
65.223366,1055.5227,124.301765
218.59772,1677.7577,145.43011
141.1853,400.04443,130.8406
-234.42744,1849.9242,86.59366
-43.91565,1282.8763,115.1144
45.466236,246.76482,118.77787
261.72202,4171.7554,115.31661
155.73494,2169.1091,131.55948
29.853613,2401.911,111.678764
-103.36661,-535.8533,147.88542
37.649506,-981.78076,151.5788
-99.24123,28.047218,143.27728
-57.045193,344.36935,104.09587
-189.4976,-974.0929,137.23569
-9.785275,1561.7212,96.47889
-86.1557,-764.0626,130.74304
-2.1013823,485.04892,144.20285
-43.626495,904.7187,145.1073
-199.19708,-50.61477,116.56668
-134.2705,-404.98514,139.60913
-208.0972,-938.1233,132.13533
-117.63649,-314.7604,128.32251
233.8482,4660.564,105.49937
-327.48135,-2318.8992,123.71631
-203.9987,-2219.9856,142.13632
-41.783516,-613.0348,139.87074
-224.75731,-1390.5518,126.50779
-111.3671,702.2268,126.631134
-87.339645,951.2342,112.59345
-14.971292,1437.9198,122.951164
-79.78743,1529.6959,118.17143
80.955,-1021.85205,147.28665
-146.069,-1224.9231,147.38042
114.79822,263.53555,157.76431
271.64407,3281.3015,124.262375
-305.2616,-2046.7336,118.133896
-84.05338,1273.115,100.614426
-218.49702,639.5993,95.667625
-321.2609,-976.8799,122.147316
6.048586,1856.9294,137.16383
-318.43616,-2159.5344,119.980484
-268.04807,-2020.6318,138.7129
99.62742,-2239.8154,162.84848
-90.34115,-1174.0942,138.47238
-21.516191,666.9066,124.589966
116.978455,854.7367,151.64803
-182.70895,-929.4336,127.398796
-101.46117,-550.251,131.03902
-299.7358,99.15574,112.870575
-193.96855,-572.12573,125.88432
-169.21242,-1137.9144,129.43283
-137.70238,-1220.0513,139.22119
-90.95862,-575.17847,135.68504
-222.99747,-1180.8325,117.68719
-9.751306,374.86288,147.8861
-83.19324,-1021.70276,146.73317
-378.21597,-2148.8152,128.05865
-78.31516,-2166.028,149.91132
-264.3028,-2797.3547,147.31291
-93.67508,-848.1758,156.766
-126.50639,-1700.2178,139.68791
59.250504,3713.5962,104.98856
-361.0946,83.32688,99.79343
42.954258,1314.1313,142.69865
267.4029,1669.2646,144.26518
52.178112,373.615,127.952156
-267.70154,-2240.67,139.26819
82.388725,-2581.8914,152.36375
-56.893948,-1835.2009,153.75333
-171.20352,957.1815,107.29801
-180.58109,-914.0818,138.00247
158.36227,2640.633,118.46433
-333.79822,-983.81946,116.89052
-249.10973,757.5184,91.93298
-74.01325,-1593.1384,155.19252
-367.85776,-1738.0356,105.36885
-261.04425,-196.8368,117.62227
-213.05876,-703.4535,135.53278
-112.52165,-2238.52,135.41391
0.6734791,-123.03274,164.18988
-261.67218,-1784.2766,137.322
-71.729324,-871.2643,149.06462
-203.38571,-871.2843,129.05415
25.459013,-1496.5295,137.33449
-262.53937,90.96055,110.120056
69.9682,1638.0986,140.89034
-4.6987906,2749.2527,111.21041
84.59152,-112.81246,139.47543
-79.66351,2953.436,114.98529
-177.18085,-1587.8931,127.188934
-395.1901,-2470.0913,119.54836
-199.03256,-1442.0149,143.38011
53.55563,4105.8677,109.71431
70.843285,-2494.1597,155.61227
-135.93762,429.95813,121.159386
-5.5826826,-652.001,155.06087
-354.90253,-2831.0547,126.48296
-285.5577,-1231.9775,131.46442
-179.90428,-358.95682,135.64766
-96.50948,957.8446,128.66493
-263.97015,-3053.0425,140.24298
-168.73027,-1745.1997,132.48883
4.484049,207.84026,143.69897
-36.23018,1096.2874,130.16096
-54.05131,-1019.00415,129.63182
52.764236,517.6659,125.88684
-405.6856,-500.1525,97.13896
-157.75774,159.35289,130.06245
-3.2439146,-2094.4749,155.49557
391.91492,3028.3706,94.27059
-182.96089,-3785.1306,127.38246
43.40809,311.95554,160.30069
146.283,2498.2603,110.89745
-222.66058,-1694.7273,120.82301
-205.41422,-1340.5925,135.8282
-441.34836,-2901.4126,117.693016
-168.35742,-2218.1833,161.04105
33.209286,1544.4982,119.115814
230.40166,2303.9124,133.25761
-2.7197256,1457.0508,134.45682
306.59778,3067.556,104.544136
-51.61275,177.5001,115.2047
-412.2548,-1933.5935,117.56424
-192.68275,-3499.2761,145.8398
-297.99063,-162.12904,104.85892
-210.65608,-72.51717,121.05454
-186.535,-889.8878,118.441574
-104.79903,-1432.854,151.16547
-213.57852,-1504.2039,134.93213
104.493454,1959.3788,129.9265
-196.66542,-1949.5034,151.61261
-167.7905,242.2263,108.28527
-20.923956,1015.2731,109.51996
34.59569,332.92056,143.46156
-280.21255,-2029.9875,118.605995
-95.00575,-2183.2266,147.32153
169.27238,2298.6174,123.61631
-136.09277,-400.88052,115.6409
-105.2144,1427.3353,98.36095
-124.22771,-1144.6622,147.63887
-247.99776,-1565.7747,116.004654
-94.66907,2970.3499,102.12087
-267.72815,-4165.002,160.44011
-305.63394,-1902.5327,132.91383
-191.28734,1725.5851,90.871925
88.67648,1018.8749,153.26253
61.3361,454.81796,145.37097
-31.875093,-2068.2346,148.56798
-104.686325,-2522.9072,144.07634
-59.226963,-2276.8752,167.95656
-206.80705,-807.48804,125.27149
-59.612705,102.04984,120.38415
-127.46669,1093.3943,101.60631
-488.96606,-1672.7783,122.15312
264.3202,3679.149,124.84902
-56.801075,2146.8633,83.48675
-482.47272,-3602.806,132.28238
-306.7351,-1085.6832,124.12021
-141.98842,-1458.05,131.51964
169.50053,1999.8578,139.31421
58.3653,-429.93387,162.91988
-229.80702,-3065.4263,136.26497
-221.14574,-376.44034,101.37773
-200.94736,-1564.1145,148.93694
-161.74904,1705.5016,111.22803
-42.932446,2845.657,112.23274
-163.00839,-1516.8115,127.91928
17.154337,0.49558294,120.69247
0.49601647,372.712,108.81708
-144.9857,65.52616,124.05766
-9.102326,529.1806,123.07343
-316.93842,-254.31996,105.02736
60.03902,194.19426,145.75873
-265.5451,-846.3474,118.9633
-123.72191,-1805.9543,142.1986
-165.14711,284.8646,134.42487
-301.26947,-3174.7158,146.32164
-12.833371,623.4174,147.04285
-181.299,-117.08846,87.15456
-121.302536,-244.00002,140.32042
-232.91234,-625.926,145.92464
56.89278,1216.1371,134.20918
-252.90639,2681.013,73.941345
-240.73726,770.0147,105.861336
-302.2792,-1321.8765,132.78783
48.740993,2207.3574,118.21368
-223.00969,-4041.5886,173.74373
-125.62959,-535.9961,124.49881
-206.63277,-1684.2871,134.85378
-178.03188,311.95193,130.73381
-11.419009,1076.6923,123.849815
118.459885,702.1599,144.11417
85.692055,2461.4753,87.22839
-131.19658,-90.81716,130.69864
-58.872463,-1217.0735,142.25113
-299.60355,-3687.4158,141.91777
-274.7197,-1493.9739,112.567375
-297.55164,-435.04984,109.53975
-150.47533,-1773.1072,156.98396
-206.18646,-2106.7097,127.688354
133.98238,3064.7964,92.3109
100.43845,-1300.6372,153.37465
-8.81457,1934.1013,104.43372
-3.4102983,-71.24764,138.84444
-75.207535,-761.15674,117.12101
-89.98531,952.4271,116.42732
-140.37367,698.22943,101.95005
201.82884,2829.5322,123.997955
97.671776,1897.8502,132.9678
15.33812,723.28284,149.20535
-160.39914,-952.6572,133.85
-40.622433,-547.7595,156.15936
-6.7609835,291.25943,144.05359
-225.49355,-2267.2598,138.18095
-137.32573,-1878.665,149.3278
-75.05986,621.2182,131.62619
-263.15524,-2686.5676,136.23912
-115.66281,-1257.9773,132.79803
-74.71052,-2361.788,152.84438
122.72629,2876.4832,119.37352
32.886486,220.47441,151.28503
-185.1401,-1382.3721,138.24756
39.369816,-731.614,147.13515
-199.66158,-1708.5889,120.4076
-149.19853,-269.00125,140.86096
-186.09099,662.4691,115.69602
-99.39854,993.3225,87.414375
252.56297,1960.0728,145.0319
-186.72859,-661.6304,127.63965
33.987625,-253.40321,152.14873
-52.414417,944.6293,150.42076
-212.37903,-2760.7903,161.33296
-130.28809,386.77054,122.935036
-72.853584,-96.35207,126.617516
70.6475,-649.8126,166.19743
-4.367259,-452.6426,133.2358
-204.1258,154.37627,122.93175
148.71657,-956.4221,152.93806
-51.49529,-1121.1294,148.14716
-41.211445,594.24255,120.43997
89.10416,2093.366,94.284935
263.91336,1976.82,155.29518
-277.48965,-2496.9197,134.64377
-409.9002,-1267.2041,110.6701
-254.21861,-2784.0327,119.321785
-182.06851,-1832.2212,125.62731
-231.58524,393.40137,128.36081
142.22464,356.4092,149.28824
-61.142117,-561.443,129.72035
-176.28914,-1172.0315,136.20287
-146.67496,57.39512,133.06482
20.135695,134.46819,135.62244
-132.6218,-40.6744,120.18694
-88.44649,1549.0906,108.681435
97.10078,-927.4364,158.11794
-257.58087,-847.84534,116.12927
106.26834,-242.60011,134.99869
-369.75827,-2431.8203,124.87315
-235.48958,-1289.843,144.02122
164.62732,1062.8495,135.84846
-270.40518,-4338.686,146.5439
-162.67508,243.89641,118.96495
-289.99203,170.71037,104.47116
104.71645,323.3367,146.8649
-114.44606,-1453.1338,126.22182
-325.67905,-1879.1292,118.133545
-250.54295,-2950.7734,137.32443
-173.35968,-2006.2407,130.57504
-54.379314,-400.74295,143.34238
-72.17206,1053.0286,116.017
-23.648447,884.1289,110.66235
119.86261,3510.8926,106.439964
-47.492687,-2854.4143,162.58786
-114.47586,-496.81046,138.22984
-148.00871,-283.02896,130.74216
-111.35325,763.53357,111.595245
39.91055,3085.114,131.71222
128.11446,-680.5674,163.14081
4.83041,292.01913,145.82797
40.089718,-857.9291,146.33037
-213.6904,-2696.8586,135.92378
12.786249,-506.72855,159.74123
-99.56764,632.47144,103.50105
-177.47446,-800.2344,130.5746
-262.74695,-1562.2961,138.1949
-271.3404,-3014.6108,125.46327
-78.41466,1775.0796,127.95513
-259.6364,-2631.2205,127.17492
-255.38148,-1137.5698,115.94647
-51.790943,-1623.916,138.94534
-98.953156,-154.31325,139.91696
152.69704,1908.3634,124.828285
-116.21803,-954.05505,131.63686
-63.063,-452.48856,138.26036
-57.553226,476.23984,146.20412
-278.5333,-3065.5679,137.3357
-58.3831,1263.6637,103.5528
-426.76764,-1843.029,108.204315
140.51564,672.399,152.67894
-17.922518,1700.2299,126.946236
-171.21017,263.34012,147.20207
-15.1463175,286.80112,122.068375
-372.4336,-2773.525,124.641174
-195.16728,-2747.793,142.56204
-198.12167,-866.88574,122.331894
-336.6738,-3228.17,138.85516
-186.83505,1373.3602,98.32968
-7.970378,610.2236,124.95614
-257.9502,251.78087,110.71961
-170.11703,2614.4414,99.70748
-22.673563,1414.3331,136.35382
-161.52513,966.8015,116.89314
-321.92136,-2555.2766,132.3637
-206.39397,-2671.1519,150.9831
-313.0582,-1673.2444,111.91993
-96.41927,729.4189,118.19254
105.18362,-419.54898,149.52376
-122.48471,1651.765,88.92758
-214.19356,-767.1389,118.39416
-206.7749,-830.03723,120.57158
-486.59106,-1672.5815,99.42839
-397.97876,-834.4214,118.30944
40.28194,1487.9199,115.50874
-299.97595,-1319.9163,125.977776
-10.98779,-6.4513774,159.06912
-342.984,-2645.2444,128.24956
-149.04099,-148.1913,132.49034
-177.96107,-928.62915,127.041016
-268.04163,-1294.2983,116.44564
7.712309,-1032.5067,147.68698
-53.777905,-617.5397,132.99715
-281.33255,-1630.4343,124.16494
-178.038,713.49756,124.94888
-136.42336,-1101.1635,139.068
-323.3559,326.56192,100.15416
45.190853,2644.6782,106.75544
93.27271,2484.2717,117.764786
-156.5766,-2068.1624,134.22565
-229.81938,-1381.2117,128.08353
-112.92149,-385.61368,140.50517
-103.539055,531.6023,120.42833
110.265465,1753.2826,114.95214
-155.95386,-693.5359,125.16343
-168.99435,-85.16396,112.35695
154.32257,594.27704,131.7475
-243.2404,-447.55777,110.69088
-240.24101,-132.01436,120.83793
71.741646,2.3678365,145.9322
-97.85454,-299.7831,135.688
-47.353786,643.2501,115.05783
-321.17526,-3964.0667,135.4328
40.257744,-1122.2571,157.59062
-270.19907,-982.0823,111.93904
-130.93208,-1173.8901,138.81209
-208.94984,-2852.1475,147.9746
-85.34645,411.65698,127.070625
0.7634201,-547.59143,141.77548
115.02188,1438.7417,139.91888
-123.78015,-1696.7715,140.52956
-357.01575,-1247.8904,115.557274
-290.87753,-501.1873,119.383606
-318.5531,-667.8938,117.15948
-144.7288,1465.7859,121.70217
-349.019,-2640.631,123.15372
79.71902,311.13553,130.95895
-259.73227,-1614.1082,133.25853
26.01498,1524.8158,130.93251
275.5557,1374.1475,144.53493
3.0076056,-1578.2344,149.11212
-264.28433,-156.93117,128.43472
-10.03159,326.11978,130.40399
-74.676735,-585.4021,144.44972
-140.82153,63.840126,116.01732
-19.521833,161.93974,116.38035
12.201845,-332.5408,145.59064
-417.2491,-1681.3665,116.81938
-156.73843,124.70603,122.43607
-121.62445,68.3502,135.52736
-48.505367,2995.2983,114.78326
45.269596,935.4359,114.433655
-186.70763,-497.35562,116.525345
-177.35362,-783.03467,145.23807
-18.189428,-212.73586,159.14285
-147.50044,1047.879,105.86976
-336.50266,-2705.7988,120.71465
-175.48799,-326.43228,119.2301
-239.95534,-2004.7578,135.24425
-372.28503,-1666.4065,120.32197
100.465324,2005.221,123.54273
-67.97786,2187.7595,93.36575
117.01478,523.3105,149.23419
-329.05734,-3065.3235,132.62898
52.348213,49.80253,146.71413
-157.0856,815.8657,129.18636
-0.48984244,-1449.1553,148.72015
246.68307,4122.449,107.45363
158.17847,1410.1826,149.52965
-113.59412,-611.916,119.47391
-98.29249,-784.35803,127.885185
-187.25224,-1978.3875,150.48589
-378.78622,-1340.0732,114.90469
-112.01959,833.05365,113.422485
-188.79066,-1598.7556,132.00113
-283.66846,-2.0544658,96.71177
-178.58554,-709.20654,119.696884
-520.4912,-2959.3853,119.56449
-52.510838,234.5933,142.8818
28.451466,606.89856,138.61223
-29.605146,-430.3046,134.23297
-89.961784,-940.3833,137.9039
-31.699488,674.03595,128.51817
117.050606,1709.6251,140.03085
-184.10486,410.0324,121.77997
-36.385742,1391.6754,128.23854
-83.098564,275.33194,121.59944
-292.35376,-1937.1057,132.86264
-269.14005,-2528.694,154.19986
-228.31075,-1751.4421,134.69417
-255.76567,-728.78516,120.25019
-217.0273,-1086.5247,134.22647
-150.91913,-702.43164,156.11064
-377.74268,-3212.641,122.33991
-193.09593,-2311.243,150.7613
-60.822758,-594.6692,147.61584
-242.67094,-2406.0115,121.543915
-153.48872,1220.2063,117.04114
-32.984676,633.0828,144.13277
-41.78019,4076.379,69.27037
-158.66747,12.317482,112.5016
-51.980648,961.3406,142.61693
-66.58508,-1914.689,163.1406
-274.27356,-2514.4077,147.92026
-61.69444,-555.0222,162.10936
44.02466,2398.412,93.543686
-134.06258,-1165.1671,149.27202
-56.942112,657.7107,129.75433
-218.70894,-1.2982403,111.960526
-159.06055,-535.32556,133.1212
-103.65206,-2129.3293,134.30544
-92.37021,-526.4098,111.71801
84.47167,1103.7476,108.13837
-443.77982,-1232.4077,111.872536
-52.48624,-1325.3743,159.70154
-38.9723,1704.938,108.164536
47.6886,783.4253,133.7121
-95.04382,766.6109,132.4663
-96.63663,-705.39526,131.42555
22.423346,1220.3726,134.91824
26.527147,-940.2666,155.29327
-35.4244,3159.455,103.34805
-24.362455,-287.7632,152.22281
-258.39194,-747.2886,121.041466
-249.67583,-155.57704,127.047775
-225.45981,-518.2533,126.52312
-101.39137,775.5183,111.73299
19.823647,1106.2056,132.82509
-251.40068,-799.12415,113.75425
-296.67624,-3490.3167,137.50189
-356.74734,-2002.728,106.6189
-227.47043,-604.0642,128.6791
-162.70752,-19.213463,127.33892
138.15741,1987.9276,98.971275
-80.95887,2184.1787,66.67897
-59.856396,629.1176,100.75861
-192.52946,-703.18835,130.74854
5.2748604,-868.1725,141.49068
-279.6455,-2309.3052,123.913666
-167.24278,-2613.9663,127.99453
29.799486,-663.03723,145.32922
280.22305,4415.6484,92.35936
-180.51814,-2451.1597,143.98038
-277.48373,-2039.888,124.247345
59.932903,1028.0579,117.69728
-206.2281,-1964.3792,125.11565
-160.21573,-1851.2468,142.62393
-228.59921,-812.3578,111.7978
-315.08142,-1795.3032,121.829124
-129.7681,-2362.405,143.62888
66.525246,3133.128,106.076416
-79.36048,1327.733,111.14138
-23.116285,876.0777,118.64076
-201.28305,-1655.1626,140.60359
94.00528,460.45428,153.5256
-180.45691,-1519.7642,125.39576
-188.98329,-204.63356,119.82843
-193.22849,-853.03564,133.96388
-233.54622,36.238686,113.51629
-86.14621,1171.1982,118.98493
-268.18167,1414.1273,106.30763
-223.37068,-1295.7507,154.3957
-109.07548,-186.00233,132.649
-156.1857,-204.9911,132.62715
80.61851,4300.487,101.57243
-46.728394,-1301.5171,154.10127
-385.27127,-3109.2532,123.3012
-261.27072,682.1692,91.37676
-34.82971,948.30054,132.34819
-263.61963,-2588.5693,146.0103
-45.120678,-1456.2332,154.08173
12.03068,419.0044,131.141
72.64808,1029.2391,138.58951
-249.51253,-234.70876,118.68333
35.910694,468.80148,134.04472
-43.505936,441.25424,140.65547
-49.299885,-1416.2432,141.10942
64.792,1240.6398,121.7636
-282.8706,-2576.3005,133.25128
-259.1498,99.00449,116.3356
69.625336,693.3218,161.749
-4.1879606,-1444.9248,163.62103
102.54895,-1648.6758,154.75818
-124.80026,-3263.5515,158.87964
-29.88186,169.67601,138.14996
137.59018,2489.0886,112.589645
-1.5484781,-461.93948,159.47438
-275.8041,860.6189,112.89614
50.104507,263.81192,139.84506
-83.77222,1915.2782,84.981064
-164.77217,677.8459,119.32079
-249.1472,-1155.5701,129.69463
-341.98276,-2640.554,138.50378
236.98477,1142.1503,148.27043
-125.51547,533.9547,108.06166
-243.10725,-1593.5864,128.79807
71.6939,-98.64596,137.04845
-40.47969,325.82114,129.70203
-27.743444,158.86156,144.50293
-227.50456,-16.40847,104.86323
71.71571,-1989.6626,172.46101
-195.9761,-652.4933,131.35643
16.177124,-894.3462,137.0066
-226.68954,-1578.0078,123.80524
-255.66136,-295.52274,123.811165
-410.5782,-2901.5251,136.69826
-178.9066,-1316.5254,143.73076
-12.822644,3171.7822,77.55322
12.561839,781.66235,143.75922
-92.3904,2635.389,82.56846
-187.55475,431.18488,130.68073
-124.98775,823.9343,117.75768
-127.78505,2610.857,104.74432
-82.06848,170.76237,116.2114
-118.270355,-1460.394,117.60358
-54.206844,394.08487,140.43428
-288.3612,-3213.4778,135.14262
-55.995205,-2579.1267,134.1021
-174.39706,-1406.9048,130.26471
75.99723,-1267.9373,156.48825
-146.89674,-1141.0292,138.32004
-212.93752,-2145.338,141.31216
-5.369128,2116.8157,131.51219
-198.338,122.98765,118.1601
-108.93629,-2312.1648,148.1346
-255.23497,-1197.3081,123.12727
-239.12222,-538.63477,114.105606
-55.9643,348.0038,133.00612
-241.78172,-1530.4663,132.30888
295.2722,3652.0532,108.76358
160.73892,1464.2036,145.93497
-7.180398,61.126686,130.91069
-160.38643,1074.7751,97.42661
-83.226974,2747.0078,112.73468
48.18321,996.26843,139.14584
-354.31244,-525.01794,112.63885
-182.70706,-1209.0161,128.19424
-127.27634,745.87726,113.219826
-255.25758,-535.8773,142.46893
-164.28197,-1435.0808,151.23174
-233.16983,-959.7294,139.5115
-63.750477,2717.8435,121.439186
45.474842,1833.1681,104.404976
161.17133,3509.24,109.975395
-98.15561,777.87665,116.78825
-59.503483,-590.9894,152.03561
-66.60267,1070.6869,151.35114
-165.18024,-1105.2671,132.46419
7.231764,-308.7903,153.0807
-205.29965,-624.1427,138.37888
-263.83594,-3930.1956,146.06026
-32.25989,143.33202,136.20284
-130.1897,1299.9769,99.32204
-186.28012,-2414.2605,142.62529
11.521521,1756.2166,134.73073
-436.8412,-2807.9868,130.64395
25.002304,599.1339,134.33568
-156.58794,-850.2219,138.56175
47.588043,2013.5778,105.51447
174.25385,4463.607,98.34945
50.0655,1709.8739,127.04449
-355.4419,-3750.182,140.72461
-37.675102,-2171.3772,151.84488
-11.807961,-1453.9895,162.4919
244.7755,1938.7098,139.50595
-185.1594,-735.0814,111.462685
117.47277,2710.0813,115.622696
-35.626225,-182.41249,144.36888
-5.2224703,-568.53357,142.23146
64.7917,1161.5016,133.81075
-166.97995,-793.67773,133.3518
-71.30264,458.86005,127.47113
68.45802,1121.8878,148.35847
-227.6475,-3651.4343,135.92776
69.70165,4328.5117,84.34878
-167.60104,1374.2404,108.37552
-152.02045,-580.4877,139.14503
-291.1365,-1863.1287,137.28696
-28.58626,-631.6428,147.04543
-38.025482,309.30307,144.81316
-183.55006,-722.15173,122.36708
166.67381,2840.9548,100.7472
-237.83168,-551.7262,127.37085
56.23065,-703.9513,149.38823
-37.80758,-1832.8367,160.48692
-77.4437,37.476418,138.72441
-205.23949,-794.9503,131.74081
-244.89857,-220.34853,115.317535
148.92804,837.5692,146.35634
-172.94763,-1518.9004,138.58752
24.667286,1247.2584,139.26836
-28.996916,204.38066,150.28317
-183.40521,-996.9424,124.80784
-169.50389,-851.2938,138.80174
-0.29777053,-2417.732,149.20926
-107.08057,748.01807,110.977455
-200.38329,-1878.1045,125.040054
-105.30501,569.0538,128.92253
-194.24464,-2171.7993,139.21013
-186.68855,782.6467,98.56001
-419.89618,-4008.6233,132.24533
-97.346306,1055.1158,127.73444
-165.41086,-199.58742,108.11713
-136.89398,193.53557,117.50052
-114.90718,117.345924,128.48862
-309.86002,748.0113,110.01646
-147.44681,-33.036217,123.85519
-374.60092,-2483.822,119.85632
-217.49252,-268.91812,115.21557
-205.34521,-1344.937,139.31575
-139.43903,-1153.5444,165.3649
-58.733135,-2267.577,149.6407
-309.44376,-1336.0635,127.90956
-265.6996,-1179.7239,124.45315
212.32849,1881.1605,99.03626
-116.87962,-892.82263,132.21602
74.049576,1708.1769,134.31116
53.156822,3112.1409,91.86482
-329.87415,-1831.1873,135.37126
-167.56166,-1299.9922,145.4728
-88.60627,-1234.748,134.46796
-138.4734,-748.5692,124.234695
278.56583,2530.5933,134.80782
-262.5991,-1759.1108,135.74094
-252.60185,-1957.7742,137.7566
38.88904,41.5709,147.32823
-76.48228,143.88292,92.52782
-417.39877,-2302.4456,126.69487
-92.407295,419.2777,111.81537
-309.13135,-1162.1249,108.34255
-152.93224,-1230.2498,133.42986
-224.61212,259.7632,111.38596
57.56198,610.0818,148.03648
-374.4086,-1913.8223,144.35834
-145.45248,-587.07043,134.33864
-245.32188,-19.53225,102.03329
-387.236,-2234.1223,116.33109
129.2376,1544.822,126.188934
-190.3752,-1909.7493,134.27866
-22.425245,1000.7034,118.59552
-207.06355,-485.99136,119.71937
-145.18863,1309.449,125.829124
-167.99889,1169.2285,94.076065
-172.0432,290.38345,133.24525
19.17551,2832.0317,87.12889
-94.25221,596.9696,115.34883
-221.32468,-1520.3921,137.60811
-51.498142,-611.89746,130.28203
-83.90047,-282.06277,143.2475
-111.06667,-213.65907,151.23753
124.021324,3406.9658,130.82707
18.353987,338.26572,113.22401
46.484047,686.5971,131.58812
12.627506,-947.16187,162.8685
116.88704,3961.1814,114.339775
-254.02519,-1695.4651,138.98141
-15.062066,1528.228,110.92355
-135.12236,-2213.1248,137.35104
78.57323,-77.06002,152.21407
-259.1127,-1508.7812,108.233505
-86.41192,1498.3552,120.44228
2.2554493,-1177.2472,143.62674
-31.00839,-2397.2915,161.58968
-130.88736,1361.2655,82.91632
-167.51405,1217.1154,115.93365
-167.14539,277.81747,126.66626
-126.8282,-286.6072,145.14159
-45.79194,-972.3789,150.35075
-293.30603,-2192.4736,130.17479
-67.226166,191.33781,140.44333
28.27956,1888.7318,124.2089
-341.21942,-2622.2632,115.87308
-102.43838,-1496.7981,140.78313
21.519495,1291.7745,117.64499
65.73219,-456.41434,155.15729
-271.51315,-196.84389,115.31497
-80.89804,-1109.8546,146.29996
-176.34023,-1676.0317,136.29543
84.38916,2835.5845,128.08128
-42.629986,301.39792,108.60585
-194.99661,243.92332,137.18086
-76.28949,-274.01553,136.74982
-119.74403,-910.3533,144.6203
-117.036606,844.6153,103.075165
-93.00963,782.0719,121.37214
-56.026188,514.3042,132.51021
-173.98557,-982.3734,148.35596
-219.54507,-2924.031,148.25443
-58.420773,-1563.7979,134.26213
-175.77913,-873.1937,149.68272
-411.6544,-1870.4597,105.83164
126.03252,429.4017,157.33134
-185.54175,-714.9978,121.29447
-76.61039,329.0131,124.83382
-89.39088,922.67126,126.82006
188.39726,3367.645,113.38403
160.84656,2688.917,131.70996
-286.3069,-677.4048,129.48842
-160.10413,-1136.9082,145.05545
-53.49677,1510.78,127.82869
31.905073,1175.9427,131.73596
-198.46265,-1245.7957,132.1097
-298.35257,-1816.6978,124.394264
-223.91057,-2526.948,145.84698
-329.49927,-1907.4619,113.00843
-206.12213,-118.56777,125.31723
49.894245,2014.5052,138.57184
138.75612,351.2954,142.98494
-200.43817,-3716.3225,137.5052
-106.779564,-478.1077,128.3375
-335.12695,991.4919,92.03482
123.91281,3729.4011,118.25151
76.49278,1154.7377,111.91565
-337.64597,-1310.5295,101.48716
-111.75035,-538.5283,130.73724
232.94676,3955.5247,73.54693
-20.474745,-682.26086,120.695465
150.47351,78.97483,145.93602
-158.79436,-2510.254,153.67682
16.761,-29.011497,150.30894
157.36328,184.40428,164.79735
-260.4524,-1999.1084,129.06416
121.17762,2138.9087,115.85336
73.877,3584.6953,89.72835
-20.633879,-221.57607,131.66954
-159.47322,-482.69022,134.97812
-62.034878,-64.708275,111.01495
90.98531,1963.7482,109.957825
-93.24968,837.8999,112.224205
-341.31802,-1153.0974,114.03359
-222.5735,-466.80508,113.66882
-74.58663,-267.23074,137.83115
-292.47537,-4282.984,137.91881
-75.33304,-358.8029,140.98264
-217.53566,-1410.9282,117.741295
66.59856,3671.825,90.109764
-15.376061,-1568.5793,161.96596
-184.6515,-978.6328,147.67427
-77.4031,1494.2319,116.7983
50.358864,711.8373,142.99384
2.743722,1691.5768,135.36217
-210.26492,-1482.0159,130.568
98.91561,2294.0542,129.38359
-66.39565,406.2455,116.04625
-139.7566,-378.64932,130.33264
-155.57144,-138.6924,137.98378
-205.9935,-43.245018,122.66101
144.95409,3830.3928,116.549805
43.136086,580.3486,123.81424
104.64162,2201.3252,125.73878
-58.120304,365.04645,139.845
-9.582395,1022.95703,105.17908
103.27944,1402.9891,136.54517
-183.24292,-591.6221,105.25709
-112.42316,294.49857,137.11554
-153.13332,472.90137,127.36749
-121.02733,-1099.4193,109.11609
73.57424,2670.8093,82.79352
-7.6969366,790.8404,130.40186
47.169346,673.5609,146.59213
-192.59332,-1642.1248,130.35146
-9.960149,1406.5293,127.772804
1.703824,2159.3257,112.90623
-29.711042,608.32684,116.59427
-291.41437,425.31894,118.38654
-8.135356,-213.53578,147.25363
23.328362,-580.03503,158.8812
17.387596,3212.257,103.63881
-285.93652,-938.41516,122.98385
-193.55829,-1590.9592,147.8605
-308.3318,-1298.8489,135.21164
-372.33972,-1949.8086,121.07461
-198.15572,-1749.2507,149.71222
-9.020259,890.3691,129.1477
-73.15113,1499.2872,104.22779
-114.726974,-163.47377,136.75563
-358.44662,-2023.7322,105.573524
12.007698,-1098.893,144.15941
-319.9064,-1444.283,123.7191
-220.88402,-2915.222,125.18935
-208.89632,-992.52734,119.2954
20.474903,-365.25504,142.64061
-230.16214,-389.32535,121.61554
-107.973625,-56.433006,143.49799
-193.7536,-1833.1633,148.20598
-250.3668,-1293.4341,129.50433
259.39285,4371.371,101.37009
-189.53497,-515.4459,126.36753
20.960733,-1358.8232,146.26797
-139.89966,-1835.3279,157.07597
-120.452774,-32.640892,122.783844
-28.684301,1561.0466,91.2581
-230.0948,-290.7509,101.25862
-39.219624,1205.0294,134.31264
-134.42267,-853.16077,143.22446
-21.000673,863.69025,126.5134
185.92607,2582.9397,131.58984
11.300439,2166.748,127.30473
-86.53551,-2259.6885,142.61249
-72.79503,-173.77931,131.32181
-65.20353,1329.9553,108.54403
-133.25525,794.69305,85.80541
-131.45897,-469.3837,148.3969
-196.21736,-65.170494,131.80766
-58.680332,-286.13785,129.54828
-184.52567,-3083.548,149.38544
-160.80582,-2158.5889,142.71242
81.581795,1910.7704,127.84403
44.98326,-241.89735,124.133644
-165.56421,-2219.4673,147.73537
-310.24597,-810.64307,119.78843
-98.60634,-902.9038,126.08653
26.031477,-1174.4338,141.03459
-172.18575,1000.733,114.66334
-255.4919,-951.4263,123.6412
218.9669,3517.693,102.05432
-68.82827,-513.2976,127.803406
-288.40985,-2588.14,128.64484
-173.09929,1181.0583,96.31594
-303.7001,-2009.8625,129.4794
-248.42595,-1795.1995,135.31262
-34.976505,1724.1758,112.43276
-63.80521,411.60397,133.90073
47.947495,-906.7134,161.28938
-235.41734,-920.1903,131.4924
-196.85735,473.8682,102.817665
236.496,1980.9532,105.38225
87.20394,1250.2184,135.67863
51.259827,-501.1143,158.06163
-206.82925,-490.04117,116.10793
-96.4994,-1167.7626,144.22142
-156.15128,-119.18868,112.506714
-135.02718,2434.311,89.04044
62.891037,-776.3777,150.95786
39.886215,394.30576,151.46838
20.591366,-1439.9551,148.03006
-246.85915,-1343.7146,138.84427
15.018352,1552.4369,123.09497
-108.00732,-585.3733,136.84996
-11.058074,1129.8268,123.90739
-20.135283,1263.942,128.91364
29.835459,1822.0911,126.16854
-68.34675,-1190.8652,146.92513
-28.876562,-579.9646,156.97346
-135.13307,-902.8855,142.94104
18.115694,1369.7479,129.35847
-240.524,769.46826,107.65024
-328.0454,-2444.9504,122.22854
-109.64537,-1201.478,163.91167
-40.399124,-729.5823,161.4651
-148.24867,145.23656,108.53249
34.75323,-633.2123,129.99896
-156.01878,-1899.7891,141.5564
-335.193,-1607.3337,124.0263
116.27593,1330.2903,145.9138
-212.29593,-1260.928,135.47897
-33.155132,-1119.0054,154.88252
-342.82077,-1911.2859,115.09917
176.20663,2107.062,141.56754
-382.27985,-2434.0696,137.19098
-56.25205,-448.28677,122.92991
-213.92703,-178.96974,123.358086
206.82834,422.58902,133.1512
-249.72777,48.747475,105.70798
-323.80536,-2760.6648,141.71529
61.985744,452.00006,137.83644
-269.6305,-578.1992,124.598076
-401.95013,-1392.6357,107.240005
-401.0044,-2739.207,119.37021
-234.02704,-118.1639,100.165215
-241.52742,-1257.5579,121.80007
-266.50522,-1871.9912,126.380936
-206.41481,-322.9789,128.33293
-118.666824,432.46094,117.71307
-302.5377,-1099.5256,117.903465
-182.85696,-2030.1687,137.48566
-139.71574,-1750.1597,129.55176
-9.492253,2389.0867,104.45009
-44.58308,1167.888,126.74178
159.70198,-1476.9097,173.58705
-319.91132,-2077.0405,128.19406
87.32334,2402.4421,137.60849
-273.47717,-599.1173,128.07825
142.5842,3019.4033,116.010376
41.14551,1436.158,127.86504
-36.900845,559.5968,129.99257
-407.57578,-1908.3208,131.03534
-251.87709,-1915.6055,130.55562
-65.217415,1329.1427,135.33
-114.783875,-772.0558,148.849
-157.5161,-1535.4797,147.80449
-98.48115,1096.2728,108.59141
-38.73039,2925.3718,89.89948
141.66016,608.5076,157.4602
-117.52928,-104.5588,108.16678
-363.42603,-2300.9727,131.15244
-211.29163,-1847.1877,142.66272
-144.55234,-2032.9062,155.8715
133.43083,-1447.2136,160.266
-109.964836,-386.8278,108.413445
-147.49393,-1327.5837,135.84135
54.78973,2364.9585,123.979034
-57.31242,1124.4111,129.36197
-90.34682,-30.987389,136.9491
-154.80981,1009.319,105.033775
-199.05045,173.6184,104.70155
199.00595,2024.7001,101.07382
-218.97972,-1898.7078,134.64017
-225.06364,-884.26746,123.15097
125.43335,1904.9211,138.8844
-117.76857,2181.9792,113.35543
-7.9195547,229.02794,147.98602
-267.38867,-2472.7996,129.8064
9.939089,937.9309,110.602
-5.5919313,745.9448,116.50117
-87.4241,-125.22463,132.0495
18.90184,1696.7876,128.96721
-311.5116,-1400.8408,132.07741
-250.85707,-1503.6482,137.71765
25.597492,1240.0463,116.32415
-147.087,227.14397,119.486534
-90.15517,1229.6725,112.58721
-4.7339144,2511.1018,126.632385
-196.09271,-441.4838,112.975975
2.6713,3332.3657,84.02806
-140.1043,-1207.4185,131.7934
-1.8579664,914.8324,121.92393
-15.789281,2029.6124,129.19023
-257.21176,-1205.7832,136.53656
-181.8029,844.773,122.993484
-112.373276,-33.852867,116.5954
179.2948,1947.2617,141.03157
-261.18475,-2713.8052,131.5967
-209.56824,-1465.9636,133.1314
76.87608,-57.479637,134.72406
296.4863,-285.79373,160.19023
-304.35416,-1184.4967,117.299225
-221.15373,-223.46803,134.57547
-305.4305,-1793.7727,112.58351
-54.29282,-1800.606,153.22238
105.06136,3365.1208,125.313416
-212.2543,-1846.4116,125.30484
-76.38632,-933.41235,149.84628
277.52054,2256.2886,116.42068
-219.88246,-2046.1758,146.38742
-336.22815,-1250.687,130.82237
-269.56683,-739.8031,134.11993
-78.85331,424.56393,121.823135
-36.045853,1377.7751,123.24657
-227.53816,-1170.7656,129.36475
-284.2941,-695.4928,127.90834
49.0004,2509.1108,102.438805
-177.94072,806.97,105.97497
-232.75932,-262.31473,138.1769
150.40753,229.56108,156.69376
-165.9493,-1359.5024,143.6564
-115.40469,-2032.894,126.86124
34.77663,1880.88,136.96436
-108.246376,-1455.926,138.87743
-156.71086,-1456.4131,124.56688
83.86074,2173.6987,134.9711
-277.37387,-2844.1057,138.39223
-151.47987,-1651.9895,144.29681
-21.530378,87.449135,143.16815
-326.17685,120.60276,86.37151
-121.92964,-250.25343,136.23195
-265.09872,146.8098,105.84811
70.89069,79.014015,123.02736
115.53134,183.76524,148.4169
-85.96303,-1668.388,144.26222
41.9011,537.4287,135.74094
104.4085,-410.34586,161.23825
-181.33977,926.6036,95.07723
-329.97412,-2936.5576,128.84302
-89.19854,-1972.4863,158.79572
-396.16147,-2345.0835,125.425026
232.57771,2320.099,132.49034
-73.80525,-712.3921,159.64784
-207.04324,111.65299,136.48778
-503.06467,-2618.0002,114.210014
12.265059,25.30442,147.2438
-220.31209,-840.93994,131.17676
36.32975,1608.2261,115.87396
-178.5906,-786.646,111.92606
-145.23161,-1788.3274,145.01936
-50.825016,669.17816,112.09007
-344.74228,-3003.8298,130.89043
73.60686,-404.70975,130.1179
-166.13496,1334.0349,110.00529
-290.67114,-1901.0886,122.75183
-127.84749,854.725,111.7292
123.41601,-1222.1191,150.94975
111.12303,984.5544,131.6837
-191.37964,34.461403,118.26166
-226.96695,20.0626,134.17488
32.700367,1251.9635,128.1219
39.455555,797.92065,150.15277
-217.15305,485.8281,111.66243
9.21968,265.14426,124.2377
19.00193,-707.2688,140.6312
-120.92558,-1850.4778,145.35521
-168.12926,-2546.1855,137.67654
-123.13298,514.0196,131.03137
-66.900215,1212.6271,115.66299
-293.03317,-2061.6113,132.45636
143.2826,1011.81976,156.32426
-87.97004,1010.67773,136.50314
108.092255,3113.0444,107.20907
-159.78627,-527.5614,144.28308
-185.22441,-1724.2688,137.96964
-98.02799,1129.7264,129.66722
-182.25133,-131.97096,132.05328
-43.64376,2143.0403,128.96252
95.11108,1617.2543,132.08055
24.821392,-1044.6174,160.09485
-339.59512,-1465.8364,116.09981
52.753845,-1349.2759,171.39659
-79.59969,-1618.9578,136.29991
303.67657,2870.0068,127.69115
-62.587086,849.7347,122.77877
25.313393,-345.507,139.66919
-167.40886,-1914.1589,142.97672
75.80651,273.06448,149.05286
-35.796925,-1443.7676,161.58633
65.252525,2408.544,101.63025
-134.36684,-1997.1069,148.69334
-39.577972,1162.6245,131.45172
-274.75546,1213.8428,80.0635
-7.0722,425.12122,122.77195
-261.2475,-3492.0774,137.12108
-77.70674,468.15802,126.018585
52.174236,-1153.8113,154.94762
-238.92653,-194.09303,111.9589
-113.21579,-1313.8079,137.51657
120.50688,1666.2645,105.771194
162.30296,1779.542,117.44776
7.0913267,-1600.781,144.1552
95.72539,26.489784,158.85097
84.81255,2259.377,123.80397
102.80714,2884.167,117.75024
22.073748,-942.8093,145.72377
-384.8708,-856.92236,107.23222
148.9392,1354.8215,141.03127
-97.73102,384.24615,98.96332
-151.30396,-936.6035,126.44595
-308.58807,-1676.762,123.08022
-69.550224,600.8477,124.92265
-35.301212,-2326.3906,147.96825
-173.01425,290.43472,102.87434
167.41669,2164.1858,126.99476
29.807772,-848.77136,163.85109
-354.8372,-2465.2263,123.67514
23.12925,2184.0293,123.774994
-289.2803,159.04893,93.92309
-89.31467,-2336.9153,144.26465
92.98493,4297.2676,88.35577
-197.55061,-659.49426,121.109856
-144.73015,-1945.8633,119.74796
-95.72559,735.77563,109.04435
-277.007,-1204.8296,115.742355
25.63411,795.6879,143.74608
-62.643208,-2337.1995,145.04156
-390.2069,-621.19336,102.519714
-15.200437,-199.2129,137.77495
-304.7818,-3483.1946,154.36223
-213.4484,-224.6327,102.361015
59.964615,-445.39468,137.31471
-204.01291,810.80524,102.22445
-300.56247,-304.25723,115.89158
-94.19408,-685.6913,144.75026
-205.87387,-1705.3647,143.87323
37.905807,-3103.5012,169.05461
-213.80142,-587.3611,110.01746
-243.61806,-1014.22656,125.94044
10.202771,1515.4335,114.008644
-26.517263,443.14667,141.37944
-14.064286,1725.8912,121.705055
-37.827118,-1703.3228,149.09402
43.69099,832.85596,121.319214
-145.96614,-111.03237,108.92812
-184.08757,-682.71765,117.71711
-130.1962,1294.1461,110.89617
-47.273365,2172.2056,106.82026
125.130005,-137.6269,149.07458
180.4646,1663.1974,112.33011
-33.995804,-2598.192,186.72961
88.139854,594.1599,142.44092
17.329216,2433.0989,108.43656
-166.15544,702.6944,126.169266
-62.234844,-647.5217,140.87927
-240.5808,-792.6655,121.00762
-264.8525,-632.3939,124.19242
38.814404,1385.6332,128.1764
-180.60612,-1274.648,130.07391
-88.17778,-1745.7532,149.02443
-212.35454,118.28666,112.76693
25.977,1385.716,140.41533
-135.23982,31.028542,136.31703
-197.38033,485.32397,115.17679
-289.94022,-1906.582,129.59886
8.663066,0.048256278,132.56291
214.82578,1226.0835,143.78557
-61.210995,-1544.9148,127.53343
141.37653,4004.0686,92.630615
-44.700138,5.623574,143.41704
-175.4648,1017.316,111.20232
-214.29892,-1979.7253,135.91034
-261.5223,-608.1516,118.68486
39.593338,716.8954,150.67822
-230.88748,-1418.4888,127.3771
115.46797,1827.3406,135.02156
-4.8487654,-503.1309,146.44736
-196.07639,1648.2561,93.11119
100.89644,-1280.7461,161.48608
-254.321,-1733.1848,119.06299
-263.95767,-3129.7932,136.91104
38.870945,4073.244,70.93918
-192.60588,630.5561,118.21519
-298.36838,-615.9636,124.70271
-259.02652,-1691.6826,120.25502
-252.91173,-2255.1863,133.7801
-239.92455,-951.2698,140.44162
9.06201,1867.2968,112.53184
-8.268056,1583.7416,123.48105
21.12692,773.3152,140.12624
22.196278,244.10893,147.28065
-284.35156,-381.82437,109.6843
-188.14307,-1154.591,137.5941
-404.06122,-705.7251,99.209724
-82.58467,588.4511,126.59134
-195.06693,502.9844,122.570885
-360.68478,-2350.1018,123.99105
-135.45703,1240.6486,80.30147
-152.74689,-327.07523,131.45682
-188.44485,-365.37234,135.51646
-42.717976,442.80853,139.28995
-145.03871,-1029.8141,145.5714
-45.84611,1149.0735,128.68532
-398.05905,-691.2191,114.622185
48.14729,1502.3418,122.11818
-282.90167,-3571.59,134.36476
27.216698,3400.324,97.21681
-190.45932,-6.7764506,138.36214
87.65171,-425.16617,131.34695
33.72768,2045.3267,114.063385
-215.63168,-2422.7249,132.32527
-214.99376,-20.111656,122.137634
-247.11906,-2922.6433,136.06268
-42.487522,-2189.8875,159.13937
-258.771,-129.23018,134.83698
-106.45305,1343.8951,116.13684
-54.329197,-107.52676,140.9604
246.38112,3186.78,112.511185
86.62948,3995.2944,108.94927
-51.793354,972.0938,137.87953
-168.04839,-2251.2422,137.29527
-107.24606,-311.57608,125.75352
-30.217962,1577.1067,100.50378
-33.311478,-347.58206,149.51212
-171.74043,-367.62503,139.8489
-182.89043,-2339.0815,130.87695
-68.34795,-914.20544,160.0207
-64.09359,675.8143,126.05751
64.24392,-1846.7844,143.11333
17.663631,-541.6168,152.41956
-350.45877,-65.67391,106.292625
-185.41934,-769.0565,148.39474
-25.488874,-1036.9729,142.2414
-155.32599,-57.2098,111.02236
-73.370605,-1198.1733,127.12757
-103.32342,-647.74634,136.13034
-298.6475,-1602.8962,118.63377
98.02299,1186.3604,149.72249
-66.542465,-118.402916,129.56566
-23.624418,693.274,136.18869
-83.79675,136.57384,141.40947
-322.05246,-1392.623,120.384056
45.463284,695.0164,135.92026
218.35464,2864.4973,121.631805
-177.51736,-2584.77,132.8298
241.49745,2333.8872,102.125725
-213.07944,-1050.1111,119.22323
-48.044643,1516.3591,109.83959
-222.76384,-1322.6877,132.70639
-114.54036,-1081.7582,149.27748
-275.55716,-751.6797,123.88492
-176.92532,-3007.7456,146.55927
4.462513,40.39054,149.6653
-375.64267,-1769.385,120.455345
68.775375,379.5407,151.0179
-111.285904,840.5602,133.0122
-106.430565,-1610.3533,136.55592
-35.21136,-1299.1145,141.96626
-177.21173,-1243.541,128.2672
90.96393,1642.0123,116.30047
-174.27588,-4611.3145,164.31377
-58.46963,-147.51613,148.56792
-87.81353,-1260.9849,167.57681
232.60822,581.09204,143.54356
93.355484,-1686.4329,163.07808
-122.3226,-170.33278,136.37823
-290.86713,-3434.7302,141.40012
-145.71042,-2482.1172,136.5056
-22.273417,-1165.4175,137.7196
45.305046,948.73956,139.15916
98.6765,2044.4939,136.54259
64.81273,-1037.841,138.67851
-291.80344,-1339.0691,125.18603
-36.562904,566.34546,124.61128
-430.59302,-3146.3633,111.47307
-57.035816,1009.34796,130.21193
23.479694,2231.5527,115.782104
-249.8763,-2198.919,127.015236
-275.67398,330.15317,110.45529
-199.64354,-3755.1418,134.30296
-125.18146,63.920937,111.08345
-219.17668,1646.923,89.525475
-176.5286,-1860.7622,138.503
-87.23954,1196.9187,112.752235
-86.45743,-196.62758,115.37447
9.655359,97.16123,130.04634
-217.37189,-2141.0085,129.97984
-22.452997,-987.09985,149.54836
-71.92816,466.2131,142.0576
230.2299,3289.968,120.83896
-142.32474,-521.1581,97.401
-163.55772,349.54144,112.27628
113.259735,1080.0378,127.44781
-102.01727,1776.5724,119.952705
-242.44075,-2257.6313,133.93173
-108.29099,-969.08203,159.6686
-28.988802,178.55754,154.78549
-22.378752,1689.6367,112.7995
-104.31592,278.20914,110.04982
-91.578064,-1020.74023,121.83491
-101.09866,-804.6156,127.16054
-23.760084,163.52727,115.51054
-85.854454,-136.84639,145.09926
0.23860261,593.5027,138.92271
188.64467,1470.3615,143.83592
12.182743,1039.3333,108.74031
-122.39116,-1480.1831,126.966286
-62.274624,-567.3895,140.44098
51.5222,613.30286,131.49661
-313.102,-98.11819,98.22475
-407.6273,-2248.1416,110.40546
78.880516,1782.1436,109.62181
-50.631794,310.57394,127.608
-123.23564,-874.5486,135.8143
117.307846,2265.2827,139.48079
-13.504205,-61.014244,146.31963
-219.1125,481.88538,117.05724
174.30074,460.5589,147.39803
369.01096,2632.3438,136.7203
164.97658,4747.937,95.888145
4.242344,2748.9705,87.83816
-73.59963,-501.5834,141.68498
118.658,-213.32033,153.06007
-28.333574,-36.13125,153.19994
-262.78552,-1516.6895,111.35031
-123.89859,863.4202,103.612755
-109.52036,1520.7194,115.431755
-168.88644,-2147.205,148.71146
-221.13683,-1551.5522,128.89023
-198.59616,691.8582,117.54795
-194.34077,-724.942,128.30618
-234.066,-1733.2234,121.9839
-1.374423,-1344.0972,148.0773
-332.804,-2331.9128,138.21455
-218.3116,-2452.1465,128.50108
53.08763,-212.80531,154.73651
-185.28474,136.88445,128.73505
151.53062,358.8897,153.79778
-215.92316,-501.98,128.16971
-186.29321,-796.6874,124.461655
-177.86316,820.77844,131.92702
-303.74283,-715.1223,122.04023
-132.1449,139.59404,121.88381
-51.438793,-587.647,158.22833
-149.66428,-2185.366,148.85622
-333.41833,-3033.125,110.33567
47.02182,3342.5134,114.69143
284.72092,-545.7057,168.96544
-197.18617,-294.82974,120.6859
-255.03621,-471.0602,130.24461
-18.459002,2308.3127,126.45279
-186.79948,-1865.4382,143.17683
190.33098,4413.6084,104.64806
-199.69633,-626.2706,142.80501
306.4403,2099.238,106.00837
-168.41525,-1406.4644,142.54027
-289.58704,-317.31058,101.05615
72.206184,1514.2268,112.97445
-274.67645,-2348.726,129.22145
57.966717,-710.93713,147.88002
-85.15306,-732.5526,145.89265
-110.581566,-1699.6365,137.89754
-123.66641,-818.10657,140.1595
180.06377,-368.18802,155.84807
-108.92944,-1648.2991,134.60167
-221.09126,-1490.2454,126.52404
89.58002,469.94434,124.1471
-103.31843,350.58786,133.13452
173.90373,-399.70425,174.57364
-240.30711,-483.5579,123.638306
-373.18448,-2696.764,123.81464
463.41772,4636.9326,103.63677
6.4826393,-350.83206,143.26328
359.4975,3538.7554,89.2949
-243.57713,-1713.0288,136.06303
-101.91901,-875.25854,133.64578
38.469795,-2244.9727,156.49622
-108.888695,-224.95631,135.72543
-96.9436,1692.5026,105.241165
-274.20096,-15.984337,101.595184
-135.74716,-381.50345,148.67036
-204.08618,-883.81335,127.55037
-353.927,-2294.712,120.60545
-145.39066,-1181.8582,141.65115
-326.5062,-1434.7332,117.376305
-119.6373,665.49316,131.78423
-233.62654,-2201.3752,145.51161
112.32035,3495.1216,89.98776
-40.397854,1269.1029,112.852615
-221.71504,-1713.8884,137.8041
-243.38445,24.252113,118.524536
25.436733,361.1038,146.69781
0.63266563,-2198.3662,163.98578
-105.94855,1848.8823,110.16152
-134.46156,-2036.6716,135.28328
-212.1861,-39.917625,135.57208
-24.7302,1422.7598,132.28838
-85.10196,64.98295,122.78967
-112.84386,-2622.9155,154.12627
-260.85297,-2023.4521,135.6709
-259.3751,-3053.9475,151.22525
-193.88983,-1527.8223,140.92651
-275.32828,-1100.0974,120.34169
-130.17502,-966.906,157.72652
-34.59876,-1290.3245,131.35654
-197.1423,-2201.2275,141.75383
367.77487,2519.0989,125.21367
-33.495106,-819.34924,137.25148
-155.97307,604.33136,125.1125
-74.79894,2267.546,83.87719
-141.16435,2831.5757,77.11655
81.79901,695.401,135.57098
-94.80659,3926.4573,87.08606
-133.51395,306.32492,110.88531
-209.20279,-2557.9922,135.758
-244.49031,-1644.551,126.204346
-123.97179,-441.05106,145.4611
-170.07486,-459.60538,128.77908
261.34793,3617.1006,109.72961
179.83156,2594.8125,127.857254
-188.76178,-820.2505,123.5941
121.600845,3514.9104,100.026276
-249.42229,-1731.7842,128.69121
282.7513,2448.571,121.16721
-257.62543,-1426.7234,139.676
-52.719395,101.49143,142.23293
135.03423,-1047.1827,167.8367
-155.89148,1166.5499,127.5986
175.04344,3700.944,112.34416
-186.92493,-1980.5779,143.28738
63.962925,614.6519,139.98042
128.29509,-689.48035,160.35612
-340.23172,-2398.7068,130.99469
33.567986,-1323.635,143.68294
-231.51747,124.34562,116.94926
-126.54944,-1214.6919,148.155
145.04184,1701.0751,135.0291
-260.78436,-720.3718,112.1678
109.45193,600.0847,140.1588
-232.59882,-877.9712,115.437836
-166.70436,-1719.6692,131.7994
37.533775,3888.9163,107.66877
-157.10153,606.99646,120.175644
-86.015785,2203.7646,108.96529
-34.873203,229.3662,118.303444
-168.25757,-87.85586,107.97485
64.37787,375.2666,132.1088
119.57994,2926.5195,114.57136
-55.42361,-371.4523,135.1978
24.955608,179.04185,135.92981
-35.4798,-1514.0903,140.11824
-260.05533,-62.28939,93.369865
-230.1528,418.9357,114.91041
-384.60696,-2268.5933,121.91737
173.20815,1549.8853,118.97866
-62.262943,2148.9094,92.13289
-38.909595,1218.4701,109.5142
-31.898573,2023.2374,117.56248
-199.0085,-1051.8851,127.270935
27.822773,-683.5801,160.32587
-145.02492,-1144.5762,152.37704
247.0001,840.56555,130.77528
-308.3363,-3348.9207,125.650085
-283.84875,-96.004845,131.18178
-46.93937,-1493.1665,153.96248
-82.194756,564.9696,122.29505
-23.489706,1042.5269,115.12277
-169.52672,-2741.8025,145.20442
-260.68536,-1753.9099,120.36935
-78.59585,-186.4197,152.11227
296.23727,3628.1724,121.91436
-133.32222,-52.85604,138.68117
18.921068,487.01016,137.83257
34.196598,512.4668,143.36084
-28.072943,-9.44326,154.07301
-145.03012,-805.57446,144.78372
3.9743576,879.64355,129.83615
-308.0336,-2588.26,134.70473
-83.76831,-233.63222,136.78258
151.37866,2952.399,125.68013
-117.482346,879.69006,91.90475
-412.27756,-943.84216,113.96995
-181.92975,-1120.6183,128.70935
-133.51825,335.5457,111.690834
-285.31116,-383.5812,127.56749
186.31238,3736.9358,86.812325
-134.72382,117.65476,103.91487
-35.156452,-61.536156,138.44264
-168.95363,369.52112,93.59713
-123.098236,-1115.9152,135.2285
62.385956,859.3359,125.57458
-232.90636,-1436.0608,123.588554
-0.6690073,1645.958,103.42792
-28.777681,-1341.2014,154.94585
-254.10509,-1667.2659,119.42172
79.11395,896.934,137.1959
-169.25648,-1613.4519,140.89668
-34.37272,171.63493,120.05569
-111.798035,-804.3241,137.17894
81.4135,242.39726,151.78261
65.258514,-1300.8135,158.68398
-211.1554,-2006.0454,135.50304
75.01023,2282.2507,109.097466
14.081114,482.48663,153.65938
-4.895299,458.4781,148.77072
-153.6396,-190.08144,117.54357
-38.33228,-1174.9834,151.83781
-101.200645,-483.9385,135.72684
-118.65207,-509.09073,144.58835
-236.71109,-2517.6184,139.7104
-191.72151,456.19748,120.57959
-77.40368,-1008.09705,142.1076
-54.852703,323.44894,145.27318
207.8667,2717.2268,123.25997
-113.217636,-2050.6362,142.32594
28.672714,2263.5671,118.50548
-411.36597,-684.2953,108.79668
209.01677,4280.83,98.22384
54.3895,1524.2605,126.337524
46.397438,243.83916,146.70851
-93.8557,974.7289,100.79739
-138.93396,-1039.1022,125.411095
-148.94727,180.37456,114.11024
-234.21838,-2080.5938,126.22719
-380.14944,108.03428,88.89527
132.69513,2499.0005,77.61806
-260.20645,-2356.916,130.26869
100.77091,808.9777,122.41392
132.30887,-891.6155,154.96152
80.01706,-631.28564,139.86038
132.96709,-547.79736,152.85907
-122.91991,-1074.9907,147.19125
2.234455,2121.6257,80.04412
-80.01961,-1254.3899,148.89403
-52.367123,1223.0497,117.24497
74.03838,1676.0784,128.56682
-195.21732,-1402.7097,130.26097
84.751366,1175.8785,123.55157
59.37405,2411.32,101.45835
-257.2442,-765.2273,110.03458
-233.53313,-732.99976,128.72415
-126.67993,-487.3107,123.06309
18.76533,2453.406,87.98321
-206.14606,-2490.6838,133.45372
-259.04498,-2644.2178,127.91242
176.2914,210.54271,155.48233
-155.70357,-59.589684,124.1212
-188.48465,1506.8477,85.190926
-38.327045,45.515236,156.28253
-233.28735,-1856.3042,128.01534
88.002,2174.5005,148.23341
-65.39652,-1920.376,145.38806
149.45633,-184.71071,167.13344
-201.3153,-845.1371,153.89885
124.82721,3094.2903,117.12375
31.720547,1113.4495,146.63243
-96.75406,1548.1388,96.12922
-367.7271,-2001.2148,125.974075
83.29102,-1829.481,161.29251
-141.11751,-1403.8276,130.14447
-181.85266,-518.9968,133.38362
-144.99294,1653.5106,82.97806
-412.13986,-2351.1687,109.31329
80.27282,1728.6692,121.03426
-97.17734,-1263.7192,139.07133
-287.90836,-1152.8601,116.4913
13.228973,1193.3531,125.00185
-232.55147,-1735.7546,123.848564
-29.463793,-786.9004,156.43808
24.780367,1609.721,124.71317
-295.56152,-189.3921,130.84346
-70.51669,1570.3817,136.48499
-92.091545,-420.9445,117.115135
56.30881,3827.572,88.69763
-249.07344,847.59094,106.43887
-291.45248,-1695.6995,146.21272
-327.86264,-2650.2942,134.27357
-143.70154,-1469.8213,159.36766
2.7482471,-735.0863,140.54082
15.103171,4129.7715,97.74942
231.8881,2012.6301,126.79705
-193.59763,548.86127,125.77959
51.29545,2189.2944,137.92082
-115.2377,-1648.489,139.8231
125.190025,1099.9453,137.6701
47.09716,1515.806,113.46792
-296.7299,-1167.5162,138.91716
-188.4162,-2193.0847,133.30664
-241.53612,-589.3712,128.45499
-10.5162115,-971.156,144.60242
152.84418,1273.7599,147.02332
-95.91435,704.6517,117.36331
57.77532,1448.7515,130.98322
-96.12641,1475.5042,126.40987
-112.00928,-598.474,122.868546
-158.08696,-445.39053,122.164085
-237.29668,-933.0316,124.81616
198.21269,180.09789,145.9716
-217.06976,-2140.52,123.1334
-107.956825,2199.0955,114.72319
-117.4435,-426.67227,122.60729
4.614398,-2.0069804,141.70544
-116.44,-667.7427,151.88504
71.0512,-581.0255,150.01114
174.50974,-779.9579,150.96751
77.07142,1715.898,138.41492
-159.19319,-624.2727,108.719864
-277.62866,-287.3328,104.005486
-223.70749,1455.1858,108.927505
-76.89797,-2579.3218,159.93843
-174.48615,-2782.4,145.42087
-283.3202,-1019.5665,120.53345
-266.25464,-2479.1394,153.99399
-228.58472,-1051.8839,105.052505
-272.7312,-3699.5051,130.71025
-95.851166,928.8291,114.4445
-94.74855,-318.16605,117.08219
-160.82008,-2043.0784,155.62682
-165.91193,-676.68677,117.973045
-59.81168,200.37834,142.59235
-35.85551,644.5736,115.56736
-62.23409,-1631.3257,167.178
-14.045032,-700.90906,165.76228
-114.893875,893.9917,95.62939
53.340477,-111.90652,138.28458
-136.18802,-607.37305,134.87456
90.89984,2241.371,127.320724
-13.937572,-222.63002,160.5362
323.39386,4592.4043,118.24332
-161.2677,-2345.244,158.23984
-175.31926,-1399.3123,131.38066
-99.83883,279.47073,141.57562
-193.52708,803.48773,112.322876
135.25212,3381.4067,105.66816
-281.14172,-1635.0195,138.27654
-97.60296,-1689.4897,148.86392
-1.1721373,-148.63759,139.8737
-197.39366,-2155.59,143.48425
-1.3741064,794.40497,135.12073
-132.68558,-1143.6079,158.76515
-120.1454,805.19336,118.39057
-80.81622,-123.437096,141.3561
-283.649,-1894.8442,134.12328
-249.18898,-1143.1449,142.99783
38.068386,849.2924,138.20415
207.06044,3347.0613,103.695145
-333.38687,-614.75134,105.432434
-423.0001,-711.57056,110.18378
-241.46254,-2469.2097,120.41489
11.561129,292.66,124.16042
-84.749115,1798.4633,127.8112
56.561756,2567.3389,121.88813
-49.027973,2591.3984,77.72422
-110.05758,76.86649,110.30027
-50.355427,-867.7742,158.00424
-184.39885,-1837.1816,125.35669
-44.195656,1443.9755,112.07934
-225.96915,-478.1282,128.9675
9.894591,-507.1326,144.42589
5.8041496,426.7842,151.55435
-52.869724,-435.20145,150.00769
-156.75548,-523.5653,120.67718
-202.54703,-3325.655,135.50162
40.22433,2774.6702,116.4531
23.397512,-1136.6257,158.4265
-160.74341,-2525.5583,145.4177
187.57089,2684.3054,115.96452
-391.58493,-612.8966,119.61741
83.15567,721.5914,139.54391
-209.77667,-1394.49,127.23246
-8.65241,-1398.761,154.54103
166.73267,1896.8346,143.3568
-232.63087,-1434.1311,146.74817
-101.22881,-1888.8113,149.31386
37.621674,3130.8892,86.13119
-316.27762,-2908.7021,141.04005
-21.791212,1417.5022,146.67737
-56.45142,1060.3663,135.46632
52.01548,805.1626,135.57848
-258.89453,-2297.1782,145.08917
-296.94534,-504.06583,124.21982
231.25813,2129.3079,141.72145
-121.94737,-955.1885,140.56888
109.670616,528.8962,126.75331
-112.603775,-1528.1531,146.13675
-76.11938,-133.65285,122.79663
-223.32127,137.86852,117.19571
-16.954084,594.45337,135.26317
-51.96973,-1167.6866,146.9393
-215.15184,-1349.7151,134.44609
-104.0767,-908.8861,128.88855
-156.00983,-923.046,132.60144
87.90713,-1767.2573,138.6253
94.61297,1020.3556,146.94421
-160.44406,180.08415,148.8183
-115.784744,-1339.2468,140.96474
40.687435,798.2037,143.1311
-154.80884,-1135.134,138.39491
8.356065,930.42975,147.58292
-188.97195,-510.00027,106.51735
-82.81122,-1489.5259,154.1063
-260.52393,-345.20926,112.70868
125.12078,2295.1675,129.81148
-162.52493,-316.54044,132.69867
247.80948,4207.0796,106.164604
-284.69092,-1415.7029,119.168755
-223.84047,-1199.9009,133.1549
-182.89777,-2906.8638,138.56445
-241.37273,-2571.4626,142.74307
-200.39413,71.44242,114.1625
8.512121,36.569862,147.1595
-182.60587,-1438.5205,133.46834
-61.13129,-1318.7385,146.63673
57.60217,-181.36623,162.55415
-261.5228,-389.49747,115.85002
-31.024595,-687.0665,156.42819
93.22673,-390.10306,127.81884
322.43488,5512.1016,87.12525
-243.68752,-2264.3882,130.9742
42.185062,3728.0984,94.45866
-300.30533,-1240.8843,117.383125
-89.96557,401.20062,129.02429
-129.80562,-2776.008,158.9008
233.13799,992.02893,151.49802
-280.8111,-2941.0142,131.82675
-32.587578,-962.45984,138.06306
82.141426,621.2226,132.53888
-3.2263365,2712.3762,112.264915
261.14203,1393.4137,144.5789
-31.770205,-1220.3323,147.35594
-8.32706,263.90555,135.4035
149.17862,1178.7917,130.47357
-201.14032,-184.77199,121.11295
-186.35364,-2001.4146,133.2314
146.30573,1127.9551,124.36301
-26.683764,672.0973,136.87856
-207.34326,-1398.7048,137.7599
-201.10507,368.5775,81.46928
-182.54564,-1546.772,129.33534
-36.446365,-468.76358,135.28783
-110.54601,-1151.5176,124.497086
-219.68288,-262.6625,108.27078
-337.40933,-1511.3206,127.87603
-153.7028,-498.2156,150.77899
122.50648,3183.2754,103.73551
75.43929,2186.7634,127.950096
-66.886696,-27.734703,122.74836
-73.792496,1003.7556,121.22314
-328.88382,-1943.9751,117.7797
-288.26907,-1356.9194,118.266495
79.19852,-842.2223,145.19939
-251.0317,-1881.0667,127.8601
55.885593,-87.76949,149.0038
-9.625016,-380.67838,151.99608
-15.111981,-1314.3455,145.82236
-253.8358,-2290.77,129.29182
115.72201,1381.9165,144.16107
-180.62129,-1202.3557,127.23828
-315.36517,-1905.7705,105.22181
-324.03195,-3008.756,130.23576
-34.484123,1817.7994,138.70921
66.49524,1816.073,140.34207
55.131413,1341.9231,124.3516
-352.38834,-1492.5227,105.9858
-183.4587,-1498.7273,122.63505
-99.51712,1885.356,90.499855
-96.74581,36.571327,125.20956
-293.96045,-2507.7783,128.01787
58.628677,2461.7192,116.81662
-72.61039,492.51154,107.9082
126.75708,2468.3496,116.23139
301.5278,3969.7415,121.10889
16.340807,-1643.1794,164.50787
-271.79245,-2456.9333,127.793396
96.528145,2891.5242,99.503944
-122.29625,1213.0396,114.902466
-314.28775,-609.5908,108.77235
-99.27553,534.10724,117.02408
-429.6106,-3225.6409,98.929855
-90.109474,-975.4332,150.88791
-45.134697,-211.66493,121.06608
-34.05776,381.3935,142.45718
-126.041245,-2232.893,141.61319
481.15167,4095.926,94.18277
108.37354,3003.1743,121.607704
-27.569227,-924.6692,125.50891
23.545416,1555.1388,118.92058
294.15863,4678.769,80.46882
-248.8936,-1654.7104,126.66399
-175.51532,-734.2423,134.4446
-2.8780909,1066.1501,128.65527
-141.82349,-892.4802,134.18118
21.44712,1801.7561,130.74716
-38.464554,29.593178,141.13441
234.47298,2428.0244,122.54373
-188.43268,232.55186,127.81402
-105.85471,2129.2297,128.0008
-242.42,-822.87805,119.10527
-35.991352,-654.45605,140.72002
-40.386925,-1996.1538,155.62196
-156.2673,-645.5482,143.02875
67.572365,1261.5294,143.38435
-209.7995,-2078.6787,131.27934
47.26454,-1477.8726,169.84421
-176.92645,-908.6322,138.98555
14.055534,118.51273,131.05754
11.427812,2215.5122,98.979225
-125.36705,511.38516,122.118416
-169.31767,-1250.9465,139.04146
1.8189754,-747.6985,155.30624
-231.54102,-1647.751,130.19502
35.679817,2903.7273,107.73051
-100.68084,505.17096,117.96533
-390.8673,-3341.9944,126.33522
84.58162,1954.7719,128.71225
-412.01773,-1109.1216,111.49762
113.24004,853.4571,120.91426
-117.505646,-1546.9827,156.2973
-246.31313,-2719.0188,147.17363
-60.561413,1290.5348,107.433495
-292.13934,-2471.3523,131.75676
-176.72377,-945.74536,119.137596
-106.988464,-1163.3208,142.2334
-85.00071,-525.36914,145.04987
270.5297,2471.474,131.25961
348.29947,1689.9231,132.59702
142.69867,2147.6284,145.02914
-94.492096,-1079.9607,154.54668
-209.03479,137.67345,119.0079
-255.40892,-574.6996,124.44127
-184.67046,-866.9048,143.20291
-44.131626,1409.6726,117.8911
-333.08957,-1205.7415,114.01685
25.766663,1104.5029,144.19887
-85.24088,213.61009,122.69613
-108.964,-1585.0522,151.22311
34.16519,2553.79,109.73556
-137.81262,-1773.4084,153.18153
-68.35821,301.28732,142.13219
-3.4349089,576.76904,122.85386
-220.36882,-3225.0588,141.06622
-71.75382,-624.84863,142.68492
76.600204,1273.0615,137.74652
-393.87772,-174.77345,92.20527
-151.60808,51.589577,129.41815
-179.81628,-916.162,142.98862
-69.06521,-860.4641,149.4548
-320.4839,-2816.9,119.41355
-349.57703,-1087.8402,113.6011
-143.06174,-335.955,136.24619
57.65308,147.1804,154.58208
-123.415985,476.18372,117.06747
-232.67831,-1359.7183,144.61812
-117.513,-429.87076,137.33229
60.42184,1848.4462,120.934845
-202.14233,12.729591,112.93988
37.692062,991.6384,147.22293
123.695496,1256.1587,159.11285
-326.4051,-1353.4312,109.7499
-241.24196,-2337.386,133.2015
-68.35366,-239.34633,135.15627
-199.29506,-1742.6089,130.58453
-358.52286,-541.8137,110.08504
-292.7518,85.1002,104.529144
-213.79924,-882.245,124.86142
-165.33958,-173.71169,123.38334
-242.73155,-1609.4177,144.12582
-66.36493,-0.73305476,141.06955
164.6394,-1109.5338,142.2188
-23.525782,-1917.2354,155.05956
-218.56558,-1793.708,117.476616
78.47369,2030.2198,127.91593
-67.91758,-1061.514,138.15204
-82.30917,1911.0172,92.267265
-191.36453,-2025.7766,138.20319
-236.80473,1378.347,111.27028
-239.42134,-879.6051,137.58456
-202.60527,-1011.92334,131.84315
-24.483526,-2264.3433,156.8883
-336.04388,-2431.9956,137.5759
-35.420452,941.242,124.02265
-244.49709,-2173.2505,136.32448
24.881338,1867.4025,128.10942
11.436256,529.91785,126.82644
-215.74118,-2017.5212,127.188095
-319.43814,-2588.47,132.45645
-130.22008,-1060.4628,146.22156
-136.51611,-2569.7085,150.49802
19.416176,-977.78564,156.07504
-369.60803,-239.30287,112.78191
-147.44121,-1794.2175,141.55452
-243.7147,-1507.9683,125.978195
-199.71706,-1345.4158,140.30986
-6.0838404,-1410.0852,153.67285
4.1369705,302.80038,138.43823
-48.742245,1616.8213,102.27314
-150.18622,71.00675,122.436104
-128.52225,-3675.5852,163.91418
-161.60518,915.08795,98.738
-325.38104,-1079.4275,110.414154
-88.61886,-1429.8027,122.93005
17.126863,843.73645,159.635
-16.197084,-327.8035,146.72998
97.14932,3493.4739,120.045135
16.09807,591.3962,133.7525
-117.38713,1995.6407,103.80217
-341.1478,-441.6951,103.92137
6.8285313,883.4823,128.04665
-180.96234,364.61667,101.159904
44.700657,-353.1287,159.01665
-173.16452,-765.33496,131.24203
-311.92514,-1961.6086,126.28387
-127.272,3131.0237,78.94673
-297.99896,-709.30566,109.94814
32.7432,269.58878,160.56696
193.29834,378.29034,135.08218
-469.47845,-2982.055,118.67149
-113.45801,677.6197,144.2541
-259.39273,-3211.3901,149.90535
-143.20923,-642.895,120.3549
-103.11505,-2042.3755,148.02759
0.6282301,-928.36804,154.41318
-73.7662,-1329.6179,145.79193
28.703829,-1964.2754,166.69249
-101.09144,-1050.1859,139.76611
112.747925,-448.51358,124.060524
-130.77805,-682.5812,120.25071
-148.79819,857.7886,97.24574
-78.50938,-434.29776,122.84607
63.662,2717.2012,104.237595
142.60995,1562.0359,129.43242
-245.7183,-1563.9729,118.89746
102.622375,2224.001,119.497375
-230.74522,-1332.6997,124.65682
-194.57903,582.12067,120.598854
-175.57788,-3382.3167,143.09134
-42.622837,-1107.4259,146.53087
-203.386,293.6133,105.81623
-86.021065,-113.45077,120.60065
-247.94838,-900.2046,132.21585
-301.12317,-385.27017,108.29394
-48.148,553.37225,147.42323
-298.6989,-75.22042,111.969406
-152.74692,-787.9624,127.56806
-305.97397,-2447.0874,135.19255
-84.7448,-871.4768,137.78761
-148.31981,-45.852257,123.344826
-247.55815,-1459.6077,142.3178
-222.75113,-1306.0488,146.60951
20.547203,-124.15853,136.52684
-296.0115,-325.05753,118.955284
38.918,1371.0402,128.90025
-144.92773,458.97293,136.30055
-85.389656,-447.3738,126.17768
-160.81796,1118.7168,95.861015
47.72971,1946.6324,121.83388
-123.84279,-1506.9744,141.07974
-394.79697,-1582.5137,113.36617
-257.97537,-964.1703,125.559616
-135.61589,30.499428,118.38309
34.902523,1860.6193,110.702324
-11.873347,541.0536,144.8033
-236.358,-426.55228,107.407684
-332.82846,-1327.6606,125.7217
-92.15778,-59.13186,115.34488
-195.93558,-1765.8826,144.35657
-197.76816,-1991.8857,149.75525
2.3954315,1018.24164,110.988144
-6.732354,269.7839,142.13298
-73.42988,-507.94083,118.28857
-5.1619883,-1.6584088,131.14243
-223.34064,-2335.6187,148.93286
138.74728,1783.8153,136.79561
-232.53137,-1946.1384,131.10617
-111.86296,418.83334,133.6876
-222.26913,-3013.829,147.05519
-185.57709,-157.58376,120.91499
-290.51184,-3128.6174,145.15114
-199.78221,-1324.708,139.38884
-12.354638,950.03033,111.34773
-55.449482,-2549.4548,169.00224
48.803917,1170.6217,138.47888
-170.92981,-119.22799,131.25867
100.15032,1111.5604,129.43628
-89.261185,1384.8868,119.21053
-179.38702,-1735.0996,141.70451
-189.39873,-1938.9534,147.59824
-391.7873,-1776.9116,125.86766
11.96769,1320.232,123.501755
-40.84663,1248.2069,118.18475
135.31221,2544.3936,125.1451
-52.36659,1889.7615,85.38386
-259.31866,-1184.8723,125.429695
-116.03621,-345.142,148.98317
-41.100105,-1307.3398,160.43085
-411.12997,-1991.1667,119.9639
-200.8231,-695.20703,126.61423
118.171715,1734.069,134.96344
-385.66687,-492.52054,109.47335
-119.830444,-1256.0864,143.26866
-160.23766,-433.82596,137.34358
-139.2915,333.3195,113.46801
-22.524775,877.25476,138.6574
-91.84554,187.32353,145.60406
-237.88051,-2965.825,124.02524
-175.62737,-1618.417,153.23622
80.93573,44.86271,154.99104
-281.4494,-2591.2812,136.33092
-233.42941,-2833.8472,126.05774
-9.616063,510.16113,150.46573
84.5644,2299.1736,110.72492
-74.0579,-429.60025,139.79614
-68.57677,76.97257,136.45758
36.230423,1559.41,133.74759
-25.250029,2161.0295,102.05468
-96.11216,-2269.6438,169.18517
-21.655638,910.67,132.31065
-233.9498,-392.12112,119.189804
-106.47966,-2449.5366,153.08945
47.300316,886.9596,147.93007
-115.14661,-667.9258,143.90738
102.87958,1122.7865,138.58575
-246.86568,-933.3163,115.736115
-11.57709,-327.25748,140.58958
-118.12935,-1309.3672,139.18819
-159.4478,-919.3412,131.39507
-181.7544,-1247.9941,134.13399
-94.559296,-586.21155,127.45603
-240.0684,-2251.5,133.03246
166.29779,2119.223,130.17383
-117.76297,566.8944,129.83546
-80.129524,144.21397,118.41956
-75.41114,-85.293724,131.00229
-101.58907,464.3975,143.1459
94.95242,2027.9296,107.58252
-151.06758,-3065.2874,146.0737
-325.66782,-2477.1775,123.939186
-333.39355,-3450.1804,131.90596
-156.40701,-2276.8496,151.72533
-515.0859,-3197.7456,125.56757
178.13588,2469.025,132.46335
-63.80325,-2711.9543,149.43875
68.65162,1848.462,141.66455
-289.98654,-1864.8508,113.78679
-304.1035,-3047.5127,132.15714
-109.40551,-1864.8572,136.17847
-255.68129,-150.47108,121.02321
-342.4781,-2022.5774,124.198944
18.644478,124.65067,128.82494
-183.52206,-52.10354,124.04536
-278.2985,-608.1078,122.20535
134.00471,2306.7207,126.78829
-27.03325,1552.6335,113.471794
-217.39545,-680.74634,105.76454
-151.29048,220.71745,118.85553
-192.14713,-1562.1982,131.04085
39.369747,-1222.6821,152.7083
-75.75302,-1423.5918,143.76347
-66.00809,1009.2288,122.31382
3.3818388,417.40878,126.77185
182.44981,2452.2292,119.20045
128.11908,2678.4548,104.46683
-19.875666,175.98509,146.51836
167.87569,2132.6423,119.307106
-22.897215,-175.47316,148.25827
-202.01146,-1019.4824,127.1565
-190.93222,-110.764854,118.4978
-375.95218,-2044.2615,121.7852
131.46164,838.47205,147.42123
-25.841013,-156.9051,145.10234
-86.591064,2040.2051,97.984886
-264.6255,-1665.6265,130.07362
-172.62563,-1451.6462,149.32793
-137.91165,-987.12146,117.872795
-219.95029,-1121.0452,133.03664
-174.01779,1405.8046,121.31996
-117.2906,-642.6576,141.10213
-154.97493,648.0349,128.39636
-328.90506,-1952.7102,118.01703
-142.47406,-2161.5684,130.5905
-362.04602,-1940.9285,115.037506
-168.53429,-1031.5933,122.18832
144.68109,85.4387,168.33223
-169.7938,-947.89294,140.99649
-265.65665,-1382.719,125.001785
-159.37267,-962.1459,146.88681
-134.39972,-3200.7683,142.68439
55.58704,-384.63748,155.987
-52.20492,-136.94026,141.22021
-263.84628,-888.3617,135.36073
-32.1757,822.4436,127.29405
23.220274,323.0363,149.04207
-264.4666,-1182.5173,115.90141
-51.55884,-1452.5486,147.72406
-163.83458,-2579.645,146.09734
-200.38815,-1400.1638,142.6148
-335.13242,-1744.6799,122.74072
138.2737,2018.0042,124.70487
11.179357,533.4821,129.65425
88.65638,3565.4548,119.599174
-78.56026,877.3257,120.06327
-182.83647,-426.8759,117.465
112.033775,-541.0957,156.17903
-36.784397,726.82336,113.86311
-150.10155,326.47446,97.082954
-359.96344,-921.91455,103.75547
50.471195,3466.8079,100.89867
-427.7975,-3286.9421,118.698845
188.2754,1919.3987,126.66769
-112.2108,1458.4701,113.74656
-103.613686,1470.3926,96.76109
-357.53204,-2315.826,125.10299
418.73718,4638.8394,83.00478
-2.8389006,-764.26697,153.93329
-232.76079,-1185.7002,150.1945
163.58595,1324.084,146.21362
100.302155,3174.663,117.882416
-52.275723,1233.6467,136.98387
-3.6282663,-2510.1702,169.18945
-19.512476,2800.154,94.63489
-226.88425,-374.4152,138.069
-403.40054,-1989.9885,120.78273
-278.19525,-90.61764,103.8579
46.648403,-1125.0675,153.01868
176.52434,1201.531,139.9479
-68.560616,1346.106,95.90781
190.85727,2990.1814,128.57048
-162.0882,-1433.794,137.0855
92.04962,-391.49393,152.48889
-52.512066,1464.6182,109.34159
-297.2756,-1742.6909,134.92998
-94.18772,-644.1709,147.96338
143.69342,2202.6885,145.45323
-158.39134,-288.5059,136.05722
-112.34929,793.06964,125.941246
-12.263633,649.79926,118.87713
-149.015,-1054.4979,130.6901
370.84338,5959.5713,79.2701
-33.794907,-1863.0994,166.26534
14.802337,-2422.808,139.75476
137.00822,780.93054,136.8545
87.60134,493.84955,147.54497
-120.13516,-1541.3875,135.67299
-222.80728,-3122.1992,124.79185
222.88225,2463.2998,133.91687
-73.03885,-2025.7559,147.85254
-334.66318,-1466.4109,125.338356
178.4629,531.5348,147.70822
145.23756,1559.1417,117.65381
-228.78152,-1693.3682,132.66406
-176.5425,-1427.8064,130.62523
-101.48588,190.81767,143.41814
-256.23694,-2710.7402,159.81154
-61.132374,1236.668,117.849815
-62.157978,1744.2025,132.36365
-260.8039,-2492.2437,129.32927
279.95105,1312.9962,136.44803
-129.66026,-717.86865,119.9481
-33.48808,-555.24097,141.7742
-36.36269,1015.7654,120.27238
207.5164,3768.4888,113.47958
-2.5986185,1481.1394,138.46426
-253.46904,-1537.6516,137.06926
-14.218162,-624.27856,154.19559
182.42801,3350.2397,119.05074
-69.66755,799.56006,132.10025
-278.7645,-1687.3835,138.70683
-75.64837,424.68442,139.83417
24.836308,1930.8501,130.27109
-111.78316,1802.558,121.75293
-276.62186,-245.48378,119.24274
-98.06443,-360.05338,133.96425
-131.06706,728.822,107.769875
-279.9063,-1113.8898,122.88612
-454.11743,-2131.8955,115.70176
114.745705,2328.1277,113.51407
-58.5311,201.66093,145.66995
-16.701223,787.1705,141.41998
72.96916,221.6585,142.15225
75.79486,-52.346153,145.06195
-172.04713,-3059.8743,138.22787
-257.40598,-1850.4861,123.870155
-232.18788,-849.2711,121.90944
-26.300894,-956.70435,153.1909
-319.543,-2280.6055,131.95143
-72.81315,-939.595,139.2082
-127.28427,-3488.7742,157.2838
88.906975,1330.7838,123.25873
-86.01225,765.74774,143.0825
-173.68336,-2709.1729,132.09175
-379.32553,-2561.4126,119.43378
-119.433945,281.2592,128.58067
205.34009,2906.2803,120.17608
-75.94906,-1437.1956,149.62427
-209.10367,-544.75964,120.58618
-93.239555,1138.6608,125.62066
-108.09355,-50.98092,151.10028
-115.87897,517.4581,133.99461
-79.31426,-336.8085,129.95674
-191.39679,-65.47103,117.22838
-173.55106,-1715.0105,133.80823
63.426514,339.9337,140.87155
-317.35226,-579.3707,137.5745
60.730225,2003.24,132.47438
-127.927765,-1506.0142,149.36662
-69.552895,1083.6858,128.3789
-59.59077,-1100.1133,147.64929
-386.14093,-1847.346,129.12411
248.93486,5024.9897,80.84683
-123.18791,-1370.2332,146.84991
127.45583,1721.4396,112.681854
-275.6275,-1691.9172,140.34103
-287.37155,-1790.9739,137.72585
-400.90912,-1991.2417,111.49491
-370.18564,-1625.0032,124.68757
-134.45628,-1201.8318,150.5907
-110.517715,138.67607,119.70817
-100.57758,1280.4115,110.86072
-135.67313,-1300.4773,129.2613
-178.92398,1167.4036,120.96947
-197.98283,-1976.4814,146.84412
250.47356,110.65464,155.97354
-171.82939,199.72404,124.73222
280.42657,1632.5251,135.50844
-288.26083,-1045.1154,128.34138
-308.75818,-1798.8486,122.73967
14.477863,45.8256,126.82073
-182.59332,-1081.7286,136.1351
77.53701,1429.2021,119.72026
-300.9348,-1368.9353,129.04317
-307.87204,-478.64944,125.01117
74.30147,76.44425,156.00182
21.60776,361.09457,122.45789
-242.71617,-1590.2295,113.35733
14.2887335,-1675.0833,161.78433
-5.9398775,1502.0668,106.73652
-215.25157,-1571.7461,114.8414
-162.115,95.403786,123.03275
-335.17667,-2577.182,123.87889
-121.37372,1052.4904,110.26663
-142.78769,-2617.2021,152.02054
-47.92197,575.03375,148.75462
-188.0865,-1940.8452,132.14355
92.50381,226.18755,162.22229
110.073044,-206.66359,153.00836
-204.37071,-689.8522,133.00365
-284.2408,-394.43765,111.57389
-105.356834,-921.67847,115.17222
9.998624,285.7974,135.12152
-211.94339,-714.79346,133.517
-206.99625,-1571.1516,149.99393
268.99194,2699.6611,109.760185
-337.55255,343.67502,105.21215
-97.75977,740.6511,108.47873
-217.19647,-419.11124,132.15215
-55.84154,127.604164,127.69167
-212.40198,-2483.934,147.06337
-304.39612,-3863.1033,161.93132
13.846095,-76.795006,149.23083
-167.06712,-1387.3552,136.95305
-270.64557,-690.7456,118.04492
-294.20218,1121.3041,96.64554
-21.331987,-2721.9788,152.0231
-451.3072,-1789.6943,120.24659
-318.04062,-1420.9529,121.11216
-156.75824,-1140.975,124.9782
291.11768,2759.6755,123.16984
332.9503,1780.5914,121.19173
-212.36775,-2392.4358,141.9865
-129.22667,-226.86183,123.40696
-447.7742,-997.2562,115.14307
-210.74597,-897.8468,137.94421
-218.25883,471.61896,118.53816
-164.56125,-3253.7,133.62427
128.2177,1990.153,136.94844
82.25645,693.0949,137.00473
-16.343191,535.0216,146.66197
72.702255,281.76047,139.47548
-161.80743,-1676.0522,141.94206
-164.75789,540.5326,120.41773
76.60645,2511.6487,118.99217
133.4747,929.2518,155.3225
-99.53403,-1893.9248,135.92719
-7.7846518,-660.7151,146.59555
114.31903,1651.9775,105.73091
-196.6283,-486.4274,127.02043
-42.00782,-2936.2563,153.57205
100.98064,612.5519,143.20654
-433.77664,3.1045308,102.22334
-159.57236,-74.37759,134.16837
-169.83563,106.205666,126.24361
-65.77747,-392.236,145.97134
-106.16196,2426.7922,100.38218
-90.75968,-369.14908,125.53559
-114.84476,-335.5585,121.596344
-328.98578,-552.51636,112.47008
37.599293,1559.6663,131.016
-363.83585,-1759.9089,118.064575
-245.27605,-534.53076,114.639435
134.61394,3544.2517,82.51094
-14.464387,-1391.3276,153.63725
-128.08192,-653.76636,148.15265
-28.168413,-30.90847,124.23255
115.726204,1613.8491,125.407455
-44.34227,1048.4219,101.36475
-202.15338,-2424.3313,126.784225
117.04454,990.2967,135.77037
-86.11623,1228.953,121.41289
-234.6593,-131.49623,113.203964
-135.21727,-2050.7961,134.62703
36.78922,1144.0463,119.85178
227.67729,2398.3806,125.82302
-351.369,-3248.5159,134.58064
-101.8284,479.6016,124.971306
-201.04367,-1385.1707,126.86113
-128.80965,-663.52783,149.67441
113.99105,-672.52246,157.8416
37.312077,-3670.6135,165.3094
-184.20386,-888.66943,136.27127
9.778555,2635.3086,110.57597
-172.8791,1280.9896,112.350746
-116.112015,-69.189354,138.57584
-94.19062,976.2696,112.84006
-291.85083,-1530.4717,123.685684
52.35127,2184.453,132.47566
-351.0488,-1683.3484,130.81947
-237.09836,-494.5574,122.858086
267.2163,4151.9224,109.11679
-63.934055,-1968.888,140.6613
-145.69215,-1340.1785,134.99887
-75.06926,1095.0297,127.3449
-203.83577,-125.03396,114.64701
105.79708,-191.20985,150.42172
-81.4522,-870.4922,136.81432
95.67958,-479.29153,157.58289
-158.34282,540.1707,107.25347
93.483986,2057.475,114.24714
-176.68588,-1265.8572,141.2355
-152.98895,-291.4832,133.0513
-138.59212,-1040.7434,147.48245
-0.13382247,-1329.4583,158.87456
-18.254744,-1429.5435,160.2706
-140.73355,-392.27933,109.51687
-89.70949,-2510.0886,170.84377
-124.60988,2185.5623,99.29265
-112.5594,803.1018,115.0537
-303.71613,-1317.5183,112.95672
37.1401,-767.08936,148.82487
-167.57375,-3790.868,149.39099
12.768383,-284.6907,129.4844
-333.33395,-1102.3618,114.78784
-117.93074,-124.984886,147.91545
-271.81552,-1174.4537,120.88256
-426.71295,-2082.0713,121.558655
61.655376,158.03362,131.37361
-313.5855,-2088.1338,116.65332
-337.9448,-2333.1836,134.3272
-173.12314,860.9451,110.32411
-83.07314,-215.61928,133.27205
-33.76101,1104.3563,120.43121
-117.00517,1582.7042,111.82383
-12.509555,2210.115,128.00716
-75.43819,140.6679,123.397354
-219.53357,-2125.063,127.15782
-301.12845,-403.57413,104.02161
-178.9603,-2171.6694,149.9307
56.668575,1012.4435,120.997025
-64.76683,-3063.619,156.89246
-314.43622,-2316.3848,121.483376
-193.47322,-324.4351,129.37111
-300.56155,-1754.8545,118.74059
-140.94814,258.86612,133.10765
-200.31316,-3064.0776,150.85791
-1.1600218,922.4858,143.01187
-217.19197,-2390.231,127.06838
-410.32944,-2609.1123,125.238075
-264.032,-3696.547,160.8518
29.757818,3009.054,105.647545
12.733923,2561.8105,87.98473
-89.03898,-329.95975,129.95772
-378.8967,-535.7938,112.2467
-293.1193,-761.8069,119.85166
-275.00064,-808.69885,126.650604
-26.74605,-1532.6304,161.7002
-383.01868,-2135.4453,116.587326
-270.79163,-1823.6677,115.81811
-197.60623,-1527.3308,135.05484
170.42357,1217.273,133.95688
-184.43707,-495.14688,126.72697
-129.57367,1198.024,113.88415
231.49785,2305.3657,126.86007
-245.84853,-2000.8413,124.42257
-163.44725,-2748.3923,135.59038
-298.5049,-129.15334,105.20116
-202.00352,-746.3707,134.13759
4.2953815,2528.287,131.98839
-280.33984,-548.53015,117.6254
-278.99814,-2580.9868,151.53333
-47.458965,80.74766,126.83552
104.9034,1826.2689,118.65785
-131.84229,1608.1593,115.03098
-143.9141,1304.2278,91.83138
-141.38641,-1107.5801,120.08903
37.079376,1699.6222,128.46616
-87.55356,1063.5778,115.54865
-20.315737,957.8455,126.37271
-226.90521,-739.38525,123.70584
37.4897,2240.1536,108.56536
-395.95688,-499.5784,95.61763
-172.00095,709.16943,114.37857
-211.52629,-2168.9314,128.9543
-103.50463,2853.3943,88.22554
-115.38924,-1147.3777,148.0288
-79.43518,1551.0342,119.90367
80.57047,1122.9412,115.37252
-43.013023,-1270.6062,137.71545
-217.99292,-3474.465,139.6988
43.48213,517.8519,146.58136
-104.33906,1252.0469,128.31555
27.95836,-604.5242,144.94534
-203.8039,-2192.4255,147.7882
185.93816,158.76653,154.64435
-202.92091,-898.45325,139.06706
-176.85669,409.62158,124.475235
-18.044996,182.4907,129.44629
-84.34517,-1687.0708,139.18196
-212.48999,1235.7728,102.66425
171.23502,-749.56995,143.90648
-252.22368,-169.81789,103.65073
-137.1162,-918.9689,138.72499
-21.528986,-227.54445,148.31401
-362.4156,-2786.6694,133.34496
96.872635,-584.60547,152.37964
20.353113,-1245.0754,166.22641
-124.25116,416.8875,114.49227
11.052877,3169.4268,96.519005
-163.50569,-1994.4668,142.60114
-53.20937,749.9369,134.15059
-18.856607,1461.8112,133.56104
-144.92477,-269.32217,124.53794
-271.67444,-272.0253,101.25868
-266.7396,-3076.9019,147.6354
495.40836,4392.716,130.39944
8.16909,-1050.4838,149.83899
-289.2547,-465.45657,125.709625
-264.35687,-1448.5698,136.32657
-9.798356,1812.5723,103.46919
-304.29605,-2230.467,141.75687
-12.086448,-1439.0046,129.68108
-57.858006,2659.8418,108.7125
77.723724,2387.7202,113.25509
-213.061,354.42798,107.37271
-33.58862,532.2518,134.73227
-197.34729,-497.1415,133.41745
-291.43588,-305.92874,104.33905
-370.07773,72.02018,99.29842
47.97324,3360.5193,118.93236
168.35962,1177.583,135.16832
-184.66415,-465.89285,133.16484
-209.31577,-571.6898,111.97645
-465.83908,-2291.116,109.85169
-55.778248,807.72473,138.68765
70.72344,780.0402,137.70595
-22.31637,-145.96724,142.0516
17.811623,2730.7168,105.90436
-135.95082,-182.28969,127.9766
-4.805003,-840.78796,147.64058
-121.753006,-666.12695,133.72363
-79.086525,250.59593,127.35717
133.42474,2574.7678,141.95918
59.088886,1472.9644,145.40277
-190.02962,414.03455,126.700294
49.778347,1080.3818,127.6144
-186.16032,-2125.817,137.60832
333.00635,2296.6873,144.64336
-116.43588,1176.8425,108.48011
93.51153,3624.1855,100.62981
-163.191,1755.0956,118.706726
-99.48222,-239.75099,136.59369
-251.97627,-1238.4277,116.72045
-273.8004,-4444.4854,139.48044
-143.4139,-3169.007,149.25426
-151.61813,487.63,110.6115
83.19801,1701.7711,129.30818
-274.55695,-599.5603,142.20525
-28.946783,-1507.7317,154.48003
178.00038,4181.2246,105.788765
-133.61024,-2065.6196,156.85294
-291.12704,-1692.0688,127.1814
81.01896,770.63324,144.17426
-2.0536203,740.8803,122.043106
147.0443,113.77592,152.5063
-210.08296,380.66837,113.18857
-156.7153,231.84355,133.84184
-296.20618,-2512.218,132.33273
-144.99255,-1105.4791,127.160065
-147.08252,-2565.514,143.74472
105.163574,1464.6904,124.6719
66.331215,801.2047,145.13884
-13.6188345,-1314.5852,125.76845
-37.04226,1520.8026,90.60738
-79.19335,-839.71924,129.31969
-196.58018,179.75505,120.77173
-246.58904,-1715.5103,122.06071
-329.49774,-2626.7646,132.66693
1.6283073,2646.8787,98.15229
-471.42847,-1353.2415,119.064926
-138.73787,-641.63196,136.02762
12.492384,712.0094,145.4238
-237.85783,-2291.9238,139.70552
-318.95914,-1173.1804,106.33465
-419.32697,-2367.0327,122.60493
-3.952859,1471.1279,116.23264
-91.70309,-234.57655,136.80876
-117.917435,-1785.8076,152.37251
126.06655,816.3031,130.47902
-256.17358,-514.3999,130.78604
-250.02419,-2978.0874,127.04878
-137.68233,-1488.4136,141.18987
-296.5475,-932.7748,132.58363
20.933195,3077.473,73.542854
-177.7487,-1341.6646,143.03757
-59.53861,-245.46669,112.9178
-7.0016966,33.5344,127.511986
-114.33037,62.999672,140.16867
2.505497,1087.0675,114.062
-63.82456,518.6699,104.87411
-40.570602,1723.4755,113.72091
-170.17099,-458.85196,123.40875
119.670975,-1224.9573,158.12442
-218.63107,-1239.5432,135.38379
-269.4155,-799.682,128.43094
-189.80008,-1158.7402,138.57155
-7.5994177,-1285.3962,152.8722
98.01783,2665.5085,119.404724
108.1528,3186.2375,112.64583
-286.80994,-2096.9346,141.4133
-97.07748,-1344.4688,144.31325
35.377934,729.88293,124.866516
-69.05832,-69.15298,134.92474
-279.1184,-134.44356,100.52649
-115.956406,-768.0624,125.2248
-136.55849,-1552.7454,134.46394
-325.78033,-1252.6199,117.03388
76.71792,1036.6731,124.12117
50.96165,-948.33093,130.43306
-142.88446,-1339.5105,137.30136
-59.886654,957.7112,118.6866
-164.06824,-467.0519,135.20677
-45.300037,1346.5392,112.52453
-156.87744,-325.00186,123.16187
350.87622,23.459694,153.11125
-21.716269,871.19214,130.00209
-59.57813,1951.0212,116.200096
52.82713,4012.3796,111.84278
-112.98572,271.11142,102.92272
-183.67712,830.71326,101.17185
153.94565,1440.7001,121.26155
-196.5132,2178.4753,102.686554
-292.68268,-4728.255,138.07962
54.50621,864.0816,122.77772
-267.24426,-1975.7551,137.92041
-218.35878,-498.02493,121.77134
82.61854,-31.691673,155.31288
-93.09767,-410.17703,107.46741
-189.83878,-2382.0166,144.96965
99.51496,-33.849083,145.4864
-81.18496,2264.5269,109.89149
-214.29245,-2247.8176,138.07614
189.04724,1139.1744,141.89507
-85.554474,-1034.1875,146.21768
-189.44574,121.672585,122.345184
-144.8767,-408.49564,139.8303
127.59296,158.03484,141.74661
159.0199,1402.1732,137.50104
-140.87442,1651.1853,127.247574
12.873387,-0.61012995,140.43277
-231.91945,-754.9309,116.28248
-273.46643,-1601.1262,127.1248
15.428777,1767.1757,116.25238
359.48447,2607.9238,99.91163
-30.79619,907.8075,132.33255
-4.497533,248.05882,132.19888
-142.862,644.7781,94.609535
-57.562847,3389.322,86.48749
-266.17416,553.60754,108.29435
-52.46838,854.6669,141.12936
-117.037155,937.5949,149.30525
-74.359085,-1020.92676,133.48819
-255.57173,-2289.2004,140.52336
-227.39355,-1740.8945,115.9496
-149.93225,-1406.4736,120.53915
-95.78337,-123.46145,115.22232
-326.9051,-1113.209,115.896866
90.51132,3793.7727,74.787094
121.256615,2215.3948,134.16681
-179.2149,313.70932,111.25862
-194.88478,-1821.5686,123.11423
-87.44218,199.08562,138.65938
-190.64304,-2087.6406,129.96797
-287.92834,-2419.2964,145.30403
194.50995,1405.7704,127.932076
-132.5789,-2376.0742,155.08452
90.85014,-68.2651,143.19902
-179.31894,1879.297,113.86048
-48.3876,960.2843,86.10051
-147.13246,-284.2134,117.18512
-5.860276,2299.2056,80.44227
-269.16214,99.25211,127.830444
-213.97722,-2832.8938,141.23515
-271.4284,-1102.8737,118.74276
323.279,1843.9922,144.1586
-181.61288,-1283.6235,124.995735
-130.92581,-823.1897,136.2052
-60.777897,711.34827,133.40593
-46.067326,439.79474,136.6343
17.980011,-579.1963,131.15729
-177.53822,-2304.0352,135.69052
-118.56439,-1384.273,142.61128
-12.711818,1297.1576,120.59351
-42.595665,33.543434,131.31706
-10.799935,-933.9031,155.76752
-215.80225,-1977.333,135.28246
69.50541,1238.9673,121.26098
-196.25212,-854.3779,125.09285
-248.33699,-1474.2488,131.66052
-131.16298,-1158.6309,121.59526
-195.72382,-492.5391,108.629395
-177.0946,-237.90334,129.18364
-264.37604,-649.7478,114.9913
-116.645905,-511.29715,133.43489
113.87334,784.1747,138.76271
-11.729583,-227.10878,128.96223
77.500694,2086.0176,126.2922
-166.02266,95.88645,117.238365
-168.69334,-18.389427,136.30966
-54.886356,1176.094,130.08
-371.00858,-1444.4949,112.46113
-81.403,261.99136,139.14722
-61.49864,731.61255,123.229004
109.7925,1773.6921,140.61378
-291.78183,182.79448,93.33396
79.42622,222.81908,128.09277
-269.81668,-1448.825,119.385796
-76.023,-1895.8359,156.51561
-163.60191,-1191.0527,117.47149
-193.43147,-2443.3152,156.8296
-83.05179,-161.2455,131.65123
-7.508292,379.4792,142.0962
-172.48448,-55.614708,125.57578
-173.16957,-2872.518,144.96194
18.130465,-602.89624,152.78577
-72.93201,-8.774132,145.29869
-289.2086,188.75926,101.17325
3.389371,773.1035,143.33002
-102.260666,-405.30276,140.3853
443.47656,4810.736,124.65312
-63.86796,1130.386,128.63736
-200.27264,-2172.3445,132.20099
-199.83846,-1304.8425,124.18862
-301.05148,-1251.1487,121.58666
0.29668137,832.18774,122.43557
-255.18861,-560.94617,116.86861
41.552498,-802.00195,154.60776
-246.69603,-704.3458,119.85666
-26.43809,1962.211,103.74979
45.140873,898.17017,150.59615
-290.51297,-198.1122,115.86213
7.1047583,-1250.2246,163.06068
-178.77988,285.95407,120.60654
-368.72537,-1424.2214,112.33584
151.4619,1777.5321,113.83274
-156.79068,93.63145,104.02812
-17.458319,1260.4736,125.97749
-168.10788,-2531.549,147.01833
-72.34775,-2181.4646,156.74246
221.37265,2038.1398,129.82425
-162.64142,-2117.6475,143.66913
-240.45815,-1536.0056,128.85052
-169.64838,-789.04724,132.85161
73.18233,-1118.5953,151.71431
233.58359,2770.92,106.19554
-273.45947,-1549.758,120.86071
-350.8968,-3496.3733,133.01295
-261.1867,-1290.0476,126.72137
-1.8105192,1019.22253,129.70529
-171.45285,-2576.037,151.14636
156.22328,1001.6749,122.602936
-143.70345,-898.3899,129.25006
-254.60905,-871.5874,123.839355
7.186247,-90.39657,148.94429
-212.63464,-879.58923,105.87975
-274.17706,-4556.734,138.1082
-136.41377,-1622.7068,146.98697
-82.42218,-860.33496,155.24011
-101.9977,406.86548,141.77728
-202.67969,-1318.2434,126.76986
-95.46629,-1190.0962,152.02058
7.4289236,-467.88272,150.51895
-140.2591,360.8899,126.16363
77.36018,249.20634,130.16985
2.2830591,1501.517,125.67947
214.96594,-682.15186,162.64651
-209.74788,-2022.5,134.61197
-64.21953,155.59673,127.66863
-374.02087,-1997.689,120.514366
-138.78769,-504.77188,141.06804
-79.26161,3457.9563,68.53078
-108.70602,2155.1375,110.081215
15.318443,610.6865,150.2109
-248.42656,-1330.6821,135.83577
-144.14154,-446.41605,123.681885
-58.217625,899.0571,120.17703
-302.35635,-1702.8403,122.19549
-92.89452,-716.8314,135.38269
-163.88802,-1763.8203,136.03255
-22.034712,863.9093,130.33575
-278.8371,-1061.35,122.016846
-171.93112,697.41174,89.900566
-13.528192,25.71183,135.49277
-247.44865,-1557.7056,122.7985
-180.7381,-1213.9099,140.3094
-403.43378,-2072.2773,121.88352
-158.53215,57.334633,117.96335
98.59792,2219.6733,99.85239
-303.0546,-2294.0564,126.5857
-136.19707,-1656.6235,141.17859
-17.116896,1405.8842,119.35678
72.79424,2827.8125,118.56725
-225.7161,-648.3744,123.239105
-158.88884,-226.76808,137.96547
-164.68698,-49.6556,126.12722
-50.92339,-203.68593,141.74434
-125.45688,904.73016,137.02348
82.13914,-821.04517,156.64221
97.83169,301.8516,134.98198
208.34117,1771.3931,112.75318
-74.74052,757.64746,105.08856
-188.8704,-595.2533,141.75502
-115.80328,-333.361,134.04936
-28.058107,-704.3865,139.84196
-140.41222,603.8479,134.20618
-115.00661,-73.26681,138.96445
-229.30818,-2953.0598,146.90884
11.134057,-2068.0408,148.28131
-163.93947,-2933.086,163.41513
-100.73514,-85.146385,144.02982
-44.19166,2348.1265,88.67381
-108.27069,-736.68115,126.94854
-45.036102,-349.66824,130.18336
-158.4856,-410.84268,137.06111
217.50795,3488.0981,139.41226
-171.28897,-993.7921,141.52333
-125.45473,-2419.1787,139.5165
23.129612,-772.63635,156.61336
148.80232,-109.80337,149.78964
170.65425,2475.8958,118.395874
-67.26291,-949.5897,142.21582
-203.50565,-585.46155,115.72006
-393.89948,-2130.9124,131.64435
-174.19498,57.210487,132.22318
-69.67959,120.429115,110.54624
-17.857363,-539.71594,145.46793
-375.5792,-913.16394,124.43439
-220.64922,-1389.7817,125.86522
-80.96407,-129.71907,130.58939
-24.634771,-1040.6318,162.96158
-154.20477,-3938.076,175.9543
-157.93964,-639.5902,107.91813
200.57642,1303.1965,142.51013
-74.00533,-448.41885,130.03326
-402.0422,-1013.0963,114.12461
-3.2963552,-362.03506,147.76886
-323.18832,-1369.7861,120.41169
76.91206,385.99738,149.12344
-160.76727,-1678.2058,130.99196
-176.90646,-650.5934,130.78065
74.359604,1169.1487,145.97212
-184.2061,-404.78714,110.21521
-132.19295,2605.1636,83.97981
397.25522,2689.8787,124.872475
8.291343,707.5622,127.58027
-3.8775434,1304.555,103.53886
-83.01372,908.78217,124.41645
-59.835934,1067.7776,134.79973
-135.38062,-796.4983,139.03879
-208.0419,-1484.3391,132.49606
-10.828349,298.83865,149.69537
-375.8076,-1494.3733,108.481865
-214.364,919.116,112.52524
-185.94765,-2151.4277,136.18631
-436.0848,-974.5853,111.122375
-130.89406,-1002.32886,141.49704
-341.51364,313.5419,107.27978
-69.262436,-2035.248,157.73549
-122.35884,1415.9039,131.20645
132.67523,-1438.4019,153.25009
-115.72838,38.04447,110.24435
-46.662136,-1078.2239,162.64279
-73.13309,-1094.0637,138.43077
-278.38394,-1020.1278,128.65193
-255.55824,-2856.9885,144.83371
-199.22893,-1843.092,129.54616
68.637856,1363.0018,130.3874
-217.87823,-1871.5266,121.37465
-333.77887,-2220.1904,137.09764
80.53726,2296.901,121.34031
-219.03062,-361.3373,122.0776
-216.7142,-2155.0007,144.40416
-203.1131,-869.38416,135.95837
-219.69354,-1682.3162,140.26263
126.76723,96.93241,156.35103
-271.66016,-1068.313,116.11554
4.770834,2075.1812,130.30058
-209.81311,-2465.0303,149.17438
402.61667,3605.1387,143.22621
-115.296906,767.34955,122.614174
-160.24545,34.6392,114.27967
6.5000105,2520.3755,118.20811
115.29048,1399.3856,115.38921
-61.548397,1291.8013,94.41932
-237.39882,-1465.8877,148.43227
-12.825433,154.25847,126.25556
-188.52403,1443.4271,101.286354
-63.78294,-963.0731,149.96642
-20.132532,261.5073,131.90587
-76.74671,1431.9895,126.84854
-86.75066,1126.7896,112.84694
-40.15439,-118.531944,137.28998
-460.18713,-5217.555,129.1866
-62.600338,-1649.2451,156.80455
120.47213,3241.4365,100.69789
-200.03671,-924.7499,131.67805
26.623596,-1309.1125,148.2728
-154.85387,-1084.593,130.44258
-244.44237,-1568.343,143.9033
-44.48841,2378.6262,107.25483
110.3956,2854.7783,100.607315
-41.54343,909.0875,126.20907
-2.0435705,1573.7515,123.86839
-21.14237,2100.769,94.8183
-103.6593,484.2915,107.90857
372.92538,4330.9937,122.36107
-157.81776,1506.4469,97.31596
-246.33705,-1239.5664,108.10987
166.36691,3480.2498,117.9829
-5.2592516,-691.6859,138.48383
-57.163776,-2369.2734,147.96658
88.33732,-442.94168,170.43645
-131.18831,-574.9735,153.02846
165.36252,3624.7935,117.17902
-138.45941,253.75645,123.51211
-192.66916,1090.7833,96.82772
-337.82587,-2166.937,127.503654
-172.67503,23.602089,113.306885
-355.36755,-1068.0565,99.523796
-264.27466,-906.7112,127.610214
-65.178375,267.16806,142.71176
-238.24466,-1876.6956,133.66309
-33.36611,1978.798,103.03385
-103.27401,742.9283,116.42846
-102.71623,727.5475,135.86717
104.94846,2094.6228,125.873604
-81.36031,-382.21268,150.9918
-218.79138,-295.08792,110.99708
-181.34238,-130.70204,125.40057
-198.1619,-765.646,141.8422
-138.98222,-837.16455,145.31174
-39.195736,-344.4119,146.75809
-206.25793,-1968.9558,143.314
-85.86159,217.16801,133.376
-270.20044,-2608.925,132.71788
-94.02135,-956.60693,136.50984
-191.21643,-2086.3013,143.85373
107.21336,979.1996,118.01322
120.68019,2896.928,89.61148
-107.26904,443.22794,112.70599
353.83496,3053.954,110.80865
-188.69992,-686.2743,148.07605
-98.0648,646.3713,118.109024
54.025665,-720.0581,127.73925
-25.685652,424.72635,148.30382
-83.96605,927.30206,128.8018
-259.06134,-678.5731,117.015594
1.7232447,631.4198,130.52382
-266.85562,-742.9916,118.50692
-436.4189,-1834.6675,79.54086
33.49138,607.7813,130.79462
-175.71153,659.14,107.4728
-257.42752,-542.916,114.22023
-352.6869,-2425.9817,123.71126
-31.111517,2793.674,123.03179
-189.94064,-767.00146,128.04385
75.19027,449.03253,139.97556
-95.04599,226.20488,111.41516
-88.293434,948.62915,132.39027
-140.8331,-688.0458,143.89352
-76.50867,143.10765,117.74862
-205.77374,-3370.5466,162.04594
-23.939917,285.35916,132.3079
-189.03798,-809.72095,148.28764
-166.43791,-309.283,152.71394
-112.096085,537.4361,114.87474
-68.174034,1930.0197,91.87226
119.70663,947.2719,137.10841
11.763686,392.95813,132.76093
-141.47934,-636.17175,128.48737
-250.97563,-1259.3545,125.521416
-120.64958,-222.3749,136.09476
3.6946487,-745.9586,143.48152
-118.780624,1283.4945,104.201935
-282.75003,-1755.4292,131.54382
-81.77365,23.267982,134.05728
104.63374,1688.8555,123.93239
-40.27314,774.4727,122.1576
176.02925,2432.719,127.97966
89.030106,2382.7651,117.54045
-182.73604,-434.2664,127.27942
-23.358511,1199.9229,135.29547
-340.0428,-962.3479,121.6507
-178.32953,-1755.3894,137.43568
-180.26816,-2830.8467,146.06421
-113.4276,1907.6044,119.10058
-57.123814,811.5677,140.34785
-185.84065,-1340.638,128.4321
-271.83844,-1446.2095,138.97603
-226.59738,-1919.4651,138.97874
42.434917,910.4873,119.73328
-241.27003,-3371.6257,137.41103
6.55534,1039.6451,123.17283
67.196686,816.40106,116.43963
-169.54889,-1446.0803,137.02916
58.786453,1022.8755,131.30208
-250.57942,-3888.033,131.74623
-104.6187,-59.850487,112.478645
-5.798293,27.781654,158.33229
-211.63231,-48.6036,110.24563
-66.456955,310.8182,132.22415
203.6074,1554.6492,134.2571
-197.42679,-379.32047,135.06187
176.62808,2692.71,102.23422
-10.2835,-1253.758,164.66443
-351.42484,-2801.4167,121.9397
-36.24362,2143.5818,101.633705
60.098484,3243.8906,116.40823
-101.38088,-896.75024,139.68988
15.003898,2693.5156,107.25691
-157.9598,-831.6504,130.21451
-193.15034,-1566.3433,138.00584
-131.04056,346.43655,124.19116
-60.71802,202.24113,133.19466
-32.571575,680.0323,117.13418
76.19726,-905.4171,151.20076
-8.3697195,-830.9783,151.31
26.46794,405.3052,127.55742
-24.936468,2070.4614,106.55492
-17.406404,360.2333,144.09056
-78.62526,-355.189,151.61844
-199.14795,76.30869,117.66869
93.856964,477.50546,147.7658
-242.15178,-47.54873,102.463066
-260.78085,-1459.3704,128.65657
11.268745,-1603.4907,154.9399
98.39895,-431.902,147.79015
-348.07922,-649.84937,116.09589
13.751007,2310.8347,112.12304
-164.44171,1133.2559,118.34006
283.54605,1489.4525,121.03415
-186.37668,1996.0637,82.608246
-51.143406,1208.5997,129.96638
-79.58261,-1034.1234,147.7057
-35.01258,1212.3458,99.665634
179.09172,1266.4474,137.81523
-9.848422,347.61533,139.55067
44.78859,349.3253,145.6379
28.477175,2360.2253,89.55417
20.067673,2174.4578,122.90764
-140.39699,-2400.0134,133.11282
-189.30638,-981.8373,141.7287
-188.3887,576.80206,98.62823
-247.06139,-2156.1484,132.42325
-126.54144,-145.41512,126.66325
-289.5705,-2182.1187,122.798996
-240.42488,-1148.7583,117.285225
214.9974,378.53488,147.74086
-137.98305,-1272.8843,148.70837
24.44568,3229.7522,72.595924
-328.22083,-855.87317,107.849014
-232.93112,-701.60645,132.12766
-155.13725,-355.3146,137.87192
-348.68015,-863.4436,105.98243
-181.57697,762.6676,97.37309
-124.2099,859.37366,148.6774
-70.23113,245.97093,129.79065
-6.254678,630.3162,139.00575
26.499346,-161.717,159.38681
18.66524,3641.8962,96.69137
24.384472,713.37305,113.684425
-126.96527,-1047.3057,117.95808
439.21408,2813.414,142.43573
-312.75607,-1498.7383,115.55049
-112.64401,-3226.7842,155.50854
-361.1535,-160.41371,106.07269
-225.3569,-184.60268,135.51117
108.42039,-929.68677,154.7886
13.583664,-1152.772,148.27599
-99.137375,-65.02395,137.80255
-346.53598,-1175.0941,114.4838
-34.46223,813.904,142.08037
118.315575,-125.35415,138.37392
-239.96822,-401.4987,129.69133
-19.918146,1711.2115,113.15407
-16.221773,1096.666,136.14621
-267.60373,394.59134,119.05435
-150.12842,-2409.127,139.28748
88.90024,1547.4849,106.49008
-173.53566,-778.3668,127.94244
124.33472,564.1149,138.02393
-163.59164,1294.8441,107.78881
175.21875,1436.1556,145.23193
-372.2431,-2559.3335,121.263535
140.55289,2708.878,119.29622
-52.567318,510.25363,139.24265
-279.38718,-2385.7078,125.29295
-217.91707,-649.7197,137.50029
153.96,1831.4285,80.9155
-53.205425,-127.721275,150.65956
208.46144,3646.2046,128.60449
-64.7946,-443.80667,135.01225
-71.86959,827.67505,135.89807
-325.7303,-3147.9158,138.78828
38.48254,1070.0107,132.91658
-305.18707,-2713.6758,136.68568
-32.613644,1373.8807,110.24565
-210.9531,-1496.6633,123.299995
-181.59663,-803.2953,127.23965
-232.15509,-1519.1123,113.25603
-54.74712,-806.85925,153.82169
-275.04263,-566.0748,127.46973
-88.12798,2066.2651,113.353516
38.639866,1636.4852,123.31013
-222.24654,833.77234,100.834564
-151.22086,-1421.615,153.882
-172.04341,586.443,120.9551
56.90359,1737.8289,138.42514
-108.54961,-875.96497,154.94011
-16.126337,2301.8083,114.14595
-174.4581,172.58861,110.901245
108.7784,1560.8372,132.0956
-102.66151,-212.0171,151.66394
-62.788357,-997.47766,144.62721
-79.40265,42.234474,145.1168
-220.33904,-1328.1885,135.7987
-91.220634,-641.1915,131.85078
-149.09772,413.85745,118.63628
165.32512,2201.0117,130.8228
-266.1153,-4207.2417,151.05121
-152.42238,-1113.8938,141.20233
-47.273575,-371.97183,136.1656
254.70903,2163.2837,124.06047
-41.246284,1567.0441,107.48199
30.827177,1018.3776,157.73553
15.287198,1494.226,147.32689
-145.55757,737.44135,99.62043
-188.83266,-405.65103,117.11773
-32.937595,-55.17678,146.09425
-130.68352,-473.45206,137.45755
-55.608715,1185.0405,130.5627
-49.970364,617.32404,122.17292
-345.01608,-2194.3909,140.32753
19.965601,1432.8871,130.58269
109.313805,2608.2168,126.5337
-258.8746,170.12785,117.95926
124.010254,358.0863,163.15619
-222.25792,-2709.8674,156.1775
4.508112,1149.9893,113.90447
-42.387157,1737.401,136.49358
125.33865,191.97466,138.29427
86.52649,3267.1123,87.2518
-75.98502,-1634.9858,146.79955
-20.82527,2451.869,119.88639
-357.5895,-2382.3123,133.3729
37.981197,3566.1643,93.634445
-34.456665,-10.426109,145.37083
-249.60649,-2437.6035,127.45228
15.481335,572.2837,129.29613
-14.929109,-477.19327,147.7814
-148.29376,2439.995,107.27588
-204.08977,-2190.4495,141.92747
-266.35892,-2329.044,131.99269
216.03699,3174.4666,117.53842
-58.261982,967.21436,134.20999
-235.934,-585.53894,112.29374
-32.324768,1078.9646,145.30904
-126.86005,1034.6438,126.85166
-247.62926,-1079.5321,120.4198
-96.950806,-514.20276,150.75307
31.813456,2468.8086,93.9252
-16.812944,319.62918,139.17622
-290.9472,1593.8066,103.66945
66.65946,2307.741,120.87991
-34.06648,1339.5262,132.80501
37.33311,347.65842,153.24298
-69.106224,-760.9564,151.44708
167.36078,3085.861,128.47395
5.9625187,1520.2917,136.61906
-86.62601,-1850.4668,161.54353
-359.89432,65.902626,100.30241
100.99686,1764.3567,130.67372
118.13098,2185.7998,126.25933
27.317518,1513.0315,122.25271
-329.62524,126.38297,88.37008
-72.92093,319.61032,122.81416
-161.55437,2670.5447,91.68358
84.38856,3279.2046,106.99358
-32.807507,-1492.5632,141.57552
-148.09485,-1899.6111,145.13074
-137.06505,161.41386,111.20636
-56.398495,70.18369,108.56327
-58.473293,1025.425,116.28619
-332.69727,-1912.8259,124.78197
141.1417,2595.9573,130.88654
-110.25846,-2290.887,165.89903
-178.13933,744.774,97.190186
-124.28204,-868.473,134.23596
208.1892,2200.691,128.1556
135.74104,2635.0283,101.97428
65.481186,2318.1794,112.79097
-175.92958,-10.775475,122.07932
425.91534,4175.3496,103.887794
-182.54129,-1282.3455,128.66986
-98.06715,273.6622,147.27074
141.4221,3894.5469,105.768394
-131.7958,265.41287,114.587364
-108.53553,-1941.9673,149.06497
-14.7259245,-258.84598,136.06473
4.4963512,545.26074,127.46091
-46.21693,-553.5408,142.75726
-141.21576,1449.2838,115.01729
-121.673004,-1904.5371,137.55627
-150.95532,-1130.6931,139.15831
-27.851694,2029.0968,104.17819
45.31376,806.386,115.45396
-242.38924,-2620.4111,145.46219
-288.5587,-163.57814,122.60619
-529.88306,-1234.6318,93.33392
-183.15959,-1812.8855,135.03372
119.56821,1822.4634,133.5533
-226.39989,-3133.0503,144.11807
27.26511,4566.8228,84.00513
319.8685,5991.4985,72.78835
-191.29657,99.95756,103.55312
-225.3669,-1146.7352,129.47995
58.239597,2114.3735,116.76072
-35.009766,983.31964,136.30885
48.594112,1932.2885,99.77459
-179.89732,-979.8417,148.1146
30.022062,341.46616,138.18689
-52.513012,2844.8208,115.47355
-131.27353,186.32103,125.87077
182.71294,529.51996,139.53036
-29.36054,-536.0923,137.89017
-210.45375,-1918.7063,149.48717
-313.29575,-1675.884,118.68262
62.27957,1027.8098,147.96066
-62.46288,1473.2528,135.52606
-146.13432,-527.5807,131.56926
33.09917,768.9135,138.9078
-184.5395,-836.3965,135.39845
26.632355,315.4847,129.32845
-73.918625,1063.9863,96.65279
96.28009,1852.4462,128.12898
-140.8021,161.18767,121.751114
-9.139449,2075.3894,128.48207
-258.43893,-322.8102,126.11343
-285.057,-2076.4043,144.60634
-287.43634,-196.09718,105.58732
-127.863754,-1335.8013,149.43044
-407.50015,-1525.9102,102.45026
368.53787,4028.6216,107.91728
-5.9982767,253.42082,140.25851
-155.8129,-1148.9236,150.4634
94.80876,1246.134,122.45831
83.78815,-633.21313,134.8644
26.905905,1391.0992,100.950386
-163.20598,652.06024,103.61528
-29.51127,1542.639,133.56989
-279.36325,-1519.7634,120.91702
-137.39557,650.4913,117.75606
-286.41177,-328.14005,99.73073
-297.89697,-2832.6746,135.47894
-143.9732,1493.5941,86.62494
34.21134,2379.6533,126.3173
-198.9588,-186.16518,117.69572
-15.2917795,-1033.559,149.8135
109.04174,3375.9956,124.26575
-220.02638,595.3741,107.67949
-400.37402,-1052.919,110.79698
-257.81012,39.756203,85.40166
-175.63599,-1990.6238,145.46632
-292.16196,-1029.6733,118.37156
-277.3378,-367.70108,127.175224
-0.7430754,-433.8577,148.03325
64.91452,-1390.6526,161.1598
-373.8953,-1300.0994,127.72859
-158.58736,-1429.6672,134.67949
-77.274506,344.21317,116.024086
-26.549109,553.5783,138.71179
-287.63968,-1994.0864,138.50084
-87.29212,95.848915,123.6084
32.315277,-654.0885,136.20746
-50.01633,598.2402,101.755775
-250.58208,-1056.4774,115.51903
-212.58241,-3564.5417,144.43524
-162.7835,-712.1947,126.7045
-52.734425,-921.17346,144.47583
-255.3785,-2743.7417,138.29877
111.204056,3969.2185,100.29743
-50.052586,152.17674,109.32171
-177.43954,-1537.8599,146.73686
-48.054745,-180.14699,125.6185
-129.33372,-1555.563,133.07031
-44.372887,188.50694,129.99866
-33.694954,-871.8054,148.23415
-159.57271,-467.7632,142.70528
-12.335357,1183.5708,113.112564
-190.49196,-1853.2778,134.67923
-136.39085,218.20775,112.672226
-211.81937,-873.6631,120.13065
167.19943,1673.3792,149.70386
-247.91841,118.48911,130.11163
89.39934,3789.6794,89.8401
-60.383778,-185.43654,135.63216
136.14001,600.0561,141.90956
115.67733,1004.9857,147.94981
-290.62625,-3281.7468,141.93999
-89.55744,623.5597,131.92012
-63.466625,-995.71155,148.80989
77.47433,-1137.2316,148.34462
107.35634,3866.9011,111.6469
52.23184,2655.3582,129.42328
118.438675,-475.75137,152.5503
-78.31161,-1115.9637,155.40897
-260.95523,221.78026,100.97412
-193.5277,86.74943,127.504906
84.62725,2460.4421,104.50983
-231.97292,-1180.595,146.9191
-113.14838,-483.59866,133.23036
-151.23555,-1842.1663,124.071945
-160.16098,-480.46707,133.47945
-161.54652,-451.39603,115.066635
-45.278614,830.66815,140.32457
-181.36786,-2055.7058,160.0014
-40.62343,1220.8816,109.712166
-179.59233,-550.1244,119.37481
469.5852,5134.6426,94.12381
-44.295734,-393.60245,145.44583
-218.88544,-2164.9802,147.20638
45.221535,1758.8044,123.78402
143.30618,2333.6318,132.5491
-326.32126,-428.99088,95.27333
-22.920134,-622.79944,159.01764
-82.968376,82.23618,117.99393
272.75928,906.26166,163.29637
-126.02492,15.902626,118.03707
-96.16458,-784.4149,146.91553
25.452246,1120.4622,121.94683
-166.44354,-1099.978,118.96797
-203.45636,-1425.3066,133.67633
-16.06465,-37.499535,150.58113
-275.88806,-1840.1345,116.03499
7.1093082,3674.5571,76.86223
-63.791058,204.30247,122.24131
-173.23936,-1129.3242,128.21075
67.12109,1314.2891,102.84777
-8.167619,-3410.639,163.81442
17.049227,-1287.1941,152.19606
-157.51093,-1538.8503,130.26788
238.03186,2939.6792,117.90093
-69.84731,775.46484,137.28322
-242.63792,-2465.3547,131.39069
-237.83885,-3420.5535,141.25731
-261.64798,-226.4087,118.43146
154.64017,1104.4288,138.96921
226.19406,2943.8042,126.66949
-215.7481,1010.9151,115.97136
-197.82982,194.9611,113.831955
-57.141727,-2086.5957,148.28105
-137.05522,-2168.85,141.2806
-17.35509,383.94003,134.41817
85.76984,1022.001,133.13953
-56.810078,103.115944,144.86034
102.08831,596.56116,147.2311
-195.90192,678.216,114.462
-28.180815,-1128.3411,125.997284
258.3316,1937.7838,137.12367
-9.564225,488.0798,134.75531
-148.40291,-525.8329,149.1063
-77.190796,-670.1072,146.80467
62.866245,3145.0193,102.999695
-220.53307,-930.1272,136.25003
-74.13591,-917.9335,132.59372
-53.901287,792.5208,102.50203
-15.863511,1988.2596,123.21654
-218.68503,-1292.4397,129.71423
-14.922872,30.85514,142.47974
100.02361,970.1604,134.02153
-98.59779,-2421.837,149.76213
-236.59402,-1351.2317,135.17375
-199.49342,-1506.9717,141.70198
265.83847,2311.9119,146.03133
-102.1483,40.95646,109.56261
-130.42636,-227.79054,132.28145
24.409075,-17.055504,147.68169
-325.26276,-1726.4243,115.35348
-44.02315,1897.1729,95.36026
-267.63312,-431.12137,131.55222
-127.19797,-1363.1934,120.62409
33.787075,118.837746,136.71628
-146.2799,1104.3903,110.81246
29.108095,-257.179,115.95565
104.98706,1770.8359,151.1204
78.21911,2686.6611,112.199524
-36.542202,582.10693,122.03726
5.8421354,1404.7423,131.92249
-141.30995,-1721.9973,138.09515
188.94809,2387.0571,117.27008
36.216866,896.12384,126.5376
-205.93968,-336.465,116.50459
-34.84459,-265.9882,142.95158
63.394238,3377.6404,96.81275
-215.27158,-315.75626,107.240654
-83.807495,-901.42786,138.18143
-189.96613,-914.3794,130.13147
127.23342,2056.235,125.039925
-170.41133,-2730.256,135.01598
-30.057451,2643.3796,88.91672
-125.87019,-1575.304,134.94725
-297.85593,-2011.9077,119.27558
237.85023,2422.6128,127.24495
-170.4341,-1977.0713,146.63443
-35.50648,786.2572,154.5503
-291.43402,-1019.7024,123.090775
-77.34072,-2016.9368,130.46536
-132.26274,-1553.3491,138.16765
-120.99286,-2055.6726,134.98085
-33.956924,-680.98914,139.72083
-153.41603,90.87296,118.91655
-171.4271,-2328.618,129.8971
-33.51624,-398.52054,141.2766
-78.41515,-1003.93774,143.5879
-250.63261,-221.67262,113.38185
48.64795,794.0078,128.21336
-346.8039,-2022.8179,113.4381
66.19506,2336.1824,120.93532
-57.691418,1117.7407,123.98899
-286.70895,-553.9745,95.08013
-29.295176,1460.5479,140.48631
11.5232725,2408.7488,119.940926
-123.394516,-1904.9934,149.9877
-355.67026,-1197.4099,126.876076
-227.89516,-183.22145,135.51329
-6.388953,1419.1439,109.63816
-136.25142,-1122.0967,142.89052
-80.469666,-1592.8218,143.34723
-92.53795,-1521.0476,156.3211
-356.20462,-629.44226,110.61099
-331.23373,-1265.1895,124.4965
-214.57199,-932.47705,138.24454
-120.08208,-238.18178,126.25363
33.60122,187.16606,147.45981
-10.714713,-697.8744,143.26608
-91.79053,-185.72487,140.80722
-214.0367,-982.5978,140.51271
-79.50937,-916.07947,150.92667
-52.80949,2772.7942,98.80212
-101.483955,1945.4082,90.854416
-108.53174,-1031.5104,132.35895
-193.60875,-546.9253,137.01225
-293.3632,-1374.1143,129.20267
-219.84242,-329.9495,112.13366
-99.68504,-125.95406,119.73037
-63.08044,494.29175,128.40672
-132.47412,719.50073,128.13887
70.871414,1216.5619,137.93835
-178.0941,-618.53467,103.33379
102.99917,309.3018,160.41252
65.92025,1970.2662,131.81866
-7.5205317,-2683.3083,150.30835
-18.007364,1860.4037,130.40276
-45.511154,-1739.217,151.78052
-72.29865,311.48972,136.86508
-275.90005,-954.95337,118.10753
-199.26837,-1071.0919,116.89675
-284.1441,-2941.0596,139.6623
3.195118,875.37103,111.438805
-106.81932,-610.87024,140.43382
-175.40547,-1250.9656,129.7047
28.699778,1397.0829,106.27045
30.850725,-2314.6858,164.12532
57.318687,-364.66946,162.75175
-25.150679,955.5611,97.552185
-231.40654,-1888.3787,133.36707
-170.14444,-2380.2502,146.33931
-76.262764,-1567.8997,153.29033
-6.8193846,253.49089,130.41109
-92.02204,-1306.501,130.60455
-125.90617,187.3994,133.57143
-11.060458,-1118.459,160.61256
-106.29921,2012.1967,95.84558
50.53123,1487.6154,118.31606
140.6533,-756.14856,150.0357
-133.18324,257.8582,102.43764
-161.86644,-1266.749,127.90364
-180.55441,-556.63904,109.8226
-186.95941,-1340.7261,132.17073
-11.893844,379.19424,116.39481
-141.59377,-145.92372,125.46091
290.0647,-185.4037,134.67677
-91.30749,982.23706,103.75939
-222.04504,-3162.284,139.7331
-78.32292,1224.1316,120.584724
-111.54674,2169.3987,81.95482
-154.05742,-1539.4854,147.59929
-150.90399,-1249.8931,143.15936
-119.21323,842.75494,110.2005
-9.935092,1684.5479,129.81497
-89.59375,-801.4966,141.68913
231.79405,2799.4377,125.846825
-181.00166,3409.5874,96.679306
-159.58643,72.93833,130.44632
-259.86694,-606.59973,127.23262
54.12438,1597.6149,126.39895
-361.5589,-349.0789,100.408806
-3.1220598,1000.33,140.47093
-259.35544,-83.27798,100.05725
37.416748,-990.08997,150.70822
-208.89987,509.16583,116.230545
74.916916,1879.7052,131.80743
-46.019245,669.6626,125.771706
-80.44136,666.0189,133.45802
45.546635,203.5142,151.29552
-273.35062,-121.53469,107.7773
18.351522,1109.3298,140.29373
-87.85391,-52.253075,139.66995
-3.467206,2322.671,82.72687
170.56502,2955.1294,119.661766
-96.82619,202.71965,124.8636
94.2628,1603.4258,107.7955
-230.86212,-391.11514,121.257
-84.10051,2421.2073,98.10448
-203.13443,-401.54105,110.2319
-248.66365,725.13257,105.322174
-89.95501,-217.96437,145.8805
-212.79297,-1194.655,126.92865
-307.435,-1154.5448,105.13793
-209.35956,-606.0565,128.2798
73.476685,1807.7588,125.593254
87.57001,3173.4863,113.61056
-116.248535,1093.4858,116.871544
-55.69962,2138.867,119.48567
0.74370766,-71.016685,151.1416
27.401764,695.3523,155.69237
-153.48862,-1801.3911,138.88513
40.96718,-1262.0251,142.88972
-280.01724,-1132.3329,120.16769
-53.904774,-369.1613,136.75652
-226.7409,-1241.291,144.60922
-130.91766,-318.74527,138.1651
-222.2828,-2197.7986,133.51115
-10.803428,-5.244468,148.131
-15.443374,-228.06508,140.05344
31.198288,938.5582,135.38783
-43.382298,-422.3019,141.22421
-247.55934,-1255.9072,117.44183
94.58749,1453.6079,132.76743
-18.560495,-1730.594,148.21184
-46.18084,-758.66064,154.76236
-49.55266,-93.32882,140.0834
222.59486,2236.762,122.92299
9.616546,-439.59402,145.58398
8.519254,379.98584,134.09886
-60.265095,3072.649,90.989044
-344.69626,353.6704,84.97638
-152.86351,-1390.8826,122.82323
121.928,539.5426,143.46092
-79.51914,900.9114,136.97768
-8.311334,-523.6782,132.35202
41.407635,839.20996,151.28685
-49.316265,825.05634,110.21091
-48.851475,-2840.2463,164.08214
-96.00529,-1156.1163,151.4608
35.247185,-1084.1353,154.19818
-258.65393,-1326.2051,122.877975
-113.24359,202.46129,135.29951
223.45851,3125.055,118.43896
-178.43127,-181.68398,130.85278
67.259476,5003.2095,81.86853
-210.57867,-3005.4458,126.402985
171.57222,2315.4927,97.37346
-4.4717474,3115.005,119.9446
-147.49661,-1989.1218,121.56555
93.98554,2047.9271,148.88596
-96.50113,-881.578,142.84822
-138.81522,529.03265,126.35902
-176.51816,1362.0061,70.686386
133.23244,1120.7667,148.09723
-255.41756,310.7941,123.40871
-163.91203,-2543.2341,145.17546
18.632204,1414.4221,133.38777
-137.70862,21.164711,123.44472
-73.772934,229.89842,146.87814
-365.55292,-1834.7627,112.53007
-280.00314,-2335.7888,131.45534
-163.1108,676.555,115.17244
-333.92322,-3861.0447,140.12595
-328.64383,-978.12756,120.1976
-176.36343,-1287.2866,147.29861
-133.14073,-1471.5317,145.87968
-182.99226,225.098,128.96745
-75.202644,15.482399,132.61201
-115.09523,125.83341,126.119774
99.531624,-42.832237,142.75896
-114.2274,1681.17,96.03412
-24.509577,-1531.324,144.01985
204.42697,2167.1675,120.91434
-195.06848,-1254.6953,121.243225
46.314823,2167.7715,116.434074
77.778275,2800.0962,102.45924
-105.15272,-2.0958476,146.09306
88.89177,-531.0217,145.61682
-237.69669,879.0432,85.585655
-64.42614,-138.74208,127.668274
-178.147,-1330.6184,145.47147
113.52633,1907.4133,120.115105
-145.06421,-1562.7495,151.7265
-265.91946,-1815.4878,130.45656
-50.54623,-863.72327,148.9158
125.71614,3643.0513,97.36403
-26.5044,-432.179,161.91898
-184.63892,-94.90481,126.645996
-67.94359,-7.646934,134.6694
-137.54416,-1829.7966,132.35118
-266.80258,-470.73038,107.3426
-318.18475,-2707.415,147.3002
-8.620326,-1689.8215,162.79471
32.343456,2195.0671,114.83807
-193.9442,-1836.9646,120.27967
-249.74672,-1100.0511,129.6706
-129.46748,-566.7594,131.81567
239.48172,2913.5159,122.75781
15.9648,452.5786,139.72314
-289.34262,-853.93286,115.95294
-134.18826,-1282.7439,142.26857
-62.819813,-528.5851,137.17435
-143.71527,1318.9651,102.93559
97.14906,2793.7366,112.55516
-146.28357,1021.01434,133.1941
-138.88033,-347.81668,142.76768
-199.31197,245.07085,117.69097
107.822845,2003.6757,124.29553
-46.089302,528.2086,112.64819
-361.083,-3044.3733,128.76637
-76.202705,623.44885,113.96775
66.84068,3913.1035,98.82352
187.48071,929.43646,145.53731
-73.11784,693.8475,149.15001
-184.37648,-140.28023,106.871414
-150.94168,-2881.0195,160.642
-62.872295,-4.68856,119.93527
-73.26488,578.1364,120.821526
15.770907,-1669.6499,144.56676
-78.27967,-1421.4272,149.75682
213.43474,1605.2325,153.85971
-187.50493,18.072548,109.32214
-215.46388,-1367.6157,141.89255
-354.94275,-451.17593,109.66292
-327.36847,-1617.2268,117.662445
-151.26096,-637.0797,125.97397
-84.1597,-128.15004,145.26166
-216.19164,-346.7029,142.82727
-406.32706,-3995.7341,123.597015
-76.39061,486.44354,132.47398
-362.54214,-2191.2637,121.58542
-309.55292,-2275.6116,134.46379
-229.3483,-2268.4377,128.89108
-104.33509,-1576.0701,149.31258
76.79994,1797.8997,122.84363
126.34009,1246.2056,148.54744
-125.31854,-2918.5015,138.59
-108.97317,279.9255,125.493614
-132.80353,-2998.7217,147.24149
22.4152,1154.5215,124.49427
-180.89445,-194.04774,95.01164
-187.07878,-969.88464,127.04952
-257.90622,276.603,139.8196
-408.112,-3257.199,132.65144
-180.0091,-1639.6399,142.65633
133.2779,-865.2561,149.05815
19.550161,2907.1177,94.40095
-74.42846,-1965.199,150.4036
116.954254,2018.7098,134.2557
-219.47426,-1502.4597,138.50902
-120.57475,-191.89418,134.73587
183.04732,2460.5352,118.15136
-254.55125,-2684.5168,136.14844
-165.31429,-1088.6163,130.30527
-220.96486,-1223.3528,146.37642
-79.9488,1025.1758,101.315315
-311.77457,-2125.3147,138.90125
-290.10574,-1662.179,134.27475
-271.66226,-113.585594,106.510315
-44.11708,-2885.7996,142.48816
-228.94048,995.62134,101.72292
-147.00476,268.58505,117.771545
167.43962,2835.348,121.67929
83.57274,494.88925,132.356
-186.251,-1512.6497,137.53165
-294.0078,-1960.7666,132.49146
8.796018,-164.35121,140.06804
-106.78667,826.3924,124.70247
-316.2204,-563.8313,124.394356
-208.49402,2045.4579,96.92113
-142.99779,-2000.3315,139.74603
-90.70182,-1363.8442,130.43898
139.0216,3494.6038,129.91672
-287.053,-1067.9093,122.552124
36.595245,1248.8271,129.44293
-18.60304,-414.26944,140.80824
38.170765,858.08484,131.34225
-2.6609697,738.8712,110.34122
-160.96948,-1147.644,128.87349
-121.272125,1569.0623,129.95912
-265.58206,-2195.7107,140.26292
94.60104,1869.8933,106.32678
-119.59999,180.17986,110.863914
-165.72073,223.43932,123.91294
-338.48138,-782.02795,131.68141
-190.03795,-1095.3882,130.1287
124.00788,-1980.0371,149.22763
31.696201,-2184.0403,167.55908
-347.71695,-3358.1296,126.2061
40.77772,1114.8777,142.77887
-272.46094,-1709.0825,129.1415
-72.33698,-98.99679,144.88666
205.93553,1376.083,142.73924
167.05498,2031.0538,139.33118
-38.99017,-922.13293,154.6474
-79.74778,399.89767,124.768875
-25.32086,98.754616,152.3298
13.765618,-1941.8237,170.10548
33.934265,-172.1426,138.11488
-378.93393,-631.36475,94.35354
-116.01369,-697.06775,133.10658
-53.332005,752.0093,128.9476
-344.94617,-2219.3108,119.44825
-120.99617,-1406.8191,139.84178
116.07117,2348.1685,124.262
-52.49245,226.88005,135.98203
-24.929663,-1097.3479,129.51634
-322.7875,-1488.8633,121.26026
-12.597466,1135.8135,132.50922
-240.8973,-612.71497,126.32926
-278.27097,-1829.8247,137.46275
-245.09618,-1898.876,121.37847
-412.56146,-4781.0244,135.12923
-33.263866,865.086,130.70517
108.836815,2019.2476,123.25153
-206.22899,-1332.7375,123.82315
-300.35837,-3615.9417,136.22147
179.03297,1183.2367,137.21007
-132.5533,-1846.437,136.67166
17.61658,-378.92252,138.82541
-260.61276,928.4823,95.45736
117.580536,1692.7855,125.86611
-160.30789,-2320.6807,156.94542
-111.97273,-2.7375712,126.7237
-221.82356,-2248.7783,136.57045
27.635817,1198.5253,135.95091
-134.70369,-522.71594,142.5721
-144.0638,-1611.9299,121.50933
56.402412,-1127.157,151.08266
-270.67215,-1736.8872,137.04744
139.3209,961.3241,133.42734
-138.38393,1568.4202,108.494064
-228.97998,-1905.1521,137.46487
-179.36116,-129.18153,125.52647
-354.04437,-3913.9202,136.2031
-50.3691,440.6045,140.56244
92.12013,3284.8047,106.373764
-144.05594,32.77738,113.23405
-178.74548,-264.37003,120.09167
-167.20833,-2830.6008,153.20338
-66.48789,-1138.809,148.5758
-169.91232,-1843.2046,137.6643
-83.2359,2258.598,115.904015
-317.29456,-2227.7512,124.277664
82.918434,1348.0266,132.46281
-129.56563,-776.7075,115.23086
-195.17496,-1318.9316,128.64848
-407.39545,-3405.4172,133.58615
-227.69485,-238.10109,140.553
-213.63936,1229.8092,95.13023
-308.9028,-576.1677,110.237
-309.03955,-1874.5928,124.67407
28.432568,2273.819,129.6073
-228.86502,-2171.4045,137.21233
-65.66573,-1282.9568,156.02158
-313.71246,-2929.1155,138.10039
-25.552465,-508.4103,147.38698
-32.560978,427.87372,134.71698
-143.24725,-636.4452,119.6759
-342.5663,-2405.7695,140.48137
-341.1371,-4456.2363,136.2429
-76.05748,-451.7466,155.52213
165.04129,1272.0623,136.8155
5.3213043,2212.992,113.656525
-135.0599,274.51266,135.31676
-302.86243,-1073.9703,126.38683
5.0641985,865.74316,136.2277
-230.31404,1604.0187,110.023384
-66.28608,90.001076,128.32701
-192.023,-1268.7351,116.621544
-133.82701,-877.23804,141.44943
-170.15494,-1131.8787,139.5647
-231.75826,-955.8834,120.398895
-241.89061,-380.49612,124.2408
-200.55365,-2056.3672,141.30676
-107.02191,1585.4396,116.92009
-63.871998,-311.49844,150.48145
64.11743,2547.091,111.60775
-169.31194,47.4246,107.119995
54.528126,991.02795,131.4862
-103.28853,316.38333,127.69503
-206.75856,-1255.2451,138.25037
-146.31064,-719.27014,140.47487
114.90514,1115.4093,130.90457
-60.338085,-3085.536,166.58725
-286.49075,-1933.6206,120.79367
-227.7062,-2603.2842,142.7005
-410.08142,-2862.2852,142.1605
-232.12505,-210.14552,117.11309
115.45144,1664.9464,131.9788
292.16132,729.71466,132.60991
-83.16282,843.6731,136.86809
-377.0906,-30.511925,102.5814
-209.07237,-1719.1426,133.43274
-85.73679,329.231,123.515045
-121.77225,776.8409,109.160126
-57.350018,-410.50833,138.9628
-139.4036,-1071.7681,118.02674
-320.61697,-1589.4526,117.41068
-337.2096,132.00792,103.222374
104.31752,1261.133,124.29641
-170.76709,-2263.0715,136.0995
328.36414,3829.969,103.553604
-79.9717,2120.032,99.013504
-187.15985,-514.99536,128.53761
-91.45289,-164.72792,137.09348
-26.196932,457.49173,113.83679
-142.72845,959.27167,110.830734
-120.79631,-863.4651,145.5154
-375.70544,-1860.5603,115.7338
-111.391685,561.1148,127.04454
-56.107708,164.11723,134.56068
-158.5562,-933.9608,124.36404
-231.27126,-2083.396,135.0675
-49.760906,244.47203,139.55635
147.87125,182.97398,155.89528
-125.87842,-1132.7421,124.99241
-33.50944,2412.7542,106.40049
29.322973,-657.6156,136.74475
-199.83916,-1074.5968,131.90521
-258.03217,-548.2942,118.58719
32.15966,-231.1758,141.00455
-361.852,-1595.6238,116.1684
-42.49602,-1950.4087,161.57803
-468.6974,-1004.1011,107.43397
-133.47528,-358.0104,134.47865
-131.69838,-600.98315,126.169556
-65.625725,-1397.029,144.43738
-228.78275,320.22043,130.46013
17.345596,6.5080953,146.76944
-241.38484,-632.0669,124.84266
-29.956266,-108.493126,136.80533
-230.35988,-1487.8586,127.26562
-86.56729,324.02762,123.88746
-81.83982,-116.5696,124.91351
-211.81561,-202.38759,109.446594
-49.21954,-548.7263,146.79811
-3.562148,-1376.8428,151.96472
-257.3518,-3205.3086,152.3712
-206.7555,1211.9205,109.915695
-244.7899,-2031.4875,141.80458
-242.09618,-1895.573,142.70935
-64.31474,1317.8828,128.02751
-52.807087,-290.4363,142.24251
-185.47339,-1082.4537,126.8574
-360.80554,-1607.6621,118.4079
-129.647,671.593,115.13206
-121.41101,-721.0054,143.2062
-14.604108,-2067.478,156.97792
154.06947,1287.3138,132.0296
-64.21922,1950.78,106.4364
11.952815,2129.5186,121.90174
-304.12283,-1293.9182,122.96808
15.964782,178.7835,155.16562
-150.93452,909.2823,131.19069
-12.434812,1179.3226,123.00536
-75.29022,-121.58895,137.0919
-74.87908,1359.0231,99.54189
-193.79892,627.8535,107.170876
-147.16957,-1451.0671,135.25424
-354.52686,-3143.5168,123.22168
109.41355,3520.0193,117.74093
-65.284386,-879.62646,164.85573
-206.9521,-984.2887,108.43303
-204.31494,-2787.7488,133.53087
-129.56764,2155.5693,117.69313
-44.38369,-903.9292,133.60782
-188.90237,-436.6365,130.83257
40.032097,2140.8718,116.7554
-89.74992,-1607.4854,134.7552
109.07987,1321.1753,145.4195
-157.03017,891.72394,123.412445
-47.05275,-607.04504,135.53232
34.31025,827.3811,152.93729
21.435741,581.3991,153.86784
-106.89739,-1324.3767,135.47353
-223.43697,-189.10585,113.618286
-160.212,193.9326,107.26286
29.483904,1232.4503,132.09802
-220.23944,-335.2454,128.59091
-108.52247,-240.0984,125.43552
-169.42865,274.4199,137.75441
5.3773975,-433.26077,150.93471
-66.50468,662.55597,113.07313
-26.888552,1461.341,137.55414
-143.1772,-2658.3838,146.51501
-286.4531,-1545.5974,109.5523
-51.224506,624.3049,104.12471
-301.23633,-2405.9294,114.138824
-233.21332,-604.1627,136.82703
-177.60391,-536.3706,133.95815
-280.50095,42.54075,109.10159
-94.91219,1339.3334,131.52457
-302.8151,-1692.112,130.78249
116.58204,-811.069,148.3595
-2.3585958,1462.5913,118.30043
-119.510574,234.88615,129.067
-237.74321,300.9669,108.49881
-144.1062,-236.19008,143.58087
-76.245316,-74.843834,125.13307
-104.2855,-1630.676,147.94214
-241.46425,-897.9459,132.62335
-217.67447,599.31323,132.52429
-116.13481,745.78503,112.25387
-47.25002,1218.2148,136.73647
-160.19183,-680.6509,125.2314
-306.9745,-1432.7981,124.32011
63.80118,1642.4049,123.64192
87.06984,1810.7986,102.909096
58.42321,934.53436,142.55951
-99.91817,-1700.1084,136.5103
-280.10938,-1349.7815,114.38551
-114.306274,2427.2178,89.85064
-58.339565,-1902.5205,149.08684
36.20362,567.6439,136.74536
-175.04938,-2190.1755,154.7052
65.62735,663.1896,139.72598
-59.479618,636.952,134.69876
-126.486115,-713.51807,153.0263
-76.344696,-261.9988,119.771
-241.3217,-2483.9272,139.3541
127.37862,1470.1976,139.1684
-56.53847,142.83531,137.06398
-77.195984,142.304,130.80615
-62.66419,-2022.376,162.69716
108.33506,924.25964,152.50346
107.792305,-272.19974,159.7723
-138.70613,444.08368,96.04219
-165.96008,-1700.6035,128.84065
-109.99853,-1626.7551,144.86035
66.431366,710.81683,125.729774
-260.01596,-1219.0818,128.75508
-193.33324,-1089.4305,113.591446
-340.06384,-1261.0532,125.17712
88.10338,-629.8063,165.03232
-43.733547,-2145.022,154.88031
-0.6897993,2549.6345,119.42565
-3.7634344,-540.8722,120.47548
-109.83189,-692.23267,134.07101
-59.351643,-745.4889,144.68588
91.05333,2030.8806,127.91326
-108.270996,-678.4927,132.83281
29.928755,1430.9146,107.50177
-130.47346,1203.6287,115.79764
44.402645,1596.9573,130.84937
-298.47714,-2603.9036,138.28682
-93.29365,-159.11885,150.61981
-39.08402,981.7912,126.98824
-89.766205,-1326.363,145.46957
61.09835,914.0592,150.43886
20.879997,2890.7998,105.32176
218.95825,4204.3125,106.59555
-56.53716,2015.2235,90.0297
-290.23572,-585.69446,113.73092
-26.199179,-488.631,140.61732
-148.22125,672.0078,136.07196
36.201225,1040.9359,143.24132
140.1397,-575.8679,128.52171
-265.41797,-1349.3652,126.00054
-311.7969,-819.4894,107.47004
74.59118,1813.9717,131.70454
-42.36954,-504.29593,139.16254
-32.173466,-2617.7173,165.47377
-292.04416,-2270.148,137.76706
-149.54901,1005.6824,106.513855
-273.90823,-2610.839,143.84462
41.00098,-526.9989,154.41783
-16.451323,3084.925,108.837975
-427.9667,-2847.8557,117.574615
-313.4031,-2140.057,135.75545
-150.32394,-368.0768,142.78804
-303.42554,1001.51117,102.782845
-282.434,169.64354,105.580284
-452.92365,-2061.2002,123.31842
-207.22148,-1131.2395,132.65031
-166.49094,823.9099,134.19818
199.90738,4451.442,100.77441
148.19359,2190.2803,150.89029
-222.82533,-325.13235,104.81438
155.30345,1726.602,126.76106
-64.158615,-281.6945,144.12929
71.93208,1763.8147,138.17717
99.42771,1085.5203,138.97466
-212.34978,-1278.9788,124.73854
-116.677124,1859.7455,98.50941
-114.571686,692.6145,121.96986
-354.40573,-1553.8813,113.3684
-86.86502,1425.4159,127.51102
2.5647678,-1696.5361,154.65746
102.269066,1603.3868,134.7863
-79.73869,-1187.4634,136.23312
10.990555,-9.35128,141.41681
-75.86706,2028.2563,117.36725
2.3816242,1069.3586,139.35422
85.056076,2130.5256,121.15226
-182.43793,-363.335,104.40676
218.52965,1127.064,134.40073
-285.17657,-780.4769,114.46445
-173.63861,-35.931053,128.90323
-67.653534,776.04694,116.83842
-130.34631,-1082.3491,131.2733
68.48905,2328.7598,140.2699
-191.66989,-1790.9128,129.12276
-376.44888,-2594.107,125.47805
-126.16208,4.2790303,129.95064
-170.68188,296.63065,106.86594
7.071642,265.53506,141.47243
-132.69647,-1223.968,128.04689
-93.58188,-501.69742,147.50233
-117.17261,-1061.7864,139.34665
-121.45233,-1117.7168,127.488846
-240.0992,-1542.4612,105.65023
28.476095,1520.4703,134.68567
-141.52083,1830.2107,111.65176
34.35355,-392.0513,152.77574
-18.729773,158.89366,139.51799
-46.525608,-45.451866,135.82025
-14.167153,1833.1686,78.036415
-63.05054,224.61595,122.283035
-220.25891,-1591.7888,123.89179
-129.94403,1434.6935,112.65721
-47.52506,-462.83218,133.8337
-150.94003,-1974.8599,141.50645
217.11894,1742.7695,131.0822
-133.30748,-151.06197,126.887794
-292.84576,310.97952,120.102516
-368.17737,-2370.0374,140.83783
-203.95847,158.87279,118.41329
-304.99408,-1111.4781,118.270676
-96.767876,-1514.8796,150.35562
14.9596405,2918.7234,114.89297
206.17735,4361.465,101.9371
-104.84918,509.13052,117.16129
50.443726,1488.0332,137.77914
-247.32347,-901.50903,118.55532
17.781107,1500.3762,121.75977
-197.0425,-510.27322,125.80699
-46.08361,268.93265,141.85751
-279.2209,837.3302,114.55473
7.767929,-1986.5332,158.8794
-338.8227,-932.57117,105.98696
-321.25824,-837.95557,128.14438
-153.35646,458.14786,124.58605
218.7101,622.1076,150.75798
-235.20207,1792.2441,91.22627
-69.79487,1238.1189,123.519585
-93.30457,-760.4094,141.29343
-121.99844,-1339.5356,151.51747
-105.7567,-675.41064,140.84451
-190.17873,-2704.962,145.69852
-108.45722,1690.9695,98.13361
-148.03488,-585.09094,121.13142
-73.158485,58.367226,118.041115
-87.717186,136.10252,122.98167
-43.801785,268.24185,144.61803
47.07466,305.63962,122.88774
-348.16135,-113.05349,101.42706
-294.06873,-2209.9949,132.04042
-192.72389,-491.59622,139.00903
-123.23485,-5.157249,135.07185
279.26743,3337.435,128.17001
-136.53513,-353.2864,113.0895
10.739824,639.51984,129.99893
-168.17644,757.1732,101.10643
2.916996,168.59203,153.46207
-131.5087,-919.4763,134.58722
-188.01521,928.6503,103.93565
93.64612,1074.4537,121.60119
34.57197,-45.77175,155.96645
-178.07835,237.6118,122.3331
-209.08665,1343.2656,99.6944
-57.07654,-433.24625,156.38014
-117.89093,-2149.863,128.7007
-165.0157,-1290.7686,126.944496
27.262444,-400.53433,148.52528
-266.39127,-493.97342,108.65899
-178.97842,183.10692,119.88729
36.986176,670.3475,152.09511
-213.86972,-1362.0627,143.47229
152.35916,2547.0037,123.58615
-285.98874,-630.6876,99.72738
-84.50945,-639.5868,149.26923
-36.263653,1137.3634,144.14153
-123.41873,-416.46402,130.91702
208.6507,3706.127,135.96754
-131.146,133.72148,136.96773
-42.053738,-68.022545,140.88945
-182.53278,528.3691,128.14201
13.941585,1501.9625,103.33352
-414.13654,-843.76294,101.81471
-82.4168,1643.3405,121.666336
-60.652897,-656.21533,136.60182
120.67857,1219.7435,120.297646
-9.89066,2272.9438,127.56946
-265.87277,-635.4535,115.45128
-217.09325,1008.84424,101.81146
-133.0796,-450.3693,126.4773
-185.34564,-461.99527,122.34687
-163.86151,-186.80702,126.62186
-59.82339,-1172.6464,143.26608
-256.82828,-2674.7131,130.75316
-243.66655,-2680.5203,150.05699
-131.83025,-507.76187,121.5448
-216.00616,-2529.9583,143.12688
-204.43134,-2254.9275,142.8909
10.859334,-821.4127,147.67247
-77.08456,-71.33108,141.26752
-239.90019,-1734.2317,133.62976
110.30048,33.664345,153.74174
-102.56885,209.06847,112.42625
-448.22275,-1731.2356,116.75514
-173.12079,-459.61465,141.85118
-158.02078,-1172.18,116.409584
152.2594,799.21387,122.41693
-221.02324,1482.5273,106.796555
-351.11133,-409.10416,116.53618
-71.66705,982.0037,129.45937
-344.94244,-1627.999,132.54607
65.11468,97.63523,136.25583
-204.6614,-421.09793,120.36513
-98.82787,-89.63625,139.6412
2.2555437,1128.745,137.54295
-174.03317,-1728.7336,124.61265
-385.77658,-1003.95605,120.04069
-351.88846,-1668.9097,129.10977
-120.523865,-818.01624,141.55772
-220.67339,-994.95044,130.1679
-159.70505,814.9828,135.81339
220.68817,722.8799,150.94965
-270.65533,-635.1935,104.63016
148.60484,-1703.377,173.3705
-158.60516,-126.64059,120.204185
-198.90799,-447.82486,113.12198
-30.417765,-405.4363,153.45714
144.89264,-1688.0002,164.12729
-181.27473,14.954689,122.3976
-66.86483,2298.2207,91.77757
24.960876,526.7052,137.24435
-158.53848,-476.7653,124.13609
42.645607,839.348,128.89511
-14.0722475,1167.0084,122.10476
-215.47945,-1042.3301,127.62041
-67.797134,2238.265,87.22738
-147.73932,-1231.8389,149.34523
-160.05164,-556.46155,139.34393
-299.47388,-758.97864,111.12928
-77.28723,338.59048,119.78631
9.792933,2038.0546,117.375175
-165.35384,-3181.402,128.56273
-75.34253,-1182.165,152.2693
-96.131935,3.9247212,132.03789
-132.26224,618.29626,112.84955
-126.14775,-999.30115,115.12541
-109.43457,-1247.1184,143.42642
-94.23874,553.9818,132.50377
-3.5350962,1360.6736,126.4148
55.001694,1282.7384,136.76976
97.056915,-551.6155,162.73618
-225.02715,-2257.5173,128.3893
0.1181402,632.4303,133.8568
-364.95685,-3152.3098,121.733734
-331.18213,-1665.7148,118.07277
-91.93042,1966.9227,110.81337
-271.07996,-1782.6421,136.15672
-149.49588,383.5121,137.4845
-220.47546,-604.8887,137.45027
7.7586355,-925.16785,147.33081
89.875565,1838.9576,113.325195
-130.52019,-673.14246,127.144196
-218.68788,107.71403,133.37158
146.27084,1634.296,132.79984
82.068695,-168.21059,131.33142
60.11755,1798.5553,142.72719
-9.912335,1100.5596,121.58249
-213.22945,-1509.5752,149.53198
-270.06635,-972.7025,111.72949
-7.07747,249.77556,135.93709
-177.35083,328.29684,113.01229
-222.76709,-914.44714,121.81992
-171.03192,686.6207,108.79673
-113.650894,-638.14575,131.54308
-232.82394,-1743.9421,135.48169
70.30067,-288.3477,137.83524
-75.94301,-394.76797,122.81115
-286.94897,116.01316,104.54195
-157.87593,-892.75525,122.960304
-223.78865,-1567.2888,132.33286
-47.362106,-753.739,153.97482
152.27257,2927.532,106.65297
-284.7387,-499.81876,108.97639
20.293484,572.9437,135.60524
-1.8283339,461.8728,125.13903
115.941475,-1062.1302,161.43387
-130.59163,-118.350975,133.54648
-206.80612,-623.6461,130.80452
165.41359,626.3227,131.92155
176.76216,1080.7106,149.1807
-222.20937,-1069.6298,122.9314
68.16578,221.19768,129.67784
-306.4686,-1687.5344,103.49273
-120.159,226.33757,118.53039
-48.518604,1930.2924,109.83383
-20.802473,537.0675,132.18283
-115.62486,-2386.2441,142.05772
-325.9812,-602.0648,102.53349
113.95379,399.353,147.8807
54.547005,995.5516,142.71068
-212.03993,882.6039,103.05251
-25.309256,1646.0068,130.45317
-200.73676,-2606.5312,131.24739
-218.6369,-1459.2471,114.83334
204.93121,2496.5913,147.96228
-145.19217,-827.99805,146.86469
-96.356064,712.8603,126.28881
-206.24422,-2700.8506,142.9041
-226.52739,-294.74808,131.08913
-246.08586,-3176.8132,140.72275
28.886385,-1687.5654,163.0924
-172.53801,-1393.5393,123.36685
36.318707,-1164.6737,168.27383
-216.14859,-2530.0405,131.48409
-59.662624,507.31177,101.60623
-253.35118,-1182.5251,103.56661
-198.89516,-695.4315,120.96764
2.5933418,283.0392,142.81796
-214.97575,-1485.4392,154.79453
-85.88345,-816.1979,153.48212
40.611008,-1045.0198,138.71114
105.14483,532.5257,139.6771
-61.753605,1798.7717,116.23087
-52.070843,1232.3265,104.78163
-223.36594,-76.14883,124.90522
-53.148838,-911.18884,131.50456
-102.18799,653.9481,140.5587
-196.18694,-1842.2825,140.62688
149.10771,-670.9435,136.97263
-61.528515,-1761.4185,144.34819
-263.12347,631.39496,108.23808
-143.27626,1428.8868,83.72242
-210.90376,1438.9265,110.14466
-73.31649,2037.1815,86.93723
117.85552,3118.6655,125.71849
-163.29016,-1518.5269,132.06833
-208.0833,-1861.2024,129.34866
76.02195,1345.0791,132.00354
-291.29062,-1687.3442,114.374214
-141.13605,145.54277,112.27182
39.657925,1867.9733,143.48175
-188.29205,-1412.145,127.85736
-48.471752,451.48517,127.29347
99.573425,1337.0636,115.811844
193.04286,2462.394,119.47426
-126.89128,-2002.4661,142.24124
116.9811,2635.58,118.22354
188.08435,2499.2559,134.85129
24.996777,2867.7783,77.79394
-135.56267,584.5705,110.11476
-312.412,-1108.4495,108.12849
193.81215,1067.5278,152.97948
-265.78375,-2967.8247,130.31812
-52.875866,-416.18167,158.4062
-17.69916,1788.5524,115.931984
-112.318054,-1159.5575,115.46032
-217.66763,-731.6398,129.3548
-362.19427,-704.5873,109.85694
-272.0781,-2321.5437,130.72542
-200.08104,-1767.5176,131.98761
-45.582207,-1509.513,152.38614
-199.05508,-1841.2603,117.09297
-89.0155,-368.40335,120.28628
-16.935423,2164.6587,111.604065
-12.672257,203.153,138.61354
-196.54697,-1396.0769,139.74326
-205.35892,-1614.4924,136.62343
-250.76973,-688.2134,135.08775
-6.930785,-1223.5574,164.21933
-238.4171,577.9405,98.6487
-22.611742,-649.22253,145.33134
-66.48254,306.91495,134.67809
46.886875,701.46265,135.9642
19.487228,-296.85806,146.69911
-36.042995,-664.5969,155.62369
-212.40485,-1389.1992,135.59084
124.11901,2604.3748,100.48313
-56.485004,-1929.2666,150.87057
23.324549,762.3305,119.23817
-109.03457,-753.06055,142.61386
-146.00092,-1719.0618,126.06068
-177.2345,-506.2222,128.96107
-270.2145,-1208.1882,111.62742
129.85272,1305.1586,131.28844
215.94211,1271.6805,150.2611
266.6171,1779.2002,144.72523
-132.88379,349.0464,121.46465
79.39327,2969.6362,104.594246
-55.389248,1147.1294,136.33836
-164.80374,-410.34402,135.71466
-115.88194,-409.2278,126.301216
-153.96089,-88.781456,134.74295
-2.2481718,-70.86007,128.08365
-291.3733,137.55858,89.38409
-228.21034,-445.25003,107.54003
-32.62458,657.0011,139.95514
-67.594055,2250.9282,85.92521
13.339454,-509.3477,148.27736
-367.73584,-2376.5728,112.28481
-152.7573,-475.1453,138.3071
-393.64252,-1456.8071,116.29052
-131.03235,1263.4877,125.456985
-84.47138,-2240.212,161.7812
-262.31897,-2023.4604,137.30907
-204.01892,-1952.9138,134.13773
-84.156494,2707.7358,76.807625
-42.00731,874.1365,134.82678
-87.02314,29.155617,151.35754
-338.57037,-1647.7642,129.01111
-67.31632,-586.88354,119.685715
-31.18754,1536.3204,124.56903
-347.39886,-760.00415,119.20189
4.6081724,-1442.5024,152.84206
-14.187577,-141.54115,153.3294
-129.80066,-1837.0371,149.37866
-107.198784,2572.2974,101.43727
-184.03368,-1232.3921,133.0122
-229.35368,-1024.805,119.361374
-132.05545,317.07913,136.72383
57.99222,905.8066,122.61246
-27.855932,293.34366,144.07283
-317.4531,-619.0891,112.11216
-122.28502,809.0551,117.82923
-137.2143,392.651,125.88515
-324.92596,-709.00073,108.86431
-231.3607,-359.9495,110.01687
-180.43419,750.8568,98.92261
-264.17938,-2324.6545,140.85014
39.349648,2571.6082,123.140564
144.49023,2334.46,119.871735
159.89792,2468.828,116.39788
-166.14046,-1864.1399,144.03314
-143.34946,-729.26245,125.512634
-244.40169,-2247.5723,133.85957
-30.472944,2830.0913,114.632355
-57.037167,-1792.3896,163.46442
-150.28069,194.88078,129.1616
-85.72256,72.77262,128.42937
-154.12558,1156.1641,128.60649
-169.49971,329.1835,123.56221
43.773277,-112.19924,154.78552
-15.501794,323.8204,118.52501
-376.40555,-1850.1633,119.18694
-164.88306,986.54034,115.25056
-285.6557,-791.7118,115.224556
-102.513916,554.7215,116.78924
-269.50015,-76.969505,113.292755
-156.29514,-11.062218,130.42366
29.190039,2098.91,107.21187
197.4095,1496.6871,135.67406
-172.6709,-519.12646,137.78246
10.907976,819.8142,127.44238
116.393616,1145.448,108.44805
-334.1718,-1014.22986,128.185
-192.81792,-1017.38306,109.26965
-112.57817,-919.1677,132.06065
-327.23157,888.749,88.05473
-90.437035,473.06638,123.986725
142.26822,2242.6667,118.311646
-291.27426,-2942.9712,147.5241
264.66895,-302.5811,147.39444
-112.71884,1587.7233,105.4367
-56.204,-161.209,134.84395
-128.6429,-1083.9017,120.856766
-91.51034,1621.0565,114.182655
-129.21364,-161.18599,139.79433
27.650124,-1176.2704,149.89189
-341.60968,1344.2362,82.60416
75.77963,1264.2466,97.86393
-188.61354,-689.73267,129.16376
-25.654638,-834.4757,143.28857
-384.5564,-1808.512,110.98032
-121.56444,-1299.8325,154.08769
-86.25627,1035.9788,105.05922
178.40851,3953.7737,83.2991
35.487694,-379.4883,139.84853
116.455925,3039.3572,100.10534
-162.20026,878.66144,111.23226
-271.3554,861.145,80.750175
-75.82789,-960.08936,141.11993
-131.37697,-1211.69,126.79153
-203.224,-2130.2493,152.70863
-321.123,-1204.7156,110.77083
-31.113718,-1889.938,150.0783
-79.2281,-463.33353,137.1711
-158.6992,-1181.7695,143.28938
-138.33505,-631.8834,140.09492
-124.27751,-2059.903,160.31685
-273.1291,-1648.0032,131.44551
-4.8536882,263.57193,151.47978
-242.63976,-741.3054,112.043365
42.74952,-990.5658,157.75392
86.10986,-1073.034,145.81921
188.23697,1891.4316,135.21774
-251.90202,-699.38513,130.45277
-158.73466,1662.9386,110.46952
32.70806,-1427.1875,147.59851
-62.56264,-42.88308,134.73969
-371.4152,-3033.6726,125.59537
-88.52363,890.64484,112.35179
-212.52539,-1421.6724,133.55675
-236.97408,-634.16797,123.18623
1.9209251,328.65817,146.95612
314.12592,2394.022,134.34904
-44.015743,-351.83755,159.90584
-258.4514,-1118.0939,128.45259
-137.85193,1120.3827,106.272995
-60.730328,21.441261,128.13817
-85.13464,1138.1628,145.5356
-210.32085,-1431.6519,139.47078
-338.5987,-860.4088,123.83451
86.98447,2092.8545,111.4494
98.71043,1208.2078,139.19133
-70.746185,-579.3417,146.06602
-80.63475,568.0513,139.80319
-175.41197,-1495.324,140.27061
-224.32812,-2441.6182,129.38052
-58.952496,595.9429,117.7797
-38.954346,-369.7974,126.38458
-60.629543,782.51,115.12988
59.193317,-207.0464,147.25098
69.79975,861.01544,106.14227
-377.81836,-925.88574,120.65189
-24.721472,856.5768,122.438286
-5.3293047,1970.2117,119.14546
123.535645,2251.5444,102.91699
-21.927904,1959.0717,117.30468
27.67135,314.12173,146.35727
8.220444,2131.314,76.544075
-191.95908,-699.81885,133.52756
-155.4556,-14.045494,123.26394
-233.55199,-978.85205,134.1851
57.9803,1136.9312,148.09384
25.141483,704.7748,139.71011
-156.80096,131.86284,127.87446
-56.26186,-394.36465,124.88442
61.0444,266.62576,147.19577
-42.56786,2292.1746,101.02767
-119.7128,1251.8726,94.38081
-158.4854,-768.35144,139.11801
-51.717625,-3583.3835,158.31754
-92.94125,279.0977,103.592316
178.56169,1750.3773,145.96077
-113.76782,308.04684,139.53333
258.26743,4827.3276,95.93963
-199.51337,212.4486,116.27088
-12.10389,-1790.2908,151.45674
-95.89423,-905.7998,140.91515
-47.48519,747.59656,126.48924
64.311325,1846.1421,116.57775
58.610706,834.65533,149.13033
-229.5998,554.3792,128.67648
-138.2328,33.71238,129.86072
49.53512,1403.1593,111.82718
-22.123613,225.23637,140.83755
150.49203,4463.849,79.784256
-266.60336,-2015.6936,131.49605
-157.93849,-230.33144,122.729095
-280.53516,-1058.7664,114.131744
-132.28255,30.779152,139.59114
-48.97978,711.09485,102.71189
-258.8477,-2390.176,131.62508
-239.43079,-520.4772,115.49148
-152.09236,654.14606,104.41602
-26.665842,2032.6238,114.3132
-154.77147,-849.1155,141.30638
22.743689,-381.7261,155.58376
-52.65642,1538.6792,108.98682
-85.18631,1.4097675,122.316055
-277.37848,-1114.6229,118.30189
-381.45834,-3397.9417,136.09218
-17.200918,3078.938,90.54544
-9.894443,2682.0342,93.34931
290.986,3795.3252,104.36542
-12.715358,2108.6401,129.60883
-103.6748,-454.65994,148.76523
-69.01812,1570.4795,107.748886
-160.96782,806.80383,117.67025
-26.594137,769.71686,146.01183
25.299404,-1044.7826,154.20534
105.175385,1324.5382,125.55453
-216.55075,342.12576,113.84067
-12.708268,-719.6216,130.99696
-110.58807,1309.7194,124.35794
-356.08902,-1767.032,128.71556
7.5411196,1239.2621,116.04436
-303.54636,666.0774,119.060814
-84.709946,-931.2825,159.74626
-147.3157,-719.53235,129.49437
-141.11363,-689.32117,146.57373
-14.017224,-19.318748,149.3055
388.7457,2590.3428,150.60205
-280.9596,-2699.4246,121.149185
18.001137,1507.8519,136.1818
-152.3928,-1523.7771,141.18626
-248.28099,-537.06836,128.15
-325.4209,-2789.5469,129.80928
-81.9296,-1472.8342,157.61072
-159.671,-1768.1472,163.6905
63.15894,926.6501,127.98832
-141.5738,-1995.4133,139.8095
-45.87105,-439.6154,123.86125
0.30962655,670.91595,104.79043
131.26486,1970.08,147.49376
163.73322,2369.758,130.45248
-55.959255,2711.7454,112.47295
-290.82812,-685.64856,118.62206
31.032623,-796.96216,156.57445
-256.90585,-1513.7925,132.18802
-276.0666,-1598.2964,122.91156
-306.5165,-2033.4443,121.76639
44.930332,711.0421,126.19063
-309.3946,-1674.9333,115.291595
56.26366,2943.988,94.87772
-75.39687,384.1144,123.09968
-85.5363,-2357.6182,152.77882
-12.988545,-733.62683,148.66475
-163.5087,371.8883,94.41208
-273.7383,-1155.0924,136.43187
-81.490555,665.1694,112.712746
-277.11423,-1082.3625,124.266685
-42.593742,1258.4037,133.92952
-101.17459,1208.3197,122.45003
-55.46349,220.43834,138.45547
-316.952,-2288.5693,131.13861
10.034246,2219.2214,108.19248
-105.41084,988.08923,139.08919
-79.513954,-501.6968,141.79875
227.61256,1214.1685,145.03049
-191.5195,-1935.5444,117.68787
-156.64856,411.81006,145.9784
72.8119,-421.819,158.32887
-377.78012,-2364.8022,127.74596
-493.02045,-977.5056,106.77881
-272.16318,-741.83716,133.6261
-25.48697,-2206.877,137.87738
307.44107,1834.2306,139.4341
-70.99298,-254.26369,150.73203
-194.25334,-529.94324,123.253815
221.0904,608.7685,144.91446
-136.194,-872.0676,131.93472
106.26319,2834.2874,116.94716
65.17287,1584.7988,123.668625
-4.963624,-233.24,143.9878
-66.58471,1592.5303,108.20572
-328.69904,-1713.9365,108.157646
-141.8252,-1340.6243,158.45299
80.41546,2824.5198,99.71657
-264.43842,-2130.0195,120.990715
-369.2212,-2137.0833,128.25093
165.67982,3399.5366,108.82507
-248.26537,-2197.1323,129.06866
229.14598,1808.5352,134.17453
73.917625,1568.3175,119.51566
62.093292,605.32733,133.02249
-81.56107,755.4266,120.99117
135.81982,3053.8237,99.74024
56.22173,2085.799,116.50551
-65.440575,178.94048,104.86316
265.78125,4107.06,101.75875
-175.36613,-1840.7173,131.45486
-207.74821,1127.0466,108.746445
184.86638,1649.2458,129.92656
-333.62048,-2165.2742,121.12119
-6.0787153,2084.047,122.50697
-124.72011,178.26915,138.03877
-56.203037,-1053.2544,130.43037
-168.91061,-114.25765,124.41918
-162.175,-1899.9155,158.72592
-236.19543,-956.66187,117.11338
-64.16846,-1280.1533,158.76353
-107.74659,677.10565,108.1602
156.14653,3862.0125,111.47965
-36.87087,-272.59708,141.3682
121.57696,1430.6069,133.26091
-198.29965,474.87924,103.227135
87.02562,361.9716,153.4974
-300.1646,-1321.0745,124.34884
-340.83017,-4184.701,149.98068
-344.72476,-628.1105,119.21371
-90.56506,-1720.9741,148.82428
-56.288136,712.0345,131.4483
-238.65091,1353.485,88.845695
-133.84767,-944.63306,142.65533
-8.726058,-2332.5667,156.71776
-43.40668,2243.5635,110.21933
-85.62624,256.2169,132.98204
-79.501915,-254.99037,140.32765
-103.4537,-1282.5938,136.43767
-383.97177,-2608.5632,126.41097
-104.24604,-139.81844,128.14452
-259.76993,-1186.8323,126.21193
122.61715,1914.8553,127.64088
-86.33311,-988.89404,144.59448
-91.27032,2819.2341,65.67545
187.37187,2816.2722,117.59153
-8.110938,-1792.3987,163.45154
-139.10376,-1359.478,132.83627
-32.6982,318.51468,141.3947
-231.59177,-2040.3435,133.64897
-51.898487,-691.8937,146.27388
228.43622,3823.8025,97.50086
-79.21951,708.9566,135.24045
-47.085712,1730.8247,105.23954
17.27798,1377.8944,120.32141
-90.75595,738.92096,132.99332
-186.77827,843.10754,119.516396
133.4676,1710.8008,127.73627
-118.0394,2308.1667,91.68803
-75.48111,-1404.9929,149.73145
-75.41865,-1723.4004,154.11139
86.6826,-941.78625,171.11368
-81.168304,-595.0381,137.61314
-147.8426,460.38345,139.02103
386.09525,3667.432,121.96067
-294.63467,-1104.5009,124.316185
-211.7341,-181.60097,118.6109
83.984924,-899.39307,134.56633
-74.92247,517.72754,124.55796
-191.3256,-1074.1907,143.16946
164.29134,-42.30813,160.30017
-275.34784,-2512.4985,108.55068
-191.15889,-2033.2981,130.29501
-2.8834658,-36.62789,151.23979
-115.977615,3625.5684,62.253387
-40.182377,-795.50476,134.23477
147.42412,388.38553,148.04727
-192.82353,785.36505,96.4154
-228.14653,-1273.2324,119.00497
-313.37387,1398.7804,86.647255
-15.724233,-134.15376,138.55835
-232.71936,155.44035,126.56878
-82.55881,-554.3168,127.10519
-117.80144,870.0379,119.37367
-91.72272,-1436.9482,133.82475
-164.23221,-1751.2341,144.53801
-286.7805,447.21518,91.05389
-338.59018,-2718.7097,129.49367
35.67981,-292.75626,156.7047
-55.137257,807.4776,133.9652
-62.64123,-431.51614,133.14294
-126.65906,-1272.4048,149.05504
-173.58957,-380.58792,141.1858
-302.64194,-218.88185,110.44333
143.9187,3174.8032,133.66718
45.72859,317.0555,132.41356
64.94688,-549.24255,145.34001
74.10079,-1650.2058,160.48189
-182.33809,-2381.1782,151.30875
-289.2731,-412.90836,116.06595
-232.66493,-1991.365,119.745224
94.48349,234.41612,143.52176
-266.3556,-2381.7476,133.65918
143.25261,992.4947,144.1466
-170.46068,-2225.7231,139.58794
-137.70853,1179.0732,137.01741
-176.53514,-414.7858,116.2567
141.15326,1988.9747,106.27742
-20.102392,-712.673,138.43042
-429.35437,-2133.4458,109.60742
-366.64536,-655.5021,112.81675
-231.70692,-1408.5151,134.443
-109.78077,-1192.8176,134.73563
118.20293,836.6404,148.52933
23.136438,1795.7385,129.85008
-185.06293,-447.2598,135.42503
95.0293,2140.977,121.5688
-151.27962,-113.37386,128.98407
-130.10637,950.8308,108.40103
-166.14815,-744.5526,142.23595
-208.70654,-647.2882,146.14027
439.02472,4916.626,122.53059
198.63495,1570.2919,101.76159
-194.62025,-1225.0667,130.11476
115.05058,2275.8442,125.86666
54.78177,-2110.9565,162.41472
-8.169164,2095.669,97.8131
-123.2529,-1260.355,144.02962
-272.84378,-1629.8755,126.05045
-109.908066,857.75494,125.60502
-76.08962,-179.62746,118.70189
-183.8881,-862.7455,124.18021
-109.039055,2663.339,105.30632
-146.93204,-3448.5608,149.03119
28.389275,3499.8179,114.40261
-209.5147,-1211.9563,113.247185
7.0278187,-1972.2354,154.61798
-8.965777,-2500.6067,150.21445
-18.86592,-1246.5981,137.48125
-85.08006,-428.99844,130.24239
-108.74533,635.86633,113.80455
-278.9376,-2678.3738,122.82898
-70.00996,468.29776,130.3689
-178.82617,591.44147,121.710266
-171.93684,-1513.4272,148.69789
36.644547,2121.4922,93.16936
-48.813084,1490.987,130.13115
-73.68122,-234.20656,134.69896
-288.67065,-3222.5227,135.23915
-380.63525,-2360.956,131.46677
-63.596508,90.16361,143.87198
-199.49205,-1906.9551,137.92601
-145.69473,-439.6094,157.60999
-335.95587,-2047.4387,134.96606
-33.34587,-1058.2081,147.2833
-30.050547,1625.1227,124.412384
-241.54045,-1410.4492,122.475624
-163.0055,-1249.7585,125.47943
-294.52084,-3254.661,119.39764
-273.65778,-2198.7778,143.63318
-90.29449,-1615.6501,153.10272
-194.38588,-1371.72,141.70164
-232.6323,-2452.4548,126.2029
185.97522,-718.6669,155.24689
200.14012,1979.4879,106.42895
-14.34117,-327.51297,128.90591
-165.13196,3208.3787,76.88974
-98.17614,618.3487,108.76209
-72.75287,-130.38118,160.85788
-24.439272,1919.5201,90.39063
17.490969,252.89977,137.32387
-103.63814,1600.529,117.75626
-279.54742,-2827.3618,127.87768
161.95595,2214.5576,133.5639
18.19177,1089.5869,134.26935
-123.5495,-7.9702983,109.50415
-132.95682,-1963.1406,146.55151
-274.15192,-1467.5276,136.31294
-337.97983,-1191.5771,118.7582
-169.88724,-459.88736,127.909515
-137.03957,-1222.384,141.2104
-276.2229,-5.3266826,114.48184
25.503181,381.80243,123.899925
38.0043,1607.1471,114.78265
-16.05509,162.14311,143.43849
-294.13568,-3646.6501,120.29333
-284.8403,-2723.9133,133.13809
24.37115,1057.6343,107.60447
-169.61845,-797.12256,144.9056
-96.27244,-294.89102,121.23949
-60.060535,-823.808,151.43059
29.920862,-245.10402,142.25465
182.19173,1842.9446,133.79442
-127.53226,-1264.71,145.8776
57.439663,1582.8895,144.14108
-195.1957,-1449.4397,101.532326
-176.39085,-1832.4971,141.24092
-157.06406,-689.09436,147.04498
1.5207129,-593.58154,125.12451
-213.4899,-578.0287,121.44215
-101.816025,340.2347,103.859406
-163.56325,-1437.5354,139.4653
60.180153,1460.8447,100.63551
-437.56958,-1674.7212,92.58952
-139.68181,-2367.357,155.82956
21.891926,-217.05019,149.08174
-145.32831,-876.1798,130.5731
-411.4489,-2079.978,113.67318
-152.35568,-1038.2517,153.25171
-332.61224,-3673.9402,147.3085
-10.507308,-661.3601,156.24226
-163.4126,-876.265,120.28136
113.975624,2295.5754,96.57188
18.658163,3087.4536,111.29256
-194.75473,-2749.524,139.12698
-206.48332,-3627.7556,136.08646
-72.48135,281.9868,117.57091
-228.07799,656.9209,94.502464
-166.67253,-1596.1604,146.59258
-204.67116,230.28471,112.135216
-210.10397,-808.57385,123.435745
-110.99997,-820.9386,123.236084
-138.64006,-683.6825,141.40236
-32.821346,231.97063,147.23163
-129.9044,-382.54178,122.64262
-335.83014,-2362.3328,116.6861
-93.99586,-1573.4788,150.10143
165.59996,2013.1974,109.963486
-243.9405,-2829.4368,140.36719
42.575676,1351.2358,140.44537
-328.4953,-758.5923,121.37954
-32.577374,1040.6497,127.368904
-180.13037,73.88065,114.757416
-69.15079,-394.04617,124.431015
-248.81654,-222.56483,121.805565
-358.89566,-1492.0293,107.14572
29.636524,115.80991,149.7281
128.80519,888.3637,125.09533
-188.00159,1552.1833,109.97742
-143.51682,552.4662,86.29654
-115.62973,-1289.8318,153.63206
63.46348,-475.20474,154.22493
-296.74075,-2035.513,121.05183
-244.94334,332.80484,120.7643
24.659319,1811.8958,144.0076
-322.51245,-4031.0193,135.4448
-93.11831,295.51273,122.72657
-166.77386,875.4763,112.94444
-82.10677,-349.8881,141.20288
-29.45083,1821.564,125.495056
-188.35048,-388.45828,117.998184
190.20555,-1319.706,146.7046
-253.40514,929.68915,91.06034
-13.185834,-95.86404,118.00507
167.08916,1627.8704,144.9912
-153.6686,-1279.4968,127.45083
-77.99274,368.12872,112.113914
-277.58597,-2046.2029,127.47371
-326.31375,-3303.158,122.532845
69.1963,1646.5302,134.61761
-26.968569,1497.1483,104.31886
-183.39601,-1909.5029,140.3453
-408.22302,-2941.7026,131.89241
-199.89099,2441.2007,70.73539
-93.107216,-1253.2163,148.89333
-221.90486,-1651.082,125.87336
-164.40999,252.94829,146.66805
-266.47537,-1076.5356,134.2695
6.620158,-797.7837,132.54118
-246.8975,-650.24194,118.42326
-181.68031,1270.061,105.575424
-155.80898,1443.3784,116.65459
1.6761713,-419.4075,122.83201
119.764626,1336.0023,140.65747
38.19678,1178.8475,139.3841
-420.78763,-107.76992,106.05799
-60.999783,2837.6345,92.681114
-111.596436,619.0916,110.98877
-156.76524,-875.1587,140.54884
-184.20598,450.69263,113.87799
-88.52419,408.0952,123.25661
152.15256,2291.9172,137.69905
114.65677,629.947,130.75732
-233.04623,-1942.8345,131.0943
36.38056,-1422.0017,157.74983
-285.9693,-1931.2117,112.76645
-2.541686,-93.487144,132.266
-115.476105,-63.409325,121.44113
-351.21088,-2270.875,142.75238
312.9799,2953.597,128.63667
-159.7655,-343.39676,141.55196
-76.67194,-597.2711,134.64317
-88.477615,-1067.0682,151.58302
-76.39302,-1130.1605,132.27689
-101.18094,1913.1139,95.046524
-169.2305,-1362.2642,131.7375
-372.02374,-1817.0444,115.5387
-85.60932,1529.7216,105.96993
-33.015285,-30.150475,149.87994
-252.47774,-964.516,137.5456
-211.72142,928.00464,113.16704
-64.30759,-98.15194,138.90604
83.85456,1614.2831,128.23642
-111.08274,1368.8151,117.122116
-169.14493,-558.6863,137.05737
-182.7385,-590.02405,141.7867
-168.63719,-976.2047,141.42065
-175.72885,-1595.6819,128.19572
265.5149,2323.307,115.182144
-178.34122,272.9241,113.11326
-40.00705,1809.3887,114.66133
-188.5725,656.2648,109.839424
-207.79156,-2099.689,141.55185
100.50823,630.07227,129.63306
6.9550695,-304.4706,157.70169
191.74681,-325.61404,152.9591
-195.4519,-714.0559,115.34913
55.620914,1501.857,126.183815
-274.57434,122.73081,128.34421
-286.12878,-821.2484,106.274284
-25.530767,692.08795,121.009705
-291.9886,-2001.2766,120.95179
1.1091652,-2495.294,167.22629
-106.17049,-558.92664,129.23026
-262.16367,-2352.263,153.7423
-179.80186,-2580.822,146.92735
-309.38342,-1880.0366,135.74973
-54.54887,-349.43777,145.2512
-202.55734,-1664.0537,159.86124
-232.29488,-1216.9414,127.405426
-399.75815,-3104.4492,127.0137
-291.49594,-613.7318,138.09483
40.012016,1284.4551,144.44829
283.2213,4465.6367,99.29841
142.06522,2530.6504,106.87271
-275.90875,-825.3357,119.52048
-223.66968,-817.5531,148.67844
-122.36531,678.7895,123.94652
-235.61615,-26.28286,106.5614
11.079701,35.35972,135.32677
-338.3989,-3074.2422,115.05784
-241.28258,-722.67175,117.43312
-172.18465,-2912.3477,140.6249
-39.683453,-966.13525,164.39806
-171.9434,-3048.54,156.0736
-158.80426,236.89732,127.39418
-194.71722,-714.9769,149.30096
-233.6506,-1337.1484,121.5314
-160.61842,-2199.107,141.89821
-69.36974,-1276.5725,143.49261
-369.02432,-1952.4155,145.59348
-91.345665,-1092.7648,131.2497
-111.8634,-1685.4749,157.35368
-242.3871,-1416.7131,136.13414
-305.0704,-1001.12317,108.17275
236.89825,6590.8286,62.848686
-25.57976,1758.629,121.891914
-122.487976,-2495.0881,147.42812
-233.90848,-2186.2888,142.20662
-166.99487,-1606.5581,139.57507
-80.61444,317.63205,122.040535
-5.2823,-2534.0417,161.47678
-291.3206,351.8724,104.58747
21.759815,2855.4888,115.47938
37.6459,2275.582,118.62024
40.18967,-421.01346,124.20247
122.2049,1646.8535,122.17487
-5.1079683,-2261.963,165.91086
-350.56192,-1545.1975,114.72718
-28.169916,-1209.6328,145.2217
-111.93019,428.59244,131.30469
135.47972,3587.8147,89.4273
-313.48355,131.17943,82.04308
12.792054,2990.7324,127.47834
-224.84746,-1781.0122,126.41546
-222.1388,-1461.0117,134.42921
-216.22528,-2184.5273,144.01936
-282.32626,-2300.8582,148.41295
-68.66705,2964.279,109.62078
-158.7485,-586.8269,146.63814
-200.06163,132.54668,129.23486
-199.3629,284.10196,126.81516
-207.1758,-1151.0782,137.38286
-323.6179,-674.9673,126.99814
-77.32686,1765.5286,119.29154
-273.58093,-73.9457,133.13629
-84.80458,-321.16434,141.53802
-412.35986,-1689.3423,104.78773
-376.88837,-3847.2551,129.01387
-186.77263,-845.2085,128.85101
14.735149,2466.321,122.33932
-65.2712,-1013.0288,144.72116
-183.76984,-372.3892,117.99257
-305.42496,-3028.56,143.00658
-192.89598,-1715.1584,126.85405
-300.86786,-2107.28,122.30682
233.75043,5122.8354,78.24597
-149.0587,260.56778,114.579506
-234.18135,-622.4226,136.7955
70.19363,1342.943,104.147865
-152.65567,-1795.1914,148.41829
-204.57983,-1445.6414,135.02826
-140.84879,-1177.0226,146.88821
-285.9862,-1822.8286,119.07508
-54.95679,-1212.2529,118.06375
-153.36462,-2217.6458,158.93103
-270.28366,-1562.6809,147.13367
-175.2314,-1290.7969,150.50655
-285.89633,-2541.2893,125.93483
53.5772,303.88815,136.1947
300.62973,2061.8416,135.4969
-11.588183,474.3552,122.99462
145.40318,1973.6827,130.82256
-115.576035,177.94719,110.21538
-81.94708,-284.08023,135.11456
-196.04733,-277.89407,125.54225
-298.82593,-2825.6614,122.395905
15.601317,354.04807,103.016205
117.56307,1017.7887,156.24336
-244.05272,-1946.1497,123.0111
38.319084,3131.931,106.783356
-27.12689,-522.3889,143.6051
-69.83185,-1372.5498,152.63771
9.5825815,1129.9232,132.16492
238.6361,2526.88,116.45585
-179.6265,1836.8372,121.31528
41.80951,522.18756,145.043
-399.58963,-116.28115,91.8851
-142.4853,-420.15274,127.03081
13.368629,1625.1128,105.45108
-261.43323,-935.38245,117.889946
15.809567,2201.6982,117.22228
-82.028206,723.6046,114.14182
77.90057,326.65457,140.50172
-154.92967,-458.06607,146.38446
-87.789116,-1523.021,154.22891
-155.46106,-2550.006,137.0245
-352.80615,-575.21204,107.51554
20.5836,-451.40848,149.15468
-305.14075,-176.31593,94.083954
-423.3039,-1421.3406,119.20775
-56.835323,510.307,146.08986
-193.54973,-669.7446,114.572105
-256.703,-1533.1196,126.11324
-57.10728,1352.2891,108.94515
-85.719826,1873.6614,101.7831
-94.14643,-382.50467,139.51378
-136.98941,-1434.773,133.06413
-121.91754,1485.6223,106.926094
18.686697,-1910.4282,167.81837
-278.47156,-590.27356,110.293434
-105.59572,-2428.0908,163.67705
-124.70625,22.562904,132.49936
81.77009,840.92596,142.78789
-117.344986,-1082.2222,145.23781
126.67621,-231.97365,157.86409
-97.27576,837.5628,139.44461
-319.6813,-491.66714,115.03167
-88.50732,583.1573,114.41011
-232.36201,-952.79333,125.35138
-200.93823,-115.82284,92.11315
-181.22557,-296.41214,132.90863
-41.224922,-494.31802,151.89633
80.212296,219.549,142.59901
217.66202,848.94214,151.8458
-184.89803,-1525.4294,129.44907
-98.34669,-930.71497,142.12254
213.34496,2099.259,126.447876
-244.57283,-860.3257,121.81599
78.836876,2448.8071,117.629845
-146.25258,1110.6914,98.410225
85.33785,2433.354,113.08201
17.008642,650.43066,138.8775
-3.3828115,-24.84713,141.99515
-23.720568,-856.5956,149.49008
-273.1927,-1793.7825,114.399254
30.274008,1452.5355,132.22409
-119.1422,-290.04324,140.46437
287.03128,4765.7925,83.576996
-69.41262,1504.3783,101.210976
32.43268,-1158.4303,149.78561
214.77124,-647.9779,149.97618
-101.10568,215.61937,128.9053
-287.75574,-2377.889,136.6053
-313.93524,-463.00406,126.21489
-276.3908,-1075.0928,110.5341
69.90633,1301.89,133.23727
-230.87123,-1530.6294,125.0091
-99.98683,443.409,136.87196
195.42525,3272.146,89.810555
-134.24007,-1940.5835,143.76392
-232.8195,-719.4308,136.43857
-64.83579,-1854.1643,142.65758
-91.579765,-713.5071,140.06967
-269.6518,-952.7208,117.25795
-253.8225,-224.14113,115.9184
-171.79088,157.06291,109.62668
-186.271,-2917.1082,154.80905
71.20929,-1068.3354,148.05785
-162.74745,-870.9392,128.42558
18.912504,1056.9258,111.61862
-42.229996,-221.49916,139.70067
131.32344,3669.4521,93.57139
-158.03592,73.66587,128.3703
-28.976347,-60.6166,133.71411
39.28626,2676.6624,112.82515
197.17038,2889.4858,111.63933
-438.82745,-1870.7292,113.05552
-67.43739,826.90295,105.127106
-69.58991,-712.3165,125.84046
-20.752436,763.0139,141.26576
-137.26678,-1719.7896,136.71791
-102.486374,-271.65067,152.59695
-115.24657,156.15538,124.53483
-83.87961,105.44358,124.90261
116.217094,755.9513,139.3321
166.20842,1222.0205,133.92268
-194.39917,329.27847,101.87214
12.200253,-162.97243,139.31117
64.62361,783.898,141.026
-228.62126,-1398.7788,137.00478
2.3336496,509.45398,110.11385
-35.302647,-828.1251,142.79666
-107.81477,-1060.8678,154.66794
-66.73409,-1450.926,141.3075
345.85406,1137.5558,130.60576
-63.47128,-1683.0664,161.28313
275.41165,1119.8304,142.44698
-216.07806,-2113.9531,143.43349
-37.992664,1887.5437,117.69728
-104.7903,-352.95877,145.85895
-234.79875,-2093.778,145.5467
1.274787,-2013.3757,156.95695
-128.78976,492.8801,152.04068
-44.58909,-217.45058,125.466125
144.87605,183.28185,156.77853
-303.54114,-1093.6823,124.34242
-32.055252,491.09586,136.32198
-239.72124,-1777.834,126.93219
34.1521,3920.5452,80.80405
-87.66719,1413.456,106.90836
-301.31293,-858.1355,135.46204
-344.92023,-3681.4304,137.58633
145.45801,3689.4995,121.096375
-99.895096,-615.3384,139.24722
-15.635205,3594.044,104.522316
-228.07066,-886.1588,125.66178
-67.49513,738.49347,111.51205
-341.32727,-3025.262,120.64614
-127.18831,-2077.929,156.43272
-56.19927,1030.4604,128.83803
-97.15462,-938.9894,153.68008
226.30138,2893.422,128.12117
-70.62533,882.6462,127.52684
-164.86581,-545.1996,144.10281
-236.88162,-3140.195,139.28397
-66.05463,99.51951,114.83327
113.982735,228.53288,133.72784
-272.4801,-243.63649,120.17217
53.37885,-195.5519,150.78276
-235.79692,-1048.7155,129.8559
-160.69237,-969.71045,121.63577
-138.26376,1008.2023,108.45467
198.59538,4840.0493,86.47972
-115.1228,-2093.909,142.3088
-109.28754,1895.4828,98.09936
220.46748,4238.241,106.43072
30.294418,1323.2524,120.172
313.6633,4703.1943,84.826645
-126.412094,-339.92764,135.19128
-262.72144,-2135.9414,142.7003
-91.73598,-2455.158,155.20459
81.9499,2033.145,103.86629
55.188713,2333.6733,132.54158
-51.491314,-1214.0371,153.87994
60.21829,971.24854,142.52309
-277.95013,-1899.9988,116.50255
-312.65964,-754.4308,123.4905
-29.206469,1042.7104,123.72809
44.957462,3108.8113,91.9881
-160.93002,-1039.9214,134.64879
-28.907267,-50.693382,148.31226
-257.11505,-834.20557,135.15862
-392.74606,-2287.8127,111.740135
38.550926,-1684.7083,133.0281
7.7300587,-241.06422,106.64121
-18.075994,1505.2186,140.3342
96.54754,2546.1074,122.06979
-38.86343,-158.4853,124.04527
9.861018,1236.2683,116.288086
-80.109276,-288.00174,137.68312
-204.99554,-2196.4478,140.91913
-196.13579,-541.38354,120.3869
-181.25217,-93.04189,117.445816
-228.11111,-1727.301,143.50554
50.80815,2436.5322,123.20867
-17.889902,-684.63965,163.80879
-356.39417,-2646.21,151.16176
-108.875145,907.12164,141.30495
27.389748,-955.8612,138.37305
-159.16006,-1931.2632,142.46877
-448.84927,-2874.4253,127.64204
-159.25447,-1266.3706,136.36427
-223.68747,-1671.051,146.20728
-182.05211,452.07733,108.33558
-290.2738,-1650.0879,117.19092
-362.694,375.20117,93.45536
170.68701,-546.0165,143.67593
125.5467,2070.191,102.7291
-113.503784,-2493.027,152.71605
73.96788,-888.896,136.47757
-325.06445,1115.7974,88.9825
-67.831696,-1585.605,146.03314
-221.36798,-5106.404,152.57832
-283.1398,-647.43384,117.856285
106.52794,-266.07364,168.96042
-191.48067,9.632729,128.99591
-50.241154,547.8606,130.86667
-358.7092,-1292.9927,111.760796
-22.559423,812.447,131.08571
23.208624,450.38,109.42837
285.06406,3861.7744,121.76211
136.49341,305.6581,159.66191
-181.76772,-730.7717,123.14292
-262.73724,-1473.2175,110.50447
99.27833,2245.622,152.01683
-135.11937,215.86125,133.66359
-210.09395,-2517.6736,146.7208
109.64178,1881.9366,128.02994
-144.6516,-1567.5625,140.78366
-46.79587,-727.04126,145.79861
-225.124,-2819.207,150.03514
-318.9533,-2071.4463,134.15514
-346.95776,-1023.37195,117.77306
260.57147,1300.1958,143.76202
-163.17003,63.845924,105.93539
-61.806858,-1296.644,139.67387
-333.60367,-1282.7617,125.75668
-38.79848,-1456.2913,147.24304
-20.30882,1373.2721,114.32367
-243.83943,-1887.355,125.58333
-101.610664,-943.156,162.47289
-191.28513,-906.11316,115.85017
91.28122,-437.71,149.0935
-227.61598,-897.7406,130.69722
-79.47577,-160.14113,133.12299
-299.47174,-3753.8093,144.52089
-108.7965,-806.3562,133.41975
-221.27065,-668.3013,114.35185
-207.91988,-720.47,123.47582
-49.252895,1063.2616,121.54633
-300.57172,-915.51746,109.74381
28.019354,-610.03015,169.10278
-295.98083,-2079.2178,136.17522
-209.69582,-2715.571,138.9671
183.44116,2621.7634,95.77408
219.93013,1730.5419,125.66365
145.41841,1043.4161,140.2878
85.6992,3390.1433,92.79853
-50.115124,-1379.4895,149.99419
-186.38759,-2022.9741,132.39989
-200.35954,-1731.6077,140.27855
402.78323,6369.21,84.91024
28.05923,270.52615,127.14427
-52.140575,-103.52273,126.28491
57.778046,1297.6143,128.19673
200.82242,4131.912,88.935234
-386.83572,-180.00307,94.251625
114.43446,1693.8972,136.1256
3.377304,-1066.2489,133.14085
-326.78455,-2953.9492,125.583046
-169.76978,-107.41921,114.56985
-158.59242,-494.64395,146.82063
-36.006435,1918.1362,91.166435
-196.12285,-1182.307,140.92256
-201.44858,420.57,109.202965
-62.43304,869.98456,109.28766
-206.49838,-1293.1001,144.5714
-354.2373,-3847.4407,138.26549
-289.878,-1980.896,122.54912
284.98526,-1060.7769,159.09843
-284.91205,-877.5775,132.952
-35.479107,1496.4309,121.09154
-347.54422,-1876.065,121.472885
-213.57964,-2530.624,137.20993
-270.57446,-1421.0635,119.06968
-39.015324,-1459.3792,159.05667
-37.878498,233.08623,140.01883
-128.96341,-861.8716,147.25037
-109.42532,1571.3915,136.57118
154.68657,475.2648,160.34944
-327.46204,-1654.6453,130.09875
84.01034,1417.3812,99.897224
2.1612635,-1462.7,145.06006
-57.982998,-1364.898,146.3274
1.1066217,2601.38,122.69403
-98.235405,124.286415,140.0343
182.22034,408.9563,140.08586
-153.84709,1097.5941,102.49169
-34.031887,1102.9241,122.92691
179.0282,2153.8826,116.06574
10.023273,-876.4407,147.96732
-164.88802,-2095.1545,163.3891
-217.15681,-1481.093,130.7688
-35.54265,1679.7107,105.74324
-294.40216,-1632.8623,134.7596
7.9888067,-741.681,127.21062
-172.3755,-2145.122,158.47404
-52.681873,933.72406,123.737755
-107.15842,-2768.2026,174.62506
-144.7897,777.48376,110.93351
-169.32127,-504.66678,105.504456
-265.6326,-1399.811,134.71927
-246.5644,-2140.7751,134.57204
-83.49468,-2067.6257,141.66037
-184.9502,-737.2206,135.02853
-42.831005,-1963.9893,158.7307
65.31964,55.79319,130.79741
-1.0067377,2204.385,119.29155
-118.813,786.05493,124.28071
-133.40338,1228.4016,114.84958
173.26845,1940.9817,124.440155
199.78827,-340.18655,166.9086
107.90895,497.8583,157.79945
-126.69798,-1439.925,148.08443
-134.04309,-1767.7568,134.02504
-220.08136,-734.7356,122.57999
-242.0172,-1841.7705,145.79982
-251.78899,-2514.5188,141.81628
9.769957,-19.164513,142.15999
-142.26753,-1738.0884,145.24327
-82.80173,1280.634,106.77011
186.41904,4433.651,92.88429
-47.405148,2779.1313,103.98264
-235.45323,-1343.8259,138.87115
-160.7644,-97.02035,111.27969
-234.29297,-1637.883,126.74236
-162.60368,281.5029,101.2285
-151.36855,-9.089012,141.43623
-109.980644,-1764.3503,170.99203
54.894604,2523.9312,130.3987
-117.80444,889.62915,104.26149
-325.77905,-22.142418,112.897705
-70.53196,828.6301,109.12517
-37.516644,1417.8441,127.94189
96.017395,1955.8213,121.91171
199.82854,4464.5366,100.83798
171.29303,3163.529,127.81316
-145.54753,54.91819,119.76829
102.960846,2785.962,106.84987
33.91724,-805.2927,134.7729
5.0630713,460.19568,130.69312
-302.05322,-1361.8518,119.63321
84.07651,-679.4408,147.4143
-129.7312,-1177.9739,131.05595
-117.687836,-932.4048,152.698
-194.11461,-2297.3442,161.89597
-78.20307,-46.685997,141.46234
-128.9109,384.3317,130.7926
-57.199787,-1338.1174,146.97197
29.646732,-179.2339,160.5588
-208.1302,-1442.7749,123.9799
-268.95444,-318.10574,103.262024
324.43866,1454.1757,147.99286
-67.72914,496.558,102.5057
-37.042473,1386.8491,130.93121
-337.7109,-1099.5898,104.50486
-363.29208,422.75903,99.23502
-13.95695,1667.9004,118.23868
-29.31294,-151.96773,135.61247
-72.86857,-599.00635,140.79865
-162.5496,977.667,109.11084
18.557299,1012.19324,144.98883
181.33475,3182.047,137.20123
-164.57127,-127.39419,146.26013
-49.312008,-2696.459,156.74286
-123.977005,-825.38403,138.93886
-18.921816,-243.64638,149.58385
-13.920375,-1718.4373,166.4928
-188.81923,-849.5864,135.98601
129.31905,1839.7819,139.16154
-62.04462,-1784.6038,140.31337
20.90255,-743.42554,153.42514
-173.86505,-570.56177,106.921745
56.437405,-257.08755,138.89122
166.16338,3580.5596,111.09572
96.103355,1649.4265,114.822914
-147.74081,-1384.0107,146.4502
-39.57027,905.1106,123.064835
67.8936,-2101.7703,156.87978
-324.97467,-849.78613,109.72658
-103.39333,-983.6338,148.63396
96.50629,-142.21169,149.87355
-31.121405,-144.70967,127.98106
121.6576,1530.5634,139.33919
84.53175,2908.3762,128.11082
59.95689,-864.79956,140.7622
-58.49542,-1234.3486,131.9536
-457.896,-2131.149,117.8407
-144.457,-26.781761,126.71916
-109.283646,560.547,112.68486
-135.47232,-1691.0779,145.80301
-39.05891,2792.447,85.39404
-35.983765,1031.041,146.96286
50.151962,3037.4395,114.86887
-282.44843,-1452.5208,123.50099
-81.81544,2456.47,108.79967
-96.14792,-827.30334,145.77284
232.95702,1435.9094,116.71998
-22.818869,-869.8086,140.41188
167.04926,2033.999,137.13776
-80.336006,30.58567,140.46602
147.56322,557.0353,148.97322
15.092337,456.13565,125.47998
-39.670723,880.97943,127.57615
-305.99106,359.6764,114.952415
-2.0267725,34.458107,121.65347
-241.98146,-964.82886,129.71498
440.9439,5391.619,103.312706
-248.54036,-39.86001,126.971275
-333.69388,-1768.2793,125.461815
-412.2576,-1343.5513,108.39216
94.224335,4897.571,95.47981
-259.0349,-1520.8167,112.70283
69.87452,-2312.6843,151.76248
-165.37311,-323.12393,113.3948
127.75837,416.1207,147.82997
91.73953,1553.2821,126.58489
-95.871826,759.8276,135.65866
-206.32863,-1557.3958,136.01921
-128.52362,-165.26845,143.05356
154.69388,3092.6975,102.9765
-223.91919,-885.271,131.00848
154.31015,1572.6569,144.4206
107.38107,1837.3707,136.61089
-103.648125,-525.08215,145.92538
-194.56352,-1022.1897,136.96088
18.257479,195.37743,140.58351
-42.57762,75.32975,114.95103
-360.69727,-3470.633,130.99045
-171.10088,-1282.6482,132.12701
-229.0841,453.40326,96.005455
137.4942,3010.0044,129.4058
53.584164,-309.30826,157.78738
-223.68394,-1761.2097,127.064384
-139.2656,-357.28568,121.71544
-306.86658,-115.73275,125.04426
20.137701,1855.17,129.25832
-151.15825,65.923195,102.50792
120.40856,611.9706,138.03726
-92.302414,62.768654,154.19958
-108.68343,-1292.96,138.67213
-217.02586,230.33391,107.44316
-50.138454,205.38994,150.47484
-310.78384,-3049.1912,136.3115
-319.16257,-1303.7847,131.47374
-152.77005,-2289.5737,120.64308
-11.634217,-263.8809,133.40161
-7.6512003,-1656.9619,154.49979
-111.72403,-995.09485,141.61827
-89.23615,-104.59322,145.2916
-197.67851,-864.7577,129.1394
-392.32306,-657.1874,121.2276
34.509155,2138.7722,102.82606
-111.62013,229.64708,110.9128
-243.97237,-1575.9495,139.1287
-64.58164,617.78906,136.98372
70.61184,1099.3468,135.17192
169.03711,2070.4917,103.42059
-155.28764,1253.7809,118.442726
-162.05713,-441.88065,128.01886
43.972637,55.466652,142.46123
-135.33807,-2686.3086,137.25171
-399.05005,-2184.5593,117.874664
-135.26907,-196.24294,137.9777
-170.4775,-718.17554,135.84315
268.26437,1588.235,122.90387
-287.431,-1578.5535,134.11728
-93.82323,-327.33438,149.11278
-56.012478,1249.871,138.26833
-20.72021,-1661.404,158.43977
-237.41809,-1556.5,141.43762
-306.99164,-261.2509,110.65971
74.9075,2171.0435,108.51722
9.129117,774.71045,139.1525
-158.88013,488.7625,130.877
-40.73494,579.27466,139.29405
97.16685,404.12524,146.25949
-132.99155,-1682.1494,134.53496
128.1692,1677.5297,107.06401
227.4496,3340.3396,103.020874
-384.9149,-2813.144,111.05362
-188.59976,-323.86844,119.10483
70.07148,146.9279,131.85596
-271.56595,-1095.7532,107.41375
-224.9707,-959.849,124.91556
-133.78818,-1178.7373,147.11192
-235.83008,-1002.48694,130.2625
-196.88019,-1978.4148,144.14615
-190.19981,471.859,113.39127
-328.412,-1999.802,131.6477
8.392992,-634.64453,136.63249
81.51578,1354.679,131.85594
129.6641,1150.9418,136.93431
-144.05426,-1366.5613,140.54025
-92.936035,-1390.2461,159.28705
161.39452,3224.4875,126.12495
85.41308,1966.8307,105.53673
-24.614565,510.53424,133.5246
-217.51085,-1447.8284,118.76375
15.802249,803.5374,134.077
-123.51883,539.91455,123.90138
-206.40263,-1852.1633,139.357
-91.12003,-522.7556,141.0045
70.8082,628.0226,134.23468
-212.75916,-1836.2878,137.28975
73.85058,-1187.9153,168.33209
-498.6799,-2119.147,115.24203
86.48275,-267.142,159.49243
-111.499466,-2393.2297,145.36873
5.6199226,1173.8582,126.37432
-136.63242,-105.664696,126.63109
-211.12085,-1548.1812,128.81378
-238.02026,-1490.7786,129.55975
179.30547,3322.726,103.95971
-106.83362,-189.63503,116.23739
-209.18599,936.4966,110.64033
-20.03256,1351.0961,123.46664
-79.867165,262.2009,114.895
-272.40958,-127.36446,120.63319
230.92236,3468.0308,132.2092
-200.16463,-1098.8134,139.81085
-202.16614,-747.45984,124.571465
-105.71074,2119.5986,103.476654
71.63861,4286.748,98.21796
99.16045,-621.1089,140.32973
-265.38278,-3258.9475,152.22737
-31.44557,1993.4291,101.333694
42.74841,761.16077,126.12234
-33.56052,594.2565,119.676476
-387.39172,-1810.1755,114.9556
-144.11069,-141.79054,129.8837
-247.5785,-1009.7916,143.60292
-111.68027,-1145.4861,123.21114
178.25133,1694.9818,150.20915
-284.41373,-1420.8728,113.55629
-12.605733,2110.7383,121.032684
-45.12188,-503.07303,157.55003
-423.3243,-2672.8125,117.145164
-297.72717,-1875.2051,135.7649
157.51411,4897.9453,71.37992
-76.79047,2410.2,92.90886
196.82797,3871.978,121.736305
-97.48206,-402.76614,136.19371
-348.79044,-1450.7817,109.532074
-75.27278,387.08646,149.16151
-229.0618,-1601.627,132.71133
5.881915,681.0776,126.177574
-77.89236,532.9963,126.2143
-218.05235,-213.76588,128.83046
-130.27911,1553.4941,119.37071
60.03509,-783.3341,134.95538
75.59899,1992.0042,91.59368
-176.44937,149.81944,132.65266
56.042347,457.50168,141.11673
-127.17226,49.00535,116.16955
-431.96664,-2838.5527,119.163246
113.5199,2085.772,116.3268
-185.90274,-845.8916,138.30676
7.2236357,532.72345,134.52933
-237.38005,-1255.9062,146.1664
-113.3416,719.6195,124.39478
53.658337,3040.0774,99.62629
132.25656,1569.8127,127.67636
-333.20837,-1192.845,118.0372
-20.67113,582.9164,134.85777
-122.84483,-1572.6729,150.1019
185.53726,2941.522,99.171555
56.926975,34.038612,125.97892
59.820335,703.7116,146.63121
8.096178,343.121,141.21695
-44.75498,-235.38942,140.16586
77.09002,927.9328,117.85837
174.8977,2563.8992,127.145226
-202.99823,-146.63326,101.3391
-219.53113,-2163.0596,135.25584
-116.06613,-374.1403,105.70548
-171.50455,-2176.4834,147.50893
-242.84953,-1503.8254,109.736015
-96.15033,-985.86414,138.84927
-262.44128,504.7421,96.115425
-35.151894,-657.2058,144.10713
224.47298,666.2966,151.24074
-181.20625,-2241.7954,133.48445
-72.12473,-288.2206,133.1136
1.0346241,2463.508,103.345375
138.15955,1250.1481,144.72954
-201.87367,-686.8937,125.12179
-216.4384,-140.58327,106.313835
-233.58772,419.71158,110.10731
-96.46837,664.4913,128.69753
-76.31488,-609.35364,137.28813
61.238197,39.429787,134.38078
-12.356868,2057.0571,100.39304
-192.9335,-1819.3892,136.73328
-6.4753866,1609.4207,116.36943
-264.27435,-755.7374,106.08313
118.895676,2059.1716,89.4035
-48.366398,-663.26843,146.06125
-373.8899,-1972.0352,126.785645
-204.14441,-688.7842,121.71823
-278.43823,-884.94104,139.78378
-126.18111,302.79025,101.66561
0.3743219,1167.9022,133.73769
77.70623,1931.6737,123.5882
-298.31168,-595.4562,119.19155
-27.365969,1694.003,128.23584
270.5892,5565.421,84.54362
-185.16878,-954.6824,118.34987
-264.94412,-1507.1755,111.80517
-77.07182,-1095.0332,153.74692
-326.80707,-902.7322,115.48933
-80.20057,-2132.617,136.38956
-301.88477,-2299.1072,135.62228
-15.764565,66.532936,107.19781
-250.045,-660.07983,105.06377
-118.099915,-2796.376,152.23383
-24.490255,2402.412,100.410706
-340.31857,20.818886,103.011375
192.14992,895.13654,141.23296
-263.54227,-515.13464,120.591354
-227.08328,-2001.1858,136.02312
-230.91518,0.09281194,106.15515
-259.62103,-896.25305,108.84985
-63.56316,421.26532,146.76015
-113.27687,1148.5066,104.772606
-230.01654,-1140.2911,129.6087
-73.89927,2396.662,105.2118
-1.070735,-885.4728,153.52998
-351.94696,-1597.3313,124.366234
15.785764,1104.8846,129.80634
-7.972087,-52.619957,124.99219
-418.36755,-2760.0847,116.87009
-225.84119,-1956.9426,130.51938
-146.34799,250.23906,151.16138
-84.884766,1210.6082,109.59416
-105.51568,-711.9026,152.35478
73.77439,-1895.0679,163.91306
43.97391,2623.458,98.22446
-242.38683,-2505.408,124.550804
-286.60635,420.6665,111.17227
-128.77367,435.6199,116.92709
-87.38025,-103.68258,126.59341
-69.80426,-2929.313,157.14903
-186.02518,-2092.053,132.9325
17.072884,1834.4009,119.26623
-82.959724,-277.51102,156.0294
-377.0686,-3506.056,126.7619
-77.15839,250.49547,128.51152
-76.82258,185.06963,149.08138
-348.34375,-1063.5562,114.89055
-53.551617,-1289.3469,137.5239
-173.00906,813.9816,126.914154
-313.9664,-3173.2854,137.13423
-113.91823,699.21014,122.39799
-203.70474,-1221.4448,135.93748
-399.22778,-2776.4263,121.38624
-192.92552,-2934.2305,141.57196
-41.849644,2232.7954,113.88778
-109.43831,3126.971,62.816032
149.6013,1417.4629,140.0796
-12.265985,173.56505,136.86336
234.51112,2598.5098,133.4308
-161.48776,-385.78128,131.31212
-144.91992,2107.9385,118.19655
-103.21876,-1186.5641,138.27481
-180.7576,1354.0485,98.56743
48.116695,836.54456,133.16646
-70.83348,69.39536,152.4817
-144.45834,-1856.3013,147.30421
-16.161211,879.4056,117.91944
-97.29832,-891.6582,129.99577
31.688824,1431.1404,122.61932
-107.4286,-1107.7812,154.06035
-78.75018,194.52043,122.3381
-269.71448,-3258.714,162.62358
-225.88708,-1339.2139,128.96129
116.68899,994.6455,146.23846
-181.45021,-2299.1443,136.64548
-313.26694,-1164.0054,106.90641
-137.67064,95.926796,136.19371
-387.0132,-1838.0283,127.16422
-476.94064,-1326.1155,102.52283
-532.8257,-3711.698,112.43563
189.45064,4788.848,95.09498
122.190765,854.54126,128.16939
-39.313587,58.28483,151.0882
-144.76245,690.4077,124.492004
-117.467545,-2411.3806,155.56432
-37.381245,-1222.7246,137.34726
-300.1036,-2565.376,122.52692
-90.047844,-231.88063,128.4652
-190.94382,194.04875,108.31551
-111.974686,-778.6273,135.02103
23.50437,467.71567,151.51808
-209.75128,-707.6366,127.2487
128.33482,1644.8396,145.72331
7.800908,-1141.3318,127.866714
-108.916885,1602.7198,124.43528
-142.71967,-514.9347,119.10525
-203.54367,-2252.4373,124.674
-118.58606,-1918.6357,153.975
-79.87263,1516.1226,95.53256
438.5145,4171.485,114.63988
-243.50206,-383.91666,107.213524
-36.42981,1032.2153,114.707054
-203.83206,-137.33022,125.08945
-46.605736,-839.21875,157.77554
130.90062,690.4565,135.37357
-227.7662,62.125526,103.452095
40.068443,1796.6305,117.645
-171.80139,73.143715,132.3153
-169.16658,-884.0665,144.0549
-98.68839,1259.4979,127.26471
-203.77962,-1479.7986,134.48373
215.44154,2468.6287,87.232544
-36.848846,1126.7125,124.762115
-315.93262,-1295.543,104.07466
145.0086,2873.8728,116.73502
35.576298,762.3766,128.784
-101.05206,1152.49,131.39053
40.37563,2926.9421,91.31679
-7.9890184,-656.9369,154.57234
-97.28984,1131.9186,128.30164
-440.06158,-2536.662,114.427536
-155.96477,629.05817,110.97605
-163.18497,-72.892296,114.985794
-78.979996,-1830.8767,152.54686
-209.29231,-991.4092,125.22507
-57.529514,-254.03896,128.01102
-138.63579,745.8721,111.34484
77.82916,-226.49025,157.4665
86.967834,-2467.9302,153.04884
19.05095,-1228.6646,152.29791
70.55009,3909.7446,118.21083
-249.38258,-1141.378,140.26872
-300.32318,473.95126,100.06262
69.95007,2567.7747,143.45486
-35.752163,47.78617,130.24925
-29.514578,-263.87234,133.83452
-224.60869,-2282.9324,129.03587
-234.11955,-692.2849,128.77911
-391.33466,-2249.0288,128.5594
-271.28815,-2912.3884,138.28778
27.152067,1297.0533,134.43951
103.90638,-102.90719,138.41064
-401.47275,-2352.4285,130.96524
112.08157,629.34357,108.1485
-317.86926,-594.5841,97.88636
-64.16973,1112.9376,123.86205
-23.437017,727.8748,131.88838
-91.26108,-1991.3076,167.75237
-43.32466,59.887,138.34612
10.907797,983.43695,130.19522
134.01721,1938.2982,119.39638
-126.50922,-1467.8391,145.39453
176.51001,-792.08704,152.19238
-243.4506,-2653.119,136.64479
-8.129527,1757.7153,100.18526
3.6962032,-1425.6052,127.73261
-58.082752,851.12305,145.40526
-392.96454,-3894.0393,135.12347
-140.81247,1309.2112,77.90947
-399.62598,-761.5189,105.26111
64.069786,2116.2124,118.32075
-7.4758425,2184.5828,139.30096
-26.565401,1277.5895,125.93306
-299.30997,-3855.513,129.27823
-31.560816,-530.5248,154.33653
13.982783,677.22736,127.57706
31.39773,1674.8401,132.7276
-8.179994,2659.3367,116.027885
-367.70752,-2359.858,119.03389
-129.59097,1807.297,111.41834
-164.42784,-903.11,130.07661
-114.03639,-666.57227,125.81439
-2.7760458,188.25883,140.27231
-270.0728,-1483.2075,136.89111
-54.934605,918.27734,120.88842
-151.93471,216.57457,120.61442
36.16269,199.99315,140.91212
-150.50075,-1086.1975,137.09439
-216.68881,-757.49854,127.658844
-168.20708,-1057.7115,140.52242
-235.53368,-2785.5762,151.54344
-109.646034,-1783.4915,121.65476
-92.56182,1855.6925,78.683426
-186.61209,-382.55447,108.30643
89.410576,-358.70132,164.61896
-123.48056,-954.94653,128.54855
-264.23138,-2899.6968,129.2617
-149.94662,-63.65078,123.65454
-24.902853,-229.77223,148.84436
-167.11653,-1070.2604,153.35951
69.07617,1177.3994,129.84833
15.819166,398.13864,147.91316
-56.455944,-829.0835,134.78137
8.994172,438.92862,134.17097
-5.530776,955.1802,147.68333
22.23153,-962.45386,152.04916
-367.4241,-1638.8955,117.57989
-157.781,234.19475,131.67468
-203.51932,76.70182,113.14815
216.41246,2682.3994,119.471535
-206.5175,519.4571,128.85101
-343.68903,-2392.1487,120.32359
-293.23578,-2395.95,137.72382
-367.42792,-3052.4414,153.87512
-380.14597,-2133.3445,132.79337
-229.1125,-1031.484,134.48964
-295.98013,-562.8502,93.15687
-276.7516,440.7648,91.66839
-169.55754,-1055.8909,143.5015
-195.40295,-1911.0981,127.902435
-293.3107,-2711.8386,133.99615
-87.34201,-668.15186,125.32999
96.16982,1185.8954,138.43448
-117.10863,49.860878,133.98532
-188.64749,-421.33902,130.36647
198.51677,1969.4967,120.34837
-136.59624,-528.93005,140.52063
267.73865,1219.3727,153.05786
-117.56244,1738.4215,101.68796
-148.99583,-486.00174,113.71357
-62.438038,-198.20949,126.826355
-266.4609,-3567.0847,147.76791
-117.21419,-1250.5923,154.8545
-50.185932,-1089.499,160.71016
-112.682846,1542.5835,120.55806
-227.87337,-3283.8162,151.72823
-153.08029,-2789.2568,143.31102
-9.165042,55.34623,136.49634
-66.81897,-613.6135,160.76009
-152.54123,-778.786,137.22621
-147.37982,203.48723,120.17062
-134.08817,-53.927025,120.74693
-274.01224,-263.62344,119.05029
52.154648,1509.3083,131.52853
-131.52155,-1469.1074,125.43279
-278.21295,-1172.6719,116.28815
-86.48075,-1192.3306,162.6492
-148.28543,613.1165,117.55856
-54.75295,77.55503,109.85558
33.146465,703.89453,140.41757
-134.77602,315.79007,128.03088
-64.27661,1677.817,94.427025
176.59404,1951.9495,128.79306
-266.20706,-793.0133,104.34897
-37.76589,-754.00635,148.0947
-482.68958,-246.16469,95.37092
-223.2919,-2257.4724,138.9789
-4.2892694,843.4406,139.25352
-106.0282,1475.83,127.25184
-42.87831,1117.7372,140.40088
-451.9869,-2859.1892,110.39309
252.72263,939.79254,123.55549
-88.65074,-1366.1069,152.86783
-139.33972,-317.96463,124.65016
-447.03912,-2970.7273,136.60101
-178.17722,-1278.4907,113.39258
-104.486725,308.7863,109.61782
24.151329,-667.249,127.523285
-186.8854,-1575.9441,144.3096
-71.04351,-1437.0701,146.29463
81.59817,-2499.9653,180.55191
-62.959797,-2021.492,144.23079
146.81491,-836.8778,154.71277
-113.07852,-728.2201,159.78801
-73.17671,1101.2102,108.10918
-316.28412,-328.37283,131.04247
-245.79408,-1445.228,127.27468
36.60047,-452.80667,152.03429
78.64094,1910.7556,108.274216
-202.93945,-216.07057,128.50769
-92.87496,126.298195,115.00007
99.44018,3383.222,117.45497
-87.10704,-3142.134,150.083
-62.776363,-479.2759,139.62318
-251.98482,-431.939,110.69224
-37.24993,832.80975,151.71307
-41.01483,690.39575,135.951
-22.309214,289.75125,133.58432
-114.36586,-1222.5364,157.41743
-108.47284,1539.4708,116.822174
-203.3675,-2222.7324,138.50731
-116.137665,-2775.2544,157.27036
2.0050125,1099.5039,125.35057
-99.09085,810.6303,101.42759
-250.89473,-740.58765,124.5063
-200.7514,642.1046,130.52834
105.271454,-1541.1248,136.14354
-18.156462,2860.0771,106.39043
-15.966409,-133.60658,128.04933
-83.90393,-1648.8242,108.613815
-139.33478,-2014.971,138.17146
12.809354,-1194.8127,161.1474
52.34144,2804.574,108.2306
-281.37994,-1474.8972,129.19371
48.321068,-1906.6033,161.26141
-78.83842,666.57025,125.65501
23.131851,1865.0264,108.46868
-338.84464,-2956.6245,124.71729
-67.66001,-1741.2288,157.56514
68.40932,1092.0204,137.7632
17.907322,763.4909,123.696396
153.68326,988.9601,149.74527
-305.38705,-858.10754,114.00307
74.41459,-218.72096,167.00056
-222.43413,-444.1116,120.21622
-327.88504,-2260.5652,135.93642
-45.225315,521.7148,122.87824
-34.11489,1206.5828,128.76433
-134.77336,-479.66226,155.03084
-53.884136,869.2046,118.88542
31.914791,-1568.1589,157.06273
-224.15533,-891.173,112.51191
20.778465,4688.9834,78.5561
-150.01717,-1075.507,147.67905
-482.1233,-3437.2605,130.78671
21.021572,961.1668,125.282005
-78.084816,-114.28091,158.70882
-327.29355,-2865.8208,127.876114
-53.674847,-80.03536,151.00992
-256.29303,-3318.715,148.0425
170.44424,520.91833,148.1657
-201.56581,-2972.213,149.18535
264.58795,5353.0684,96.5524
92.85738,892.8393,132.68921
-291.62488,-904.9603,124.4775
-274.83752,-1215.5879,127.63374
-99.84116,95.344826,140.11671
-99.89642,-276.47903,141.12463
-95.14026,-1094.6722,133.85065
235.3759,1726.7856,134.71446
116.08817,996.86127,118.708084
-202.49033,-2942.5317,150.5616
-85.619354,764.26886,101.1715
-262.5503,-3226.1174,140.80756
-121.68764,-1787.617,127.555916
-27.85232,534.1067,123.9919
83.59037,1796.845,124.38408
44.57235,980.6417,142.20416
110.062805,688.53906,132.53065
58.722443,1370.7476,146.49588
-94.408775,1030.2952,90.074684
-66.63701,2369.457,132.0124
-383.35312,-1026.9843,107.76614
-62.29867,711.5836,126.0618
-227.01308,-2128.7625,127.18532
-86.23445,593.486,120.18623
-200.02052,-407.30984,133.32333
-141.94029,-445.23282,133.85808
-229.97511,-1050.633,121.668304
-379.07034,-2557.1035,129.85179
-70.38355,1576.0345,112.34516
34.419903,2717.5742,93.56456
-220.38771,-1451.6421,122.77171
-122.49454,2382.6897,101.2547
-403.51926,-3299.2732,151.44899
294.5139,2149.004,123.03784
9.7335415,1554.2378,117.573746
-37.20059,267.96127,143.3167
-78.83432,-585.754,140.33607
211.75497,621.1673,135.91228
81.682045,3396.3206,85.62442
-158.71078,-1842.0098,149.83875
-230.13802,-974.0493,132.90404
-46.18761,1118.9004,118.45013
-151.83661,-411.64322,121.00093
-19.349508,-449.73233,153.46645
-220.6713,-2530.654,140.46432
143.16385,3331.257,99.090034
-146.62245,-2155.6504,158.86494
-73.08523,-872.98315,138.59026
12.533732,-587.1958,137.98949
-253.57649,-1136.7069,132.2788
-168.87262,-1760.0764,130.79248
-116.94455,-662.3933,145.99281
-35.27755,1140.5197,136.26762
-0.8796568,-1152.1672,147.47536
-150.49841,-1803.6084,141.37756
70.835396,2961.4053,93.60287
-228.45439,-1082.7069,144.51398
-143.1905,213.583,118.82335
-122.71889,-1900.0156,139.02522
-204.52206,422.6601,131.98758
-274.61963,-658.71533,138.66833
-65.13521,442.56183,141.58675
10.344572,184.07744,145.2248
223.06456,3071.6177,137.14648
-92.61611,253.44267,131.87051
-228.07343,1109.4429,113.55393
-53.604595,1065.1066,115.09595
-159.56467,-476.4373,121.836845
-172.30936,273.61215,108.0102
-60.02065,1090.1918,120.32829
-94.8965,-434.3893,145.01442
-15.886075,-469.26846,150.51941
-89.97752,-584.84485,123.90615
94.8066,1764.5745,142.0274
-161.61116,932.9525,120.436485
138.85013,4161.4883,109.1376
-220.2588,-666.344,125.008705
12.798615,102.870155,148.25667
192.4826,3488.454,133.17268
58.392994,429.33865,144.24057
97.81221,664.3838,137.38512
-382.55814,-2214.0542,112.521614
163.99675,2119.3203,128.99454
-72.36076,-4.6339946,141.4004
236.0282,3340.9048,76.892426
-362.7194,-2733.5261,144.47678
69.63435,3075.657,136.55548
-168.8947,-848.18054,134.04378
-324.9723,-679.2117,110.77434
-310.5012,-907.05505,112.470764
-53.735516,-203.6415,157.95699
-48.396122,491.55847,146.86714
-150.08769,-1650.0061,136.86258
-257.52798,-716.8612,120.663506
-146.75313,-1080.8394,136.3007
56.355743,-263.03665,120.647545
-81.2745,1044.2314,127.19803
-31.426565,74.41898,144.01686
-308.05133,-3056.006,131.96483
-70.8302,44.82261,130.0028
-242.89403,31.138588,103.52999
-108.66383,-1050.6444,130.3563
-56.028606,-1710.4895,152.6111
-30.528227,-935.646,128.81123
-145.78952,7.8296285,124.05684
-163.59508,-835.4541,135.95956
-208.36017,-647.156,137.78728
-315.20004,-71.334496,118.174126
-52.599415,-1662.2512,157.9225
4.7850895,1950.1309,118.33561
-333.4111,-1811.4324,125.576256
26.377266,426.06805,120.47094
100.358894,150.20781,167.50822
-248.75874,-1698.773,135.3306
-37.593468,-219.91542,132.05067
67.588356,1368.9386,131.8559
-206.25221,-780.854,128.22797
-93.34746,724.9074,134.69125
24.708527,801.1617,138.20537
-56.343243,926.12384,124.86726
8.136039,-708.9552,135.43193
-212.61942,-891.1703,131.95341
-92.1816,-588.8595,135.11969
-100.44399,-2035.0193,135.46976
1.6029797,958.5481,103.4411
-244.3477,-1045.4136,118.92951
-419.8624,-2166.437,128.60468
-229.7209,-997.5012,130.40164
49.248035,2834.6238,91.81056
-349.82364,-1596.3772,123.43287
67.9398,3172.665,98.524315
-163.10355,769.45447,106.91909
-4.531766,-254.97926,122.385895
-185.01613,-501.04214,132.56166
237.85439,2240.5466,121.54003
16.622553,-839.91345,146.20515
-196.521,-441.64896,114.36101
-334.54254,-3895.9275,140.02124
56.58676,-1340.5867,159.47536
-41.526684,124.78739,151.07045
3.625844,205.6223,133.46083
73.41439,-403.38724,153.44896
60.50023,856.53876,136.9065
119.64829,775.5365,106.17516
127.02558,3168.963,129.15376
-111.855774,643.79114,109.2576
-179.67009,145.82243,108.300026
-82.97536,-1117.6669,151.74373
-114.862076,-740.1736,131.83873
68.23559,4594.588,75.23114
-88.24509,865.25684,136.08702
-127.40608,-832.60583,152.36781
-400.72095,-2422.7292,125.28576
-213.79466,-2553.0676,148.22307
-317.15552,-1546.2783,109.503105
-73.60051,-107.271996,113.57931
-94.69889,668.2159,131.00562
-97.49914,1384.2574,106.68065
-23.070242,1090.6182,142.79924
43.227142,3180.2734,97.40113
-152.2256,-3644.113,163.91217
-199.13399,110.522804,120.10233
-123.61604,-1441.2485,113.92541
-123.088135,1960.6617,97.35267
-106.7377,-301.2758,123.347855
-75.538506,1432.9462,130.55925
-144.28452,965.44727,101.63305
-180.4351,-1851.9392,138.63272
-121.492386,-1195.6743,141.45892
-226.06111,-2007.883,152.14207
93.24811,2886.7742,96.35483
-158.59297,12.573708,122.01234
-195.27408,-1011.0383,147.41647
-219.49269,-2562.6853,160.0448
-251.12291,-660.037,126.77877
-69.93079,-2432.8665,152.23361
-61.562847,994.4546,125.28342
-158.92628,-1415.4207,135.67343
-77.34968,955.35565,118.960686
4.347356,-972.8634,163.2099
76.50085,2455.3958,107.02929
27.052616,-1467.3447,137.61623
177.38568,1795.0336,110.54696
-122.34688,843.30743,110.735466
36.455036,792.0129,143.35701
52.611202,154.61766,148.77893
-364.7334,-2523.4172,111.61184
240.39609,805.04333,147.13951
-245.20769,-423.4418,91.965126
-15.829358,456.44968,134.0284
-55.02049,1653.3295,89.577736
29.899523,2129.6252,95.45251
-221.83612,-1530.906,130.24268
-12.343587,2547.6536,116.87966
-344.54294,-1126.9646,122.56881
-131.37968,-283.05862,122.35722
-84.61886,-492.28665,132.47563
7.8183804,1242.1954,125.70368
-39.721806,-228.71901,146.99013
-108.17574,-415.86295,137.18079
-89.651344,-1218.3096,154.20271
-196.35522,-2227.7168,150.62668
-14.319358,936.6399,134.2424
74.68405,95.11039,149.92049
-245.23888,213.46117,117.35158
135.21944,1627.5972,115.74362
-156.30716,-1066.1687,157.673
252.4899,867.0451,148.35342
28.085674,-908.03455,158.12979
4.6290092,-646.23254,149.55803
73.804955,1545.4972,116.578896
-333.75156,703.33844,82.327156
257.00232,3255.467,98.37244
-90.39609,763.7971,132.39835
-297.705,-2222.5454,157.15326
118.0413,384.5944,124.26478
-177.79674,-1144.1395,146.97607
-250.60527,-1012.0679,97.51027
-239.59981,-1315.2283,103.92154
179.5847,-365.4695,146.07191
-50.00787,-162.45149,143.60878
26.050983,1972.416,108.26119
92.74416,807.9722,134.77097
-78.23731,-1218.2219,154.9369
-220.25171,-3266.6672,141.89763
-247.37828,-700.08875,127.984856
16.808168,698.4501,137.56656
-213.10796,1100.1038,98.29931
-373.22153,-1312.033,115.49479
-233.85938,-1147.4436,125.46096
-117.40683,-1696.5542,133.9071
209.69827,2346.6587,126.074005
-420.9232,-3389.1555,128.07356
-220.19438,-1179.3953,135.62906
24.003036,2085.0452,102.850525
-211.16805,-1557.939,131.90987
-109.33109,-552.34875,123.26335
-108.14828,-185.25331,140.78099
-144.65016,-2708.7952,121.86065
-53.99779,-80.14327,130.74077
-162.84663,-2296.209,141.77744
-161.82365,-2242.7664,142.37465
-118.728485,-1972.2429,135.64034
-206.78365,-1105.1978,123.07445
-141.61058,-2785.1853,135.5606
255.94943,1490.8661,134.07086
-126.23598,-451.20096,133.07214
-235.55798,-992.11194,120.690254
-226.76785,-1379.6284,132.57767
-158.81229,1698.9597,93.462685
-93.95316,-297.15213,143.47708
156.8264,119.160866,162.96487
-36.1366,993.79407,124.016045
116.614456,3977.0818,120.069984
-317.20145,-2513.7156,154.00299
-111.77788,-436.76382,144.68837
-366.42554,-1325.866,107.031006
65.70228,2682.137,112.32548
27.90844,537.01294,115.204
89.60186,1680.1533,128.24095
86.25862,4023.5017,103.1738
90.85201,2304.1926,122.359665
-224.2819,-458.18753,118.553314
-219.70738,543.6325,118.29192
-326.54803,-709.4751,113.19358
134.38696,1003.9866,132.73273
55.78445,-997.25525,149.53305
-182.87311,-1701.366,148.30699
-239.96068,-600.79846,134.92183
154.50418,3211.4995,107.354485
-112.71028,2497.2908,84.752205
-172.56824,-1743.4941,141.01709
-37.300663,-1754.5347,156.2914
-52.332455,-53.304466,144.54027
-71.39763,32.165504,104.8133
-185.38145,-1909.9963,130.22612
-318.29837,-166.58217,107.8161
-171.46687,1873.0831,96.96467
-352.3242,-964.5128,117.052795
-120.86955,433.19855,130.88277
-78.386955,473.00732,130.28545
203.37569,2365.7754,121.64177
-261.1712,513.743,123.233185
-72.77098,-865.3301,130.28267
57.855442,-1384.324,164.06886
-235.15668,650.1009,116.55393
-150.31273,964.1111,95.46181
-78.87646,-2508.7095,167.66313
36.993958,1485.3132,128.96735
96.44263,2180.7712,91.34712
-11.885774,29.197426,158.32063
157.12291,1237.7777,135.5471
-130.06026,-232.80067,130.6971
-210.61125,-450.01785,118.25229
-204.69101,-1954.2498,137.14833
44.722935,308.22684,115.77769
-180.73927,-723.45386,131.662
-98.932175,1885.8512,107.03209
-92.94123,-925.42676,137.03914
-74.107864,139.85027,136.97084
-89.35857,1371.5677,119.00255
-65.11768,1361.8578,117.63799
-8.694427,1496.6045,116.73796
-103.41008,-1254.5225,125.696205
-129.86899,1256.4066,131.82016
-232.26324,-1672.3801,136.5607
-16.748697,2131.2288,131.4939
-154.67896,-964.46814,123.8734
-263.68665,-3028.7905,137.83488
-225.37096,-1848.3965,136.62189
-170.81985,-2781.4736,132.8833
-152.81046,-1159.5052,146.04349
-146.07642,-366.91312,132.3812
-75.449715,-1068.6083,127.10705
-322.2291,-1815.9392,121.29126
-82.08346,478.0829,127.28886
-23.489714,1379.5813,119.77534
-222.85555,-3748.5046,138.17134
-148.39728,-852.35767,135.99718
-63.994114,-275.2095,144.42973
159.44975,-751.7672,135.77815
-125.81935,-876.7648,143.86282
16.523708,-250.59352,136.98099
-221.73784,963.7214,109.68393
-45.204994,-468.387,132.55144
433.249,5727.891,117.594055
1.9663696,945.5938,107.29744
15.473216,785.1072,134.66148
160.26733,-2036.6345,180.4351
110.69877,1038.1748,107.45291
-50.072796,962.9054,126.54708
-245.07793,-2135.065,132.09792
233.95935,3280.3804,126.87561
-178.98752,-930.5791,107.83757
-43.612606,-122.19564,140.44086
149.25476,2461.0325,129.69077
-393.40344,-684.38416,110.689354
-165.82948,1564.592,92.76936
-293.4171,-4053.344,131.94743
-38.2934,2705.9998,76.99636
233.94125,4405.3296,95.63731
207.09299,758.7989,148.2961
-29.358564,-1796.7993,168.66072
-82.36575,-769.30994,140.21
-200.8105,-1588.8977,143.57271
-281.11914,362.92947,92.06277
-97.80325,-236.6045,134.04036
-277.888,1608.1725,72.090096
25.117033,321.18607,129.77899
-162.1178,-1614.584,131.57643
-315.26343,130.22935,91.65042
-55.37002,135.92747,124.53613
-153.17764,8.19706,113.11097
127.01662,467.28302,144.37686
-208.81677,777.7958,99.408165
-93.81231,-1054.1938,133.99945
-545.24164,-1601.553,104.81608
-314.31198,-1618.8428,147.52423
-219.2881,644.2186,77.05475
-248.78658,-4646.284,151.04796
66.432465,-595.37366,154.43803
-48.95853,1629.9988,126.028305
46.154766,-1408.259,157.89644
-192.88078,-3006.821,137.26645
-41.31138,-430.40176,120.77302
88.656395,1313.21,124.376236
273.6499,-173.58595,174.26167
-143.72006,929.275,98.54801
32.183598,126.22062,124.750565
-183.01498,-866.21326,132.56342
-176.61998,-1673.072,150.69363
142.49202,-1116.9227,157.19023
-308.40164,-1984.3657,130.89963
-115.205536,-191.13918,127.3698
-163.70557,1383.7267,104.91602
-20.714762,-1086.672,138.4841
-131.9922,-30.136314,129.93256
-38.287514,2785.7158,75.986984
103.17507,3374.0176,120.617195
72.65038,2867.3787,103.14131
116.71947,2165.9543,117.74738
-46.20592,2110.081,83.24311
-109.189514,-35.691673,126.73854
-324.04004,-3213.8018,134.33035
-109.88373,3048.2554,73.0326
141.88948,2793.553,108.14741
-326.1835,-380.09756,109.751755
201.11676,4744.9517,110.10901
-87.510765,1750.8372,107.132324
-276.1067,-3170.5095,138.42159
-101.80345,-995.7119,154.31944
5.9594784,1298.8599,125.866745
-111.7377,-1548.4329,153.38313
-170.22778,1970.0802,91.06355
-48.16139,-2362.9177,158.07468
-268.59454,-1623.7642,128.91008
-202.3428,-2618.7488,127.77496
-166.87578,922.1646,112.81614
188.93765,2336.3628,123.356766
-90.68598,-267.70157,136.06291
-109.37689,1360.563,92.675674
-190.40025,494.2552,131.3763
-53.62708,1443.0151,131.4056
-212.87173,-725.39087,134.56712
30.367334,-480.1171,146.1846
-294.29877,-678.0303,134.70824
106.608665,1977.6176,123.636475
316.46472,2044.3485,153.26773
-186.90059,584.0389,131.49362
-113.340454,2302.7554,83.51363
-144.1884,-242.6504,115.78818
-246.45982,-1521.083,141.24031
-177.91997,-168.91518,121.52494
89.17905,3195.8804,121.80814
41.25533,1630.9495,132.4776
145.82925,810.994,146.43912
16.17293,2086.9475,117.81124
-29.383753,-495.39407,142.88557
-24.209589,53.29368,121.00613
-145.32164,-472.68277,112.61967
9.875269,402.357,127.7794
-413.66562,-173.70668,98.93638
-147.9411,-1240.7981,136.81194
82.500854,-494.4738,139.4019
-36.44199,2896.951,94.84569
87.584305,1537.3729,126.729935
-417.67172,606.36194,87.648346
-334.21222,-1664.665,135.26776
16.686745,1227.001,123.24148
-128.35448,-1755.2795,164.72981
-166.18701,-1960.1953,139.9701
-197.54422,-2145.0708,139.29234
-155.42215,383.35257,95.43183
-287.02377,-1059.2045,111.96522
22.17184,1864.1532,118.4287
-52.20811,124.73954,125.47454
-137.55127,-1931.6836,145.97966
-79.165825,340.47256,115.396706
-263.0551,-872.6963,132.58484
-21.430143,508.99716,147.83316
42.055428,747.97095,111.38371
7.8122272,-593.19324,136.11401
-103.00537,-1280.124,139.68279
217.72856,4120.146,119.79633
39.2266,-228.9247,144.79683
56.20574,-925.7948,155.71176
93.941696,78.47361,136.02028
-191.5033,1476.9526,115.210815
0.7089348,474.8197,139.97383
-156.8616,-241.06483,125.50275
131.2298,1825.1848,124.37507
130.3764,4209.9795,93.35584
-117.6568,-394.8361,148.7367
-267.6348,-1843.729,133.21603
138.98499,4194.1543,92.061066
-287.60416,-1768.7007,131.64433
133.37814,1321.9673,141.77324
-95.54789,145.567,120.75616
256.22797,3661.465,112.1033
-32.149456,1564.8837,128.02644
-201.86029,894.7773,105.045586
-10.80861,-888.05396,152.75488
63.92229,33.280678,159.21199
131.02518,831.4378,148.47713
-191.82617,-130.29427,107.14996
-300.38367,-1230.9072,126.0259
-11.878495,-843.7207,149.01532
-268.53882,560.0957,95.15243
-49.301533,667.5761,104.16471
-341.7786,-2096.297,138.50595
-99.36808,-2070.9255,153.09506
-232.45125,-298.8655,107.525566
-90.12019,1895.6556,114.67956
41.799404,-858.0022,157.09073
-80.054344,-851.6804,134.84534
22.21853,2598.131,109.42924
-150.8799,1567.0686,90.012825
-231.72473,-792.88916,113.76071
-289.57233,-1663.7996,126.83502
-347.55576,-1646.4131,125.39885
-110.17546,-267.94022,145.19856
126.81608,2067.3918,101.564255
-203.89435,-1650.8594,137.40099
164.48361,2816.1487,131.64375
89.94933,2015.9315,122.35115
-187.29411,-678.16174,126.54975
4.499358,3306.7336,99.96898
186.19646,2691.0032,128.16727
25.653141,5.0622334,134.72577
-241.1013,272.4727,123.27647
-79.4611,861.9169,146.06082
-13.154784,-2.9718852,132.0555
-123.078415,-518.1133,143.70148
-178.00943,-1176.6854,123.60133
93.28496,3173.8296,102.435875
-148.46497,-1444.7957,143.85536
-118.78328,1384.4076,109.07864
-220.16257,-1883.7144,142.57674
-68.81832,-526.3728,140.58844
-35.74747,2476.5183,83.92373
299.47113,2669.2153,131.15225
14.7087345,5504.9746,57.031235
-177.39545,216.72496,128.8313
-120.74042,1203.919,105.338875
-34.66343,-269.3804,133.00455
61.757843,2490.207,106.60302
-89.086395,-5.7569804,139.19931
-117.94386,2538.2368,86.62721
-232.30357,-1776.1587,113.97711
-128.2039,-2705.804,141.67668
-111.086006,-731.62964,136.22011
-121.45372,-709.7252,129.2808
-252.36208,-971.71985,108.75301
-46.769714,-1171.7368,146.36914
-137.2914,801.4706,120.216515
-144.16434,820.0779,105.944336
-76.82609,-566.16516,140.61922
-141.79524,1552.8442,84.146
-213.34688,-2060.1553,139.07895
-168.10223,473.1457,118.719475
-34.29642,-100.87435,135.61469
-125.09506,1644.2231,117.10784
-199.797,-814.44604,138.05835
65.67974,1193.6171,123.58979
-17.854403,1432.5198,117.4626
-337.09955,-1764.134,118.117905
-87.22812,-408.33463,135.0441
-87.04879,140.4152,123.709045
53.8116,272.12967,156.02112
149.69958,-524.8362,155.57042
-41.13087,-1362.6401,155.51123
-394.1483,-2269.3062,120.056725
-357.22403,-3030.6443,136.82822
-85.945366,-376.1791,128.79536
-2.7369738,1226.811,124.30389
91.600975,2524.8008,88.34658
-79.4773,469.8484,133.2841
-358.9057,-1314.3467,131.56346
-98.85248,-1576.4619,145.27031
-255.36665,-747.46265,129.35362
-128.3547,-1835.7144,126.768394
250.55968,2416.1204,132.59702
26.682281,4002.9924,84.83364
84.165886,-1067.9377,154.71355
-142.72255,-1159.9623,121.4668
83.795685,-761.94495,168.798
-279.6082,-180.94008,110.998924
35.148407,-354.3174,133.60643
381.76166,4385.413,112.42729
113.87343,4024.0894,109.08534
-216.01895,-1412.0396,135.44763
40.06935,1633.028,111.02647
235.59729,2346.1367,136.96432
-249.74077,-1721.4507,140.89291
89.15708,154.86058,149.2853
118.51996,3314.6362,106.17545
-194.53218,964.55707,126.583206
-3.1427603,1002.86835,133.17679
116.65347,1049.7799,131.02649
246.92601,2061.6238,140.89345
28.845451,839.6546,141.77036
82.71846,3632.2104,93.9908
116.26543,-20.660973,139.39905
152.32307,1161.5077,145.0703
-109.47751,-225.46779,138.05507
-194.19675,-74.004906,132.24081
-174.15454,4.5327535,122.43373
-56.07916,-462.8715,139.48468
-25.647486,-170.74232,128.40807
16.57333,-2042.6267,154.48735
96.61776,1196.001,141.41882
-36.196598,78.10276,145.56976
-131.46838,-1436.7781,137.76454
119.695435,1206.8131,124.3432
-407.15326,-3253.243,137.34085
-221.25331,-2354.685,151.02415
34.703987,-526.06226,156.71608
-284.17374,-1791.4719,121.21066
-327.95016,-3592.868,129.81163
-222.89331,-696.6002,113.566414
145.91205,2621.2422,127.38209
157.27472,536.1246,162.51486
-286.30075,-1575.2742,124.04799
16.955902,-1279.5732,136.77197
-65.085365,1284.2384,107.812515
-43.64305,1995.8933,97.14818
-213.18091,62.451942,102.733536
-11.0218935,-1407.6355,146.14699
126.15681,-75.55398,166.79652
48.005165,3567.7944,71.791275
-117.95929,150.43217,128.64967
175.55331,1660.925,139.31212
-42.48484,2182.6162,120.03378
-319.22867,-3000.3503,142.50769
-218.67226,527.5012,89.70149
45.29668,1198.8173,140.3005
33.515213,4524.4556,81.68355
-134.64001,-1257.5361,126.91928
-150.38759,-1235.5149,150.50171
79.31029,1263.5006,132.12053
-244.25224,-448.34695,101.89968
-47.531567,1287.0632,137.2986
-152.2384,-619.7748,140.16493
-247.5507,-1036.7706,120.56862
-153.24248,-934.7051,136.2652
-279.8392,-1742.8755,138.77895
-237.04993,-1970.7524,136.39288
-195.17336,-2087.8247,131.79018
-220.78871,-1164.9811,127.50653
-209.9221,-209.9015,124.37243
-192.15396,-1426.5278,145.8539
-77.86678,897.9246,114.822914
-200.28705,358.76797,123.89922
-208.97888,-73.54354,99.63127
-72.997604,554.5383,138.2409
61.292572,188.16905,134.9104
-324.95688,-1732.6575,130.18268
107.3582,1666.1824,143.70984
-58.28706,-597.7096,153.45358
-293.7767,-521.1168,123.358444
-107.331665,898.5774,127.54508
-123.91327,-1953.1692,141.53206
3.5280561,1407.8872,116.133644
1.2697191,1208.731,143.03423
8.820075,1893.2498,141.61897
215.96083,858.3974,128.48158
118.46902,2518.5764,140.30646
-104.858894,367.07788,130.349
-31.011408,-2667.0737,149.85246
-118.16774,623.1437,128.33524
-95.407616,579.5564,118.39286
-0.08252623,-702.87085,140.65787
-32.638035,-1290.6462,167.10048
-73.04778,-1471.117,128.90843
472.9856,5351.5747,121.398865
-72.333984,-1495.1226,161.67445
0.924675,-1413.2571,147.46849
136.76692,2610.915,120.02708
-178.31927,-1718.8984,136.42578
42.324245,-659.16943,139.68408
63.991837,2068.6882,132.55301
-3.5778303,-34.362328,153.67543
-96.03924,1758.3147,94.128555
-52.510273,-1904.4404,158.20357
-153.26566,-1077.4441,140.01782
-77.528824,519.0573,117.813255
-62.80795,-1130.4503,157.35658
-287.59174,-1444.0586,117.36057
-25.923155,1415.1117,116.70766
-71.04362,-1798.1304,162.31538
-291.95963,-178.6343,102.282875
-378.24988,-2323.3936,117.16486
-94.74711,-1158.2799,137.84166
-271.63556,-306.10013,114.08712
-212.3542,-120.238304,115.30537
-168.17827,-1480.613,144.24188
49.963005,268.25748,144.47072
-485.3659,-3298.8958,124.39837
190.11986,2909.4045,93.99358
-349.2233,-3143.4102,136.91428
-299.58957,-1699.5396,135.79863
-133.17334,-574.17737,134.8394
-201.73781,397.74936,126.652306
-213.93143,-141.82808,99.946945
161.37137,4362.6646,77.49436
-165.66159,-421.0403,136.48576
-0.6177702,2309.0686,106.71006
-275.3869,-1250.8035,125.577324
-139.03908,-459.15213,123.58974
0.2111921,2821.4358,99.16991
-286.32236,-907.2622,123.232475
-173.91617,650.3806,113.49407
-14.29227,1474.8987,90.05857
-16.610636,1021.3824,143.31462
-155.74768,-380.64603,130.07594
-31.632242,582.7343,130.41261
-308.95615,-834.64465,111.09854
-169.78575,-1927.168,130.28818
-242.14616,334.16745,87.693344
-108.5657,-169.8661,139.0237
-200.50372,1398.2347,137.61443
-170.83226,-1584.6902,142.47906
-211.54765,-1185.3939,138.25496
-150.22054,-2838.6255,155.2256
1.9002542,1134.9569,130.01309
-165.91823,257.13046,127.16243
-392.10056,-1566.4587,94.397194
-235.16217,997.367,92.38252
-247.34608,-201.09462,127.288216
-213.77402,-579.35913,125.90419
-278.85504,-1716.7078,144.96371
-184.23013,-1166.306,135.82095
-273.11694,-3025.0007,143.38618
-6.317178,717.8846,137.38667
92.84474,3285.6382,110.866585
-408.75574,-3088.3503,125.92657
-83.527145,-586.26025,147.86124
-122.63371,-2086.8757,150.92453
267.2152,1767.4816,146.54327
184.90834,3856.345,107.09326
121.514626,1172.5146,129.95996
-267.3226,-3028.0356,149.10902
102.86535,830.5508,121.96982
-206.35947,-735.0106,128.93736
12.004514,631.1277,133.00165
-26.058397,1094.8054,103.99046
-203.79915,-1885.283,130.38242
-281.48416,-1999.0,119.6226
-54.961582,-1075.225,128.25996
27.44763,1874.668,120.7519
-28.921087,-230.4319,133.63527
-32.69998,-2427.1025,178.53474
-52.49584,1636.4424,100.31796
-155.9075,-1532.5078,151.24576
119.40591,-1383.584,171.3954
-74.050545,147.78789,133.4343
-82.507576,-1823.8052,127.56526
-158.25476,723.24817,107.71993
-297.0648,-2960.017,127.83588
37.04972,1007.026,113.88671
246.18378,1747.8569,122.17597
-146.34555,605.1519,103.31996
21.065144,707.5885,135.76988
-7.115308,980.07184,136.0203
-153.56778,-714.2523,136.31807
252.14508,4466.811,103.87212
-37.62513,790.25146,127.86904
16.102293,915.5295,142.34766
172.90869,2673.1694,123.689964
-93.06904,1088.5869,102.88443
54.69949,-3182.3513,173.96822
-82.26199,1273.224,103.06527
-180.95306,-886.7418,119.47847
-310.55026,-206.59694,129.69485
-102.12994,-921.724,136.6434
-214.44484,737.85114,106.332436
-85.16047,-306.93936,143.8408
-106.01298,344.08975,131.179
-107.69713,-1148.5056,137.7465
170.87338,-40.019005,141.40869
147.29515,152.44627,141.819
22.170868,982.95734,132.07494
-248.93324,-966.8302,124.11977
-260.6705,-669.3362,116.259766
-103.747925,-2185.2559,137.90349
-242.39482,-3332.8977,143.65938
-61.648144,93.77433,146.02454
31.534481,577.4657,122.99297
-274.14572,-2243.1194,130.46107
-163.14757,-820.06335,122.422
-104.48651,-565.69946,141.96396
-43.342663,-930.2577,149.67104
-162.49147,1119.6346,111.161766
-88.024925,-423.63675,152.28815
-220.19838,-795.1908,152.06241
-355.50278,-569.51025,102.279366
-193.79971,-1924.1606,141.44176
-43.07766,380.70987,118.02916
-227.31078,-120.30227,113.72046
-177.7607,-705.3125,143.72975
-199.94366,-1671.3203,143.55048
-81.11352,-95.368675,112.803024
156.92668,2330.2366,121.0185
-265.38034,-980.6737,139.853
-100.76313,347.46994,140.06337
-40.782352,-1407.8662,151.36641
-125.441986,-766.26794,138.61441
-223.58308,-1789.9395,122.13657
-141.40582,261.96335,109.31234
212.89067,3753.2283,110.82894
-129.00697,-421.29556,135.63098
27.446827,-605.6499,134.45486
-125.42648,682.95337,128.41978
-250.57799,-1669.9788,122.640884
-58.45283,327.34433,122.39973
-243.04707,-1690.331,128.89697
-91.86885,-455.53116,155.5849
52.79896,3355.565,91.72947
-260.89038,-1668.4846,123.72075
238.93863,3848.7517,98.89119
191.18646,1927.1528,130.58273
-137.66257,-358.54764,152.83081
-349.12695,-3633.9133,135.88463
1.4653177,-430.6066,144.85245
-110.667175,39.578835,129.48198
-296.4088,299.29984,101.69945
5.044286,1138.0847,124.60208
-32.17577,689.9736,136.97371
-104.77597,-1653.9736,151.94606
-15.934068,1511.461,111.01243
109.22601,1408.0735,118.7046
-233.70341,-2002.2705,133.56236
-130.68358,-2191.1472,161.53468
-274.51895,-2743.7832,139.84161
-188.87753,-2448.2861,141.3604
-80.4248,-1014.47534,134.06029
-224.38612,114.61332,125.98482
-178.70038,-741.2334,124.251114
-145.78888,153.15947,112.40149
97.74198,3272.2573,117.15286
-75.35929,-511.25735,140.53714
-137.75528,-1829.7598,149.53757
-124.71304,1566.721,112.938156
17.142826,1598.5306,117.48109
-81.718155,-676.7833,157.66971
-57.020084,-1210.729,147.08241
-211.09044,-2227.209,135.20781
-192.38086,2782.7905,86.48111
-315.87784,-1798.9854,129.5399
-185.28413,-1499.3508,151.16139
-101.8289,-2727.7737,153.13428
-1.6916552,-183.55495,141.62814
-96.69305,-142.66194,136.77454
-392.87424,-1437.2607,116.33368
-313.3741,-815.2029,112.47566
-246.80132,-1278.1431,120.198616
-246.30879,-885.3755,118.28786
16.220373,1093.1145,127.73231
-28.206583,-933.5713,147.27354
54.14991,-1785.7429,164.3377
116.244095,853.4238,132.21324
-488.89658,-3206.8123,123.0012
-64.74171,414.52124,148.76776
-69.230194,770.7293,108.16637
-28.890688,-694.00903,139.87717
-103.216896,317.5543,123.46825
3.095111,-1112.5225,147.99068
-216.0988,-38.24813,121.6466
-10.522248,2168.738,131.65176
5.517972,143.10527,140.87608
-130.27109,-826.9674,122.59424
-207.18922,-295.93582,112.64013
-167.5455,148.95775,120.77699
-199.37637,-890.5979,128.04741
-37.256226,28.640907,129.14136
112.1911,4290.1514,111.06863
224.49661,1560.0929,131.18373
-302.22726,-3379.3616,145.7532
-209.31601,-129.23616,113.645226
-356.75165,-1067.6221,111.03002
-87.4187,1066.7677,113.95167
-216.1896,-590.2732,126.56832
116.15069,3071.76,102.34521
-293.81866,-980.2897,121.23402
-26.230612,703.07184,143.8399
-211.62024,-115.60995,127.22008
-146.3608,-3423.2268,130.32329
52.95665,-467.4164,163.87283
-290.20456,-1482.4036,128.54015
348.8254,4794.321,113.075676
-207.32172,-2404.548,130.16867
-167.29887,-1054.8379,118.036
-127.45685,268.931,137.0627
-304.2026,-813.4686,126.54711
-85.0966,-877.3434,143.54329
-55.11961,892.51337,126.482506
-170.98883,794.5236,119.476776
-137.19864,-2030.8813,138.98209
-411.77155,-1291.6804,121.41597
-168.0177,-1232.5945,144.37758
-265.84628,-3120.0322,142.85129
-263.99753,-3619.3918,137.81465
20.58342,-496.67447,115.20291
56.882923,-487.975,139.75757
-197.89044,-1309.3132,140.70177
105.69685,1644.1705,125.66066
-6.8109274,662.9483,123.48694
-265.74,-622.65515,131.39131
97.238396,1087.3795,129.74399
190.49342,2262.5933,159.3126
-341.90445,1141.5066,82.827965
-162.02608,-1607.8582,136.42123
-61.741177,486.3537,132.5728
0.9969349,498.61514,119.41477
-36.76179,-181.45912,126.87979
-169.1502,-1946.5833,134.22295
-69.993164,-525.11597,145.45485
-275.55484,-2578.26,129.92583
-133.45045,-665.41064,122.096016
-117.40292,-1309.456,146.43793
26.018972,486.27463,116.32711
-167.58035,-743.2119,136.77477
100.18824,321.76346,141.24055
-314.80176,-862.28345,120.686264
-113.3766,-628.69116,136.30759
219.8644,562.6567,153.74744
-99.93083,-1350.895,133.0612
-68.899536,2366.5974,121.254456
-145.42938,-2126.434,134.9561
-76.466415,47.270546,133.20657
100.02356,-55.603416,135.04301
-208.72415,872.3517,98.58583
234.97057,1797.8534,153.07329
-390.69122,-2898.161,143.48453
-372.87744,-2956.3403,123.46823
-311.22345,-3632.9963,125.645935
109.035065,1220.8405,151.50452
32.586838,981.40106,119.111855
-38.434906,662.58765,154.01262
-366.2928,-2247.9233,128.65099
-123.93532,-348.28824,131.1605
-202.00725,-1568.8037,134.9872
33.40332,2333.982,114.67271
-252.87636,-1077.0627,121.51239
-116.72562,1351.0576,123.48354
101.60131,82.76133,143.62228
-249.73741,-1105.5385,134.16869
74.70503,-435.6625,146.37112
53.954998,2606.741,123.75419
6.7077866,-2503.1216,140.80286
-35.415703,1099.6473,120.997826
-11.765912,1399.9089,105.77051
-183.67436,-1031.4478,123.01998
-179.48065,-1672.9858,151.11325
-100.984474,-1219.571,140.39882
-118.0376,-288.9921,137.88113
15.988651,2027.4033,115.13294
-349.35736,515.3636,100.35334
-315.2103,-2291.3474,128.5976
-194.8731,-932.49756,123.255455
-87.106224,-591.40906,140.49307
35.737633,-1513.9958,144.13408
-224.70938,-1381.8215,125.38323
-8.723172,444.0458,121.54434
-109.28958,1469.4673,116.12409
-113.71062,-990.5708,139.20438
109.75658,2277.0146,118.98127
11.7009735,1205.2227,116.54021
-179.70477,384.9453,114.78026
95.43273,646.33405,151.02768
136.30983,2283.9565,120.82416
118.15863,-802.19446,162.92523
-346.8371,-2211.8777,120.22224
120.05605,1443.5851,120.79961
-101.75353,-1501.404,138.10228
-149.81778,-1376.2012,148.25288
194.70117,-978.4263,154.75867
-103.552315,269.0679,123.23058
278.07434,2872.2803,118.765205
-195.63908,-260.17032,124.65538
-316.31033,-822.2317,126.36669
9.379259,-740.86804,157.94698
-151.0891,-1430.8164,136.25124
-36.33463,11.925331,108.60289
57.223183,2650.99,128.70984
206.69868,2211.2769,125.90451
185.32997,3418.8838,98.94279
-144.40266,-1111.5557,136.76595
-119.11015,-481.79813,130.58153
-306.74066,-1927.5032,133.36331
-104.61821,1114.2386,117.366325
-42.996433,1477.7656,121.20235
-39.401142,1406.8235,127.90152
-54.35377,-1271.6494,161.2824
185.65472,1066.651,130.8374
-61.284748,1655.6729,131.75897
-81.34352,1774.5715,110.16661
-308.49573,-938.95215,115.36935
-265.3983,-1397.9451,129.66458
-41.450527,-67.18691,132.97365
-73.66575,11.789772,144.44672
-301.31808,-117.78945,94.265015
-71.08347,-980.54346,137.72876
469.24185,4731.2427,116.73923
-58.55643,-322.32315,111.928314
5.8294306,639.316,137.9311
-160.59224,-755.03796,148.92511
-196.20583,-992.16797,115.45646
-152.53076,397.5601,119.2967
54.252674,-412.16055,124.511024
-140.97249,2347.1191,104.28775
115.51965,2314.4783,125.643394
143.53229,1450.596,135.88612
-211.72194,-928.532,143.85677
-138.91002,-809.21936,134.45619
92.62549,1609.6903,132.73724
-61.68437,-1500.9993,154.10321
-80.4778,-116.05172,144.24149
141.55074,2344.844,126.98626
-232.02567,-345.17642,112.51349
-366.79092,874.8693,89.0823
-138.96954,-778.38074,151.85658
-130.00642,289.71774,108.12325
-87.24879,-81.65035,110.93313
76.66284,1411.515,138.61453
-272.84048,20.69352,92.851425
-246.67656,-2987.8484,141.27153
-156.61769,-15.165001,138.91809
99.67478,-1044.211,163.93355
-192.9812,-2231.235,124.5224
-125.52159,668.7567,111.36767
-185.38875,-85.89205,114.61844
258.75903,3113.6506,110.25746
-147.42271,-742.46326,129.95276
282.87018,3002.2305,120.09789
41.237087,4246.4775,101.74708
-228.64836,-2145.2717,135.03352
-44.790104,-761.13086,145.90025
-1.9806585,-533.7333,145.08263
-128.4528,6.4180684,135.12883
20.610474,-1022.9326,135.52351
13.028244,-1887.7173,151.89075
-138.3802,-1685.5144,135.94977
27.32919,3801.7173,88.27468
-146.67499,-919.03394,118.243286
57.22465,-299.27347,139.1076
-286.02777,-130.61696,104.91198
-348.4281,-275.2001,102.49589
-172.45227,-1889.5884,133.81174
320.8031,4227.106,69.42061
-471.83655,-2390.022,117.902626
110.564735,1484.2241,146.69028
-107.42329,1609.2605,100.22922
110.8588,1712.2571,121.72483
24.059654,1592.0969,121.32219
74.287964,1819.5159,108.05604
238.00104,3395.9814,125.776886
-295.0028,277.05862,98.702965
-59.77586,1725.7745,120.26621
37.14531,892.001,118.20671
-60.29537,1298.6152,104.73599
-133.40497,-1368.9021,132.17601
138.44595,1844.9435,130.48242
-409.42868,-4104.1104,132.51253
199.42705,1264.3156,132.5585
-442.4698,-656.55273,92.57564
-235.43732,-374.72842,119.68884
-16.26922,-855.92786,149.51074
42.452496,250.96245,145.27553
-69.82029,1332.7046,89.96122
103.46968,3996.292,105.430305
-280.6448,-420.32925,116.62596
193.93518,1408.9395,122.77634
148.33417,2830.1362,104.564026
-114.023636,-953.9678,143.6278
-151.4577,-519.75635,134.61903
-143.85602,1274.7811,136.81822
-208.50557,-1944.5918,147.0132
-238.03012,-3165.3594,139.44263
196.0913,2406.9763,113.85755
-136.35698,-1683.7832,139.67961
40.47039,2046.9117,137.45291
36.868618,1611.2959,118.94519
-33.297733,-137.98482,135.67845
-409.2944,-3155.6995,116.41062
-278.11185,-1854.8232,134.0618
-318.48267,-1412.0203,114.69596
64.43254,1991.5271,139.05757
-85.34966,-544.917,123.699135
-19.594938,-810.4763,168.7921
19.4152,1462.774,118.00593
48.675014,391.11194,133.5369
-0.09779837,2966.2993,105.28329
-35.261406,3797.0244,90.71284
134.23492,2024.6572,127.29988
-333.10333,-89.047325,98.99228
-254.51457,-1763.0044,127.23488
146.41258,-417.15726,147.02397
-77.22885,27.52488,134.89993
-90.36031,-924.52234,127.59884
-228.86269,-51.417015,106.21537
282.78598,3595.0735,125.67364
166.10373,2213.5347,122.59042
-172.93132,-261.18753,119.646515
-245.25728,-1661.0234,117.1008
-119.68344,1020.93066,118.20411
-251.0449,254.64989,101.15117
-245.64784,-225.49245,123.30669
-163.43037,563.74774,125.391014
-107.75014,-818.81433,160.34502
-161.19736,-1821.1562,127.71826
-393.50046,-3535.513,122.75195
50.738625,-240.537,135.99486
128.58765,3151.7092,95.04062
-192.32884,-2736.3096,143.70439
-316.804,-2009.2759,130.9883
-221.83269,-2081.64,135.41951
-190.62756,423.5771,101.528366
-76.503265,-12.2475815,106.73718
-287.1972,-1170.6888,106.16488
-43.301144,2501.8152,91.65947
-108.34038,-2241.4417,137.5804
-161.91599,197.16002,136.51486
-195.19708,-142.61336,121.11747
-86.31061,832.3699,133.30084
-44.147896,1908.1105,99.97784
-61.170406,1158.4238,115.73369
-263.3102,-1087.0105,122.86785
111.853195,1131.2065,150.05882
-7.2474985,847.3311,122.96671
37.07772,4570.449,49.9115
-212.7102,-2995.2563,143.78494
-381.634,-716.7346,102.34112
-114.10896,431.33762,121.140976
-36.203598,-1277.7444,157.90456
-325.05414,-2938.7625,140.35234
-57.101246,523.9274,131.05571
-277.0577,-1230.5593,129.35135
-62.118687,-1491.4824,151.17856
-110.26953,246.39122,129.26189
-157.30838,-747.4243,146.7265
-265.74323,-892.105,111.40386
192.4676,2470.841,113.39092
-188.04985,-550.8922,124.74636
80.732574,916.7935,147.20854
-89.4766,-1366.6738,151.54001
-230.05457,-1575.1003,129.89435
-24.029486,1211.3359,139.61737
-396.59848,-2405.7122,126.211845
128.24426,2153.154,109.40158
251.37086,2913.1582,115.441734
-5.2298155,966.0738,133.4808
-250.15602,-2443.2012,136.3449
263.06604,595.18896,159.35641
-137.0572,-255.27956,139.95924
-340.51062,-2507.2312,131.27568
-120.653946,164.48668,146.89426
-231.32889,-402.04373,141.62805
-70.170235,-435.19608,112.54786
-293.60413,-1155.7352,128.36377
-95.71628,-328.65408,131.34868
-55.54613,1586.1536,133.92093
228.9145,881.55634,149.58461
-254.06361,-2485.5522,116.54089
-198.3823,-3278.6829,153.7028
-84.39205,-1321.5371,163.5275
-124.505844,147.98546,137.05919
-113.86195,1504.2814,105.747665
41.502373,-644.8342,130.31915
-375.48373,-2750.4158,128.85768
-202.45383,-2058.2507,139.01218
91.13079,1596.7148,137.82738
18.801846,2905.084,115.1042
129.64604,1634.7723,129.82446
231.87224,1557.6075,139.18893
-227.34647,-1005.51904,118.35382
-124.57086,760.37646,120.64072
63.951954,1577.1302,115.131485
-231.87892,392.34558,127.65119
-274.21387,-857.54297,112.24172
84.88701,3107.4348,107.94744
140.84642,244.06493,144.48883
81.04978,1593.1244,141.17822
-61.541134,-748.91187,149.43628
-302.9518,-2016.529,127.31063
-61.1329,1298.0773,125.537445
-358.8417,-1513.344,136.05434
-303.91577,-1496.0449,138.0059
-285.02588,-1322.0293,96.38408
-48.181248,-853.3198,125.12291
-38.360794,995.46265,120.40756
31.066307,107.89634,126.40882
28.525604,-629.82214,140.00902
-284.63928,-2727.7747,140.44823
-149.98175,-504.25748,120.08391
-182.71654,304.55093,110.2556
-8.498263,204.3709,145.31902
-190.19035,-1125.1691,138.78009
82.31784,-2521.2117,181.26665
169.01794,2150.8435,141.23032
-85.63264,556.02026,110.3826
-145.98389,-143.19325,140.48276
-69.05213,-2153.453,154.01814
-80.85318,603.02374,119.30749
-169.10756,-865.05273,134.18564
-138.29218,991.9227,102.84866
239.68906,2845.6738,116.11738
-292.8315,-2182.0627,129.70381
55.63512,1755.3824,118.539055
-250.59004,567.4247,104.15258
-107.3594,1915.5101,116.122635
-103.93931,354.69815,120.0225
24.57041,1458.9679,119.54931
-281.19266,-1429.7905,122.529625
-331.84708,-2649.2944,136.91817
-130.63055,-345.6149,148.74243
-94.264175,-6.407188,133.02429
-200.31071,-2556.7595,134.51494
-107.582405,-301.45865,128.70314
69.64209,1631.9485,119.45243
-272.36252,-766.95825,119.9301
-66.08032,1042.6299,119.67675
-128.28752,-987.5405,138.268
0.17601869,-1322.1768,151.63892
-76.6966,-323.06155,126.08468
-69.565056,307.5081,112.48408
-414.28183,-571.2123,90.47357
-168.00356,1632.6693,102.736015
-289.13547,-767.0293,105.01903
-103.13511,-386.9816,145.75931
13.218882,-290.5956,132.36256
-304.4937,834.8694,108.12978
31.991032,845.3564,125.09467
-138.73697,-1572.4617,145.07721
-178.32574,225.7177,101.42427
-193.2458,-1975.5356,139.0774
-62.719852,-1226.604,145.42497
75.33299,718.9456,147.41827
-138.95319,-338.62723,148.20786
240.47154,5245.2886,98.831726
-69.86608,776.91003,116.31314
-269.1152,-1211.9939,123.42201
-328.4922,-889.7075,113.638626
-43.820404,1779.6271,105.57547
-9.706019,-1384.513,157.60283
-176.40677,336.3738,132.13696
-188.5255,-486.25516,136.0921
49.89163,-623.4053,168.51837
-440.1135,-777.77673,102.86297
-148.21693,-1483.728,134.88911
127.22694,2287.0159,127.29749
-148.67401,1157.4576,125.84487
25.854322,46.07926,155.05682
-94.70606,-1115.2632,144.35382
-251.11684,-48.41543,109.08845
16.405874,-2218.5535,153.94873
42.70918,2259.4814,105.17258
-344.6272,-1833.0183,122.923325
49.073006,1054.8137,152.77345
-153.73343,-1704.9304,132.38417
-10.392653,121.37064,123.68636
54.726303,-390.57388,170.93861
-379.68176,-2110.0098,121.77683
-160.04858,687.4354,103.61376
-130.19429,-1736.4482,143.3557
98.00508,1355.2689,131.43065
-201.02345,658.7041,112.14257
-7.957612,1461.7161,129.89679
-199.05417,-2482.1223,129.71278
-325.39764,-1878.0076,127.864426
-227.21922,749.8667,122.54002
-43.179447,-492.26102,150.93042
-121.43918,755.81903,139.12099
129.33723,-779.6138,166.41098
123.187546,3491.0771,92.77144
-211.73682,-2782.6838,143.09193
-56.74113,183.78557,123.52474
-93.6636,2764.6226,93.111984
-179.457,827.1503,110.97615
228.98883,4106.8013,138.12234
79.12586,355.38818,141.72003
-138.5379,656.33453,133.13187
-94.37265,-2203.0347,131.17053
-320.23804,-1760.5713,140.53482
-205.38234,-1036.7697,126.60188
-167.25728,-2112.382,155.86966
-170.75069,-663.9689,118.48639
-279.2303,-405.157,113.23548
-236.39406,710.2216,117.487465
-233.3317,-242.35622,127.38274
-18.110678,2857.332,95.30479
-186.30637,-436.2321,134.44482
-114.06888,1265.1843,105.17802
-163.9255,1091.7548,125.32997
2.642478,-59.75625,144.1428
-125.46811,-770.0963,124.074036
39.586056,2792.0776,78.340355
-148.96669,816.4717,130.7974
-278.22116,-1896.8215,134.5436
59.838825,-2465.7913,168.04698
-166.09917,209.83128,141.5608
-210.89235,987.4238,118.49568
-176.59488,-2602.1245,138.94514
113.11346,136.05455,147.67592
69.38116,-135.05165,145.40776
-25.422533,880.48004,111.58986
93.19552,-1351.4092,148.37468
-144.8232,1780.8888,92.564
23.347801,-406.59402,148.01369
-240.7581,-1071.286,120.91961
-63.6265,425.73,130.0993
-412.79562,-2926.928,125.06583
-12.331735,1898.796,108.97693
-196.41585,-2597.3486,129.75134
-61.806797,-450.44485,142.22176
-233.75052,352.16953,117.779884
-203.8127,200.2548,120.92412
-30.402933,-414.4125,134.31657
-119.48906,-1560.6042,138.18007
-160.06706,-634.151,141.87796
-209.10402,410.8736,112.19317
-292.7905,-1227.7251,121.86807
1.3315496,60.795143,127.18254
-142.17798,-2394.0046,132.2979
14.363674,-1241.8245,143.51697
-166.63844,-2080.1362,141.14122
271.3786,2854.9019,153.05515
-182.77727,-2082.3088,135.93909
-321.61816,-2119.0874,131.54541
-327.59586,-1399.1511,113.59049
-280.441,-3334.257,143.02013
-241.62804,-1567.512,135.58926
73.52283,1606.0013,137.97565
55.032482,1149.4745,126.493095
-295.85556,-1312.1394,125.18023
-220.412,-1003.1929,128.71393
-51.292164,15.701149,139.82634
146.9404,2561.7065,122.95298
-211.9962,-595.73413,131.72592
-86.02938,-207.77504,133.1386
-222.64629,-1113.2316,117.069725
-34.78696,-821.48694,149.04716
88.04715,231.36632,145.8788
-121.237366,-2303.816,145.73181
-179.7171,815.4388,104.61671
-225.54823,-2429.2761,152.09222
-136.49948,-113.72231,151.265
-325.45154,-3697.4866,125.554504
-335.59753,-786.1377,94.78977
-145.56656,-1844.7725,148.00873
-99.35625,-1898.1116,148.88385
43.935814,-1045.4967,143.25032
-124.51488,-820.3397,139.65913
-169.5605,-501.9512,131.54816
-129.76616,-2598.3816,150.83406
-28.794653,706.35034,135.4258
-47.708782,-144.00105,128.73013
61.94866,762.1749,130.24408
112.600845,1713.2604,135.9874
107.49208,571.5361,145.10562
-250.78679,-1467.0146,104.230446
-54.97884,-1450.2192,159.60905
-244.2694,523.7621,118.386246
23.362228,526.54205,143.71704
-88.09705,-474.965,139.61786
15.763109,-229.74745,136.94356
-274.96353,-406.15396,108.684784
-189.36877,-3545.4143,160.19041
-209.727,-1875.8428,122.2268
218.7493,3488.1775,125.79491
-67.44026,1513.0348,141.5624
-154.71736,545.7539,121.82937
-263.63684,-2900.4382,123.22246
-107.29776,183.46739,116.239586
-184.35606,477.6877,96.82337
-192.37404,-1244.1389,119.98481
-109.23692,876.91846,124.16949
-141.3854,-1006.27734,139.07272
213.25746,1642.709,114.783775
-354.17734,-2896.6323,134.56065
30.236462,1959.3287,112.15354
143.37376,-928.073,161.62404
86.87199,3501.4521,79.97707
31.813704,-414.5657,134.13023
286.2088,4907.5767,75.9263
-202.67433,-22.43612,118.88759
-119.76366,-196.78688,119.99821
-100.79295,700.7863,132.4245
-141.22325,799.06793,101.90414
-106.53582,178.67717,136.02402
-221.18373,-47.86416,133.44101
-70.85765,507.2781,123.874695
34.208294,-1360.3882,151.3094
13.828311,-1247.9346,163.18521
-239.53557,-2112.514,141.62856
-24.647768,-1615.3062,157.7535
0.19506547,516.008,133.73732
-241.47151,-1003.297,124.8086
-201.82344,75.696266,127.87529
140.44897,111.72837,135.9297
-160.15836,-2053.8757,149.8371
131.02718,1412.268,140.57277
-37.308193,1115.4308,114.625015
-28.446054,-228.59743,146.99255
-336.05713,-2766.3848,134.58139
-113.34082,524.4029,135.88727
-85.00997,-552.162,132.81186
29.114801,-586.79016,149.48056
-139.34904,-2049.519,139.0605
-217.056,-1117.4493,143.3758
-112.48021,-402.88382,112.84437
-81.41272,-1106.5773,154.1848
-108.1038,-1073.8065,134.15555
-108.18417,807.19165,107.82182
29.461514,-978.7893,141.43448
-100.157684,668.52264,131.31407
-78.65725,-1477.1313,144.22455
-122.87164,-1028.2772,143.44138
-80.80666,-573.515,154.85669
71.3193,2394.7437,116.355934
49.224,-2705.402,167.06294
-8.49541,845.40546,145.9296
-137.13545,-330.81265,141.81863
-76.49911,-2519.0713,159.61995
-176.49567,-1931.9436,144.64926
188.45398,2161.3862,141.54402
-1.2155199,806.0487,120.128586
-382.0625,-2736.244,114.13176
47.89603,735.6502,133.19849
-28.932398,-61.187157,149.12593
-94.49418,678.0835,115.047005
-335.36752,-1442.5195,117.94101
-159.19936,-886.0171,134.07309
-115.77907,845.23047,101.94791
6.0331306,1641.7296,97.174515
234.59784,3061.476,115.39726
-249.03627,-312.31802,138.02682
157.41563,2387.755,110.222595
-171.84975,-638.28296,126.867905
-294.33325,352.2282,100.02793
57.996193,649.2305,147.9727
0.8072138,-1432.4729,165.34274
-413.5258,-2512.494,135.78589
-147.27061,-613.56104,137.54214
-215.97052,-844.9065,119.881386
-182.91533,-115.699425,136.72507
-192.5613,-476.9661,130.59
-40.910522,-658.1594,152.6438
-249.04759,154.80846,113.20938
-126.37538,21.176186,124.96368
94.23423,1925.0984,128.49452
16.809917,-385.22086,153.77827
-24.584204,335.46298,147.92586
-163.93546,-2760.5781,143.3129
-28.679739,1527.335,101.754196
-40.605804,3125.5256,72.777794
-154.77505,-1214.4204,150.83246
-123.27922,64.158424,135.65192
-238.116,718.24384,99.60804
-71.6641,-661.8981,120.69761
43.792183,414.62012,137.52208
-227.63538,323.3387,107.795685
21.307405,-2005.5002,129.20085
-90.45847,161.4124,136.29036
-37.86542,1142.3142,149.70795
-216.50735,-1459.3635,143.886
-65.84816,-2522.0908,145.24698
-150.63289,-1729.4204,137.279
-210.8084,196.17961,127.47435
37.3792,297.76712,157.22742
-195.7772,-1135.7202,135.39993
-229.73895,-792.6542,131.62547
-319.56125,-3400.7068,133.08252
-100.47494,1327.0299,145.04118
48.86944,3013.744,74.32202
74.48958,-197.96584,163.68703
104.31648,2725.9404,91.380104
-143.38228,-387.17654,128.66837
47.633392,1494.7133,129.68442
-71.589935,-650.3496,142.1884
132.86131,1854.0071,113.86775
-132.63283,2920.9124,76.101974
-158.5241,1357.2067,126.95641
-252.9778,-1060.8605,145.03375
-211.35573,-1613.2517,134.78107
-81.35129,260.60568,133.29274
-211.68544,272.1348,88.6543
62.393864,1230.1827,142.79733
27.117437,-1235.1057,160.98863
-202.49828,-884.56104,106.78078
38.657192,-1356.273,160.31627
-340.28577,-1986.4624,107.31932
-0.00013258342,972.85114,109.898056
-179.5114,-2549.32,153.58545
-45.979206,1262.2703,122.4946
-301.62378,-1313.8933,122.393234
-280.0975,-3097.288,146.27885
-423.21933,-907.7582,107.16544
-107.193474,-1251.6475,136.19937
157.6881,1006.082,146.9168
6.962414,129.89531,143.545
-202.00275,-1368.4221,137.05261
265.10657,889.7254,158.40765
-120.06239,-1011.1173,144.12442
-248.8415,-258.3218,111.767166
-73.89426,170.96544,145.64279
-53.366848,-345.9163,136.80333
117.94639,1657.7181,137.65144
109.3076,2043.5736,109.897995
274.8856,2575.562,125.40568
-30.685297,-1431.4167,133.96262
-22.343668,338.96463,134.95206
-120.680145,-129.02528,111.69662
-22.699434,2258.0947,108.03366
259.7917,3306.5493,99.2516
-409.05496,-881.734,110.05599
168.20975,1575.6528,127.481
-15.144441,506.3852,135.01956
6.0622196,-741.46423,166.39914
-198.12085,117.27793,137.11926
-186.59679,-1282.929,137.3015
-70.57384,478.61194,126.7796
-12.157594,1648.8329,127.93716
-41.307854,325.42044,130.5346
-141.75299,-2243.0496,156.27072
119.86711,-210.58632,151.86247
-62.888103,-1798.6155,134.40137
4.8228188,1158.6748,118.0468
178.03397,2217.7632,115.66838
-192.92975,-1572.4067,134.26163
-311.9764,-1308.5789,127.88451
-247.50621,-260.44315,121.36918
-83.61143,-2449.5286,161.87563
-137.93546,-303.78433,137.31084
170.42891,1959.2164,139.61122
228.38518,905.1808,136.50786
-151.2654,-1332.5718,133.71153
-132.33473,-716.9121,156.47159
200.80063,1652.8696,123.140465
-14.939773,2365.8167,113.27794
-276.82343,-1596.2375,133.83878
-179.27612,506.64062,106.18607
26.194305,614.7082,137.32158
-311.39127,-1064.601,122.50377
17.386051,2164.6174,125.705925
-257.02844,-597.8021,130.38182
-295.65317,-2736.0134,136.86952
-119.628204,252.62968,113.25393
-0.27143577,-969.31433,153.38948
-139.62431,-2126.4075,145.89491
-308.14133,-1752.0549,136.3315
-183.19789,588.93054,101.98198
-238.86877,-333.56155,114.54024
-381.16458,183.96532,86.65116
-31.48279,923.2473,117.68422
46.24646,2010.8987,151.71883
44.86089,2390.731,105.45539
-207.16719,-753.62683,126.77476
-208.44957,712.28564,110.149796
-268.2798,-1429.5186,134.57506
-16.810953,267.76346,152.77228
-293.56613,-1411.9966,125.27957
-184.628,1008.33984,105.03682
73.878174,-918.9287,161.8995
-281.06488,-1348.0115,124.16425
-75.28146,-129.68092,151.47292
-349.68613,-1624.6936,133.54701
-242.06316,-3553.1042,149.44121
-16.691347,2550.3342,121.072914
-57.504955,1204.8063,91.47105
4.2316065,-2586.5537,170.1067
-39.29682,1332.3657,110.35826
-140.59734,-619.6371,114.562744
-185.37085,-1485.1453,132.50217
-49.852886,-8.791405,146.02322
-323.06757,-1653.0352,104.36141
-316.999,-1568.8445,128.0623
-158.83632,-1735.6904,131.81749
-314.13486,-3235.698,141.88475
-273.31482,-1554.5972,126.400314
218.97691,2767.1987,119.29763
-236.1744,-1955.4626,127.236755
-139.18227,-1549.6299,143.33322
38.952076,-752.855,147.4905
162.80354,5594.727,79.2233
-144.09372,-906.9105,142.83447
78.395676,-770.9048,150.42577
-274.78635,-519.6698,112.53338
-194.26192,-209.95119,112.03613
-140.70876,953.5143,116.79852
-51.75913,-1089.4034,133.07732
-229.79921,748.78406,94.88692
-193.46213,-759.84717,133.42468
-7.716359,389.75418,124.8384
-126.88449,2450.3608,86.08571
-47.948566,-1869.0271,156.40831
-106.02526,773.42035,135.07367
-9.535495,2462.2266,110.27731
-130.93628,491.6035,121.26593
-114.37552,605.12494,130.95271
-10.333938,-154.54219,146.43661
7.6281996,2053.7195,137.54155
48.257267,1648.7882,136.684
166.68687,2651.8203,116.07924
-182.1814,193.83128,101.74829
-217.45343,-642.84424,120.24294
19.295162,2379.1543,115.35929
58.930946,1143.7451,97.388374
-69.98792,1163.2217,122.980774
-165.05208,857.5959,112.72931
-229.57274,409.5618,123.85009
459.18823,4307.7437,125.18572
-254.23293,1953.4941,81.64031
-312.7795,-1936.3335,119.06894
41.406326,971.6132,105.26913
-20.254934,1656.8105,135.15097
-296.0205,-1558.2563,139.68777
-4.7236166,209.62492,137.52289
-168.1562,422.879,121.995094
28.218472,873.5596,125.98616
20.42393,908.52026,117.98951
-281.1527,-1059.0917,117.511635
330.68527,3721.555,140.82446
-200.2412,365.24823,128.01357
-365.09564,-1064.8193,103.55448
-122.75781,-1212.8953,127.907524
-57.74818,660.586,130.96796
-108.06288,-313.8384,144.25214
-409.423,-2646.8833,130.79776
-215.14415,-2015.3899,141.06078
-105.929596,429.95212,118.428474
0.24353883,2132.3022,102.837746
147.83783,2457.2756,85.164
349.01938,3448.2234,129.07243
-316.09537,-1218.0203,110.61866
-248.30711,-667.4198,128.36746
35.939342,2392.086,134.26262
-124.5939,-456.24698,119.32861
-82.48859,675.4466,111.83273
-37.700745,-245.1161,154.49724
-227.97157,-1929.8008,133.98608
171.58168,4032.4207,111.987144
-96.89024,-1929.7131,150.12564
-278.4546,-2522.447,113.135086
25.524124,290.53818,141.67505
-314.3353,-2421.8875,123.34261
-98.06086,-521.3135,153.58423
-251.54634,-1387.0686,127.55438
55.45136,2745.7966,112.26031
-279.96826,897.52594,105.15511
-261.6474,87.15702,118.87664
-176.55402,-385.35782,119.442375
-192.73781,-1373.5967,122.234245
-128.49068,34.563393,127.578415
-340.78683,-1263.3455,127.30996
65.25876,1062.5059,149.31358
-166.57814,-751.42456,134.29515
-82.94329,324.72128,144.49722
50.53216,-13.280724,152.19748
344.93942,3156.13,129.27043
90.58193,166.317,158.57086
-7.7460375,1568.7073,116.14415
-368.481,-2413.2415,129.05931
-142.95947,-145.93214,150.98108
106.19658,1030.0638,107.17066
-51.775738,-646.4208,136.29901
-328.33112,-1084.4757,112.72437
-311.2594,-1721.2463,126.08163
100.30726,511.2684,129.0678
-106.38259,-1078.1797,145.1203
-144.65457,-2437.779,138.83661
-271.69885,-471.93228,132.34863
-114.65784,-1054.2606,127.21732
-94.606255,2224.3188,104.77014
-126.29918,148.36943,118.032646
-145.16605,788.5716,119.05621
-157.77585,-812.36035,128.67012
-96.22787,-88.80172,129.53427
119.01191,-1573.0881,170.94934
72.903404,1879.5549,131.60497
-358.6041,-2677.786,134.7712
-234.24615,790.9639,78.66007
209.96938,979.79266,139.73431
219.15143,2447.264,125.23666
-113.58122,533.6241,116.880104
-317.63174,-1764.9651,131.95122
-299.05292,-1110.9443,117.04284
-289.13528,-644.43396,91.876915
154.34042,575.17896,136.87666
-219.8725,-1994.8877,147.82587
-87.11011,1847.2177,93.56945
-187.4274,-1074.5837,125.74145
-59.047268,1408.6729,120.04851
-111.19115,23.398598,118.18101
-49.110096,2250.4412,106.20539
-23.11125,1324.2562,118.01761
-125.6806,229.7437,119.279625
-20.932535,608.1969,135.83258
-206.49638,-706.79944,126.094864
-63.186893,1258.2651,127.93198
-29.49391,-923.3395,141.35371
-327.00415,-2844.2046,132.58768
-195.81696,350.23993,108.76662
21.855583,2262.654,102.897484
-180.2649,-1363.5266,127.36497
-106.12573,875.00806,131.96382
48.92761,1936.0295,109.69283
-81.489265,193.82811,131.43997
-45.637127,1874.1461,103.843834
-381.92114,-3080.3484,134.30838
-78.68193,-1189.093,154.93504
-183.1959,-1796.2825,141.4279
-180.99167,-90.57589,144.28986
-202.02922,1631.062,117.87915
86.00628,2124.2556,123.037605
251.20546,-819.16565,155.7737
93.74137,-801.71155,168.52226
-227.10115,673.6245,113.76716
-166.20676,266.7711,128.45485
176.2771,1394.0997,134.02066
-4.178067,1445.5492,114.552444
147.2948,1898.0096,125.955605
-97.85662,305.05228,129.05235
-142.93526,-1592.593,131.63583
-302.11304,-1250.8142,126.29075
-104.74922,-1113.9424,114.607025
-18.162294,1255.4037,128.96048
-246.66386,505.6818,123.917725
1.1940203,2190.0876,108.23403
-68.71452,1386.2249,120.414085
-339.36615,1768.2754,78.81593
-14.493091,534.75684,148.86963
-57.107235,413.0862,115.64256
-90.754105,-963.3352,139.34601
148.68095,-2341.0654,175.33727
-284.37335,-873.2141,135.54724
-131.30748,-1166.1528,112.34447
-39.662605,-658.00806,142.82784
-171.67578,-1554.46,155.97974
-96.85633,367.08414,136.80565
118.40913,739.80896,147.68425
-414.00342,-3214.1472,129.63231
-143.8229,71.54374,131.45023
-298.18646,-2187.9246,121.99134
-282.39453,387.72064,87.273575
-226.92952,-24.526573,140.89124
-141.00365,270.87906,112.792336
14.768164,3.668923,143.50758
-326.61115,-2349.4897,118.672386
-99.02986,2487.5618,79.138756
-40.193615,-1958.3599,157.5664
-32.036163,1082.4613,125.29617
-65.605354,-1072.4125,158.53766
-278.41016,-2003.0974,111.187386
-100.898605,833.6121,122.49687
-193.47366,331.941,120.635925
-142.16115,221.18364,97.67324
-50.62395,737.8323,96.48719
-262.12213,-916.46375,122.00017
-11.519191,1497.1763,125.30691
-18.796133,1939.0466,119.89582
22.257301,1208.2083,123.65737
-248.89738,-789.36206,118.1657
-142.9138,230.48418,118.08268
-102.918594,-1274.0618,142.05128
162.0278,1769.6602,148.69865
17.728075,828.3127,129.22467
-112.188156,-1028.1146,138.37375
-55.839573,737.1845,133.65543
256.69598,-140.0821,142.95969
-285.72144,-502.1973,119.36311
-23.826395,-482.68802,160.97202
-4.4201307,1938.3616,117.60174
-116.50603,-2546.6843,152.51912
-53.283726,-1980.5742,158.40254
-77.939316,848.04047,119.47144
-32.726273,2465.616,108.219376
-39.55934,866.70197,127.495865
315.42493,472.5539,154.32362
38.533833,1867.5431,119.879166
86.807396,2201.157,133.42923
-2.9684858,-159.31935,123.45368
-31.524244,209.9362,144.33441
43.832394,-1217.4731,156.09467
-131.59015,225.0894,143.56506
-173.91145,-706.7273,101.16161
-171.74307,-1306.4182,136.10086
-44.782795,-2997.0352,158.82828
-47.724796,-42.124046,133.42448
-13.558194,-1956.543,143.86763
-258.0327,-2495.5261,140.7364
-156.66063,226.43541,129.57819
-246.93932,-79.63802,115.16243
5.323493,-801.7217,136.82646
356.35983,5062.6255,103.05305
-124.210236,259.73764,127.632965
-89.55275,1096.3336,103.50463
-177.37656,-441.29312,130.3742
-198.93611,-1281.3767,131.83113
-46.63348,2269.7544,103.39959
-86.5774,-376.34415,147.26524
85.61839,2092.6848,125.14061
-88.74755,-1939.8923,148.74466
-42.494946,1079.4681,122.85429
-72.312126,1295.0808,139.58887
-89.44758,-1740.3716,156.68503
-63.788822,-201.09853,138.40051
-112.33771,1039.0614,122.758896
71.53265,2986.515,106.006485
29.97657,561.2044,146.30159
13.197283,2890.0586,85.9356
-217.70288,-1087.5995,139.1568
-347.0419,-3084.7092,126.06469
-301.1783,-910.11096,135.24446
-68.49326,-497.45303,151.89111
-158.4276,781.6282,92.14278
58.03001,2067.2466,113.83091
-135.79607,275.84592,116.95683
-44.979816,776.5712,115.8622
-53.57255,-738.17444,155.43576
-55.5416,-36.248863,150.97957
-286.7335,-1735.2849,135.6278
-1.0116911,-125.66415,153.07477
-297.17783,-925.1697,108.22299
-27.87332,-710.0392,145.65814
-176.43204,1143.8019,104.57863
-218.3062,-511.77444,127.64203
-6.565316,-780.49756,154.58434
-244.21443,-275.09378,118.5131
-132.08186,-1718.9597,126.70938
-64.7963,-1404.6272,161.45416
380.30533,4677.443,109.18443
-133.28232,1316.8811,118.17193
204.24402,-36.13302,154.8073
-368.13092,-2044.6257,124.09104
-44.33663,-105.74868,145.61023
-341.0021,-1740.2817,130.63312
-102.90735,2745.9104,109.71068
-65.37722,985.9242,111.14196
-262.98303,-943.0781,118.561035
-102.677086,288.9869,143.89832
-243.82631,-883.8368,118.28854
-79.49209,-403.8168,138.28503
-63.956333,-100.05111,130.36746
-58.807377,-109.65981,136.71301
-106.83632,518.0965,124.156235
-32.27709,510.68762,137.14906
-222.91739,960.1215,105.12687
-21.132238,-877.0831,152.54427
22.18994,586.4141,133.73167
-110.10138,1116.2631,114.84252
-44.924526,-272.04092,142.4774
-378.94055,-2038.5227,126.39162
-282.6904,-1627.2798,122.628845
-276.10492,-3343.0588,140.62383
246.4297,2988.0496,114.04179
-295.3722,-2826.1323,121.38389
-99.82051,-82.0834,130.02654
397.04715,3279.4626,119.376205
-48.78036,-1014.9308,124.55668
-71.95261,-885.8563,130.0047
137.20143,1204.6222,111.86752
-179.55165,-1841.3291,142.12117
-81.140205,926.7329,131.22177
-271.35583,-1889.4636,129.24957
-230.3478,-2523.9734,119.00455
-24.474466,919.04956,127.09355
-250.27303,-2187.7231,141.36702
-182.27979,1563.4579,107.26884
-239.0154,-2444.5386,123.75582
-218.86267,-126.39272,104.193726
-235.313,-1768.2654,124.83363
-54.320942,2045.0164,99.20795
13.496409,-449.65067,162.2399
84.26816,-811.5768,136.23276
-37.055347,-1721.2639,150.75748
-282.50842,-3082.7886,133.42867
-231.1557,-106.48019,116.20929
-124.024124,1776.5468,95.66053
-315.13663,-1278.9478,126.87302
274.29065,1677.6305,151.3867
-69.44563,-67.32583,145.13182
-65.0495,-1105.6636,133.5771
-113.82535,-559.4136,116.62482
21.207329,1605.8882,118.989044
-65.58683,99.34171,155.06033
-175.51485,-22.24044,129.92653
27.547503,428.8753,144.05858
-341.39322,-2540.2312,116.78144
-47.403305,2089.9578,113.93509
-368.62836,-2859.8965,132.2436
269.24,5722.241,78.10294
-157.4475,-965.0585,143.27904
-26.349092,-687.9321,151.17502
-242.5147,-2224.1987,137.9084
325.90002,1167.4329,138.21155
-196.94618,-1334.9585,120.62096
-81.39774,202.77141,116.379135
-7.997998,702.20526,118.40866
316.45798,2837.3394,149.36827
92.02022,-204.42055,131.82214
-67.48698,1520.2798,67.48479
-86.27325,2599.564,72.85182
-232.3684,-2620.4504,123.64044
-115.23146,-1663.4512,142.62578
-193.59128,1016.3014,97.129715
-207.16794,-2807.0278,149.19374
62.57296,2246.8345,118.582344
-42.289013,-2393.4114,165.42023
43.57534,123.92167,136.88481
-250.14577,-665.99927,112.60753
-75.08376,-556.96277,139.57614
-59.28239,52.470314,127.87642
-421.66345,-2189.6355,113.94528
-173.38966,-160.04066,125.55454
-142.19312,-276.8527,122.71531
-21.449987,-117.085106,130.3419
-86.08958,1674.8105,87.99789
185.48541,1387.8467,152.58902
-272.43777,-3092.5396,138.52373
-14.92982,-394.72183,147.98892
-3.42562,-1380.0798,153.6137
-75.69173,-785.11584,140.15334
-330.47086,486.9932,85.11361
171.74843,635.80237,140.61775
-223.92172,-2956.6714,150.92496
-147.99533,-703.0908,126.0463
157.87276,3076.7734,101.22147
-175.68779,-1235.3423,118.82946
-161.54523,-522.48254,141.07433
-274.13864,1204.1152,101.97532
-243.72917,-418.36624,132.80898
85.91646,-1384.1565,145.53706
-210.43622,-1474.5913,129.08424
-87.35461,2520.2488,100.38689
-40.626755,2578.304,105.13817
-368.66708,-1794.7607,115.31402
-209.77174,540.363,102.01824
-5.7874193,1675.5061,118.1473
-264.28088,-2880.523,144.51842
-113.01378,483.7421,130.57141
32.510567,1704.2429,128.62152
-118.66655,-1704.492,149.5999
-60.846127,-1299.7844,162.24008
-281.51938,-662.4066,119.08306
59.9982,501.57907,130.23564
-50.56152,1630.4894,120.412964
-63.720333,82.30607,128.73332
-127.45482,-1243.7363,147.3127
-43.828316,956.96716,133.05869
-59.39751,-588.0906,152.44666
227.31818,4499.847,70.62935
111.63916,23.659523,122.74445
-265.84735,-213.90016,96.53879
-55.001873,2950.803,92.65139
-65.663734,-1144.0056,126.84574
220.53612,474.2929,142.9354
-131.7252,-1923.7507,155.92809
-92.93317,-1449.689,165.15097
-204.99756,-125.2615,108.0254
-18.83505,972.7244,119.57049
-96.90818,712.84393,126.66434
-192.1681,-347.4147,127.82731
-186.01344,-448.6852,133.08879
-55.50115,72.07267,117.634926
259.8019,4376.742,106.93612
-90.915985,-2988.572,137.7421
-108.47283,-982.1803,131.48695
108.953865,886.2263,139.35144
-213.74547,16.5803,93.95187
-162.6937,-1994.2866,141.94757
219.7001,2214.7056,146.34167
-80.130196,-1057.9506,137.38667
-167.27914,-154.51363,132.06366
-53.90855,1291.1307,114.855354
42.85747,909.1759,145.88225
-141.42784,-615.5133,131.62569
-32.423103,8.572914,145.6324
-99.597115,-1002.96936,138.42532
-234.39806,-8.920006,117.49082
-191.93521,-1497.3481,149.74605
-247.66896,-1643.1501,126.87563
-158.76173,-632.28625,135.65224
-413.1162,-3003.5693,121.10044
-127.75064,1760.2355,134.8869
52.555817,-1185.9127,153.91504
95.95551,1030.8862,137.29
89.152405,1253.9227,146.13522
-43.0264,198.80058,144.75418
-63.448566,-1453.3025,149.0053
13.621973,366.64087,127.47158
-61.94675,-539.14246,126.324974
-63.404453,1731.7135,114.73282
-67.94218,1717.8185,128.50717
-337.2716,-975.86365,114.75425
-219.84953,-1571.6353,144.34229
113.36852,3762.8018,99.03513
-29.257948,181.29234,150.63165
-159.56761,-382.40262,146.72327
62.994682,432.2605,140.40288
-85.26448,3734.571,68.42618
-147.65872,-6.9081645,129.94272
-19.73752,-162.92805,139.42741
-174.1238,1350.4248,114.46
-176.6189,-1058.6704,135.82573
-58.065907,-1315.2407,116.71567
-47.89271,580.30695,116.042946
-120.23297,-611.452,143.34279
-74.031006,1022.2021,124.41628
-146.56288,1138.9485,78.22603
1.4668503,-652.15234,152.74924
1.448575,-1482.3047,147.52785
-176.02455,-158.98842,122.35214
-187.19632,618.61633,109.04573
-281.51947,-977.7213,130.3227
-122.042725,-1061.098,142.17874
116.963165,1210.519,143.23543
-34.13525,1937.6671,119.61574
-3.7254171,267.90128,148.70769
356.47748,4324.156,116.433876
-108.032326,669.83704,137.04388
-179.55052,-1204.5549,138.43018
121.89883,-259.61856,130.42976
-137.84386,-1309.4341,121.94896
94.789246,-1014.63965,154.98763
-126.125,-2768.0984,144.17628
-91.807884,-1081.3889,157.14613
-205.0937,-976.54724,132.41188
-40.17054,2403.1497,110.11781
-290.5272,-2241.2422,123.429085
-177.54987,-518.7009,143.1192
-183.67163,-1229.9165,147.59735
-75.10974,1268.4253,93.0872
-67.85017,92.29771,148.90341
-332.4415,-2348.5505,126.63486
215.032,5505.0127,91.7072
36.491234,15.104713,141.68945
-38.162605,890.18146,154.95998
-2.5213003,-281.58194,132.18776
41.593307,262.55362,137.66809
-251.16542,970.60284,111.10226
-113.7121,-726.37695,154.25046
-114.40556,36.943947,115.549965
-317.9429,-1960.8921,118.30394
30.344368,1108.5378,132.68076
-215.02115,-775.2081,127.62289
56.85147,349.73883,133.7329
159.32681,-887.3452,163.94788
-55.84547,2361.5884,110.6592
-77.757835,-2067.9617,141.14824
-269.9024,-1102.7668,122.99818
-448.21414,-2007.5469,104.347725
-183.66454,-798.27356,115.447685
-14.559266,-145.00087,142.82755
12.228608,-1333.9829,153.41393
-74.311165,-91.410484,136.95856
-5.870265,-1507.8357,157.55618
-112.19296,-1082.7028,135.9874
-361.78217,-506.41373,102.793976
136.86311,2843.963,101.46062
-34.639122,113.96818,146.51178
-38.512383,-771.8583,142.4586
39.75878,-986.4238,156.73022
97.332016,-463.3644,162.32875
-156.83618,966.8057,110.28791
-319.17215,-2462.879,112.40549
-111.84294,-289.69193,135.23827
123.325226,2360.3726,139.81091
-241.33931,-1410.0952,143.59195
-239.17126,-1046.7772,140.05833
-79.50498,-1504.501,155.34508
-109.81537,-1883.7261,134.30908
-134.3651,827.83167,126.92112
-173.56941,-1673.594,140.48323
-59.646816,567.337,142.00848
25.459679,-74.2803,131.76471
-225.2188,-2404.0237,125.78038
203.05846,3619.504,89.594864
-165.54118,-3154.5947,133.3683
-52.251476,2303.1604,106.45081
-192.42404,-602.30457,107.43346
-258.03806,-3556.2913,130.81075
-237.11879,-2506.0234,130.66151
-29.08003,2316.6714,114.83966
-133.58772,-254.20473,123.10172
-237.49602,-2345.5093,134.85913
-122.77547,910.12415,114.66263
-143.33905,-982.448,127.92011
13.233997,1917.9608,146.86897
-90.2355,1030.1743,129.83795
-86.42382,-849.8207,145.1845
-71.448135,2565.713,98.5507
-320.55096,-2029.1438,114.89579
-24.818933,997.7835,114.908554
240.20029,2307.6167,134.77959
27.672651,684.0355,120.3106
243.17778,810.524,162.86502
-28.329779,304.58835,124.72044
-40.10184,611.19196,137.51762
5.0895195,2781.906,112.929886
-84.69355,-1776.8018,156.3208
-65.895355,-1347.4731,141.04897
-368.50723,-1413.927,110.86573
110.51292,1218.5383,140.96158
198.90714,1536.4314,135.87697
-48.938496,-1510.4463,156.5553
71.72894,506.52618,121.33035
-16.812338,271.36276,138.15805
-144.24567,-221.45851,128.63899
-142.53627,313.29575,115.88096
253.51778,3524.6074,122.81125
19.974651,3011.3455,105.85605
-224.28294,-2034.8186,126.9959
-15.9143305,-17.821068,141.78883
222.81871,1225.9235,122.8839
-226.52429,1568.8395,96.12425
194.84264,1750.4697,131.05153
-298.36252,152.12352,108.73595
-31.069216,78.41276,127.76961
-48.05982,79.35453,139.84193
-85.85766,-1225.4534,122.90459
-283.45786,-1710.885,124.68667
-140.3335,-1261.4607,141.67786
-139.85356,-838.3817,137.15302
-252.23543,-915.29126,117.85447
192.23654,3941.7292,91.70051
-132.4983,-633.2003,136.18605
118.94471,637.90326,133.51933
-86.199196,1060.297,125.414116
-169.61171,1120.0194,97.63246
5.7354097,2191.5593,103.85433
235.07115,3960.9988,118.62888
6.8547897,1763.6971,110.36502
-29.74378,1568.3278,131.73523
-3.9747477,1715.7213,96.94358
-8.11485,-888.90466,150.69301
169.38281,2426.0012,130.56842
-136.1186,-622.5647,132.61862
-122.926575,339.20334,115.099815
-205.47876,-166.62965,105.94251
-7.6138372,-560.02966,135.51088
138.76337,1283.314,139.21587
-112.50879,-262.90384,146.37729
-206.24586,-1045.5782,123.22439
-165.76256,700.5094,127.69992
-117.604416,2855.3267,86.45021
-131.78372,-459.77835,145.94017
-151.83195,-1492.6106,125.86946
-41.55354,1787.402,101.31961
-281.124,-2040.6887,132.7415
-193.43098,-1821.9011,141.05383
-458.00146,-3063.437,118.90394
-192.83052,-1128.7738,108.252235
-313.8706,-1411.4624,108.04336
24.0804,-651.43384,162.27057
-202.14981,-634.98816,129.05038
-101.009476,-1311.8628,144.98878
-458.52963,-3840.1086,120.3711
-32.26712,1873.7377,124.64093
-189.80194,-732.14685,117.74658
-127.019684,2254.736,74.58653
-248.32625,-766.74634,121.81573
-9.353545,2288.8953,98.955696
-299.31357,-2371.7708,102.75252
-409.8141,-2623.03,127.62877
-328.79663,-3114.8904,130.4118
45.55019,1838.911,122.72032
-12.904969,1465.2004,118.0532
-137.42377,-690.90845,142.88159
148.43578,-1280.2585,162.4969
-149.69809,1129.1458,134.83652
-134.89279,47.52836,120.19779
-8.76521,1119.2122,107.22904
-105.49797,-912.8191,143.29195
-239.70018,-1703.1887,139.05255
-170.24303,-727.50525,137.1086
-123.3526,1400.1619,97.99351
-281.74234,399.3977,107.107796
-203.1883,-831.2401,127.05183
-261.774,-2928.2434,147.94208
-360.09235,-1383.0161,110.683235
-226.25569,-1365.3936,145.33507
-313.03094,-2230.4958,118.83873
-199.0001,-1589.7048,116.06871
92.859344,899.84094,145.40974
-195.75374,592.0305,108.58633
-171.39693,-237.67873,132.25847
-215.76912,-1206.4883,115.29267
-97.441956,-1229.7524,145.14587
-160.07375,-162.623,113.614746
5.4704227,590.88525,139.7763
-409.34998,-1883.7146,113.309784
-49.8362,117.77537,100.16169
6.7940035,599.5668,139.28772
108.376755,34.221718,149.9478
-119.08113,-1704.2554,151.90883
-174.81772,-1156.1748,122.24593
260.79382,5118.402,89.16272
-169.98769,-591.2344,138.11813
-290.99985,-1309.8845,112.79643
-39.28673,-712.46423,163.63484
-100.35257,1383.1173,113.11904
15.480793,-193.76967,146.56416
133.69789,668.0615,128.54628
-252.10454,210.56963,98.721054
46.854115,-615.20544,138.54028
-68.33825,-1071.3123,139.34122
124.4989,1799.58,122.290825
-26.257303,1281.1495,129.81282
-162.11465,-143.99611,130.74405
-329.26987,-1675.4897,127.09372
-179.62064,-588.61084,151.58847
-269.95502,-304.5894,109.81189
71.36703,2717.6416,109.79376
58.25349,-1179.488,139.84015
-29.067091,1147.7018,96.048996
-245.79063,-2030.9153,128.26642
-416.7422,-2820.167,118.45588
306.26834,1401.9879,111.49687
3.5083017,-2157.1768,133.44676
61.119644,1899.4952,125.287636
-204.05319,-714.3862,133.18135
-220.24014,-800.90515,122.13518
13.921217,-768.47266,150.29822
-217.52377,136.94017,117.54712
-22.389345,680.5435,141.1501
-268.44443,-2702.6711,125.67136
-9.339515,-90.81405,118.240524
-241.24376,-1811.1829,134.19836
-126.07718,582.8999,138.69398
-57.8903,199.97789,126.4625
-77.367035,-608.7999,153.97665
-188.6366,-2539.8992,137.02417
-135.78433,-980.4397,129.83289
137.67598,2276.653,121.44091
-148.39157,-1630.7737,151.50401
-240.85435,661.5125,114.69271
-116.2699,215.27757,117.38509
-209.7474,-2723.8184,131.99522
-195.06364,-772.53613,153.84471
-58.072285,-373.1641,136.68506
-264.9991,-1316.3965,125.93175
86.11431,31.002724,147.13297
11.767074,1080.0538,137.4628
-358.1403,-1322.8584,103.551636
27.499063,-455.4059,151.01466
-75.82125,1810.2152,121.754135
-59.02293,-268.08414,127.27733
-233.1158,-2241.6663,134.71526
-212.20383,-1187.0333,139.78546
-250.94054,-843.5447,125.136765
-152.22298,-197.61232,124.6636
175.31064,3591.5447,101.36111
-102.79426,98.40562,136.30273
64.0791,1125.9371,109.57087
103.50835,411.81592,125.3745
2.9043941,1150.1709,124.69519
-197.17578,1696.4487,91.29108
0.36987588,1486.0801,127.73743
-182.67818,-3149.6511,157.06374
-1.302537,3200.6501,117.06026
-237.07208,-2222.2283,150.12671
-47.14552,-989.0724,152.55052
-330.169,-2788.8643,126.3479
-99.149925,-972.4238,130.58504
-211.03214,-1732.1572,132.31935
-242.21263,-2018.0461,137.5396
-44.792606,-710.8439,129.83014
-114.53621,-2088.1897,139.09819
44.139256,1281.2267,140.02267
-380.48563,-2517.9536,132.64665
160.08383,2020.9258,123.0487
-116.65758,-903.73364,119.82239
-242.76176,-2413.148,134.69737
-326.50638,-809.16895,100.10784
112.12974,-716.19604,151.82312
-161.36562,-3838.8386,145.76234
-56.51254,-2208.1177,164.317
-4.9798594,-1202.6245,154.68883
-111.40193,1128.6769,122.52599
-66.16911,-223.93129,158.108
-275.02863,1648.8514,77.85767
-156.432,610.9756,110.06882
-150.2496,179.94975,127.42694
-139.44435,31.901833,126.9542
-340.5649,-2375.7627,129.73323
-13.995282,1545.8441,127.17243
-196.10042,-1939.9663,140.83809
-47.821537,-1057.7294,136.80592
-66.50083,-442.3826,131.49033
-112.98341,-916.1344,133.62389
-30.131292,1809.729,113.243004
37.087456,-104.98409,150.85098
-57.41173,1317.3944,88.79731
101.31953,2226.083,102.69412
138.13385,1779.5961,137.90936
-89.92001,-2200.4668,155.10773
142.6333,1034.4501,146.09741
-308.09415,-334.53128,104.30505
55.445896,2899.7534,99.609886
-136.01134,263.77774,117.03331
-80.074356,670.7487,119.72986
-198.95625,-962.3015,130.511
-126.39029,-1598.9773,134.85698
310.5028,2650.2312,135.7654
-378.27734,-2629.911,120.14414
-170.39288,-632.29675,112.86014
-61.332996,1004.0547,132.55049
21.568176,1163.1962,105.3598
-147.68259,-3251.0256,145.12897
49.86205,1922.0271,111.80512
-54.95064,-141.81795,115.550606
-134.30493,-1738.4775,138.2776
387.46927,2834.4824,118.54592
-233.79182,-796.4064,110.28991
62.975094,875.57367,131.98273
-150.86288,132.56847,125.81839
318.973,3956.8787,110.13454
-75.681076,681.00055,107.67196
-104.93416,-1504.509,129.51874
8.532954,-1674.5046,146.82744
-31.376204,2963.1016,92.16648
66.89898,964.3072,136.52806
-187.22571,639.267,123.189186
-204.83096,647.1662,117.066895
57.21031,2742.1897,123.20604
38.99037,-1202.7744,173.11656
-60.776974,935.1961,106.13756
243.81245,1856.0336,155.98296
-312.8256,-3644.5593,145.71248
-184.82002,639.6828,106.67662
-240.79143,-1360.0334,128.16223
92.5152,1277.4948,135.41924
224.27821,3077.622,136.13327
-54.86072,161.64848,126.67183
19.444921,2221.5505,116.13932
-60.733807,-1212.8433,140.0208
-121.06645,-418.44778,134.32378
174.84338,1206.8307,125.26703
4.6688147,-1379.5566,143.31544
-141.36397,-1202.749,127.39291
-265.73917,-956.0454,120.597565
-74.29877,-8.68557,131.51355
-54.002476,-32.429893,152.07443
-325.08682,-3883.6384,133.52286
241.65134,357.8446,150.68008
-188.69461,-641.6057,120.23896
-181.26376,256.31137,119.14437
-87.3868,1610.2074,118.979
177.90636,2896.4597,112.56217
-94.7763,2115.5034,107.71425
-157.41655,385.1652,108.49543
-65.350204,2054.5483,123.69377
-11.703338,294.59995,128.81697
-132.06688,-751.2169,140.17628
-144.47786,156.35112,134.69199
-417.2662,-2801.9421,127.70654
-139.87335,-654.5,143.36452
-70.379776,564.7687,137.9238
-55.180622,967.67505,141.60855
78.50198,1380.2078,96.669495
-138.68796,-117.18618,119.1618
149.87503,3153.5532,92.137886
-61.705135,-761.09827,144.50261
-201.74556,-544.0255,136.04909
-69.77265,890.0532,108.12025
-184.97327,-791.25964,130.80632
-155.55785,-590.7245,119.02106
73.39932,-1118.4064,160.58812
-250.10051,-1355.7087,137.46013
-237.66754,547.8754,93.95128
272.3062,2908.9116,117.14687
-274.39395,-2549.009,147.65869
23.319593,2105.8435,125.2436
-127.20758,259.11893,105.47488
-308.0745,-3253.2034,129.75108
-173.58128,873.83105,117.60827
-26.547346,-0.6556622,154.75388
-15.065566,266.7313,126.35053
-331.94193,-1911.2017,141.92464
-187.03328,-2401.8079,139.31085
-292.68124,-2998.413,135.84137
-242.106,867.82574,98.33608
-34.847824,1402.9004,106.88537
-267.15005,-1651.1187,117.54496
230.72346,3440.1812,119.52687
-366.52066,-3324.6726,139.95346
40.564552,1439.8479,110.59118
-218.1237,-2042.6907,129.09117
168.45152,1655.4851,126.312035
-18.728495,-766.786,153.844
-249.35493,-1113.0092,124.85921
-267.24612,-3507.5842,139.36647
13.446408,1320.794,133.2471
-27.829885,-571.9435,138.72697
-112.102325,1409.1575,111.77882
-229.4263,-728.07104,110.49206
-47.98534,-51.508812,114.9347
10.353655,272.28232,137.78772
-53.808002,-807.1721,151.91551
139.67572,1914.5258,124.723526
-11.683625,390.24817,137.85962
-177.3082,-2236.5073,138.50514
-60.75519,-814.4802,163.59668
-232.33612,-171.77968,105.321625
-16.893816,-535.4606,147.74014
-22.033262,-191.5265,130.42772
-111.26225,-1.4058453,120.15834
92.95742,1149.5135,142.62312
-165.97137,-414.08133,117.67197
-192.65201,-1186.6754,141.96227
-301.12622,-1817.7705,131.86992
-352.69833,-2561.5862,120.4442
-229.88411,-2188.0654,149.67824
-160.75163,-1590.9336,139.53093
-100.958206,-1829.1135,152.80363
54.63726,1864.5093,129.9256
40.506367,814.97406,142.87375
-147.01373,-211.22035,133.06609
-122.113495,-873.6417,142.83128
-506.65634,-1315.9346,110.156555
-273.12018,-3059.2158,134.33893
14.404394,586.74005,128.24458
-135.01698,-1232.4236,124.96763
37.921352,-124.5433,140.93495
-175.50175,-623.9636,138.42384
-315.0388,-4218.065,136.86278
155.23145,1448.8586,122.278946
-31.308588,-315.45767,137.12163
-40.953957,-2040.3491,158.35869
54.89643,669.373,129.18333
-105.27298,1341.0898,110.91718
-214.61649,-1346.0222,122.96911
-135.65245,-989.09644,131.58939
202.64162,3722.5315,102.74522
442.06003,3286.9448,147.89346
144.55185,915.7314,139.85303
-237.58795,-1716.2131,131.15034
-11.558101,-1106.8693,139.70859
-297.80725,-2547.4683,132.51566
-260.26712,-669.82227,121.66918
-46.36914,389.28864,116.93272
-203.57785,212.0938,122.797195
143.03967,676.432,147.02422
-272.19385,-2646.4404,139.18123
-21.08512,1915.6406,129.59933
-233.09329,-1676.6511,127.28062
-43.96188,710.805,136.4066
75.59724,3859.9468,108.200424
-37.442513,1657.0294,103.93421
-202.84805,-365.32877,124.09303
66.335526,605.3323,134.6791
87.74912,2069.3184,134.01477
168.21535,1077.3943,149.62312
-229.48697,-2731.1013,155.27509
-75.91199,-477.5104,137.06366
-378.1265,-2333.954,123.37421
-10.84368,-1126.8586,156.88828
263.57095,1976.092,114.76067
-158.63449,-1600.3425,150.45706
-143.30171,-698.5692,119.301544
73.12395,53.12864,125.86992
-1.8536272,1908.8081,107.21246
6.7440033,989.8679,133.97957
335.04407,1101.3208,167.22214
-33.36283,-1434.4182,141.6874
-118.740295,206.15575,89.51718
73.2281,933.20575,139.75421
-197.11394,1171.8434,76.98677
186.4374,3034.099,144.80455
-253.66313,-3404.7996,142.87273
-153.01837,614.33435,123.12326
-185.54295,-1938.8433,137.07806
253.3919,3002.7212,137.29167
22.877897,1492.8356,131.31592
-317.02396,-1884.77,140.68988
135.99583,4680.34,93.66991
62.706963,647.17896,133.1682
-37.144775,-590.2511,110.67545
-266.04425,72.427956,118.23758
-179.5976,-1763.7925,139.77219
358.97156,4474.3457,125.01652
-112.64671,277.5967,138.68314
-53.801968,180.70042,146.30914
-318.38196,-1588.383,124.16765
-26.805143,-1079.5127,141.50385
-83.2868,-886.8009,135.96648
168.61916,2201.3066,131.54816
320.72778,1994.3943,131.59644
-20.669352,621.60876,130.01067
-3.4969492,-775.3307,116.87001
-284.64038,-1724.752,131.67645
-0.8341818,1865.6688,118.102936
-173.77771,-2661.1873,150.77423
-223.4221,-401.8682,98.731155
-77.00499,1106.0852,114.38064
-97.287384,528.13715,119.99693
16.483046,1989.1697,104.839195
-16.49203,-344.574,154.189
-185.22856,-514.8721,136.70909
9.821467,1601.1882,124.32509
109.93364,-1230.6008,165.82683
216.6566,4539.989,97.425705
-190.81323,688.58704,110.440994
67.53139,1363.6974,126.113754
-27.628263,-380.05374,130.71133
-126.22789,107.5521,130.65405
236.11032,1338.4347,134.09254
41.174923,1513.4844,129.52824
-76.57538,1226.0142,127.11315
-125.64513,-882.52527,134.33304
135.85094,1703.7202,124.76333
-264.73566,-1263.4011,114.81983
-140.00804,-2952.2456,144.72382
-242.2242,-1838.2932,129.28319
-184.07999,-2589.473,137.58443
-333.1809,-605.90283,121.32785
118.01627,2846.943,132.02605
97.08712,2399.2227,135.41592
-177.44852,-1014.13586,134.27872
-80.50367,413.12332,108.123245
-11.100842,-1426.415,147.31102
-174.01884,144.68169,112.47967
1.3875866,831.1336,139.06015
-155.07184,-734.6874,150.90562
-182.85266,617.6859,108.7567
-96.24894,-1141.5426,148.66594
-69.97427,40.237648,157.91559
250.49014,3928.3584,110.657524
-21.206793,2370.8943,82.5476
-72.48475,48.138405,123.88938
-87.93447,1028.0973,133.35464
64.30668,-574.03174,149.29869
28.670723,1985.5305,112.38161
-186.0693,-1033.6874,144.74478
86.01909,1580.5764,123.31381
77.60934,-554.0149,134.53087
-174.99216,-319.80142,124.4592
-290.71304,-1593.8882,118.13969
-158.29002,-602.7456,128.20096
-51.81497,232.52971,151.14796
-159.9665,-467.09012,135.70363
-82.09519,602.6043,134.94855
-285.69302,-2350.3928,120.99562
-150.21164,-1858.0315,149.60352
-37.04414,1494.968,128.63141
-366.8787,-1450.6133,119.167755
-335.04224,270.19095,97.94429
-48.868053,238.78587,135.5012
-256.6356,-334.2753,123.66119
-50.4959,1293.801,119.53226
-363.38852,-781.1094,116.39458
122.90751,3600.8567,93.61598
-43.78032,484.30493,150.15018
-97.74077,-366.9739,126.920654
-320.43317,-2259.8613,119.7235
-98.63514,-2068.3892,140.38092
-119.9129,-4000.6023,154.23833
-151.22475,-1726.2749,136.76752
-30.230883,-5.073936,128.48595
-356.4298,-3077.18,131.03246
-328.60962,-715.3124,103.176125
-127.013214,-68.42147,123.04766
-21.80731,565.1089,144.66017
-39.43818,-873.8042,131.54303
-69.79202,681.4528,130.1396
-342.92114,-1644.9629,135.37747
-227.242,-946.35144,114.465866
9.508656,1005.56384,134.28645
166.50525,1657.0419,134.68896
-25.24198,242.81297,142.2331
17.632372,-812.5957,151.71587
-99.64653,-917.68567,149.69305
-82.14229,592.7633,135.556
-162.27707,-1104.0787,132.53148
93.953354,1103.4065,138.89697
-178.97063,31.177773,100.75135
-340.16986,-947.8076,115.918144
-266.84164,-1032.6053,114.90488
141.19916,1094.9989,109.67424
-242.18175,-100.42776,124.814476
215.96164,2289.8054,116.22562
-170.92075,-499.1608,109.174644
-286.86136,-1186.1437,112.8477
123.274475,981.43146,136.9158
-241.04631,923.194,91.68608
-144.58041,665.2298,127.37575
-280.1577,1353.1602,108.51876
-11.55885,2573.9543,108.07386
-268.9574,-1947.5691,141.10704
-369.27832,-2058.8804,126.045715
-87.31248,-54.407066,125.165215
-61.64474,-389.13895,138.4867
-176.03111,-1177.0818,104.55676
150.95702,2493.1555,94.23902
-84.99856,29.396706,125.41676
-64.110565,-1869.9512,155.40654
-41.480083,625.1266,122.32408
-29.024668,-956.3435,151.53192
-224.96657,120.7822,113.92787
-6.4052725,2386.1724,106.681435
-6.240258,-272.3771,140.29997
-94.28225,-2661.6748,156.33244
-26.790316,1479.8044,113.63492
-165.37566,363.92957,120.04359
47.855824,2415.0886,128.60785
64.75384,637.7459,152.95554
68.09002,4565.7085,100.35079
-102.21261,-2835.5535,153.00623
-1.5962458,1496.9761,130.19589
11.052347,-2896.8218,149.08636
71.22455,520.0542,114.1612
100.13621,2600.2732,95.08552
-27.702272,996.19775,120.56599
70.15097,-111.05941,139.99406
-72.077034,559.82056,111.940094
-114.40019,3006.6895,95.902855
154.35626,3568.496,102.86588
-75.24899,-557.058,148.77771
42.686638,-1638.5674,161.26576
-65.419014,1365.8636,118.0117
20.306236,101.618385,134.11253
-228.70161,-49.396446,127.77768
-118.8253,1461.5002,120.076294
-70.83268,-1316.9158,137.579
-101.73684,0.3507465,132.55084
-173.008,180.52007,115.731865
-199.52586,-1440.6428,129.16833
-274.4704,-2754.9185,135.13588
-184.00471,-1983.2275,143.62254
-150.33496,-1997.9062,146.80899
56.65327,-2372.4492,181.21246
-211.35794,-1972.0242,126.302
-337.1407,-2058.8215,126.63568
-43.88328,1034.0162,134.48148
-35.39931,-553.85645,123.25172
-76.41499,1174.0676,114.24177
-243.7582,-1969.8389,122.571815
-58.377003,-558.8998,118.52782
88.68399,1343.3851,132.40627
-39.24703,1213.0613,125.81992
94.501076,1551.7532,139.54024
-177.22664,-1319.0457,149.45035
-265.82755,-1849.7815,125.294014
-163.8262,1414.6937,120.81981
340.5836,3152.5981,142.36809
-80.84133,-843.2637,133.80664
-6.3828,2481.8228,112.62126
-1.8440866,2009.0386,125.12747
-79.60105,-90.680626,146.68701
59.88647,1859.029,105.59311
-430.3511,-2284.2778,129.63194
-186.89977,1005.9678,98.322136
108.48132,1007.9341,153.62505
-57.329243,2378.006,112.39968
-321.98953,-2380.7107,125.22883
-70.860535,-505.4031,119.462654
-162.63292,-1028.3622,134.8466
65.45705,3660.7314,87.11601
-444.63266,-1809.7446,110.99218
-122.25264,-1697.5657,144.73697
99.64524,296.929,153.06152
251.6598,4561.313,116.88035
-112.31798,-1304.9646,156.93169
-35.119007,-567.34766,135.59114
39.17434,1574.8284,136.99005
-362.16937,7.976479,105.659195
-8.293502,1426.393,112.74915
-164.27628,859.66754,101.69243
321.39835,4045.769,93.16856
-72.928215,-1861.8042,162.1913
59.57551,1635.1083,121.477
-373.8287,-674.5409,111.093864
-7.3105536,2491.162,119.90066
-76.81681,1080.5521,95.71607
-54.673313,745.6378,135.97108
-309.45825,-1099.5455,124.82173
-209.02927,-1454.6125,133.85178
-232.02124,-646.28784,139.9083
-259.99963,-756.3026,135.95314
48.464615,-2032.8416,161.26262
-260.2426,-1079.8384,132.52066
-54.544643,1115.0042,132.92535
208.79445,1017.395,136.56473
-45.312164,-2270.373,157.59645
173.84718,1083.9797,168.8216
-187.14116,-387.01566,121.50708
99.87952,1956.9945,139.20149
-34.701176,-720.1427,141.04233
-379.34427,1226.4225,80.44555
-116.53291,3716.008,74.7524
36.33822,2875.2002,105.135025
-118.27028,-407.62955,124.86248
280.8148,1717.0032,149.00507
-137.7702,-371.36075,112.89064
-300.31302,-3118.1143,120.65985
183.0377,2825.3904,116.09532
-78.669174,160.98271,146.90219
-149.66869,-620.1703,132.2638
-173.35912,73.50132,127.85913
-286.27686,-3525.2957,128.29193
-270.7139,-2727.5916,137.6051
-8.467448,1242.563,144.07327
-195.21204,-3442.036,152.23035
-115.40674,-1990.104,146.42044
-179.10947,-321.89456,141.6457
30.365808,-2270.4316,160.14429
-238.64438,-1012.5984,116.1491
-73.742035,2783.554,96.83246
-126.30728,-1063.1102,126.6525
-90.355156,783.2333,136.97699
28.992111,-264.5021,147.0904
-177.67322,705.52496,104.2696
56.721523,-70.63131,142.97949
-38.72618,2733.4634,117.61805
-61.845943,2333.231,108.25344
-188.36877,1863.0511,111.0118
64.06428,275.0314,121.70375
28.004463,-767.2379,139.77658
-132.52501,-624.03894,139.42198
7.347767,-1138.418,157.27197
32.176212,1196.5006,128.72485
-237.1435,-683.87756,113.99288
-182.71681,-1848.5627,136.49658
-185.94208,-1574.582,125.50124
3.3012,-828.277,164.66095
96.49676,2401.0432,116.40491
-29.216028,-264.45377,146.90219
-404.05582,-737.5193,106.254395
-67.43213,1219.4265,121.44319
-143.67525,942.02124,109.748184
-232.09427,-292.06168,128.2255
-104.02801,-1755.9429,140.26407
-23.32475,-132.5508,145.8257
-71.41208,296.94595,137.48149
63.35205,-405.00552,154.63521
38.550034,2030.1554,133.80092
-73.47411,198.69023,137.09181
161.31654,145.36552,158.31401
-49.608326,3709.482,71.11859
62.29412,1112.2748,119.43247
-352.8255,-1769.1511,143.10056
-12.878341,-302.553,134.25694
-58.248417,-518.1626,152.33966
20.891428,3259.696,91.58957
11.098976,1837.3822,103.564804
-85.2204,771.2258,122.605316
-83.33901,-1627.3103,149.39124
-168.82759,-741.60657,117.94962
-10.70193,156.16771,153.83348
-67.04124,475.63806,116.23014
-263.14682,-3184.472,164.786
-255.653,-240.34572,106.7471
-130.25856,2437.1133,101.62011
-110.55287,23.956642,139.65005
-266.15543,-118.98415,119.925476
-166.97481,417.62833,118.04764
-33.758755,-2043.9971,157.631
-189.007,-2455.4492,146.84291
361.49203,892.7313,162.9842
-204.63751,307.34512,121.19777
-73.945595,1481.5007,97.42343
-333.42285,-1231.4834,106.27156
-72.79589,-238.72377,138.59138
-313.05637,-2271.7021,141.83409
-164.81697,-119.15023,117.397316
-238.2162,285.63046,110.18712
-243.17287,-2206.081,150.52452
-126.50929,-524.7838,138.22313
58.635143,25.887611,142.71288
-148.36127,-4417.016,175.22112
-92.209785,-410.02945,138.23329
-50.51739,98.76542,153.12564
26.623266,2193.6199,125.37631
-86.643684,451.82193,135.43088
-219.28975,-669.5314,136.71216
100.45309,2728.449,102.239075
-391.33392,-3701.9597,132.99272
28.298267,322.47025,126.988
-45.87174,-935.6377,142.35774
34.037838,155.03587,137.23997
46.60164,-385.7869,143.70227
-174.30792,-167.67018,116.92818
-99.21355,-1171.5795,148.11406
-150.73338,-2759.239,130.25734
-266.74475,-1206.7292,117.91617
288.77374,3873.262,131.48685
-325.57773,-75.26467,89.25762
-201.47993,246.54753,92.898155
70.101006,2159.897,88.74086
-48.3365,1509.0323,106.207794
-176.47191,1291.5981,94.9995
-240.35445,-2245.576,135.60541
147.72997,761.36816,149.96254
-67.84843,304.56558,134.17897
-228.54625,-2150.7434,137.20888
51.113457,-59.48513,141.27
-31.864603,665.3949,126.274376
211.29367,2450.2698,117.22885
-88.73953,-2632.5764,148.78024
49.49628,-547.89307,138.0644
-263.68204,-1514.7261,130.38129
-128.7718,1142.4445,114.87927
-133.48225,691.7348,122.73058
-224.84859,17.336708,129.82169
-37.197468,-1166.9674,150.70851
-5.9922304,1414.1464,122.62299
-154.9516,360.8386,109.83618
-209.4907,95.78477,121.38615
-17.47093,132.21452,128.92728
33.182247,2604.6274,113.63967
-89.55382,1031.9878,118.82067
-214.95595,-1001.4739,147.6522
-14.325019,125.1215,140.03827
-176.78932,-2655.379,143.6518
98.647095,1170.2264,142.30574
-90.105545,138.32848,138.72823
-131.64891,-746.177,129.52505
-149.98605,923.23035,104.59338
-188.60347,-1228.0154,126.235664
-325.99088,-3697.7625,138.61531
-371.90582,-1791.7788,126.74009
163.90372,2800.5835,125.14609
-148.68935,1075.7615,123.58572
-56.34244,-1664.8301,133.79156
-257.55295,81.81034,95.31195
-37.68914,-361.31802,148.74615
-13.579738,3272.1719,60.09762
-300.56024,-1551.1304,114.091385
-130.40256,-399.77603,115.9555
-179.33653,-1147.9801,135.80385
161.20857,1654.864,101.576904
-58.93649,125.94468,134.1084
-97.45413,869.9076,109.18143
16.103374,850.5045,123.59995
65.70671,502.65274,145.11667
-189.0091,-876.0558,108.796394
12.073453,2182.5967,96.928246
-75.82197,77.3693,115.87557
66.957634,2199.1304,123.45715
-223.73775,-2071.1177,121.14212
-116.156906,-3812.1921,151.42499
-191.28148,203.89153,131.9703
-68.83818,1304.2173,117.349075
-120.22275,324.42416,136.05688
-262.62756,-1596.1182,119.5638
-175.81743,679.949,122.00393
-202.43872,-899.52246,137.79381
-37.611633,94.30192,129.80222
-195.05537,-3527.9534,144.46013
-438.46936,-3080.5112,123.11165
-178.36345,-1841.0984,150.51074
105.060715,953.93365,135.80678
-295.84106,-2938.6877,146.7899
160.15707,4149.229,94.28468
-190.99773,-1450.5688,132.7831
89.00853,-1078.864,166.20232
-46.10101,1132.4127,106.98339
97.27899,1969.8004,132.31485
232.83948,2979.5964,111.70718
-55.03555,544.7552,118.29928
233.3834,6319.7095,42.032326
-117.497375,608.33655,115.48195
-259.9503,-1239.117,104.83474
-169.36691,118.195656,121.27628
-17.771208,1687.7418,126.3414
-37.5921,-2011.9458,143.70932
-247.90364,-1121.7792,111.21203
-23.16786,501.49298,141.34076
-355.73788,-2623.903,109.63004
-233.46501,-107.37002,116.52105
-42.57366,504.77908,143.65575
6.473427,260.4122,143.42543
-198.43462,-1603.8835,126.295166
25.771458,1399.4125,133.71565
-268.59677,-239.22719,102.08221
-33.229748,-344.4927,142.07916
-201.13597,-1584.9971,122.84113
-153.70987,-2346.692,140.26877
241.39345,2986.7556,128.5155
-130.3088,805.23553,119.68982
-199.85278,101.36149,126.82169
-71.05509,1174.2012,128.49847
-255.7165,-2675.7168,138.0604
-203.46086,-729.527,128.16191
-164.66821,196.15141,126.527824
114.398506,2868.1448,107.39599
-50.438503,-774.5598,151.29787
-206.95078,1597.1222,89.84829
-169.3415,-2008.4263,140.82983
-29.43479,-1175.3309,147.89392
-20.788622,-223.37746,155.14009
-305.74936,-2499.4214,146.56161
375.95355,1170.8713,164.58891
22.698862,1826.5474,136.15068
70.40935,638.25684,147.06383
-245.23799,256.45438,100.1159
-210.24715,-1270.863,138.16672
-62.73267,-851.27295,155.58907
139.59375,2037.3354,121.113335
-188.0192,-1774.1514,129.53345
89.27722,1748.8572,136.97224
-24.838594,1366.3103,104.865135
-105.67129,-1098.3643,124.17015
-45.27845,2229.6108,112.28447
-224.01445,-1814.1104,142.07957
-241.21727,-1075.2562,139.66774
35.436848,88.88175,135.05005
-164.50545,-2426.0264,142.86877
-38.60378,-2651.1143,150.15118
-152.66391,707.09106,124.528206
-295.1448,-784.3926,126.08785
-58.437733,2477.66,117.62662
-186.09625,-1186.487,135.51189
100.79097,1907.5592,92.11164
-335.7015,1071.7059,93.50381
3.7494383,1104.8885,124.20996
-126.98837,-437.61172,131.23148
143.64679,1855.5306,109.51817
112.403564,2107.5554,98.88785
-56.12414,-878.1157,154.05344
-301.62607,-2749.6902,131.34024
-262.43167,-127.16097,116.45952
-65.28652,566.25793,154.48871
286.04056,4328.7017,100.79962
-283.3461,-643.46204,123.17339
-176.91986,-92.95956,129.89453
86.531334,1494.5076,130.43428
-21.014608,-1047.515,156.37868
-216.80962,-838.4833,119.555534
-199.72165,676.2987,126.65724
-19.15146,898.70386,151.21759
-29.94467,412.74155,121.580666
-293.29184,-2418.8699,128.39067
-62.25111,1477.1329,110.32946
-133.26524,136.09862,120.05456
-205.12236,626.9677,102.32442
0.38705727,277.4413,121.92407
3.2401018,2281.1758,105.66613
-385.04004,-2075.0544,133.13289
325.16772,3658.5242,127.5596
-139.87515,1327.7803,91.583275
175.42151,2133.5562,138.41866
-160.14403,-167.33546,131.21953
-103.73763,-297.1282,144.10167
100.56834,818.4859,140.1144
-50.576138,-647.1875,144.90471
-319.76535,730.31885,97.21901
-283.9336,-1887.9563,119.56157
-203.02167,-206.90297,113.65552
-186.58855,784.8911,113.02982
-403.81757,-2313.8416,118.02425
-198.71541,-740.801,133.13005
-302.16943,-2775.8774,134.12447
-195.54465,-102.50973,123.147896
-232.48868,-487.887,125.26793
-26.365297,-127.585106,129.95148
304.0349,5728.2964,93.874374
13.357081,-686.86414,156.83018
-428.8091,-2722.8286,118.10065
-71.608604,692.66785,125.08015
-69.828026,418.30594,116.33137
-45.652325,2561.0413,125.27324
-312.6757,-1190.9333,114.46844
0.03807924,1767.9064,134.07907
-264.26636,-2477.6619,131.70367
-4.7302065,1430.0118,113.1409
-84.23889,-1151.4022,156.08571
109.56284,2738.7505,111.67877
1.8603125,458.14938,156.5032
-80.82448,172.43901,135.49174
-416.7235,-3514.3308,123.51889
-106.13132,1189.2524,104.13048
-213.95282,-2915.5625,145.67027
-177.66219,-1836.0237,146.6547
-224.05145,836.6678,89.20106
150.97304,-284.7947,161.07683
13.063217,3181.1643,127.77773
-169.48355,-25.054161,120.3311
145.52162,1381.3931,114.74819
-144.79874,61.818398,110.99151
-323.10278,-1713.113,115.68099
-142.63461,-658.58325,124.06191
-134.50652,-604.5753,131.82436
-137.9383,223.88206,116.45894
46.003407,1202.377,127.54282
188.05795,2300.712,93.65963
-204.77524,-1313.3757,136.5798
-112.73053,-1828.3789,134.55197
-301.56302,-940.5084,125.64255
-5.458558,1259.5277,110.21953
-69.42761,-1627.4294,145.3313
-12.888482,-776.2258,155.27301
-175.55812,-643.4032,135.14876
-220.82062,-427.3334,127.08276
-11.390817,1835.9773,129.26622
-79.22802,-1352.2625,127.46648
10.947682,-765.1531,157.58485
-196.25734,-773.53577,128.98067
22.448174,2433.4333,115.76634
-91.472336,-2524.6338,158.77924
-215.4369,-661.7457,125.53681
-146.78639,955.6276,139.1994
-153.63449,-1147.1532,139.75542
63.965107,-424.1702,142.57056
-87.110725,-1779.2505,140.97289
-244.84523,-738.391,123.79341
-234.69154,-1302.0271,127.02849
10.275967,525.2395,148.05124
-218.345,-1273.0225,142.0874
-193.77551,-883.5156,136.78476
77.88847,2156.4236,127.34884
65.4558,-120.94253,145.62
-111.37277,-745.1572,127.32519
68.97756,1063.1982,138.17793
-32.88174,1960.8383,117.45821
-130.13885,1074.8782,101.89565
-54.55792,490.7475,127.476
-228.64435,-2908.9238,134.94505
-82.35665,-2210.7576,168.78413
-284.76044,211.77391,102.49422
155.87648,545.393,141.62405
25.152964,573.3674,135.09824
-300.26047,-567.072,117.28901
141.38179,1768.2507,109.383446
28.262798,1873.1752,127.398766
-207.1053,-1938.8394,145.65358
12.7710495,-1491.1606,155.9849
-22.009657,-1012.42993,149.64037
235.89575,3746.507,116.93016
-124.432816,-2001.1038,145.91844
-50.88313,-1174.5868,145.2092
-210.61195,-1821.1047,126.97914
164.16518,792.1055,135.84485
-103.832634,-1508.7812,138.73491
41.005043,1659.2605,108.11229
-162.96724,-1302.8237,135.14445
-112.24722,-168.05348,129.74796
32.935894,2015.9784,92.823875
-216.59062,-1419.343,122.54434
-116.384125,-866.0526,143.37753
-174.9938,-133.26912,101.83375
-72.273,-991.76733,148.23064
-160.61246,-1449.1309,145.19493
-144.91296,-1223.3105,141.0742
374.53864,2782.0894,140.14394
-339.75293,-1336.4321,130.88814
23.019056,-220.4557,129.3603
-140.97534,1266.7201,108.98935
18.76978,2851.5808,78.016396
-134.67116,-1560.3662,141.25565
144.69893,3417.708,116.44702
134.23254,-1046.2136,159.42534
-39.10303,-782.6957,160.0719
28.120644,1112.5076,124.25091
14.76678,1195.1809,148.85858
-57.16772,-24.138023,158.20894
-178.73196,760.65497,111.74322
-277.57645,-1341.6545,134.33372
111.28348,3187.4265,103.07577
-60.673588,505.32596,151.02054
-284.95984,-1785.5925,132.34503
3.5567045,-963.152,142.22969
-6.0087442,2608.0625,104.29728
-27.345255,-222.35707,129.30586
-256.98645,-1745.4956,130.99857
-330.43478,-4102.1294,159.11812
-188.1709,-39.37844,115.63575
-24.909716,-123.28207,131.89478
-240.30614,-174.09328,120.83221
-9.186946,-1071.204,159.67584
-63.285954,-1553.5427,149.80666
101.67066,-1061.8171,153.03543
-251.75273,-2378.9885,133.53818
-323.66077,700.0986,78.672264
202.03687,1338.996,147.95003
-142.14804,386.9973,129.57056
18.278833,4.43998,152.7145
-221.31485,-1244.6287,124.65352
-192.52544,-82.36367,113.0062
-182.148,-770.87524,137.57832
-112.02374,3524.2058,75.39416
-160.23503,-292.76028,129.40784
-210.15984,-795.7477,125.815384
-221.35185,-630.0752,116.977066
-130.63676,849.0918,123.745125
-241.98305,-1343.2205,114.86221
-44.604122,1065.6896,121.21019
-18.504488,925.65015,104.87929
-99.7384,-592.69507,141.0662
-150.012,-1060.7394,155.74982
-466.74792,-1352.9116,101.299255
309.51135,2653.9634,126.222244
-107.975494,147.20586,114.213646
-167.60942,121.60081,123.52468
32.418983,-734.6936,152.48647
-47.796795,1513.0162,109.88412
-67.55739,-2740.9255,161.03719
61.073723,162.54613,122.56398
-43.486736,-790.05774,139.13506
313.78522,2169.7607,152.03564
84.33016,663.2678,127.704285
-293.6393,-898.0327,106.53283
-322.49136,-2200.0884,111.732735
-67.205894,-1321.804,162.18578
105.58896,3042.4592,115.31407
-69.91661,2457.4104,99.64601
-156.39395,-2878.1865,141.93129
-185.38547,47.106422,128.6779
-208.95972,-579.9155,134.11218
-241.9409,-1113.7726,125.14484
-72.71423,-708.02,129.66046
-218.07155,-1282.8401,126.45769
-75.543884,-1499.3364,145.03946
-225.93849,-1989.427,120.94402
-218.60626,-775.1874,128.19406
-165.48283,-293.0369,123.83634
-83.383125,367.11298,121.52255
-58.21957,277.0115,154.19698
-132.76883,-1131.6387,124.93324
-196.3906,671.3794,119.19969
-74.782936,871.1568,118.426735
139.91556,1350.2653,115.25848
16.039568,2955.9644,84.178696
81.218376,509.06155,152.24887
-235.96277,-2190.977,135.1986
149.3663,1467.0875,133.38368
-382.57516,-209.17018,90.16782
-261.22208,-633.3458,124.603455
-268.17404,-740.3656,112.894646
-335.25235,-3879.0735,126.42562
-65.47787,-808.973,135.1938
-172.07103,-2125.5667,147.37982
60.499542,-683.1345,158.59998
-209.44403,1223.6766,81.81238
153.66905,3062.971,104.79344
-142.1229,353.08493,133.03163
-110.17254,1288.6892,99.752235
22.020937,548.91223,139.61157
-73.643875,738.057,122.75775
-70.91412,832.06476,132.52956
38.97998,-1411.2666,166.89594
-53.185047,2170.6296,111.369736
-325.61945,-1226.8667,111.52745
210.21281,1628.2313,138.9539
-7.0978327,986.282,140.52223
-152.0963,-659.2615,128.16414
-82.93442,-2177.6555,153.81697
-14.67435,-599.7833,158.91945
-73.29862,-1986.8821,140.35481
-212.4365,-1689.1333,140.9209
-315.12265,-426.70926,113.20208
-182.61229,-551.36426,125.96834
-282.60492,-855.7809,144.17645
-334.9575,-1236.2368,121.272285
-219.88329,-1264.3645,127.951225
-133.47534,-316.54324,128.9627
-311.10214,-2070.558,135.41188
-11.816106,-1772.3606,168.83443
-77.87408,963.32745,99.53602
43.66287,1078.491,127.81195
-93.69037,-1252.1567,135.9085
81.293846,2113.5916,130.87056
-77.353424,100.7465,118.99858
-228.44113,45.343605,116.17028
-214.90076,-1823.186,134.1113
-94.82034,1895.1918,112.12398
-134.45436,-909.2483,119.363785
-61.74329,170.74992,142.44226
-31.611456,1448.7177,114.59516
-131.19681,352.14703,110.91911
-212.1262,-1122.9288,131.96167
-70.4807,-650.6289,134.03316
-115.895355,1449.0857,118.667076
-75.76378,-55.969383,136.07466
-352.50925,-1949.8301,121.967636
-181.09767,-82.53396,107.246284
-141.41617,-543.6937,133.87163
-181.0642,395.95435,109.894424
-22.9157,681.5352,120.217285
-99.58332,360.756,130.15372
146.15903,3021.4448,118.80229
-16.503595,1251.0165,124.31189
-240.70796,-1342.096,126.98943
56.832676,263.7227,152.40463
3.258954,388.1954,130.65668
-202.4366,-640.51624,126.66591
-318.76807,-1940.0715,136.2657
-140.79364,-209.15065,136.45564
-245.60735,-1535.7869,105.287094
-359.9786,-3177.6338,134.03487
-115.18118,-2590.8464,160.72226
-133.6588,507.29443,122.69717
-245.31096,-1816.9004,114.08488
-13.199506,1799.481,136.42827
-151.5132,242.23027,131.6436
-67.240326,-90.55569,136.34576
161.10538,3131.4841,95.72879
-238.30798,-619.41077,134.42706
95.86067,3536.05,105.26356
27.530415,-358.77042,151.63715
359.79578,1980.1492,146.89073
-103.31415,-1010.39233,129.69873
-280.04324,-1282.126,113.667336
-29.755774,-1420.5889,153.84439
-73.72704,1565.2845,109.66872
-231.77351,-1230.6631,137.7207
-273.10162,-3480.861,151.28983
31.269226,1148.0509,124.30639
115.46341,2343.319,130.10309
-83.51963,535.34314,112.17495
338.27283,4526.772,124.67808
-276.60007,302.91373,103.52588
111.70533,-517.4917,167.9182
87.616905,-173.06056,139.10162
210.90082,2607.9233,108.271385
-222.52986,408.29938,124.20238
-46.884487,-45.358055,128.10016
-37.7729,773.7244,144.2056
-145.8566,-2443.2646,134.84877
-169.17444,571.42053,125.81863
59.699688,-1161.7413,160.43202
-191.68011,-223.07704,133.05385
-222.55856,-212.21095,117.32607
52.271984,-44.780846,142.49976
188.02397,2370.8125,116.99468
96.7675,3021.908,111.42861
-165.0987,-2334.6497,139.42131
-203.13194,-928.20154,129.44371
-131.08401,134.9124,132.19695
-76.47045,-239.71242,143.61618
206.95169,2833.6106,116.70173
-137.68762,-1547.9407,144.17967
-191.45409,-2020.1633,116.44929
192.56621,2733.519,121.84283
108.29707,2236.1235,108.50666
-151.28156,-851.06116,128.54521
108.83704,1740.2758,125.83146
-395.9238,-1451.6506,107.99338
-421.36725,-2277.051,109.34892
27.419714,-1121.3057,146.92723
-382.99997,-1110.3391,111.09416
-37.875042,-828.36414,148.26646
68.699936,1858.8988,140.68161
-143.2842,2058.508,95.28642
-118.2659,1557.0223,124.94157
92.03143,1238.6099,142.64987
-174.4114,303.91776,110.2288
-46.665104,789.45624,123.74825
30.170414,-1464.334,163.9877
-317.88474,-1902.4375,124.32639
-339.12186,-3036.3013,129.762
-162.59233,-378.85574,136.22382
-188.61008,-1619.5186,145.06187
-129.71382,-1987.8179,148.10936
-259.52368,-843.5669,131.21405
63.48893,1290.5441,138.29694
-150.41884,-1043.2528,124.69561
-158.66444,-2167.7117,154.01457
-79.30854,376.40646,133.59258
-204.93726,-1143.364,134.03258
-33.656998,-270.78885,140.05528
134.05077,928.61084,141.57664
-210.90988,-1513.2461,126.91561
-169.68431,-996.359,118.74748
55.418808,2681.7654,128.02774
18.122877,-683.3563,152.3049
-161.47534,-123.33517,123.463615
-270.96048,-3373.6814,122.30336
-25.871592,-3672.425,163.1989
-182.61514,241.26353,124.20853
-151.50119,-235.93459,130.26746
-137.4216,-1724.9014,144.10757
118.112724,-514.8805,140.13103
-62.803852,-650.25916,140.12852
21.376362,-1172.8627,122.0366
-203.61725,-868.5436,119.2473
299.1568,3005.8274,127.82981
-269.41815,-1376.7412,115.48331
-25.557528,-157.48445,157.2195
189.02869,-478.5966,159.52936
-2.3803015,601.89215,130.14494
-228.0184,-219.0453,123.54418
-36.211338,391.2627,127.59634
76.400375,1561.0154,145.6459
-187.97934,-1058.0931,122.24152
-128.43419,-863.8368,130.19478
-22.661657,1055.8828,133.49083
-190.56302,-917.9453,121.18083
-145.94563,400.03116,93.89005
-40.63185,725.58704,110.85774
-236.13171,563.8149,106.70123
-66.49929,772.4264,134.34149
-403.01932,-2219.4824,121.06154
-170.20082,519.1217,132.74359
186.60542,1672.5115,132.51706
-111.31159,-87.26638,117.985504
11.29846,338.72623,126.63746
-24.777933,393.74124,146.31003
153.40828,1137.828,137.72093
-263.08398,-1994.7366,124.5624
-117.288284,314.0333,134.13908
-279.34396,-960.39746,125.215294
-113.52138,-160.40425,143.71307
325.89285,2156.2107,132.17224
-191.61389,-404.50357,131.95407
-26.14884,496.01605,129.54974
-61.965527,-937.87,141.43265
18.114553,-192.98476,153.88127
-19.39102,-482.0059,110.7989
-268.31174,-3133.8042,136.62401
-48.98557,759.9479,97.785995
-161.24521,-1596.0051,149.79814
-172.23355,-96.78872,128.05481
139.08318,589.2803,159.45299
-58.07085,1833.8439,126.156425
-363.8194,-1018.2887,114.412224
-191.28188,382.53644,133.2542
-129.98062,-883.08777,137.22241
-203.63168,-1879.0444,127.390785
-92.232155,-194.67226,125.51286
-273.63968,-2774.3215,144.31485
-193.93344,-746.2942,113.04909
-307.08472,-2450.3796,138.16534
-62.039135,-1120.262,141.08682
-38.742012,-1502.3601,142.686
-108.38239,87.65183,123.359764
-234.72623,-2797.1982,123.69059
-242.22252,-2076.5964,141.14569
-47.922947,859.93646,110.410255
80.46894,-150.34554,148.54778
-127.21791,-174.58351,131.51808
-26.120203,-1856.5913,160.76193
176.69821,1982.9263,121.41542
-239.99577,-1160.775,138.94028
-120.04057,-137.16975,126.93738
-90.27297,-2014.0308,158.61174
-204.15474,-1074.272,146.84563
14.330431,1493.1564,121.56399
-214.54701,-1085.2502,144.4604
-215.52312,-986.39966,132.23737
-67.675545,-1224.8052,159.38063
-340.076,-2129.7024,124.533226
-19.408792,-507.76212,140.39607
270.6682,2108.4521,122.52495
30.647188,1354.9144,144.22568
-245.89919,466.2418,132.29677
-45.22905,-1378.2036,139.1387
-272.76114,-1967.1116,126.201126
102.68642,632.3684,147.6857
78.53694,187.53502,148.14664
-45.57663,690.83716,144.56306
-162.0991,-43.722984,140.44055
-329.28946,195.2252,92.136055
-77.279655,-1399.9895,149.99022
-71.13498,1035.3982,113.583824
-125.71251,-888.69666,125.70031
-52.984066,106.99851,142.43463
-304.66818,-1723.9993,124.06285
-65.3148,-1524.374,136.72156
-60.77376,2960.541,98.47186
-337.25775,-2355.8267,137.80197
63.7829,-1157.9418,165.8134
-318.66223,-1773.6147,133.24968
57.401608,16.394997,139.74005
-86.72597,713.8016,128.62314
81.877304,3302.6912,79.112434
-168.46066,37.868202,128.63168
35.17531,1118.7034,147.2974
-73.468506,2460.4138,114.15974
-274.89685,-1722.6919,112.09333
-106.3579,1450.3894,88.14576
13.811973,1051.5403,123.997375
-155.23167,108.72312,130.2755
-10.803048,-577.3308,143.81293
67.24406,-348.5878,154.28679
-121.28343,-2503.6233,159.31126
-287.02707,-1284.0444,139.97008
-63.878918,-1196.9988,163.60966
-89.701645,559.2185,100.34685
75.60828,487.6113,144.14693
-116.07211,1084.9404,110.97192
1.8402586,-1470.072,157.46661
-87.57471,-140.64693,147.97665
-227.02641,-1424.5903,117.007
-161.60712,-1171.8112,126.4422
-193.45615,-2322.302,157.98851
-129.14584,1356.7059,91.14984
-43.847637,693.8892,120.57079
-191.46432,-2286.7344,116.58111
-127.92619,-1053.7867,144.97124
219.05281,716.531,165.94142
-86.02633,-151.02107,143.23509
-250.39207,-1544.95,134.46117
17.579405,1314.7881,112.95905
-244.70042,-1175.4741,102.60397
-157.78065,158.26237,130.89369
-224.15186,-1092.8715,129.45325
-70.02418,-724.173,148.67535
-66.73248,411.60184,125.65752
-178.74527,853.01636,104.60084
89.20692,-1232.0776,163.05682
-14.914639,998.09106,120.367424
-220.26576,-2524.3123,151.9804
-204.41232,-301.13797,129.92831
-320.26404,-1751.5508,122.25343
-120.16116,-763.8104,149.2383
109.47834,2391.0796,106.85588
-196.488,62.683327,108.20906
-24.15545,115.93333,136.52847
-103.26906,832.7405,113.186
-217.48706,-296.30338,128.7429
495.9647,5629.1577,114.10634
-34.950066,-906.0863,124.192215
-48.06818,-1339.7915,137.06134
-220.79523,-3803.5588,151.6915
-222.49597,-402.39737,133.38565
-54.620052,-619.24585,137.94597
-270.7708,-1205.3022,120.71973
-167.66748,981.7067,123.194
-76.447105,384.29752,135.20198
-215.95857,-1444.2241,140.63643
-244.33531,-1088.9801,120.566246
-361.11795,-200.64381,103.99124
27.864567,474.83115,114.978264
-154.35207,-1167.544,140.95787
-387.95132,-1172.9658,107.61463
-112.236725,-301.9307,111.40358
-292.95795,423.5232,101.85396
-39.117783,1712.8557,112.10422
-133.8134,-1677.082,145.7915
94.5536,1334.6122,138.68161
-129.21283,1400.5261,110.62863
384.96802,3943.2075,113.869514
-118.41075,-944.14514,130.27173
48.904823,1731.0238,133.65707
-80.35601,-845.0216,142.36093
72.70081,-181.75539,129.59709
-0.021481536,1627.937,121.55779
147.42249,1444.9148,126.82124
-242.38228,-953.87756,119.687065
-93.19563,-1083.3931,141.97197
45.277615,1240.6693,115.40563
-175.64003,893.0931,130.79347
-234.24944,-739.9855,113.010765
-5.8534117,323.99698,149.98438
-195.66934,-1191.9297,141.75592
-167.67923,-133.97267,144.03374
-18.40544,-384.09866,135.01463
-217.20189,-46.365868,140.47908
-121.94127,-1385.4705,122.44765
-179.36739,-796.6459,121.46173
-272.7926,-486.17972,118.12296
-122.30914,576.08966,115.556175
-222.86406,-1588.1143,132.48242
-133.58435,901.2221,129.81097
-209.09761,-976.03894,130.82204
124.41106,120.62467,133.2758
-165.48512,37.40519,132.9615
-239.83058,290.68985,124.64549
-185.64835,67.03428,136.4394
-37.769173,3487.7434,100.16094
-10.330182,-152.04982,132.47256
-73.73444,969.2704,137.17505
-137.47577,-1113.5709,138.0021
-173.63882,-607.5281,130.63644
-71.0098,-387.94766,135.74883
-44.98216,227.95244,144.71342
-114.381546,-1280.8706,151.46016
-30.34463,1201.9702,132.49777
223.03108,3201.4153,106.839714
192.71017,1663.4,134.7228
-285.26306,-1228.1643,115.644295
-364.56555,-1892.6633,123.13139
-40.032246,-604.458,151.97406
72.47657,1429.171,130.7064
-213.29454,-1320.3049,109.707275
160.92934,2996.7368,112.70118
53.185997,-529.93835,148.99811
-302.31982,-748.76306,129.99052
-230.13539,-1428.1301,132.33118
-47.50442,712.61383,110.057556
64.12186,2258.277,115.13827
-189.81528,-1090.1342,133.86937
185.54488,2124.783,148.14012
-100.04618,-387.46512,131.62398
-236.5361,-851.03125,124.46533
-14.995561,291.39145,152.20738
-177.59503,2572.362,84.91033
3.0573244,893.13324,117.31325
-78.97036,-133.13692,145.2553
-136.37074,49.9506,135.2043
-120.17294,-323.37955,125.8741
-24.628878,972.7149,140.59196
-193.97731,-3259.612,157.48914
13.783015,1297.7216,133.46832
-151.79117,-676.94836,116.70134
-10.890393,134.0006,167.11665
-42.663403,342.84958,136.15785
-40.478123,1804.4464,118.68793
-89.62105,-479.8229,127.210045
-78.01733,-401.626,122.4748
-62.97331,-1370.009,145.16678
-403.56192,-2622.9182,142.918
-333.88403,-753.88464,122.39222
253.96376,2842.966,117.56246
-386.21124,-4165.576,125.33447
-89.162674,-1043.2754,146.99039
-253.5001,-1493.8372,137.42744
142.80646,79.19077,141.13338
-162.3896,-865.34045,139.37865
-291.80997,-668.67004,126.85199
84.359985,1850.8767,118.97672
-147.20355,-1075.01,137.3553
-187.74142,-833.2324,132.04012
-20.41622,-868.24207,138.66904
-191.11327,-2558.2847,148.50446
116.62739,-1243.9302,158.25075
-124.93521,350.6701,136.57011
63.701786,2697.8179,112.61934
-42.996098,-1966.9927,164.84732
-123.0121,-1215.4226,143.05472
-219.31995,-2606.495,118.356575
117.957016,698.155,143.3575
-151.90526,-1796.8386,131.14203
-87.73115,-102.913475,160.00647
-162.14243,-216.31374,116.25503
-90.17787,-1621.3132,119.9327
-3.7872648,80.81382,150.74089
-158.35748,-1520.9216,141.65405
-14.544677,1365.9266,113.560745
-39.890217,-484.10196,152.20667
-147.93544,659.26117,135.92426
-138.75462,-1132.6106,148.87938
-117.02496,990.0993,96.598885
215.1017,5405.671,96.32225
227.30208,760.03564,148.86153
-56.58198,-537.43494,153.08998
-191.9592,1935.6951,76.45204
-364.01505,-2166.2244,122.09115
224.1313,1731.9159,103.59884
211.61652,3190.538,110.99496
-267.64948,-1538.4504,121.41443
-251.6263,-2209.0442,126.196915
-165.56773,604.59106,105.199585
-174.57881,-1618.626,118.818924
-58.4883,117.804115,146.70978
238.55733,3112.9094,111.51902
-26.399687,3894.1738,87.064995
-246.77428,-273.75858,96.96061
-256.19327,-1169.7744,104.41117
-33.506912,-622.2805,157.39688
25.210196,-1197.5793,162.61458
-61.10188,957.72296,127.503944
-386.0254,-2286.7898,126.86604
-169.18182,-465.345,118.8866
-304.62167,79.39463,99.75293
-272.08743,-2236.6287,128.82022
248.48694,3897.3406,121.17064
-287.78885,-1062.409,124.8235
-92.11572,28.016457,130.19339
-262.13443,-1397.6667,124.310555
-130.924,437.7542,146.72726
-38.303898,534.03406,110.447495
-132.52267,-1081.3887,142.69719
-153.66446,-1725.5547,158.69199
134.46828,-50.6166,131.5575
-62.429745,-1518.6741,141.49498
-186.54875,-1391.3032,130.1666
-395.56955,-424.631,109.46636
-297.81305,-44.30001,93.896996
158.84871,1352.9274,151.96198
-231.29993,-1531.2522,131.45938
139.46176,2416.6467,126.68148
-102.3772,1155.3804,117.95523
-275.63733,-385.22977,126.05521
-127.32124,-2534.9646,151.73581
-97.816696,-642.7706,134.80031
-201.81042,-82.819115,111.51483
22.389248,1681.7792,127.5565
-382.33054,-1023.99365,111.92959
-140.36266,-569.4531,134.53178
-97.75483,659.4312,116.54864
-223.33884,-1899.304,131.53246
-407.8,-3120.3699,127.362434
-192.12607,-243.93288,125.79971
-245.73436,-2457.9805,134.87704
154.9492,2930.6,120.25875
-216.80089,-4484.354,168.30026
-145.76166,-2441.0073,144.27759
-264.32626,-3139.9912,127.10723
-142.96558,2220.1943,104.8058
129.7519,308.0217,153.60796
-73.8608,-714.8264,146.68507
-129.83484,-1158.5348,146.08257
-218.27351,-1172.1726,110.14058
115.010185,1904.1576,125.41845
-70.66989,-157.5342,144.10796
-207.2406,-1567.3005,128.47038
-35.130356,473.25204,141.06516
78.062195,3475.945,88.85055
-406.61105,-1555.2615,122.38038
156.31233,3051.0068,85.1244
-88.530914,46.26847,134.0207
-56.815586,-224.21242,142.26666
-263.41226,-977.2219,108.02746
-95.77438,-2898.0586,152.44785
-234.1773,-4651.096,153.65555
-96.91525,-462.2455,151.47755
-107.90333,-1.6698223,122.234886
-30.351538,1233.6807,117.16958
-122.48418,780.5012,146.78981
-196.12723,572.126,124.27364
-5.1899347,-983.6825,160.54303
129.04741,569.89874,140.15065
-190.27435,341.42075,132.269
-22.563028,1070.3123,103.91541
-278.70554,-1452.6235,136.11958
-131.04198,-611.4735,119.20082
-204.44974,648.87415,96.70967
30.20015,-412.4185,159.52841
13.125973,-433.73257,143.81761
3.3297443,1989.6827,126.69513
-111.407074,450.45184,121.28421
112.346054,1413.0322,146.27379
-119.61722,2640.3342,109.429054
31.32413,4354.783,78.81506
-299.70248,-324.50772,99.38716
-153.60178,-1737.5239,137.24051
-150.24545,-1483.3486,132.73828
371.32074,2115.9932,145.016
-273.30585,-3607.5457,153.94115
-186.09277,-1781.1025,121.53267
226.35931,1675.2211,119.15667
-202.18857,-748.45374,126.42667
-145.4259,-741.76636,133.79984
-335.4993,-2241.8403,125.71777
-284.2357,-721.4176,119.39224
-311.93793,-1357.3391,135.35431
-161.45871,-899.0071,118.05676
-126.43898,-250.65565,134.18683
41.280323,-299.66177,155.65987
200.5704,2452.5696,105.09201
215.50246,2249.2456,105.65611
-404.6474,-4679.6284,125.25448
-288.75137,-1754.9885,133.53009
-241.43172,-1959.7937,127.73832
241.53357,3398.501,113.967415
-186.80133,-439.62698,109.531075
-96.45028,-68.806114,136.91922
63.259693,1134.8654,122.58672
-76.625656,1535.3085,122.304016
