FSO_Attenuation_Visibility_dB,FSO_Attenuation_Cloud_Model_dB,RF_Total_Attenuation_dB
1.5385847,195.17365,123.03722
1.8200725,1033.3113,131.45056
1.968231,1646.0244,132.33458
5.7602425,1000.2234,126.5407
1.2581941,628.2185,128.9118
5.6103067,468.3464,126.15198
2.0227704,1232.2405,133.21768
1.8997767,1709.0448,128.47948
5.282999,553.293,123.972244
91.44249,2728.2676,129.70718
18.00888,2334.596,130.6447
1.1682996,668.4252,121.23741
1.6681832,380.6888,130.85974
20.41749,995.1344,132.61423
3.0441966,664.602,127.624306
23.655043,1523.8162,126.1171
1.9031966,542.021,125.40831
6.127825,101.792885,122.7446
6.931211,1234.8749,123.86333
4.0923047,913.6008,124.3041
3.5632358,1962.609,129.19414
2.3685582,314.75803,121.08121
0.67563957,504.55093,121.82853
56.81026,513.64526,123.7544
2.120935,817.80975,126.56514
3.2926688,2641.309,133.57964
94.210495,2070.3274,127.349075
3.2636838,1047.7106,132.5676
2.9547172,1818.4148,130.5964
2.282397,1088.6304,129.32968
6.653885,324.1417,117.91024
1.3991116,626.7584,127.517296
164.51126,925.6083,135.41797
2.2800648,1127.524,129.24733
2.5166457,115.4186,120.22149
1.7111046,640.64685,128.93976
2.328358,2224.1514,128.15923
4.7432847,111.69322,127.633255
1.9910536,2483.8145,131.38303
1.9266742,1777.5698,132.32594
4.240981,700.42773,132.68353
2.1381605,735.7905,130.17511
4.214443,1262.749,128.74629
7.182909,1418.6309,134.49113
20.838585,959.9813,129.59213
2.2720604,2145.77,131.12828
46.05549,1069.3613,134.23619
27.854202,316.238,129.2962
14.46015,1318.4875,131.0974
11.749651,2382.4229,129.44106
39.730236,962.82983,128.0811
2.8700907,694.52264,126.212906
1.993363,442.7619,126.80335
1.1970806,864.12103,121.37764
30.481243,596.43066,127.87135
1.1706871,719.85065,123.26798
2.8263378,744.1735,127.23817
1.4114879,947.746,123.02049
1.6179742,909.3537,124.87746
4.0983133,214.80011,122.47184
1.126941,366.36673,125.94604
1.3787174,198.64842,126.53287
1.2695285,929.6361,127.36339
64.6098,808.42224,127.69358
7.900323,1501.0503,127.8877
1.0180427,606.8571,127.04231
18.830542,447.98773,120.04909
9.776604,1593.205,128.13504
1.7211772,733.6483,119.83966
3.0829413,134.99974,122.02537
178.4527,1791.0724,134.17227
1.9479656,397.6781,124.164185
2.2660573,466.05786,125.364334
2.154224,1325.1823,131.18976
1.5599761,1067.4816,130.28477
3.042163,1031.325,132.54211
6.0876274,294.47018,116.01973
1.8278117,1610.4448,127.12328
7.8837304,255.42809,125.34309
6.4921,723.2217,129.78528
1.1549683,800.1221,127.91018
3.3893275,897.355,129.38791
1.581166,921.3727,127.1471
8.075807,432.41742,131.74841
6.828691,1270.5035,133.27112
25.634565,2621.3772,125.75825
1.0033538,224.40302,119.64743
3.9882019,658.13873,126.16804
1.984677,1026.2487,131.70992
2.2545497,1068.7864,125.17471
1.5694855,886.8639,125.89175
0.9482161,352.57437,121.535515
3.0169742,2109.654,126.96239
2.8124912,248.39476,128.05267
122.71133,1757.4348,124.49802
5.913659,1341.6747,128.4717
4.618607,1326.1636,130.96527
36.581856,695.62494,129.58437
1.9314378,299.89963,126.81753
3.9888864,1150.6783,125.0188
0.57545775,399.31464,123.31942
20.432053,849.33966,131.5487
5.289622,1163.583,125.68969
1.5732152,1114.7781,126.80909
1.4226134,730.7736,126.860634
2.2779758,2274.8787,124.42918
2.810246,711.04364,125.9207
2.9392426,273.44086,123.766174
1.402316,446.24402,130.08638
1.2384185,404.93848,120.80304
1.4169849,89.51335,123.374756
2.3364232,937.5927,133.53728
4.600601,1756.9302,129.92178
2.4849503,1549.594,124.98201
86.53662,114.165306,121.88855
56.04511,694.30084,122.11843
1.6338918,1854.5645,126.60192
124.71726,569.87555,130.9519
1.6446239,1371.0331,132.30115
1.7473308,840.6032,123.736115
1.3062063,399.64304,127.59442
4.0943875,1186.5447,133.02988
20.277308,894.99536,130.06558
10.602512,241.81358,127.267044
8.307218,209.06036,126.20009
33.340633,436.3815,123.34412
15.779665,989.5115,123.996124
11.312775,517.8117,119.79579
1.2494694,283.755,118.77325
3.068891,823.7836,128.39612
89.580696,1472.9824,130.77661
1.2382038,424.5615,122.21817
2.0332713,1759.4955,130.51973
2.9955316,362.29138,124.85938
20.914474,1250.8688,127.190346
1.1293173,269.076,121.87421
1.586929,951.22095,132.07959
6.8807726,1149.5146,128.14322
1.1660175,1106.7504,126.77197
4.65534,420.5343,116.28699
64.58345,725.27527,126.11953
15.524844,1105.3954,127.37355
11.63563,241.92369,129.14684
5.6452503,567.1555,117.5209
1.3907082,520.14685,123.38634
3.0120726,776.7481,132.0981
24.358166,659.9753,129.8979
3.2815077,131.41988,135.57675
1.3680106,590.0737,122.56531
1.28655,339.56985,127.22229
0.60210484,461.16302,118.22206
1.4255574,312.03598,129.92491
7.709168,395.36227,123.37187
1.3754596,627.2511,128.50052
2.2893016,1732.8551,136.50287
2.0695891,1481.7438,131.26917
7.963863,99.65605,124.92518
7.105283,1220.2245,126.545654
2.6225219,983.8422,127.86845
1.7316536,1559.3713,130.84831
1.4088855,128.6362,125.04788
8.331654,288.2585,125.15532
44.559685,347.74664,132.1603
30.509823,1290.053,127.84661
46.221092,265.05905,122.836266
0.81858224,546.4274,123.84165
34.26447,445.28967,124.13635
2.2197185,977.891,131.8637
2.1592577,934.1753,124.8497
2.1387975,447.99966,132.60948
2.8095737,1810.4305,129.36568
1.1059623,710.3742,119.47174
1.3526448,953.5045,123.99643
0.58053064,264.45483,121.07195
2.4450092,1130.4017,126.61488
20.487324,1374.3584,133.48338
3.8580632,344.4195,115.75092
4.248844,1444.443,133.81258
1.3756491,379.30722,127.153015
1.8183895,304.5213,120.38465
0.5427607,337.47287,120.98836
0.72850263,559.88214,121.93153
0.5341225,145.75543,118.37865
2.9282825,1074.8809,130.51001
1.1816294,1104.2097,124.33344
5.834819,444.3487,128.80267
109.4308,796.4728,125.27287
23.041668,1463.1237,130.50519
1.0780065,471.87122,118.279366
88.46587,404.65747,130.12976
9.032328,959.0791,127.3466
1.5714116,483.55322,121.77569
28.417233,513.06586,127.763885
1.8601393,402.02713,123.94819
20.178455,745.7303,129.77106
2.3448248,130.4634,128.59315
2.8230276,1505.47,130.41724
1.6834434,1175.377,125.39239
1.7163903,186.42691,126.08753
2.0106735,784.2537,131.47923
42.06784,170.87904,123.097015
0.7147576,225.14633,124.21392
2.505585,1226.9373,128.56949
4.96845,2514.6406,132.34706
1.3716661,373.18896,122.15048
1.1210414,303.65726,125.87185
4.858571,1170.4005,133.50755
4.6151614,979.10223,130.56271
3.130321,283.5954,125.91463
5.5036764,678.2859,131.31966
4.2497888,1236.0874,128.09962
0.92156744,168.25346,124.154594
0.65540075,830.1699,125.31569
6.4030395,275.53296,122.176
1.1040101,814.01984,124.010735
11.235528,583.72577,132.52426
2.4567509,279.63898,118.782814
2.211831,387.24942,130.8496
1.4411818,605.579,129.97284
1.9986296,504.31662,123.62473
1.9917562,341.44672,130.71135
1.8759857,809.45544,121.89034
2.7219155,347.23798,131.05836
3.0221977,757.196,131.02213
46.189144,774.9907,126.08545
1.7740593,324.74503,128.80891
4.6683865,367.13083,122.89552
3.5005145,1065.8318,129.36804
5.3003263,1595.054,128.8651
4.3702116,412.5839,121.25724
2.2504659,840.06104,138.20822
4.9350753,1645.3656,132.7966
0.8295617,365.59488,114.504364
3.1423118,830.4388,132.63783
2.1177828,216.85484,122.51051
4.194456,1288.4028,135.24374
80.85545,290.46396,130.24893
2.2211149,842.126,129.60239
1.386803,945.9953,127.059975
0.9325013,247.58482,119.386734
1.1430712,891.1578,127.27337
7.6442575,1156.0454,126.64962
5.9395447,340.89832,131.52055
7.9909587,508.5537,134.9696
1.0190377,442.62375,126.88636
4.669724,715.9165,128.3092
8.298214,521.2921,122.75212
1.8918753,1116.3745,132.03777
30.815893,985.841,131.8823
1.9349691,802.2408,131.57253
2.3481512,326.3708,123.35066
1.965211,214.99379,119.94539
1.7290072,836.5686,121.356636
0.80725485,582.7484,122.764015
462.7366,1359.4597,127.39456
2.7832534,2109.7893,128.17924
6.5942836,302.02234,129.34811
7.5085034,789.6822,134.7797
4.340877,959.22955,131.99063
2.734283,2974.4915,134.2428
5.636042,1202.9419,127.027245
1.6883526,911.35785,127.38162
3.8040233,384.62894,119.984406
0.98241585,955.88696,120.486565
20.83463,444.35028,126.88917
2.9283571,319.50507,128.71065
2.1824334,736.1213,137.1228
3.9136393,322.4037,120.48068
1.5858405,1296.6228,131.07983
1.739583,284.54532,128.06442
2.7620885,450.86612,126.56717
1.8234531,575.10767,133.32298
1.1237584,165.11829,119.51557
4.8950186,1130.3602,128.08328
4.196698,2401.1025,135.01855
2.5858004,1017.03064,122.397
2.4379528,723.9175,130.84259
1.2402143,1053.1442,128.73972
11.753676,993.01306,130.91982
1.4164336,913.3835,126.27946
163.80818,943.4324,126.125824
2.7247162,2192.4604,130.49615
2.275169,626.1395,131.8139
5.676757,610.358,131.01817
5.666653,578.53345,125.78068
8.945704,1324.9196,132.27031
1.9258217,1383.2915,128.0072
0.82833666,660.89026,126.21426
67.662636,399.6072,126.52649
2.767576,1338.763,126.86269
2.877928,262.87634,122.12388
2.2990146,1063.8585,127.201775
9.868743,698.7386,121.5022
5.242796,600.79926,134.01361
1.8750925,471.68356,129.60245
3.8206134,360.73676,119.55167
0.6028666,401.61792,121.94506
17.658638,865.5801,128.14914
0.9050219,737.8463,124.819786
2.7847166,1008.048,125.770805
2.090372,1624.5385,132.49164
150.51999,853.6451,129.00346
0.9433408,1063.6838,120.62745
12.407678,1715.1467,123.77696
2.507113,534.4066,131.93088
2.0607064,334.0317,134.57169
1.478532,901.54535,131.12605
4.3393755,465.62103,126.7335
1.5195798,667.7098,131.52957
3.0522103,1224.0835,121.3797
2.3705895,286.43884,131.90991
79.43583,1442.4039,132.1716
3.443222,1057.6919,128.63037
1.6543655,919.11725,128.1414
8.821959,1365.961,127.533875
3.5792801,993.2895,124.9564
80.30157,322.1922,113.959755
0.8465309,637.35254,122.54257
2.0799258,606.2857,127.05723
1.1043444,342.32455,125.76838
0.7473322,302.0201,83.98506
3.4241116,316.6235,123.02853
0.86734414,488.7634,126.00636
1.7106508,1113.853,128.81577
14.757242,777.3835,128.9812
3.430489,562.06415,129.76189
1.1423981,937.8131,122.04149
1.3633193,1524.461,124.89482
1.2583038,537.8723,121.608986
3.7547631,491.18515,124.924904
2.9340532,381.12363,130.772
1.9340374,921.67487,129.94366
12.11858,73.9415,124.545746
78.21314,931.1868,124.40037
1.4350082,660.80975,129.99731
1.1228429,315.5892,125.769325
1.1512021,829.4903,125.88325
2.691813,1969.2072,131.50261
10.766453,1842.237,128.2156
1.054041,628.3001,124.159256
4.2488084,254.97461,126.188934
3.131567,1024.1753,118.27317
2.1893194,1228.355,129.62637
0.8108001,600.77966,118.61356
16.104156,282.96814,121.16744
8.358245,329.4968,121.75386
5.5937214,184.88493,119.91582
5.0724726,462.034,128.3915
12.1247425,2264.047,127.871895
2.8010595,609.36694,123.29682
2.488063,442.10587,123.61328
24.576181,1661.423,132.58073
3.2576728,2018.1407,127.01171
3.139727,266.37067,122.99217
35.0891,966.6488,129.45735
3.260507,429.0483,127.06108
0.9405766,266.5336,119.68195
1.0462432,1108.2954,121.57524
112.89918,938.69946,130.97032
13.522344,1797.3756,129.39264
5.5858903,1819.9639,129.61304
80.00326,756.27747,124.542534
10.914281,2663.1033,125.422455
1.4949557,1100.7101,129.361
4.118276,1466.063,132.1656
7.4366455,1119.6937,130.92148
5.9584885,1866.8853,126.777306
1.8358331,1050.1069,124.542114
4.57089,599.3665,125.69035
3.1070888,1730.7908,129.81136
5.714565,514.0508,126.829185
0.6076633,474.87997,121.48094
1.7385193,832.8444,128.84088
1.2169673,240.34311,126.11369
1.0649084,261.34802,122.15179
6.0859013,1703.4094,128.36873
5.4846573,379.7896,127.05707
5.45507,1769.5896,133.9551
1.918959,316.62888,122.26934
10.392857,1010.10956,128.10413
81.53857,252.23824,131.76765
2.269917,1986.2386,130.8998
5.12859,670.97064,127.56893
2.214759,742.85114,124.40195
9.433589,1053.5634,129.33916
5.9150968,521.98236,131.66417
2.6008477,310.01538,117.61607
2.0399396,705.38324,123.87386
1.7158095,1696.2937,124.88583
9.80166,592.0678,126.09607
8.466458,517.83185,125.9839
15.533642,370.5413,115.5532
6.949434,1867.0096,132.32416
4.602304,242.82788,123.67392
3.8659835,1232.1407,131.99767
2.7711213,200.88274,126.31546
0.96597534,710.26215,120.5548
1.4667171,194.48672,129.40276
20.176668,1335.7374,121.432175
1.1656876,459.8035,124.57381
19.735817,813.32074,124.393715
22.397766,564.96173,128.73956
10.724256,1296.9216,134.34062
5.8120623,798.0619,129.69258
3.432717,1097.7532,124.9607
27.098587,401.34906,121.44358
1.9595102,733.6106,120.36194
4.137232,437.62747,129.81749
11.460835,1405.8214,130.58823
1.2541271,209.81168,129.03604
74.158875,594.5889,126.439156
1.4471092,488.68585,123.29523
1.8146626,1524.3639,129.76627
1.9963145,1757.6581,134.99709
3.3146877,495.04758,128.19218
4.0370517,1086.3383,124.54919
8.056337,2355.195,127.550354
1.865947,1334.5676,127.17631
2.4812207,857.58887,132.18524
3.1359594,373.68387,125.90661
3.903885,856.8006,130.08777
3.9259949,636.0682,133.77512
12.323734,1329.8916,130.69463
21.603989,459.4631,130.49161
3.1249406,734.7696,130.16899
23.694345,649.60474,131.4553
1.5090182,748.7686,128.68037
266.82022,646.87604,130.94102
1.7932296,771.0825,129.32321
34.08874,1833.0068,130.60342
77.644775,461.74298,131.47162
1.30865,414.39435,127.046555
2.8896945,233.6049,123.79646
1.0825454,211.87764,112.934586
1.4724649,402.60504,115.90203
6.8576756,497.16602,122.77205
4.074468,1290.3252,134.07895
0.5961788,627.1472,119.67664
13.411081,1198.83,125.11517
12.157883,1365.9604,130.4733
2.3730853,680.50775,128.56032
80.85335,1180.8945,127.51308
3.5868046,499.33633,115.231705
75.408394,848.84216,130.18182
0.64879155,365.1088,116.87362
3.7013102,107.50336,122.851814
1.1393518,650.00464,129.00746
1.314007,481.7133,131.26317
14.773591,1468.1919,124.19027
1.8669926,1290.5284,132.42361
1.3231896,945.9492,127.18384
2.5272458,847.32666,128.43759
2.093107,359.0663,129.58981
1.0298324,203.72182,123.34749
1.058812,709.4448,122.083664
4.7281966,1049.6785,134.35352
2.7459586,708.5762,130.08223
4.736369,456.77548,123.5954
24.310528,1479.8479,131.153
5.234278,296.28683,128.13168
2.4124415,2685.4673,125.75017
1.8354897,1319.928,122.69461
4.3752804,637.7858,134.6316
1.4435687,609.1997,119.67101
28.780867,1445.705,129.2254
4.2314277,594.1106,130.26593
4.9813876,709.90564,127.94559
3.014185,591.23303,121.24146
2.5820954,1462.7454,130.29468
2.152728,800.4221,124.15533
7.256821,825.5062,129.80594
1.2971122,1068.5247,124.9931
1.3593515,114.675285,126.745804
5.8006434,1152.4233,131.26831
5.6178885,1068.3761,127.58818
7.2011495,1809.6815,125.966866
1.5726166,663.6699,122.60758
2.0372233,419.3248,130.8275
3.3630805,294.76053,117.007164
3.9045064,367.56433,128.57439
0.76446724,262.19595,118.27134
10.332126,1347.3176,126.53488
2.2477715,1031.3777,130.19258
1.8940108,551.566,126.991714
4.0106673,1576.602,130.85342
1.129773,784.14575,122.14763
1.8371658,1292.0917,124.77592
2.0730731,862.81,132.7156
2.109732,1017.88947,132.32863
5.556897,1310.6534,129.16257
1.4457324,972.90564,125.20935
4.274676,2065.5066,129.7567
0.66095346,215.95108,114.74375
1.5446143,1401.892,122.80056
2.4623706,956.1811,122.86583
2.9044616,740.44586,126.579346
0.86140305,593.8303,117.03505
2.3348455,2058.42,127.6604
1.8125587,590.9403,125.47701
12.879054,2507.9612,135.12495
0.88380253,381.04547,121.87989
1.0968677,115.99583,122.31374
3.8064787,963.96497,125.09965
0.9435482,229.6764,123.02764
17.45539,525.5635,131.44559
0.85166585,636.2891,124.39489
0.89838046,411.8296,123.241905
2.979638,1637.5225,128.4557
7.4946527,612.35114,122.80505
2.1990373,1331.5249,128.43645
8.424973,457.20667,125.17307
16.740545,458.0674,122.524376
0.85602504,325.00983,115.54678
2.0757072,1824.3926,132.21512
0.9160275,988.34503,124.531
7.8738537,643.4814,126.84171
12.417554,1561.2375,132.76414
9.424544,732.3965,126.554276
32.678543,308.54532,130.12628
0.46008205,224.67079,120.15305
1.9306487,1579.5096,126.01979
3.7478297,893.2993,135.25002
0.5206474,288.16605,120.593185
1.1557392,826.7909,126.96774
8.207071,558.9043,133.37465
38.08512,1071.8601,133.48524
0.70201015,210.63594,123.537186
2.106874,248.49365,126.7411
9.395078,214.13875,117.65349
3.6415956,211.75603,126.481544
4.055522,771.52814,125.463066
9.4748955,420.36496,129.4957
0.5441339,770.7686,119.47844
6.222214,1726.3844,129.48842
1.9604716,959.2257,131.63193
8.610083,304.56317,114.882225
38.053303,1695.2816,129.98259
2.2259753,1277.852,132.35567
2.5820832,622.7664,132.24379
151.71506,766.0633,121.61592
0.7135808,405.89438,122.117676
1.8900005,482.69556,124.04911
3.9610238,463.00305,130.68791
1.9794277,2675.29,133.5664
68.628044,885.85333,135.51076
2.6394775,558.5866,135.70805
12.551307,709.3202,133.89487
46.88998,399.52032,115.40913
1.7076311,1378.98,122.05231
4.1921053,729.60706,125.717804
2.8349104,785.1305,133.88116
1.18963,342.8139,129.45255
7.455104,814.9249,135.15454
0.7474771,467.7019,122.572395
17.646597,1034.2291,131.7255
8.206925,264.03687,124.2226
1.099284,554.6072,125.55518
1.4813966,417.3351,125.685715
22.993689,447.20685,132.19287
26.146748,654.5306,129.9592
2.8917377,1351.9667,128.16977
23.97591,902.27966,123.3863
4.472039,1427.1366,126.72149
0.59611833,169.74907,116.718216
2.784294,665.75885,123.43407
0.77490234,341.73383,119.192604
1.6693226,1400.5513,130.03304
46.197304,532.22565,133.76425
6.1461267,2181.724,130.2801
4.0519066,850.4544,128.0671
5.5485864,667.25146,129.98776
1.2560239,494.55032,121.66166
4.1854625,942.5999,130.58044
4.304484,2479.4536,135.89095
4.8189473,377.22784,134.12315
13.619252,198.86194,126.52446
24.16582,156.81165,125.55766
2.8650534,1589.3186,131.21974
23.18922,717.1732,129.90096
8.255984,475.735,128.05792
1.859554,714.84595,125.86213
6.5923743,761.0823,124.27233
5.2598734,914.2971,135.35838
5.1715126,193.28355,114.485
9.64056,575.9401,129.05908
1.5089614,853.36487,125.26354
3.901926,709.7598,133.99838
0.65580827,276.95676,118.44769
1.8931955,1242.2516,122.85173
0.97684616,240.49126,119.95852
3.2696521,1124.3237,123.536575
3.303877,1093.7991,129.72002
2.70982,222.54457,128.57047
0.7757492,320.91452,115.75967
1.7612996,800.1902,132.19664
1.8812038,1061.9149,125.806755
1.2195724,675.8616,128.91792
44.58954,855.078,125.6729
3.0253541,1020.484,128.44766
3.1536367,1396.9645,133.2608
1.5904002,1072.2684,129.51009
4.012221,738.9008,124.573204
1.1654437,303.65097,121.10848
0.6106872,400.75906,114.485825
16.518362,1051.0074,135.23204
1.2224189,252.03238,114.744225
2.644718,408.76645,131.67691
0.9009711,459.19485,120.42896
1.9845961,1836.2866,129.73936
1.6587834,1499.7865,123.739
1.1762727,370.15363,120.18417
1.3750774,274.854,129.5602
2.527768,1467.3118,130.2484
1.251592,862.1559,125.50224
1.9338658,520.5041,116.53285
15.255764,346.93054,134.59465
11.868966,746.52136,126.17144
2.292279,910.7114,126.034386
3.6786668,565.97595,128.71701
1.3378083,629.10516,124.067444
9.573093,547.2047,133.01215
2.1919858,685.64545,131.10582
1.9200724,944.46484,130.77832
3.8026478,2427.8367,129.49902
3.776843,228.58855,121.50642
1.7447877,300.3807,128.08696
0.65783274,571.4823,121.55986
19.206385,1805.494,129.51482
5.668406,782.82275,128.0954
2.1377463,712.3203,129.99352
35.11798,762.75946,122.37306
2.2960238,357.4254,130.34435
102.85181,364.6105,119.17512
3.962298,185.10487,122.76298
2.5628016,447.8024,121.19144
3.2202032,701.858,133.70499
0.87124556,910.0565,122.18252
2.891438,1049.3214,129.1163
5.071991,528.63434,120.0981
5.771294,1394.3527,134.85338
65.98582,956.5431,126.81564
3.9721107,1150.5365,130.08322
36.17897,188.58,116.32633
20.409567,698.8476,128.44527
1.6858695,785.36475,131.00043
424.1762,548.3145,132.2227
95.29137,508.81577,119.71588
12.90357,1340.0858,129.07253
13.816271,903.43445,134.93028
8.394268,198.84459,127.55887
9.154352,226.05511,117.26245
3.422266,220.06075,124.72944
14.924186,851.2689,129.27855
11.010655,572.32605,121.129234
8.221613,1069.4055,128.85034
13.713441,1055.8787,127.633675
2.9323308,1334.572,129.30861
20.6128,554.0767,132.16812
1.0956515,755.33484,121.16749
13.835386,2263.0334,125.4661
2.723714,393.46146,124.40952
4.7849164,362.65295,131.55789
1.466546,997.5027,130.36053
340.7633,2668.9307,128.90991
1.2926728,695.7701,126.93575
2.0020473,1119.8772,127.77568
3.0508068,276.5287,125.266464
1.8530821,921.7967,132.45255
6.558159,1283.1649,123.80721
1.9113777,475.45792,125.29269
5.5032363,559.2519,134.35382
7.5669227,949.5915,131.72325
1.8646178,1111.7738,126.063934
1.1233456,114.13114,126.658485
64.37241,312.37738,123.594536
11.0740185,665.3454,129.42094
5.9420295,1439.801,130.76758
1.6572204,171.75157,125.624886
12.72434,303.2707,120.37236
1.8114047,1143.5322,121.69766
26.078827,305.45517,122.45514
136.5927,40.654972,119.982994
2.5414848,1783.2001,128.49895
17.864521,1328.269,127.00553
2.7152505,577.5344,117.28094
1.0925997,46.772373,123.970276
293.42862,452.3493,130.40923
9.157861,1259.1986,122.00981
1.8529454,286.7455,128.71199
6.9271045,569.13336,130.25357
0.70523804,478.7953,120.720116
5.490605,946.4197,131.09988
0.80802673,172.38542,123.91989
10.02709,1117.8506,125.044685
3.4123971,1820.128,128.15411
7.978157,1437.7518,125.47043
5.1923785,1078.4431,129.98036
5.210413,1697.398,129.14102
2.926666,445.9607,126.03424
6.7731752,58.56241,117.847496
11.806541,1059.8046,134.6192
3.7040906,1665.0679,133.26315
1.1109984,457.1459,120.70881
1.004702,481.69522,121.30739
8.577328,2544.7185,133.6122
0.9161336,565.07086,124.91827
3.7667184,1074.8527,127.58841
1.3888793,843.88055,126.725365
4.8151402,223.04915,126.67597
12.112303,698.19446,130.15836
2.1219792,913.5535,132.10614
1.9396734,1421.6097,134.24937
17.899487,2001.9227,133.45117
1.417362,447.09457,129.0108
1.2906475,83.78127,115.760994
2.430955,2274.8772,134.7385
13.193514,401.7689,126.77077
2.9825623,1625.5911,130.69133
7.187282,1359.6393,133.90779
2.2451608,835.882,119.964264
5.321596,1236.6655,109.56218
153.99945,997.34644,126.08683
2.7042859,2016.3578,126.52669
83.56584,1077.053,133.16956
124.47082,913.39294,127.55261
2.928904,371.0,124.8305
160.58861,1059.067,135.4261
5.2877913,654.90045,129.13693
3.5504777,647.11176,127.20473
1.4997116,1018.7181,129.15988
3.1806176,2925.7974,133.43301
0.8634425,544.6235,120.12676
3.9259827,709.6192,128.62991
7.1543894,2273.5093,132.91324
10.314639,1241.1079,127.25175
8.503346,455.80768,133.0458
6.2015285,1002.3467,127.94502
48.87697,1318.7406,133.93431
2.837519,2000.1411,126.42799
6.647126,2067.1372,126.79625
2.120363,787.60297,127.100555
0.55276006,482.2268,120.21724
30.44335,301.71725,125.49432
1.637763,565.34344,121.8067
25.9695,408.04056,132.65964
2.3751504,927.3887,132.83452
2.9216237,506.93973,128.72707
13.611771,859.98395,134.0999
225.44183,1369.9889,129.81898
92.32517,1008.6559,128.15932
1.6272279,1571.9218,129.00742
1.2099108,164.12933,116.203766
0.5856665,292.47946,114.4445
36.606194,518.1665,119.782776
6.101848,702.72485,129.84578
3.6617231,1140.3229,127.551704
1.2850829,1469.3727,126.39669
6.1819253,2543.2097,133.72197
0.5529069,94.18529,115.32341
2.8885362,298.96878,130.13719
1.2544626,1543.0836,128.74184
0.7053884,186.19214,120.52575
2.4584987,1431.907,133.02365
4.3835716,1099.3114,133.34818
0.99337226,272.90866,121.31595
1.1416936,301.3084,124.7104
2.304177,1135.7001,123.34454
15.158833,341.56152,120.63093
1.9985073,1739.0393,128.03944
3.0333211,261.02145,131.97527
106.879486,212.33372,121.14144
1.4883717,1120.9108,122.44791
6.8898573,1037.3331,130.49763
3.5712407,1342.3679,129.36552
2.260579,371.0961,127.8936
7.2542205,609.8213,126.65826
4.8055344,2314.0686,132.60214
7.9314413,1712.8192,131.6375
9.989263,229.05286,126.69812
2.8615024,1383.2549,132.29767
2.5885637,2061.608,133.17189
258.73666,1098.8317,128.00964
0.86351925,270.282,117.93111
1.629637,688.6801,124.383026
2.643226,527.6406,119.57855
1.7588891,891.6165,122.400154
9.41106,1184.9552,131.18541
1.5659059,490.7481,129.23866
10.153539,611.7645,127.417114
2.7986994,1231.449,127.07272
6.561233,761.74927,127.257034
0.9535351,653.6975,119.53355
49.14097,1082.45,134.28607
3.810617,185.1562,119.286156
8.090808,539.5703,120.72135
1.1316624,410.32162,122.17718
8.2677,151.64594,124.075
3.5865555,754.2816,124.09713
3.3100295,1450.4092,130.44366
1.184785,493.9891,123.51476
8.191694,1715.8021,131.58934
1.1859331,1487.3866,126.306366
0.69497705,92.58309,116.52095
2.9898577,153.43149,119.139
2.814831,2098.1033,125.74285
4.218923,184.29985,126.854004
1.3865296,533.6087,124.31243
3.269555,264.28992,130.4967
1.6485057,849.5427,121.9378
2.096251,809.0183,130.30693
3.477523,1229.3632,129.92894
313.7254,1151.7196,126.55254
3.3495498,757.98737,117.33117
80.25535,372.92148,126.24771
2.4069293,543.4797,117.440414
7.5474267,591.1857,122.89147
4.1509466,575.19574,126.7188
24.18021,1300.9911,134.87146
2.5375473,1950.5723,132.474
82.55369,898.8331,132.54149
0.92619914,700.1253,120.183014
2.6899648,804.5906,131.87503
0.59358835,343.83005,118.234085
69.93271,658.01654,118.72812
1.817103,1155.4526,132.31248
9.01651,350.1929,127.49245
2.215259,1048.8713,132.48897
2.7606108,761.9372,126.67457
3.565144,603.84595,129.14369
1.6230867,328.69327,128.85437
0.66913855,340.3503,122.12245
0.73425066,275.2324,120.906136
1.4476848,618.298,126.422714
4.099066,685.9504,130.32634
19.299501,189.97313,122.45776
14.656406,946.72107,126.35354
1.897498,728.48883,126.20642
0.72770184,107.974815,124.5159
1.5076025,816.16345,130.86703
22.933586,1623.8817,126.145676
2.3346217,426.74112,129.28088
3.2090483,174.22232,122.566696
0.7743865,243.63771,116.446465
1.5892619,458.39047,118.95304
3.9789336,748.7814,134.28302
2.0487773,523.46735,128.34694
3.5819361,701.26166,121.422455
2.1088796,232.4897,125.74648
1.8376377,433.76605,120.790726
2.5393407,760.6843,133.7024
184.5902,1545.4427,129.56425
1.6504252,340.961,131.11989
1.422827,493.69745,130.15594
4.768576,1398.2157,130.39127
5.81664,552.6174,125.828674
2.3499825,653.4027,129.75226
4.25425,532.2503,126.65572
14.961106,555.56604,133.86746
1.1455574,201.80171,119.957596
2.8497458,1362.6324,130.99039
18.79847,486.9739,128.15488
2.59587,555.62415,126.88163
3.130367,1459.3796,135.24014
1.8881565,1440.7333,127.950516
1.4460245,1139.6515,126.35669
2.4808443,2035.8666,130.0035
7.652475,321.95633,122.376
1.3653129,168.179,117.61696
1.2820534,886.5065,130.22473
1.170439,400.7615,121.91951
3.0070696,1863.8318,133.89848
3.3332582,242.23428,125.785
4.5124717,1885.2544,133.36235
1.8392364,183.41061,132.25343
2.196543,1174.126,127.788925
1.7031076,1352.9537,131.40784
0.9257241,686.09546,120.72239
0.906162,364.9729,122.64772
20.334795,1802.028,133.2397
1.9448185,51.035526,118.442375
0.67246926,264.62457,120.53646
1.5659388,461.2946,131.39595
2.68268,701.33765,134.83372
15.808571,2289.6555,128.10756
2.1126683,782.86633,119.94612
3.7565536,215.08746,127.790215
1.1530838,1395.3059,122.58826
4.6822324,516.61475,123.32769
1.6506498,1399.4414,131.85744
5.983828,298.61813,123.807816
2.4362197,642.29,124.35184
0.8939929,283.13187,119.68303
2.2126744,1781.8712,131.29448
1.813816,196.40938,123.973434
2.7678967,1439.53,135.20308
5.7913113,552.34894,126.1787
1.0365275,1022.64233,127.72834
1.6870705,404.7159,128.23682
2.0345824,1067.6768,127.79168
2.6497033,1573.064,129.54343
31.270508,784.43634,128.59908
1.3679014,134.9856,116.447624
2.724691,1831.3748,133.0775
1.3394586,834.7877,129.10413
6.620695,538.42834,122.90917
0.53753215,632.7907,120.41067
0.8229644,199.42392,116.5371
0.8549675,780.948,116.81005
3.3039963,350.7634,128.69075
2.9922032,2074.743,127.25309
13.767222,507.4996,128.41106
2.5646122,305.51688,132.75337
14.076896,2558.2683,126.620026
0.6828127,393.07748,121.88726
1.9706533,1024.3778,123.922134
1.949865,444.86514,128.68048
2.3834882,1659.5753,130.4348
3.4609647,990.2347,134.74817
32.767178,2196.1128,132.35605
2.1625853,1710.4911,128.02415
2.7082636,2613.1309,133.41525
0.9188721,115.40629,115.49597
1.7906904,1497.0894,123.635826
6.9423704,1750.6418,131.91078
7.955613,1692.3156,126.86124
316.42264,336.65778,131.14592
2.769537,2203.4978,133.10873
3.0322504,489.83282,128.9822
1.6941049,394.21835,117.56479
2.7100892,857.6412,122.85332
8.151133,351.33667,122.65022
9.630568,994.0978,125.63312
0.88305867,342.47226,125.780556
2.7831857,407.64984,127.352325
165.43082,610.3628,121.818924
1.6676373,679.0086,124.72665
1.7831728,1053.1044,131.8371
2.6981628,803.5792,129.71764
3.5169647,1226.3192,130.01352
9.276042,1553.673,131.63708
8.123738,1544.4124,133.8515
1.2427459,385.3145,125.204865
3.5507703,822.1974,128.05536
1.0046822,375.4075,123.982704
2.1815777,1322.912,132.04785
1.610758,1086.3165,131.76411
1.9288832,593.7585,126.78841
4.711202,494.04318,125.757164
32.9383,2029.61,129.60304
3.8475075,557.68274,134.43323
0.8995915,608.1415,117.55014
4.183316,518.4612,132.45593
3.392625,101.20241,117.30291
2.447262,338.38525,132.66447
1.640495,468.80975,121.37453
1.5929513,781.95844,124.71569
1.5949047,931.3629,129.213
3.5343673,1602.1475,130.51353
3.267278,1120.6451,132.22166
1.140112,658.47186,123.801765
2.03004,540.80115,120.81089
215.1528,920.73425,128.22589
4.5243773,1480.5405,128.85593
2.3698885,918.05066,133.53433
0.6998703,67.72001,116.082985
3.5066676,903.2815,126.3484
1.2878883,924.452,123.66036
15.3281355,1523.4469,130.60167
1.9362069,1986.6243,128.91441
10.873014,846.61444,129.8594
0.69755125,149.22714,114.04462
4.3892894,895.7291,125.5642
6.3472576,1293.5264,132.14195
1.2004925,401.11166,126.82919
14.842613,803.4437,131.02148
14.672445,398.1575,129.61806
1.2485608,133.81909,127.00492
6.471258,1162.5415,126.51464
6.778701,1724.6963,127.83219
15.185838,2445.3247,131.10875
2.9169369,1092.9534,127.44976
89.62255,831.46844,123.020805
8.278389,657.1625,128.20103
0.99952894,921.81775,127.68432
0.8910699,530.6198,115.12328
2.7920778,349.8698,120.65555
222.09004,970.21606,118.26982
0.7044719,437.2942,118.1519
1.3026228,262.69308,117.18273
0.8174213,115.06243,117.80757
4.5739512,430.38968,124.13076
34.93822,1827.0302,130.93063
2.1772814,1458.0645,130.54802
2.7380404,562.87103,132.67192
14.520302,406.35425,134.13301
6.8664484,684.0789,128.3364
6.886691,821.6155,126.23027
1.61903,349.8016,128.02696
1.4060645,559.51105,126.92571
1.2674345,849.5323,120.612656
9.678204,723.65454,128.37495
1.2396317,334.02783,124.75873
1.9628695,686.586,124.711
8.769546,2383.435,131.77496
1.8455822,658.3685,127.099464
1.9431472,508.55295,123.69284
1.2120486,602.27057,127.54606
3.021685,507.88025,125.55978
1.145472,389.21454,122.32342
4.3497677,1956.2207,133.08441
1.3538687,289.581,127.58351
1.1221412,1347.4064,127.43606
2.187017,1507.1233,129.65956
4.3635073,770.79254,124.38707
0.7751425,428.5799,123.999176
0.8688087,337.65652,125.09348
231.51633,2057.5793,133.5915
2.4399765,1062.296,125.71636
1.3828486,409.1938,124.06179
29.34378,374.51483,124.000046
5.8172684,467.1283,133.22293
3.6136634,721.012,132.86696
6.7946997,1831.5569,134.46684
3.1543064,1997.2225,131.81993
2.8373287,691.07135,118.54109
6.7510166,1586.6093,128.83167
2.4811416,1441.4291,134.992
29.072668,2048.424,124.38881
14.187489,2259.9187,129.93633
6.6040635,573.25104,122.68498
1.152199,704.48334,123.49008
9.533354,1818.0741,126.65359
1.4351132,1527.1808,124.74257
2.0954742,85.66025,133.32213
1.4759417,330.40408,123.60467
2.085271,2482.5952,129.87881
13.076857,838.143,127.24441
2.9436297,1801.3953,129.24336
2.507099,1250.6359,131.36073
10.826809,383.4032,128.18774
1.7180827,363.4385,127.68164
1.5830282,507.4153,129.52887
1.5164315,689.6152,130.29475
5.027206,226.92305,122.21625
3.4742913,391.9418,129.38177
1.874422,642.87445,122.440025
1.3809615,848.8465,125.15088
39.73019,704.9889,126.9014
1.9450451,597.96814,125.32509
10.3632345,1702.6344,125.36817
3.742762,745.24243,125.21156
2.5011752,909.4751,133.45903
27.511395,703.1346,130.95642
0.6767064,614.5855,122.11783
9.1503105,1219.472,125.456154
2.6227505,805.3082,129.11543
0.5973084,266.69287,117.57617
5.04411,2278.569,129.34702
4.5151205,1361.16,131.28522
2.2665806,396.2571,129.14537
0.99894,860.5622,121.6903
1.684789,700.35187,121.65775
0.8565919,776.03015,124.31396
13.876898,209.89534,127.970024
4.0270734,349.3969,133.08905
19.738796,1520.2168,130.18338
1.5747904,583.51385,122.178085
1.0061579,196.81464,123.61143
2.7670395,1268.6473,125.80803
6.5706587,1665.5409,132.95403
1.0067905,188.9462,122.21091
37.64374,119.44823,127.672966
1.9457672,715.1167,132.57716
0.9034367,384.53488,124.94812
5.8160415,490.38492,126.24829
2.4790967,811.87006,124.08655
2.2583032,972.30066,132.80838
1.002399,749.6631,123.20349
1.2438437,304.27505,122.00423
4.1166577,900.02295,129.63965
1.9773188,1482.8073,128.46205
1.4773169,192.96463,128.32939
1.8366685,617.1882,130.04187
1.8835268,2255.198,124.12225
1.0012501,599.6966,120.7876
0.86862165,156.9743,118.08499
130.4687,710.2536,122.69367
1.4664005,244.04187,128.04811
2.4887192,1695.7196,130.27554
2.990665,1161.1259,129.47255
1.1647433,363.85355,127.94206
4.0285373,1001.3074,127.989975
1.6154652,838.5085,125.809845
1.927569,1251.6719,130.35036
1.9344863,468.25308,125.9511
178.20789,2088.5989,133.81194
3.264949,1758.7664,126.99075
1.7152103,448.6737,130.23366
8.3968725,222.28694,130.34387
2.1089096,601.9301,121.94365
19.909548,2061.9387,134.9735
42.481396,279.642,122.41444
5.0252357,275.32355,124.73364
2.185787,463.18918,128.28745
1.1117741,132.95465,124.973785
127.5023,1303.4901,124.9664
2.7888854,675.89246,126.232895
6.463676,231.88293,125.24706
0.9143904,211.82516,119.33807
0.91741323,891.39844,127.13655
1.129317,398.48227,122.55683
31.632116,349.7041,126.99874
8.832515,449.17758,115.81367
8.63123,1110.0161,125.737236
3.8147888,1309.378,129.53833
1.0878237,528.9063,120.382126
1.7391106,764.6748,123.575165
9.38898,494.0944,121.07152
12.382114,596.60724,132.2926
33.388157,1897.5479,132.58156
24.623213,276.381,128.93233
1.3699037,669.7293,125.91862
1.5142874,1164.2002,124.31711
3.817387,965.1896,125.539276
2.0647597,934.76843,122.49262
1.3888065,629.6355,118.23766
132.23134,721.0129,126.58412
12.288602,563.5424,132.28654
2.5701187,2254.0405,132.7851
1.6101308,691.68066,129.28297
2.3190026,693.5939,128.74583
2.0993075,1343.3516,128.99603
0.7607238,135.86688,117.14128
3.7416723,614.3287,126.92626
2.441083,1852.5381,128.29494
0.73930436,550.7417,120.44155
10.361653,1753.402,128.34224
0.86930203,660.6842,126.896805
4.258998,843.5095,135.12154
1.6610073,971.75525,129.29709
1.5123731,1477.4313,126.66878
25.998863,690.3277,125.6866
2.04901,1339.5687,133.32199
2.0387228,444.45026,128.01912
1.8125563,388.8481,116.69893
1.080108,361.27563,124.15744
5.1373525,1363.363,128.71385
3.956876,509.68567,124.867516
1.934442,1739.587,127.43881
3.1403341,983.0446,129.50684
2.3925524,1136.1517,130.54214
2.0964527,526.1289,122.25038
1.6719841,816.66833,123.82306
2.1898606,1512.5907,131.11874
1.884691,1103.3542,129.17699
2.516832,662.89307,134.4395
2.1498063,198.67665,128.99878
2.0032194,832.1885,134.17773
4.9526258,870.98914,123.302414
1.366858,862.849,124.472084
1.4888902,683.8605,118.93455
4.502023,182.78334,118.42938
0.82279086,387.1246,122.25913
0.98322123,340.36047,120.65692
4.524548,1834.3629,134.79716
2.3273473,645.34546,119.69554
1.298897,1135.3677,124.99941
0.5387075,118.732956,120.6489
21.854748,1474.4287,125.3012
1.318161,779.6763,127.02359
3.1286619,248.7221,119.79047
33.891884,1566.3846,133.43555
1.1381838,1212.0068,127.11171
1.7513152,221.29037,121.21015
0.84269404,943.9328,116.75639
2.1646616,2045.1787,133.64888
7.451576,473.61188,126.96773
140.43318,1481.0337,129.3837
75.89251,2374.8918,128.20111
2.664575,1232.176,128.1195
1.9357069,1639.6777,128.54924
2.0979416,499.05807,120.01161
11.475384,1306.2739,128.52823
64.53516,227.23972,128.55788
1.9442768,512.7726,130.06432
8.982813,1183.9186,130.28838
8.906249,928.8216,131.22984
3.6315095,482.01166,127.244965
1.676684,206.03288,114.302086
1.2548584,187.62373,124.019775
1.9310125,1165.9073,122.968254
2.5418198,756.0127,131.50673
4.0509048,884.6936,126.69551
141.55673,1644.0448,128.90929
7.33438,151.25708,123.86672
1.0331999,226.86554,128.02937
64.48858,2091.3562,134.12347
1.972777,244.13333,125.50531
1.9029872,695.2947,131.5762
2.6145163,378.6947,128.94684
5.77373,737.63727,123.73478
20.737677,1348.1848,129.40826
22.523558,352.37292,130.3953
40.993797,1539.5046,128.04286
1.1899658,803.15967,123.13346
2.5723102,715.67676,129.08382
1.0054199,356.19885,124.000244
1.773716,524.32355,126.91712
0.9009078,248.37999,122.86217
1.2388813,863.0005,123.46792
495.49,516.00385,129.77187
1.4236996,1117.5488,128.54695
2.4520655,2172.7034,129.31412
2.788745,1340.0276,133.21724
7.6174893,1591.2666,127.3211
345.71008,745.6069,134.48987
1.317845,389.44095,118.73362
7.9538393,1430.5474,134.31157
2.2023158,305.38382,121.93398
0.8018189,162.43279,118.158615
165.47488,476.2627,127.755066
1.9141165,559.0748,131.76999
14.3069315,850.0604,128.4757
1.3296294,738.3158,126.24584
1.2628922,225.45638,122.71046
0.91625303,523.0735,122.78032
2.325334,224.1128,123.145454
2.2668507,1327.6488,131.13187
3.7598248,193.72867,116.40527
0.7518076,97.04236,116.12227
7.5248833,757.0424,125.19824
4.5482483,1370.8201,132.27142
3.521468,1237.4009,128.18037
28.52341,464.76328,122.19216
1.7259588,856.8665,122.485405
74.220245,835.0815,131.61386
3.9097672,106.56205,121.42268
29.420858,1671.4957,129.2977
2.0943422,745.75946,129.38313
0.86533046,446.87985,117.03274
3.272279,338.44034,119.58615
0.83447385,476.8,118.41882
18.536709,262.04266,122.141685
1.5176461,972.07904,128.07187
9.983572,1843.8174,130.56425
2.339475,2099.8765,134.67323
1.8090433,1493.9307,124.337685
1.6256182,179.10426,121.30979
14.8752985,317.03833,130.25589
15.789953,238.03455,125.16917
1.7490113,209.79997,129.05368
2.9002404,1901.9769,127.8269
4.116009,528.31287,127.94121
2.324518,197.59488,122.45962
56.243694,780.3636,128.5448
4.641884,707.10693,127.75156
1.5406225,902.66223,120.16338
6.3033853,1066.198,125.715454
5.7233453,411.38666,129.30002
1.9289383,1121.0331,128.18527
2.6827424,420.68115,129.51572
2.9820528,1736.9194,133.02013
262.82053,475.58,132.03914
2.6954467,1246.9628,130.49405
536.1509,2006.0768,131.68643
1.4633414,375.13675,128.46776
2.166674,1058.4478,128.07324
5.550248,1704.1683,132.011
47.042366,1257.981,126.56841
195.19737,576.1466,121.19969
8.241271,712.1519,124.71887
6.560123,330.10706,117.99146
3.1336043,837.43005,128.26678
2.8683982,352.7392,127.6583
2.550785,1200.0938,133.45581
2.7982645,1364.9026,134.6389
29.50015,244.0783,119.80237
3.016102,2212.1758,129.0846
12.104821,1107.6031,126.911095
5.399588,1296.3531,129.15994
1.6186665,594.82117,132.64793
12.906644,1003.33734,131.86713
8.540073,486.66095,121.67794
3.8808699,1915.3785,126.79394
11.376291,105.97195,115.658165
1.781618,1632.5118,132.47578
16.208838,687.02014,129.63385
3.2153542,1290.6238,129.25397
0.5529893,242.58543,116.25057
1.2068121,852.58167,124.38447
1.4269662,792.362,124.61078
0.60073304,229.98584,120.2937
1.3327844,719.41437,127.05366
29.643366,608.5517,132.46458
1.4086071,950.8135,126.43812
25.661243,551.5003,127.46935
2.6449559,221.86475,125.24848
1.412768,839.06494,127.29364
0.67428887,434.99252,119.79941
2.6102889,695.70953,134.6384
2.1800528,1712.24,132.4341
79.02399,709.85913,118.72522
3.3835094,788.8357,125.43638
1.268039,508.7304,128.5005
5.4369845,1089.9474,132.26259
64.93909,1580.225,135.48262
26.135853,2602.8093,134.03603
1.3987225,557.2126,130.18303
6.5446124,499.00967,132.45418
3.2548563,229.2133,124.75341
2.3751817,625.64,124.9318
1.1206422,473.31372,117.927666
1.7778401,1060.7324,131.164
0.8198054,568.59424,125.230576
1.3547987,827.40027,122.28811
0.8741786,453.09976,120.51762
99.95399,666.2591,129.39024
1.7970088,118.0063,120.06547
10.371384,836.90063,125.18705
1.464756,835.3382,130.50507
0.8787667,208.18436,119.92911
2.8650677,1456.3359,132.02077
4.6557755,2091.156,126.69668
2.60411,384.0023,132.17455
563.7099,669.99896,135.95718
1.7700375,175.40956,124.88358
3.0374207,454.47794,118.20178
1.1813729,131.10207,128.41846
2.5753868,514.8645,115.078094
1.8452655,1675.8694,126.1486
19.31227,1963.7429,132.95163
2.9913342,1469.4617,128.84612
1.9296995,1412.0244,130.69254
1.572668,268.17297,131.13536
11.800814,1834.5435,131.23973
62.09498,223.09743,118.90258
1.3922522,563.9134,125.63585
94.64839,620.4505,124.00018
1.5814073,1111.4923,127.79947
0.6184483,358.2618,117.85527
7.413392,1843.5393,136.67911
0.77496356,132.04588,116.46322
1.5469412,1314.2697,132.60211
2.6711295,1032.9259,128.57716
1.2068495,725.703,120.38425
50.0895,176.62083,119.52386
3.71209,625.71075,130.40836
19.659678,1550.8923,135.28203
5.195339,513.3745,127.21182
4.1203284,1171.3888,130.1097
2.7251418,894.15125,127.342896
1.9008174,1385.3079,126.78379
6.8841166,717.8213,124.60287
2.7112496,2232.9683,132.95833
1.7441752,594.00867,122.39676
3.0955315,1160.4152,131.03493
8.042235,467.90137,134.19948
141.61644,609.51886,120.716606
2.0061526,105.18435,119.89462
3.8676696,585.6944,127.73962
0.5835695,216.61278,116.87773
1.8401533,495.35498,122.59014
0.73832756,714.24866,124.97713
2.511138,1016.71234,133.32597
0.80182624,823.3375,117.73561
2.5329857,361.58252,120.76947
2.0457594,353.4832,121.21903
3.4608788,299.76874,126.168015
2.3330164,1832.214,132.45622
6.1394987,2424.9768,128.04866
2.0944858,2352.5212,126.4711
5.6591563,2171.0332,129.41335
3.024474,714.50446,117.055275
3.9285624,1362.351,133.70169
16.904072,595.54504,123.08928
9.601576,1706.5377,127.79433
2.1258621,1314.0629,132.676
1.5074084,184.7028,129.5999
1.834442,516.8716,127.18892
2.8399308,483.59207,129.88245
2.7004745,2564.5933,132.51059
1.3288696,187.92973,124.15572
26.68174,695.7939,127.099754
1.1246406,440.8701,126.07152
1.9041749,463.04123,132.98463
1.5232528,1927.5576,128.46948
2.0764658,581.899,130.01564
2.7726314,1628.7646,128.87477
1.0962391,404.60587,114.724396
0.6556031,207.44345,116.80869
4.0059485,903.1956,131.5392
3.8042922,1166.7085,125.42071
17.373632,408.33145,130.43661
1.1092517,380.42627,125.68509
1.5408354,1224.9014,130.00912
5.239674,459.96173,125.05443
2.0299428,2218.478,132.84169
5.8177214,865.81335,119.0905
1.3669329,445.0281,122.179596
2.108336,992.7818,129.32018
6.801471,1702.8259,126.062645
11.84193,866.02655,133.05194
1.6599661,180.13751,127.34271
7.3444533,2402.6482,129.1628
1.0932852,211.651,115.48
0.87194633,216.54097,120.19826
0.6227299,657.6255,124.45057
0.85022134,546.095,121.92116
10.804619,624.98804,132.0401
2.1857986,537.62134,130.5961
3.488409,1327.1837,131.1134
1.296081,429.59668,118.88622
18.31936,1364.095,126.09442
12.904284,2010.6874,130.55048
11.624346,618.15753,124.39211
17.612827,143.31798,124.272316
0.736945,62.16995,121.97033
11.842775,110.70138,126.11163
3.3751876,540.1375,119.025154
2.7869334,591.35846,122.788925
3.161775,305.22385,119.60032
0.6135341,240.85231,121.47893
1.1232551,184.20486,119.05274
2.634806,782.83246,131.25792
54.457394,462.02896,126.29635
1.22367,179.30531,117.41339
2.0447464,1865.1938,126.258804
76.99894,1075.2769,123.39673
34.34887,974.60986,135.80945
27.785175,379.63846,126.63227
3.0767992,555.073,133.37415
73.01401,2032.6588,131.7084
2.236611,2281.6245,134.32451
4.9673505,1616.1482,132.20209
3.173052,1331.2904,123.730286
1.4660354,177.13342,127.09164
13.625797,238.51543,125.79534
513.144,958.0964,126.7994
6.2810316,606.0485,122.79843
13.7915535,1175.8413,124.332954
2.982349,749.84186,129.51367
2.136858,1455.4982,126.11842
6.0279894,1080.321,123.37653
1.1629657,407.3469,128.23032
4.819347,1873.4971,130.3945
4.0569406,843.3132,126.942245
6.850935,461.30814,132.06924
216.88162,1148.2935,125.642395
7.973096,505.09152,123.90458
3.9387605,1134.7394,125.34938
2.4103186,361.2853,127.356705
1.6249844,171.82974,126.06784
9.229235,1654.9465,127.189186
1.9233384,1398.8309,124.58533
1.1905816,802.1148,125.76741
13.593221,1818.5392,127.83465
0.66631085,360.45624,122.1319
298.6564,559.28534,128.95142
303.09235,738.0696,127.3551
1.1702418,61.02488,123.033005
16.19399,1169.0454,127.6819
8.15274,146.02711,115.38916
5.395833,1078.9598,132.70982
2.7220426,1673.1228,131.38391
7.5731273,554.5351,128.54051
13.12512,1544.0308,131.34024
2.1358645,1545.5109,124.38799
4.3916783,1343.5588,124.526245
1.8084129,1003.14923,127.97609
1.3074359,767.24286,129.24344
6.6631722,90.8011,123.97254
2.7579143,2331.5732,130.48088
1.1951545,565.3609,120.129105
1.1983291,415.6916,117.37055
1.1441073,757.02997,125.780685
0.9081485,516.3395,118.95304
1.1545393,944.8285,126.94682
3.0623522,422.25778,122.45434
5.9274325,545.6333,127.92691
1.8065867,1160.3108,128.68771
3.1895077,1071.308,130.59076
9.89945,1787.6187,130.17549
6.010689,1490.7737,128.00253
3.0027204,163.64677,121.21033
1.7779043,405.62366,130.40956
3.9602094,1469.3986,132.01967
10.047729,1325.8068,133.7762
1.4564142,758.519,123.80809
2.103237,1924.1812,131.59433
4.749744,873.44366,130.24753
34.73111,1049.7971,129.18207
1.4541038,924.4014,121.37737
1.3621876,1443.6057,126.98866
2.1244516,156.41776,118.98309
1.3062674,364.87796,123.28385
2.7025144,622.1475,132.98961
2.3590536,774.34937,130.50209
15.1111965,1337.2311,131.40053
6.332546,289.0978,123.410126
25.532318,497.3825,125.30725
25.85527,78.35239,124.91592
1.0641559,352.83502,126.83512
2.204361,1730.2981,132.40448
1.521385,764.82635,122.674644
63.209137,1465.9318,132.14488
10.439177,460.38098,133.06342
3.3203552,780.0962,130.35065
4.8489594,481.8953,126.32105
3.8742683,1566.7869,131.00603
3.9467368,787.756,126.86114
1.0184917,297.1489,118.26136
1.7938906,139.57555,119.04725
1.1035093,527.5716,122.43267
29.795307,331.72968,128.94745
7.3007007,427.006,132.20122
0.9457565,1041.0929,125.52316
1.8088021,956.084,129.73047
4.1929474,1122.3247,130.00813
1.340515,300.5179,120.62744
10.385352,1032.0452,128.84393
1.0539914,275.4808,124.4063
8.950567,215.97977,129.06563
2.233826,235.91663,119.04756
14.908051,1418.4122,129.02689
1.6078179,883.96216,131.8927
1.5392936,424.35928,124.89447
4.0128984,703.9778,125.054
8.992454,329.04968,131.00586
4.23144,1021.12415,124.90576
2.4234836,1496.3052,134.47784
3.2900934,238.11794,123.098816
5.0083785,124.21721,127.72334
9.026506,205.94006,127.7685
0.8939028,275.6797,124.4647
291.56787,533.7321,133.05782
1.9621602,240.2326,120.051025
10.107343,264.65164,122.37687
4.238276,1196.796,119.03514
2.4953558,1409.3734,129.25247
321.72824,324.4767,132.94153
2.048931,2083.2678,123.56051
2.5409596,2053.0154,132.37556
275.35287,591.3602,128.43214
5.776014,1377.5789,124.83227
1.7652292,415.3187,124.70623
11.147083,673.03143,126.557785
0.6906112,442.6487,117.98725
1.6371351,223.64427,125.05665
2.3672063,2201.0151,134.3599
1.7904673,1513.3444,128.86902
0.8929275,760.3111,123.57346
1.5992777,433.7181,124.375336
2.8862276,1995.7526,134.97214
2.5277684,2237.5288,136.20757
2.4696963,1673.2891,125.97637
1.1203533,397.049,123.13308
10.132586,1292.0497,132.18393
22.685995,904.08167,128.56866
1.4433445,965.1758,127.91017
30.100925,1398.7417,131.514
2.1027265,1414.9508,126.479935
97.1729,1382.821,127.05388
19.705889,736.8328,132.08276
2.4454992,1349.3295,134.75305
1.5409696,367.1914,127.94398
13.169956,430.12408,120.500565
1.4031672,1047.0148,129.95415
0.5026202,176.69685,115.918625
2.8746648,629.5743,123.77505
1.9031498,783.55176,126.9644
2.7149305,384.88354,124.247826
3.1816664,1007.33105,134.77324
2.598571,630.7718,133.18214
6.246358,1836.3777,127.06768
2.3616362,1519.3492,134.77956
1.7871982,1005.0631,125.28536
0.9491142,840.3308,119.60787
2.7260945,962.2318,130.1316
31.444023,2452.3018,132.46869
4.5336475,227.56989,127.87012
1.1265535,346.6915,125.9198
8.781746,334.30945,132.09848
19.306313,699.16504,129.4139
11.080532,799.54767,124.11696
162.05981,2253.077,134.99875
0.6801958,130.25375,124.28655
0.5597705,163.94005,121.938065
2.786508,255.03117,126.16996
1.5179464,1193.3514,126.5722
0.9712112,385.66418,123.07575
3.4229589,544.0941,128.73257
15.625791,634.30023,131.47935
2.4032855,1059.5637,128.37141
2.4114003,770.0524,121.86357
1.7167737,135.91968,121.490715
1.7021425,307.19104,130.99023
2.2777407,2128.1067,128.09718
1.2244684,584.0576,120.96856
22.761072,1183.3262,124.97689
5.472664,2341.6633,130.94853
8.112101,1202.6652,131.36726
8.227872,1233.0682,126.06782
0.9511501,788.58057,121.350555
2.8029518,969.731,133.114
4.152811,766.7488,133.7419
1.2025543,256.42282,127.38344
5.419128,671.1535,124.57586
4.595233,233.51437,118.86638
0.99997336,279.19263,116.53992
3.6296756,396.21875,122.337326
2.4082546,1555.892,134.52017
9.404568,1089.1241,123.51861
3.444755,485.42267,123.76159
2.6379552,978.70337,127.22318
2.6965117,418.9583,130.21008
2.8515177,1679.0657,131.11267
4.234103,2260.7126,135.49928
45.28921,2320.8918,127.460075
1.9765351,340.74295,126.90138
2.090055,1635.601,127.87877
29.623508,1611.372,133.71017
246.0879,1176.2482,129.60196
3.9494486,2459.4185,131.35684
3.0785353,92.18708,114.44891
3.1558762,162.55562,120.79735
2.506273,1774.044,135.66867
13.666016,268.11026,129.51512
102.05944,455.3969,122.996635
3.433818,1748.2706,130.84192
98.21142,588.3439,131.72346
1.2098422,783.23346,125.19785
0.56038404,221.05557,123.8485
1.8851687,1081.5833,127.74289
8.381462,913.7284,128.13115
2.7518563,526.8471,123.83248
2.9081814,1834.0375,131.587
1.4055946,312.60944,124.95027
3.5452926,1455.8762,131.99585
3.2151725,1016.1437,127.07625
4.370369,419.04755,122.522
6.1580086,1033.6344,127.31746
2.8789382,1142.4164,127.83643
5.2421722,2465.1973,132.62732
1.3521467,316.6538,122.35033
32.63341,2085.7043,127.6997
2.8284929,856.4949,134.75343
1.691652,436.4112,131.4389
2.8465197,764.947,133.44122
1.1355748,125.735214,116.80771
7.232696,218.05476,121.43655
1.7100551,499.4864,130.33525
12.971897,482.19662,123.923706
8.0140505,1774.5762,131.43463
1.3589166,1273.9677,124.166794
7.1196146,992.80365,128.68738
2.4842582,1903.5159,126.52979
71.19267,379.86124,119.99088
18.390184,1289.7284,127.1906
3.4098406,2078.879,133.6213
1.5931689,1074.5018,127.47798
8.738711,83.54355,125.95805
9.417784,1685.4304,126.65165
16.599535,515.13715,133.03276
170.38712,1882.7703,135.09961
9.076673,402.84372,120.800934
2.2841954,993.89154,126.47934
9.784584,381.79144,123.20759
1.3092252,446.94812,126.291756
3.092815,1222.0704,128.70941
11.414779,939.2349,125.16631
3.0469437,396.7342,128.98672
2.204635,1749.0327,126.728836
6.42075,708.5287,130.19966
24.76415,1811.8583,133.9827
50.10107,3103.7383,129.48068
4.800472,815.25397,128.69363
10.263535,1005.2603,130.79411
24.98264,624.6051,125.67455
1.8535372,100.88515,116.13655
14.186166,569.16064,130.01
1.4008967,1875.2788,129.38808
1.8861301,1932.1803,129.98001
184.1171,308.32025,119.76256
0.49496797,276.32697,121.62472
2.1333067,1338.2489,131.32484
2.706691,320.2153,128.00043
1.1218756,242.53679,128.74377
3.463451,2258.2512,133.86403
2.2276003,927.4024,134.12407
1.4658085,566.0878,127.761734
0.92788184,78.766014,118.97632
147.90038,889.80005,133.35335
1.341656,524.3364,129.11943
1.6409742,614.5789,123.470856
285.60138,1657.5063,131.47334
2.6824558,691.5566,131.02336
1.3376263,1757.6328,129.19264
2.1722548,237.63438,127.28471
2.9442747,902.79297,124.5186
26.303072,1220.4475,128.44809
2.5732212,967.76624,131.53949
2.6330988,1393.4336,127.06572
16.008749,177.47076,125.071045
12.601223,2254.4463,135.32062
7.0893893,704.1838,126.94388
2.6945162,1714.6495,134.67729
1.0838982,617.1692,128.01866
2.1722732,1122.9462,124.57989
1.0655862,374.30322,126.68338
7.0733767,275.99426,118.03998
0.69920564,202.06392,124.87103
11.276854,1185.6938,129.50096
8.051051,1496.9917,129.91751
5.567463,1799.3928,134.35094
1.568819,1274.4713,127.41858
7.2972484,1314.638,122.787636
1.1602916,688.2609,123.4659
1.3895705,431.33707,123.728264
16.33709,999.9461,127.03287
0.8330951,319.03726,124.5482
8.241501,1436.3184,128.89984
0.67144895,242.89624,122.641075
0.8438893,337.88895,121.64557
1.0980371,136.12267,122.38755
2.3179514,1987.9143,130.30122
19.510756,558.1182,125.95913
103.73178,1089.9377,123.95925
2.1793764,1357.0756,127.559326
4.5759945,306.59308,122.22991
0.7997365,729.2018,123.761955
2.2482924,821.9151,123.402336
5.392744,889.2801,123.36292
22.016644,1091.4951,133.42778
1.813263,1231.59,132.14343
5.227463,271.8109,121.80715
7.3605666,903.8466,130.51317
2.0154917,1080.9855,132.72812
0.8805053,375.8573,126.85666
1.2721825,189.72751,128.40605
1.6517531,861.1691,130.80167
1.9655972,2268.8137,126.86549
19.554523,1428.3547,123.70654
2.436345,182.30241,123.768684
13.729777,514.67993,129.61436
1.1870756,1211.713,125.51176
11.593847,1054.253,137.61151
0.6215709,107.88743,117.24229
1.092857,174.97075,126.34113
2.5142207,1192.9846,129.75543
1.7396052,328.02786,126.555664
2.084937,1183.3698,121.547195
47.708576,758.783,131.58397
5.981341,580.2323,132.38019
6.8863206,1458.8898,132.01628
22.318987,286.39352,116.8465
3.876401,1385.7634,132.08592
94.78134,259.95834,128.91785
3.4163268,1776.6602,130.68068
1.7391934,802.0383,130.54988
11.868456,897.7984,127.57177
19.794106,755.57544,129.25179
6.065414,1159.0116,128.38986
1.5750382,345.55917,137.75253
9.500267,1436.9788,125.27559
8.858139,574.40704,122.430504
205.6121,742.3763,127.71439
5.2297645,467.98224,128.37021
45.52729,1208.0831,126.127426
3.790582,483.72775,124.71808
3.378913,711.5803,126.89335
1.2117141,877.2368,130.45761
0.80573785,582.8358,126.08553
2.3263042,1137.0066,133.4408
55.1378,1167.7902,134.92657
1.803656,450.24026,126.343956
11.191823,866.70074,127.69136
16.224382,631.76746,129.26424
34.426815,132.41156,121.644775
20.375011,1083.7164,133.59128
6.7458344,568.7872,128.23251
6.5733833,1177.4315,120.50607
0.82385826,420.75998,120.72669
11.864026,964.02026,128.36781
2.4397914,1829.497,129.44662
2.9800565,2204.0283,133.30197
8.496854,786.71814,134.40337
4.0648127,581.2859,127.97436
34.883984,1191.9558,134.17227
0.5578862,158.8266,118.796844
3.5089126,217.76616,117.33056
1.2808185,176.89551,123.55409
2.0983696,590.8477,126.656425
139.30571,974.2778,135.91786
2.5327704,1402.1484,130.98041
13.739754,325.8476,125.345245
6.1417565,271.73282,127.91493
1.0839365,344.80798,127.825035
1.8458987,921.5173,125.696686
4.4811573,893.56726,127.614365
3.2483156,542.7123,125.93578
0.4929585,438.4916,120.894264
3.8495462,1423.8323,131.44318
3.9939754,2224.628,127.22905
1.4866759,1141.0614,131.0605
6.6478844,2019.2947,134.25171
2.0757365,1459.8905,131.86009
2.0507796,1205.8724,132.96938
9.495679,2105.1653,136.57953
2.8765109,334.63953,122.15468
27.273588,379.1271,125.43467
1.9516176,1279.1902,133.67657
1.7028825,1600.5984,126.40358
7.7882385,1872.9208,129.91827
10.639483,1292.3888,134.75748
151.9649,247.17729,129.58197
185.32608,497.77185,130.94255
1.8685195,491.7764,134.06685
9.654758,1500.1045,127.166855
2.636808,1857.441,130.1934
2.2583122,238.76564,123.18354
7.3185525,384.1113,121.804596
12.907484,1255.2518,129.3591
2.3247511,982.88007,126.202354
12.033391,199.80211,123.424255
3.1407053,750.5605,135.81833
16.430256,626.60925,132.63188
51.29411,2536.4316,127.03698
4.9152265,1880.8093,128.89922
0.7238679,134.28008,121.428955
1.3854939,738.69403,123.231865
2.332947,751.36237,124.025314
11.508345,449.06494,118.702644
1.1723689,879.73663,124.719444
404.00894,649.9033,126.44331
2.6411543,1990.1604,123.10726
6.7109795,862.71606,123.936874
2.2849224,480.6801,125.77312
5.243212,702.25275,116.402214
3.2605748,344.96622,127.20657
1.3330218,562.35004,118.94452
2.5322907,909.877,124.952774
2.045942,622.8284,126.51703
3.0714836,409.6292,127.58561
1.5342944,540.6376,130.17836
2.0094771,1252.9082,131.18378
2.271379,1641.4717,133.0017
1.7404841,1648.0314,124.95619
17.065083,578.96936,125.81946
122.004,382.65747,129.9523
2.2138386,1315.4868,129.53984
0.8558092,875.54144,120.07808
10.415553,1510.7402,131.55197
20.482426,1266.3232,128.90146
1.9355366,1197.8998,130.29868
2.2061646,2828.8716,127.82853
10.491344,1648.9822,122.04773
2.541499,1530.059,130.17699
3.5858512,383.77267,129.5406
1.3244692,505.51056,122.86992
2.7419517,490.1292,131.35669
4.045544,913.8678,128.13339
2.1428142,697.4152,130.77232
15.376315,454.54187,131.09134
3.6825197,164.18422,124.95776
14.949064,1848.8319,134.08424
1.0970165,583.3941,115.18714
146.83418,542.4827,125.53046
2.8398068,448.83072,123.789635
11.7859,1957.1641,134.94472
1.7276095,1357.5157,132.18063
4.76658,966.60626,128.95961
6.671829,374.618,126.25938
2.7816577,198.12988,129.65436
2.2608545,986.01025,130.5386
2.1369085,587.0852,126.904884
1.1129274,445.89337,119.794914
468.81436,811.3242,124.032906
24.77182,934.2687,132.2965
6.3151217,1651.3507,129.38226
2.2304552,277.66772,124.76041
35.658516,1781.6642,135.5041
2.2853224,1296.0105,121.02457
1.1982265,550.4843,121.867874
9.113025,1235.7345,134.21954
2.8979387,1114.326,136.44446
34.05123,1753.9829,129.1004
1.0464654,396.1496,125.5725
2.233541,971.7567,134.95393
1.9591551,1229.1594,128.47943
26.12853,1543.7535,125.50586
1.2850596,420.02356,123.72145
2.8208182,1257.5724,131.04602
124.45301,626.1485,128.98834
5.1402154,767.82764,123.63423
1.7285917,594.96576,127.15532
480.81744,793.8806,132.87083
1.087206,807.00073,127.3181
1.4165379,641.3724,127.99101
0.7432212,778.588,123.972496
245.40141,409.92194,124.19599
17.550156,806.63257,128.42255
5.3713493,504.53873,129.80763
1.4410679,524.5961,119.77441
0.98500836,165.76303,118.84351
9.457972,199.41162,126.076515
2.6977248,1300.2916,129.16386
4.6716843,838.16455,126.85217
3.2732973,193.64655,121.56202
2.5941563,1001.05023,133.98811
6.309625,203.63873,130.30795
11.134141,1557.0986,135.28493
170.61777,653.3346,119.25364
2.2133112,459.63617,132.32715
3.4601445,1341.3113,122.46934
2.8415413,1313.7188,132.86064
2.1635447,539.7535,127.379745
11.129053,146.08124,121.58832
91.49803,1081.0468,123.59412
8.918818,425.3115,130.35979
3.897824,238.74905,119.88408
4.178542,514.2169,128.53806
254.29588,1689.908,219.51677
2.3299136,2410.8857,128.797
3.949027,630.92834,131.55905
54.000137,1278.4814,127.46185
3.8617795,382.73865,130.80171
0.69366115,152.88734,122.726135
1.6421307,72.59433,129.87737
1.1969506,528.13824,127.63297
3.1103632,1470.2345,122.26935
7.715965,779.27026,127.71537
1.2638706,170.48064,122.54647
3.844189,1825.6917,135.13055
2.1961823,580.83276,126.86532
2.7489905,844.3079,125.53989
1.1530977,303.98715,128.3729
1.9433644,1153.5725,127.24001
5.48283,176.67265,121.31098
1.3184835,180.85939,118.51741
4.5835695,1693.0767,128.10085
1.0207642,491.07367,125.31515
2.9921505,821.9053,131.66023
8.10711,676.951,133.67769
1.4890431,354.8523,127.71605
2.4725263,632.67224,123.38752
2.4409795,556.98895,124.49839
4.65926,1386.1509,128.23471
12.296228,431.25266,132.516
3.1180987,1412.8444,135.83122
15.474956,1122.4365,126.744095
2.7948449,55.93407,122.633934
36.426426,407.5438,128.59377
1.0137601,474.60117,120.05353
0.9807938,641.6543,126.60321
1.9232825,499.20023,127.89813
5.3765135,2566.9512,133.06363
1.9112679,795.80493,127.29158
4.61165,1864.256,135.60013
6.7335615,1621.2257,131.56119
7.5184546,1188.5533,126.69589
3.5527422,738.19257,131.14671
1.2097907,561.5773,124.42132
2.7567036,2669.273,132.29056
2.3584132,1282.2532,132.35878
2.6422818,2109.3367,134.95798
4.535799,823.6232,124.884995
1.6681685,1173.8969,131.8369
5.9391193,1962.0691,125.19589
1.6356913,660.0405,130.05786
1.1121297,258.5443,120.10957
12.2519655,1202.9664,127.610985
1.162821,725.6865,127.53148
10.835116,832.18695,132.4741
8.448118,574.77795,124.06215
12.185839,404.4608,124.49581
31.505909,733.2657,134.04741
4.151208,503.4709,132.46924
21.581297,694.6194,132.33795
26.773458,437.8704,124.82415
14.382106,496.81628,125.521454
1.8169073,216.24039,115.32792
5.0216174,84.254,123.62847
2.318137,1413.9315,126.57619
4.328854,228.6214,129.0029
4.249697,1119.692,131.2792
2.4648638,1201.2585,125.855896
3.6022122,485.55222,134.66176
1.0407823,982.98303,120.68042
37.11324,1110.8405,130.36964
10.50638,1271.9342,127.44517
17.969984,851.6971,133.12654
4.52456,288.5089,126.8438
57.606964,2148.4524,126.67697
22.580116,2175.4055,130.94193
12.518646,1113.8142,126.04942
9.965674,1687.565,131.35767
4.955414,701.0497,125.71802
5.302189,1834.9857,127.87071
0.6639945,485.57684,122.911705
4.7563777,1709.7751,132.7978
0.7948421,261.92456,124.5208
4.792202,553.2397,128.9992
0.7516053,316.76675,114.958046
0.91927165,298.0534,122.08229
2.9108615,2417.251,129.87552
7.9873576,618.94745,127.57424
3.878942,326.29037,123.642075
1.3043933,820.71246,126.28915
2.832479,172.79208,116.43757
15.72439,715.8699,130.53036
2.2268379,1348.355,129.87135
16.17753,1456.0038,135.82832
21.879993,1525.7097,130.108
11.117225,269.5573,132.58719
0.9411211,316.20093,121.789375
13.355985,880.46533,126.46902
14.643893,1298.9164,124.90706
2.3862464,512.48364,133.09836
4.392403,1082.5956,132.83102
46.033382,600.457,128.90918
2.0419195,528.2798,128.7661
9.72457,359.22122,121.4229
0.87610227,459.5449,118.95274
1.916458,653.90063,130.40509
9.512847,518.5904,124.45305
1.8888981,1743.9894,132.67464
1.6135039,449.62057,130.85657
5.816223,242.20128,126.30947
1.714895,545.6929,124.68185
1.5775665,859.5975,122.89525
6.1550736,220.90196,123.887695
2.7569463,1958.1995,129.49701
0.6174395,519.6445,120.7469
4.796419,819.5417,124.91204
3.722092,541.5794,127.33395
8.3935585,666.16626,125.92913
9.40611,176.21288,124.6891
22.785587,987.1057,130.8117
17.95601,139.30362,125.179985
2.9754446,1452.0383,132.39368
1.4350437,617.086,128.2275
3.3424447,765.50116,129.09381
3.9815798,227.26471,130.43149
2.6442723,792.8737,127.62041
3.6534884,2267.499,133.82657
58.559303,315.806,128.91243
2.5512512,1282.1835,133.93263
1.4456569,791.9583,127.062584
9.498519,508.79404,133.09256
21.57183,699.07794,127.024086
4.429724,437.46713,121.11007
3.7270555,610.4883,132.07494
1.9368919,1383.5454,131.7485
1.9256846,302.13678,126.451515
6.912092,1347.4585,127.44797
0.9110915,324.29208,124.518906
2.2248166,717.6571,131.96957
16.875826,1459.3557,130.20795
3.3428106,1748.1201,131.50659
1.0210954,374.85617,123.05448
0.8177617,587.34607,122.48287
16.124716,535.618,134.77954
3.567434,1755.0659,134.62206
360.7328,900.9647,129.43707
2.3490493,3085.3428,126.76919
5.6190777,643.32025,115.39677
6.3290076,1005.01996,129.03313
1.6154814,719.78217,128.14697
26.118366,246.42703,124.69227
2.0876267,643.8249,130.63588
2.8566685,1175.5975,129.73953
0.65434194,116.514885,116.29065
1.0203301,681.64716,127.28825
3.7093275,1400.581,134.172
1.5437862,793.182,128.4072
5.4005785,664.0799,127.79281
2.2300816,2734.0825,129.7326
1.1416737,813.3782,128.32254
1.0381277,766.84503,118.502106
2.7178476,2119.6228,130.90768
2.1516585,270.4935,119.03844
1.3338352,164.55843,130.05013
2.0684495,876.4314,119.69387
30.23048,620.3317,130.56873
14.804282,863.1359,123.35434
1.1801428,508.91876,125.26814
1.5765232,1120.4557,123.62864
6.899849,302.5447,124.50501
2.5896592,288.1968,120.364746
1.3084058,227.20721,128.68504
3.857816,1129.5593,130.09035
14.0455885,1315.2965,126.89634
18.936289,2126.884,128.53542
29.251081,1260.1364,130.06444
44.004223,394.31308,126.46787
2.9529188,772.8391,125.897896
3.5994918,881.1572,133.4114
0.6589377,187.10188,122.59517
8.267303,1101.945,132.50523
2.6535876,1261.5347,132.01183
3.1263978,899.69904,128.70383
2.2627616,989.8292,122.922775
0.66096807,100.797226,120.27042
3.0334115,938.3428,128.66444
6.82706,188.6316,129.0063
1.9472306,1159.8988,132.33813
2.3457592,2227.8567,129.61737
1.9918832,1417.7097,132.17487
1.717918,1190.2048,122.21441
2.18993,1174.004,134.95894
2.3428614,1168.4406,133.91711
42.91087,995.1959,128.05174
2.4187071,824.76825,133.87262
52.099472,232.79549,119.031364
8.722078,304.81393,124.40861
6.920883,495.12695,126.47186
2.2880743,744.9966,131.93977
1.1474833,355.64,129.03044
1.8579834,890.1994,124.09489
6.10489,2521.6619,133.99678
3.9178693,518.35095,127.85843
2.9987261,1174.4194,131.75087
34.173298,914.19495,126.94262
0.6371368,577.5519,122.25803
2.718735,629.4762,127.82283
2.4052205,1323.1512,133.5134
3.5805085,401.47696,131.20142
1.0370188,284.36557,126.86973
10.714141,208.40926,122.323166
20.91532,1186.0575,134.41103
16.54314,2199.3208,132.43623
1.0645323,864.3465,126.948746
2.111543,894.78,131.82645
463.96753,849.2274,127.924675
4.2831316,818.5323,126.152534
0.91921824,730.97314,122.2544
92.48786,392.1014,129.11095
1.7130176,1604.1805,127.53595
3.1276276,1846.8584,128.55403
1.4734681,641.96344,126.91455
2.357725,309.4722,113.66112
9.521158,597.16656,133.32533
4.6225348,908.40497,127.67628
5.381099,2658.3315,128.09196
2.1234336,973.1979,126.78109
1.3618227,220.3925,124.386894
10.473321,933.484,130.03902
62.343132,291.27277,118.64897
1.7102491,520.58875,125.51662
1.7843188,485.2719,127.73035
2.5215518,238.36702,116.34478
4.472702,973.6055,132.32297
3.84444,2454.0378,131.73662
45.7155,1155.8851,126.20069
9.707467,981.374,123.82213
3.4133794,752.07385,120.60261
10.662292,2044.1747,133.85211
3.1284397,1450.4426,132.04465
8.959034,976.2034,122.559944
2.8062432,194.2486,125.631996
9.938972,933.65094,130.8285
18.081102,1453.334,130.45685
2.546682,743.39307,123.64619
9.85248,1439.9019,133.27803
31.766142,678.94415,128.72789
2.303811,581.72327,127.67983
3.4402843,954.1535,129.65852
2.6438792,287.4799,124.218
1.0698402,294.81747,124.438065
1.7777268,254.25916,127.57061
1.3758228,276.16022,130.96162
2.6980507,395.92444,130.85751
1.6752001,445.2827,126.15212
22.141058,705.8324,133.30243
1.0490704,857.87317,119.77955
11.90014,442.58414,118.48276
4.4706297,1120.7257,128.574
4.629938,710.10016,128.45036
1.5421281,1246.1866,125.5838
1.356954,1333.8351,130.7264
9.812233,1444.4325,128.58014
7.3705378,1360.9937,127.4668
1.520747,773.77325,124.47085
2.0325236,1713.4042,131.88658
3.7013521,2388.1213,127.793106
2.698504,216.64569,134.6401
2.7432165,674.3344,125.75163
2.5098007,593.8135,118.63004
10.181011,1432.5455,130.8885
19.544441,882.7796,127.007484
17.044828,1544.9686,128.80336
0.73888415,52.209446,114.00342
1.1652113,796.56726,120.59824
2.535434,1342.2881,134.7638
11.135528,234.56671,121.76959
4.99389,228.94849,117.28242
8.068343,372.83597,125.21535
18.13275,821.89453,133.87918
72.68783,529.98096,127.42347
15.907937,1371.3558,130.39217
0.94375104,253.42569,118.62591
3.6846519,894.2773,127.46126
2.4107842,937.7145,129.0381
2.3437963,1650.3209,132.18561
3.453395,777.0135,121.620605
25.419008,425.2977,132.0664
1.7308075,452.04614,122.8506
139.77081,840.6567,127.02026
37.585827,1801.8414,131.95918
4.3357854,1058.7544,132.11108
1.7340504,46.239452,126.82463
265.41614,304.37228,125.16037
5.7813473,1329.0574,133.97789
2.2777586,813.3471,124.36373
1.2464548,154.76141,122.48415
5.1339436,548.07794,128.75175
0.8985707,655.73126,123.836845
11.539331,792.8225,131.33202
4.081711,534.48267,132.56418
20.694784,1233.1564,131.81378
70.98274,868.3415,127.56031
23.605333,254.31415,126.407326
10.424825,1127.4512,125.87637
1.9120395,299.6002,130.64435
0.6664,57.47783,123.527664
1.7314188,542.2674,129.74869
3.90763,864.5794,123.92972
9.308415,1637.5446,134.5647
2.4583745,198.98257,125.63758
2.031997,287.86523,134.67603
2.6888368,532.6389,124.83061
1.6801898,318.6528,121.444786
1.2268686,787.44244,124.10865
17.380762,880.01245,127.29527
2.1522145,650.12555,125.61051
0.9468603,356.4975,122.88855
2.390036,454.05188,129.17088
3.6375747,1267.3221,128.60492
1.8353987,981.19055,131.11119
1.1553569,422.5428,122.06586
1.1521496,264.9219,128.08026
7.40574,257.8379,128.31137
20.790627,197.8073,118.39186
2.7710598,939.7739,132.33722
1.3777964,321.53244,124.65661
1.1249403,516.6186,125.59639
1.215066,602.6639,125.80443
2.7494252,267.4227,125.48862
2.8402162,1430.9464,132.42891
3.851907,318.78897,128.78612
2.4221406,1849.3378,133.41739
4.6916056,52.45755,122.6056
7.006428,1344.9791,131.39763
2.7096896,1831.1051,131.19089
6.1778045,2548.0105,128.35497
15.66155,1952.4076,129.39903
1.2498375,600.6316,126.065834
0.9823035,392.84283,124.06865
48.096947,670.0152,122.110756
1.2310859,752.8359,127.54352
21.06215,91.06321,127.453415
3.2496135,216.98393,126.22745
2.180043,297.41782,128.59427
1.1408995,1151.5841,130.43825
4.806923,477.28085,132.84616
3.396332,958.0278,127.70449
11.090066,1256.3837,132.56665
3.4202125,1632.4314,134.52719
1.573736,322.5479,119.27217
50.082836,1085.6678,128.5731
11.268965,1112.7865,127.6138
0.8321626,580.14813,123.64669
6.438437,760.96704,122.31868
0.9862878,617.0716,123.11948
3.4624054,394.24368,130.45496
2.5762868,1134.8612,128.65286
6.489023,883.29193,127.82987
0.98197913,1116.1698,128.39053
3.9412847,256.74036,125.58014
6.630212,556.6118,129.16031
1.4496493,519.3342,118.95776
2.2376308,743.87036,129.55525
32.147625,461.15494,127.41436
4.5277042,262.9442,127.72587
13.993799,154.05397,132.32303
241.54726,1219.8105,132.42532
20.943712,927.6225,122.299446
2.331501,312.04065,130.92542
60.898754,166.15868,122.099236
10.307986,2177.4927,133.05879
2.0203662,134.01672,121.0861
2.3825352,1165.0361,132.96204
11.293275,198.2388,120.74809
0.9313486,579.3352,126.691925
3.710233,970.41016,127.70112
1.1956761,517.5282,123.139275
0.92719054,685.3548,124.562256
334.98587,1386.9962,130.42198
2.4739454,1731.2062,133.64766
2.3653958,1348.2139,129.2483
2.2337947,592.6418,125.195244
8.754554,668.9637,129.25845
21.710531,1242.2383,135.53404
1.2782809,420.41302,130.07925
2.2421832,1891.9459,128.8696
1.3820522,302.33142,117.05729
9.147147,1020.03046,129.5342
2.3519194,388.8021,122.16077
0.9548757,1013.73456,125.027245
3.288826,737.4981,123.42179
2.816628,403.88867,124.79736
2.5193598,880.1651,131.54529
2.2098339,461.2727,126.62249
3.4536064,782.7211,126.159485
1.9290569,1534.3103,134.90636
137.72601,787.5069,122.26266
2.0260112,254.6607,126.59283
431.78476,407.15173,129.06343
1.2453547,551.97595,120.15765
11.646996,1892.7977,130.98741
1.5112917,739.6305,129.87091
61.65149,1341.2552,126.034256
7.1565566,441.56967,129.51001
114.911514,587.937,129.87247
4.260119,874.7705,130.1191
391.68967,854.6369,128.59343
32.549118,975.8052,132.65004
12.837339,641.7295,126.16323
2.4543085,1263.0344,134.34276
1.4162861,1445.0101,125.51901
67.13506,102.05984,115.99203
2.2973676,356.1583,129.35742
2.4516478,2428.2354,130.31142
269.12173,1957.596,128.74623
2.72325,1559.7675,132.42987
2.8780797,215.86975,129.04239
13.523319,620.36884,127.8431
2.5458522,2069.3982,129.72647
1.6020952,616.0268,124.86707
1.366896,880.206,122.39567
19.452333,840.90216,125.80817
2.0095859,243.22365,129.69557
2.926932,1343.5416,125.62478
1.9185965,1308.2566,131.79662
25.035364,715.6225,132.01666
1.18344,813.74426,127.18695
7.290428,744.81024,130.19725
1.0718594,377.20676,127.48978
1.3628916,338.8682,121.14708
18.261843,417.8522,127.80493
13.791145,797.5175,131.25047
2.5737352,248.56635,125.72693
5.7285666,185.04735,118.790985
8.11316,1501.2683,131.8306
1.9524667,780.994,129.89622
165.41661,331.62503,131.7593
106.21459,203.43727,125.06494
2.9549234,416.00177,129.55316
6.3308563,1206.4397,124.22114
2.6014342,773.24133,132.60324
1.469288,890.28424,125.14271
0.87109065,160.03854,125.48142
388.69684,485.1945,130.93913
1.787208,1081.8898,130.689
22.398268,2286.4094,127.28026
8.174569,537.4703,130.37299
2.101495,844.4758,132.64856
2.2732804,1221.2815,126.42144
13.011808,1049.4034,124.367226
1.9336277,745.92334,125.54943
41.210518,722.0038,120.269684
1.9290029,539.6324,120.89969
168.7271,236.99915,124.44265
4.2847786,575.5593,130.11906
2.1249237,1218.5187,132.48232
1.417864,1256.8098,128.42897
274.23343,1451.0005,131.70403
10.037021,642.0146,131.5775
27.097794,1603.1487,128.68472
1.1485926,174.5978,125.75237
0.47403374,103.50867,120.029655
32.43388,938.4405,126.280556
14.480895,808.3198,120.35119
21.461834,2442.6057,130.05556
5.597137,407.30884,120.672615
2.6940691,1659.4321,135.19817
2.9581115,1242.7098,123.32097
2.055567,1553.9926,130.2512
2.0377643,732.7497,124.2274
9.749568,345.2765,127.37999
8.175277,899.284,127.29168
15.399061,433.19882,129.9274
11.088363,208.17131,124.960556
18.385592,1321.865,130.63646
0.705136,605.3982,123.8554
1.4040663,297.717,127.86819
0.8737492,238.14871,120.96338
2.6889036,540.2012,130.30388
1.961702,372.9321,124.06526
1.0534253,445.7027,121.84168
1.7658888,301.48804,131.6923
3.2684813,3119.4888,129.49017
29.203306,619.7868,125.58966
1.2519451,595.47595,123.92774
31.352257,1041.2703,118.672195
1.1203402,438.57117,127.41783
6.6346536,1641.6349,128.90489
1.4857227,207.5521,120.81929
0.9695487,340.85147,121.90279
2.84505,823.19586,130.63287
10.737029,882.029,125.90406
71.22129,1487.0176,131.53307
400.81628,644.1211,129.75441
10.524847,632.6837,126.699936
6.31527,896.1473,128.48157
6.8226438,809.1805,119.8277
21.342136,1051.1406,133.09412
3.0335708,1238.9664,125.48268
0.9196119,715.70984,123.01229
2.587157,2127.092,131.8188
0.58358985,518.00836,118.43286
435.56564,616.2961,133.71794
2.152188,631.8412,128.4601
13.694194,223.5468,118.0265
0.84346026,122.73422,123.469376
77.324295,1230.1514,134.08578
0.9064688,435.18555,123.04035
9.357048,1518.7124,132.45229
1.3652177,112.197975,130.25732
1.4816682,986.60895,122.25206
1.7751899,592.6765,130.12961
2.7901134,2508.3188,132.34619
1.3698276,440.79584,125.876205
3.727042,419.73932,123.4054
1.7636532,279.7816,130.48949
8.423963,651.0044,128.44087
15.811227,1481.0774,134.88489
2.7799225,1906.4783,126.74449
1.1857895,277.13586,118.55404
2.466649,661.5092,121.57072
7.274978,2181.8552,129.40694
0.86187977,102.51297,116.38677
2.3058553,2124.7183,130.48253
5.774418,449.6186,121.94718
88.49076,471.3119,127.564804
22.562664,2081.3962,133.41241
2.3641515,1143.3138,133.82428
1.4696475,930.8739,131.06984
0.88263464,281.7043,117.51285
1.6701462,511.51767,125.417336
0.6887329,310.2335,124.17663
3.5985239,2527.9478,136.29488
0.9750222,1170.4313,125.66635
3.9629352,288.71326,117.12341
29.46236,664.81287,134.86261
4.2376795,1954.4744,130.92021
13.774357,1145.0619,129.23914
7.1241336,747.44556,126.8132
0.9559656,608.11536,125.58466
103.51199,1096.2451,123.32539
0.7271437,353.92014,124.57902
2.301922,1031.5869,133.28519
1.0627443,401.99655,118.51184
1.3711199,886.1696,119.19227
12.873313,437.32022,131.16539
3.8982325,381.08307,123.26039
2.2070086,1443.2335,133.27507
1.1619004,1214.9039,129.98073
17.709091,228.09569,135.09012
16.970066,958.4827,120.706314
5.085859,327.16516,122.00101
2.8854172,395.33374,125.09008
0.9554157,476.6635,122.724525
8.581074,1342.7672,132.93779
4.528484,238.6503,133.70361
4.5575514,965.8185,130.90694
0.85269165,213.47418,116.62262
4.920757,526.3145,122.82304
4.6238413,444.40472,132.33998
19.779463,934.73615,132.45744
1.0865345,169.81065,120.05138
1.9320792,726.1513,125.91666
25.598637,559.0763,131.5705
1.5877029,927.76495,129.09872
8.85011,503.69473,129.46167
2.9363089,1170.6503,130.65901
9.295618,146.2529,131.08093
1.6463089,291.8566,119.582016
3.245897,1524.358,133.43983
7.558245,877.1962,127.65961
1.6188288,635.8026,123.36199
0.59515446,360.2682,115.75239
0.7265014,785.5279,122.28845
7.986377,608.98425,133.113
2.0976117,1276.6328,127.55264
1.3425112,179.76418,123.762695
1.3718299,404.5374,131.14613
3.055211,302.64526,116.78008
4.978852,1636.7657,128.6426
49.46692,1331.5669,141.1763
2.8619711,345.29846,129.59584
0.8931913,649.1436,118.510345
82.996574,852.8429,125.44264
0.70579183,631.04364,122.485016
0.96150595,472.95993,124.338875
1.3669575,274.31247,123.27421
2.0620813,1591.6549,131.50496
3.6391406,913.82263,131.29977
4.8192506,851.1705,129.58452
4.744613,2726.6238,126.093765
4.2904015,174.836,122.79617
8.465214,460.19043,131.67607
4.2327914,1016.49774,127.00028
11.807269,354.19882,122.356316
7.1615143,1026.2416,133.15889
2.9484267,91.61335,115.689674
1.5857438,1685.8917,128.904
3.4795547,591.5355,131.3224
7.286426,494.0492,131.66017
1.4048425,1719.1375,125.22801
1.2317958,74.925415,124.25952
4.9646525,507.6806,126.89805
6.7434688,196.51222,124.71649
1.7343074,1501.5414,126.31225
2.81418,640.66754,130.00351
5.950813,1931.1998,131.54198
2.0966742,994.85114,124.3795
96.23851,1710.7496,131.54816
2.1070242,628.11383,130.43317
4.719975,1107.2378,130.99957
9.0413885,331.7427,131.35393
88.65198,172.71219,122.580505
4.0290794,968.18115,126.651276
0.8634954,1031.4274,120.40366
0.8427206,363.9563,115.16325
6.535904,622.6858,129.35262
18.041622,1241.8331,129.68018
9.686113,771.8002,124.03978
0.5876201,212.75867,114.1775
0.54364896,344.88327,114.91912
4.9152946,1027.897,132.4023
2.5104012,1538.764,124.97863
1.0439795,832.14874,119.90711
4.633868,1264.4006,132.55733
3.0877657,1501.3922,127.93727
3.2451484,948.1295,125.8001
27.899826,917.9635,128.43568
27.264174,457.72754,121.512146
3.6912313,1140.979,127.84451
4.175924,1221.4956,127.11946
3.481469,170.61165,121.00635
1.5605167,597.77216,130.50385
0.62067366,129.28984,117.49075
1.9327725,240.44582,118.87553
0.87611115,498.68478,123.84357
1.9654672,973.84393,131.52359
156.51822,632.4938,131.48051
2.8333147,406.99274,122.49106
17.467081,473.48843,129.63095
7.1141973,1595.5236,133.81943
7.9762435,882.26953,128.18497
2.3977628,1440.1265,132.01158
12.3014555,576.285,126.162254
1.5517734,1671.0243,122.93177
1.0336268,629.3147,119.03208
2.485773,793.9827,122.772354
1.7927577,237.82492,129.31245
2.463159,298.1539,124.25219
0.8156922,312.60034,123.20159
1.3461964,806.83215,127.617775
2.3497896,807.9533,134.12637
1.4144906,922.32196,125.11908
0.8227997,102.916985,125.12591
8.401961,414.37906,120.66248
3.3397808,265.6569,120.473145
2.1476269,816.31995,130.05685
6.3142548,1692.6963,126.439514
2.9105587,1601.0785,132.84978
3.2342222,1288.8777,128.94173
0.8996571,125.80816,122.89832
4.6266975,1726.2675,129.61028
0.6421276,675.8064,124.53057
4.5576496,1237.5316,127.62928
8.317711,521.8189,130.46176
4.8383603,601.5709,123.72834
1.8876574,421.68073,117.84442
3.9751801,637.2468,129.50963
4.4889855,467.4573,119.82628
2.288021,542.073,123.560555
9.313451,1204.6095,129.2664
1.6074203,948.8346,131.39275
7.111804,909.9187,123.86584
3.3730764,290.41205,122.27171
2.0067701,646.46246,123.261475
7.7771277,304.2439,126.42185
2.9106538,854.66675,126.18156
1.0779431,926.58984,119.63732
19.802832,325.0112,125.23603
1.6739011,1066.5175,127.76143
0.96798754,726.6948,125.23287
1.7869229,427.71942,127.49528
11.821384,1025.3234,127.68646
423.7703,1114.5005,131.20837
1.8301837,1014.57336,122.25354
5.025408,174.90001,119.22539
2.1548765,893.3211,129.6026
85.21269,990.04443,122.79567
3.6479745,764.1852,128.52562
8.973587,2835.6892,130.21603
0.8805963,522.4453,125.6955
1.1533515,691.9763,128.9553
1.6590183,1521.8463,126.511986
1.3210928,743.8717,123.16767
3.960146,346.6109,130.2518
1.8253593,213.18819,130.93706
5.339793,671.8549,129.96048
1.8180318,1172.9479,128.7246
1.3181305,940.56995,125.01543
2.1352637,2147.3606,128.54793
1.3491648,214.65074,122.92994
412.27414,722.95245,129.69138
4.36212,901.5267,128.66174
1.1039048,1115.4541,122.79688
1.6260074,1845.7377,129.1155
457.82257,891.5959,131.45996
2.8406136,298.3105,125.20852
2.4243057,660.1557,126.48335
32.68169,418.30695,130.6775
1.940391,1125.7499,131.38445
2.9510744,710.48944,127.40975
1.6040787,237.57776,124.6115
188.97421,724.644,129.61478
118.84794,742.90607,132.28535
3.7860453,274.2891,117.48028
1.6433485,248.89645,125.80305
9.700428,304.34564,127.12034
2.0731158,639.64655,127.771576
6.402904,210.79803,116.66009
2.2593348,2092.727,133.03773
2.162402,1818.7246,133.41689
2.7145147,292.85956,127.15344
3.1741717,1585.1495,130.3216
1.369279,900.62836,128.17685
21.814848,2237.4802,130.15262
25.10678,473.87335,131.13655
1.9107277,1408.1781,129.82047
10.443528,383.3936,129.53021
12.910816,1127.7754,132.32394
4.791225,825.48016,129.49123
2.54327,1448.4476,130.24478
21.985842,2113.1685,129.14357
8.66144,355.06686,125.57381
31.10958,514.61383,126.40976
396.14005,939.51404,125.57608
11.29085,852.1378,125.54544
5.1397,529.81213,120.19163
3.0539677,1349.9083,133.07365
3.225288,242.31123,123.89362
6.1929317,1553.046,131.38795
11.863313,1558.111,131.83018
1.6805584,387.28317,117.768105
1.5805994,574.224,122.1816
0.99669063,650.7281,116.50085
1.4612039,763.72943,132.26176
6.2002625,242.607,125.94231
2.2911327,1227.7391,134.81981
6.434089,1747.4692,133.19131
0.87609,696.26025,119.22082
33.118977,442.52225,132.57735
1.5713964,1019.6983,126.81017
1.5582039,690.9114,124.65724
5.04719,386.0005,127.17692
131.09,1747.0066,131.95676
17.758081,271.96155,116.72381
2.2426183,1548.6799,128.14108
1.3162371,357.4166,120.06685
79.36025,1518.8296,127.04144
11.1018915,1551.7207,126.20795
1.360119,772.5235,129.41211
2.4097633,719.4107,126.51814
14.650976,313.53125,122.56779
8.962316,343.41318,128.7083
192.62286,1158.8395,124.08963
2.6852422,751.65344,135.2824
1.2239628,524.8185,129.73254
4.313488,498.2938,125.8533
2.402155,456.11273,130.50385
0.81636,211.41895,122.78231
1.6690967,491.44113,127.91422
3.8294146,1145.7626,130.5986
1.0317669,380.1454,115.98765
1.3537347,493.72473,123.83808
10.6094885,734.3051,122.645004
13.235023,1530.5417,128.28049
27.260834,248.1392,127.28699
1.5824609,194.06541,126.475136
13.088293,355.5478,128.69505
4.1032557,1091.4644,134.0084
10.469574,243.2711,118.470406
7.5404186,602.8718,126.05723
2.5702116,596.6138,134.60909
2.133004,1112.6624,128.8495
0.88627416,451.7363,123.593834
32.351833,676.15857,130.41391
27.697481,976.6229,123.85273
11.002697,2010.3748,128.17355
2.5670059,3107.1777,127.14165
1.2278206,551.274,125.596214
4.21946,379.9391,119.48187
3.728835,570.3761,127.9771
20.21457,483.07275,127.806526
2.0515263,1134.2792,126.7808
12.847127,712.36584,128.01064
0.9659422,422.72745,124.588356
1.2362295,490.591,117.3632
0.71089005,128.66928,118.76418
8.891618,1118.64,127.22991
6.8744235,433.08698,126.01228
17.705482,740.08777,125.86873
0.95634526,301.00003,120.7063
1.6123589,1604.0338,129.05112
5.3125334,623.77106,129.95905
56.376873,830.2896,125.49066
1.784903,755.7838,127.19675
3.8577034,538.40643,132.34848
0.8400358,889.6758,118.8581
9.948535,502.1943,131.628
2.54765,1953.8358,127.08398
2.0060077,1257.4681,129.14629
2.4309528,929.72015,130.34964
2.2084439,253.57512,134.12381
0.4616389,218.13113,114.388306
1.0684818,278.53052,126.54329
5.1,1830.7932,124.09744
25.256826,783.315,133.16916
7.774301,525.8697,125.903465
3.161347,677.481,132.84772
2.157219,1443.13,131.367
1.8525864,653.16235,121.89569
0.6456777,618.4657,124.23537
4.170876,1861.7616,131.57639
1.3456829,974.91943,123.38558
9.151532,2107.4797,135.10706
0.9851275,235.82947,125.32945
5.902498,1242.4167,124.142075
1.0188013,599.3108,118.56364
11.901608,1538.2606,123.982574
10.662286,1409.4102,128.36522
1.9795567,642.1356,132.27724
5.1158433,1635.9724,134.54646
6.361274,949.4216,123.76566
2.0019872,606.97504,117.53882
153.20432,894.02216,129.07968
1.2606268,915.30804,128.5684
1.1281912,442.6845,120.9982
1.6354053,486.08002,124.20053
1.0385665,1110.6809,120.81881
0.9432192,926.5235,124.16952
8.012148,493.34366,133.25327
2.0757458,1963.3839,130.90506
9.610394,740.66254,131.9924
2.2700524,563.23737,123.06028
3.4992933,808.45825,132.4663
1.3900826,743.8137,122.168686
2.5903492,115.93619,124.419334
1.1159607,299.3692,117.04152
2.3315785,1612.5093,130.96423
0.9769031,273.2582,124.44771
1.3012989,767.4052,127.440994
7.3046603,2181.8025,126.71115
3.7696323,761.51624,130.89127
2.6532624,321.57047,129.6374
3.4412358,1136.8705,122.39776
2.2460914,892.7819,131.98212
1.2499483,413.6458,121.82016
168.57555,409.9463,130.14914
1.0188022,442.64124,121.685
2.3584201,1339.1772,129.53316
1.0569751,485.28604,126.29482
1.8671213,238.43265,121.15682
2.6170704,202.62741,119.17341
1.869452,625.25146,131.57727
76.41681,1487.1371,132.09215
2.7949865,827.8176,126.81955
1.6634296,960.45996,130.00137
2.4406176,959.9329,135.20949
1.3265862,248.8055,122.75816
1.2514185,178.47578,129.03893
1.3931265,1001.4815,128.759
10.459991,212.43745,127.16845
4.0926256,626.10266,126.23165
9.25287,201.38963,131.52652
1.7562841,1424.6516,131.9993
0.6541117,147.4187,117.75764
1.7757006,1315.7819,132.98874
347.7907,1770.6644,130.20975
2.4432282,1967.9634,128.79677
2.9190905,875.6605,131.02258
3.9075398,510.25772,126.76087
2.9187975,439.9651,127.98252
12.601238,631.30133,128.98592
2.7759225,1670.1946,125.069725
1.1548122,397.27502,123.585014
1.3463742,889.0261,128.88382
1.9688382,491.99527,133.853
3.624664,212.99939,125.53487
8.173802,633.1599,117.111206
3.8464394,173.31447,121.91323
1.0862123,703.7344,123.341705
1.9040675,373.31183,123.16175
20.656145,2415.9014,130.91037
1.9196203,886.9633,132.33089
13.094969,1659.388,128.43819
9.159977,1571.6521,134.97556
6.7688007,385.83585,121.03473
1.2283942,897.35675,121.48432
3.4678714,764.55023,126.98654
12.388474,1910.6615,134.0806
14.097489,1279.5586,131.8422
2.04,747.7111,132.48126
1.5733603,1045.2714,124.94654
31.509102,492.60675,128.0999
2.4647155,1368.123,122.18395
1.4324245,872.028,131.41747
0.942999,768.97455,126.43004
2.297781,64.36365,120.869064
38.61111,659.8843,125.58369
6.191487,1508.3081,132.38664
1.9039028,374.0937,126.89117
0.54300284,82.43212,113.30169
1.1302682,187.4626,126.53104
1.1584939,230.1232,123.099335
3.8286047,763.60004,127.43121
2.1711946,420.135,117.532684
24.640396,1005.0839,127.84599
4.2999983,158.87479,128.24518
1.4028183,499.24677,119.149376
4.7870116,1860.7179,130.0124
4.8489265,95.86615,116.78572
3.06769,1235.4542,128.16655
3.9594939,515.0104,118.4522
1.5590289,526.771,119.91509
76.18791,461.004,129.03557
135.99481,494.675,127.05527
3.2185917,1190.7681,123.57604
1.2853925,270.5873,129.49944
5.3545423,1148.8179,125.54456
9.099151,617.64233,127.84169
1.3982098,290.4738,115.114006
24.545292,763.6769,127.805405
4.4386487,600.5773,128.60161
1.277943,359.25156,122.58825
7.654323,1999.6515,129.65071
1.6550485,819.79724,133.53734
1.0689735,545.95746,125.29824
1.5678604,2307.558,131.19658
1.8785807,1378.2094,130.34024
18.30312,528.30646,120.877205
2.1617725,1355.5082,128.29424
6.601589,128.44151,123.712494
1.1745393,250.01665,127.432
1.1796126,1040.865,125.38897
52.039494,233.48524,127.50901
1.054309,817.8959,128.0715
1.1600052,242.09674,118.549194
1.7048757,1468.0592,131.0081
14.4796295,110.22214,127.21044
456.88937,912.08923,126.69749
21.97547,1619.1605,134.73048
49.671112,633.1589,130.86345
118.59431,1451.7142,126.94733
4.437277,187.54271,133.22658
6.2099714,546.26306,121.59915
28.94332,1090.8124,130.05663
2.3629372,203.55876,120.67975
1.5745655,921.80963,131.08006
231.8474,654.76086,120.69934
1.7900426,1231.5548,126.61147
4.8692827,624.8213,131.48291
1.6507567,613.4522,131.28442
0.8734048,148.778,124.056656
2.6877735,565.0952,126.41556
108.65635,296.40247,123.97269
3.4056187,2742.2952,129.35622
3.69893,495.79135,123.90948
2.2638235,1880.1597,132.49709
0.9623035,136.76842,127.232544
12.069276,113.54027,120.79801
1.7826519,1633.3522,133.05386
79.42012,361.13474,126.14938
5.6084685,1712.003,135.2071
61.622147,2585.4707,127.18977
1.3707528,1041.4398,127.64277
1.7775036,632.7413,123.22459
2.689186,563.752,125.36131
0.9582977,194.68428,120.05169
4.381301,2850.5183,134.1144
66.02237,746.67804,124.96458
0.96308494,320.03992,125.263855
3.0879972,2216.3938,129.81409
3.0786498,626.5127,125.95001
23.51697,606.04156,121.04433
5.4580092,628.27344,122.38334
24.52834,442.67178,113.18115
1.5532614,831.2443,127.30367
4.7966795,473.55737,122.124794
2.9595966,766.8247,123.588524
29.158764,1197.9454,134.26738
228.18434,762.6246,127.87471
0.7407235,787.8241,120.065735
83.215675,935.8133,123.897064
6.0007024,729.0829,126.39124
1.7857972,376.62726,130.74817
14.485424,320.33444,122.79212
1.8072158,1384.1294,127.51358
7.8843694,1610.0988,125.35085
6.55615,1249.3344,129.7061
3.1385832,332.41235,127.38384
1.9523435,429.50177,121.73301
2.321318,1394.7712,129.84166
1.9552473,339.9059,122.34425
3.3519118,636.22144,131.2198
1.1137474,469.72543,124.362724
0.90339476,197.12222,123.056435
0.7115587,544.2402,121.36929
2.8861089,1090.9305,133.17627
0.5742604,369.92288,120.35912
3.1219988,1530.92,135.11502
1.0223334,282.77502,122.077
1.7594353,443.9169,127.21095
1.9390419,1807.682,128.07909
1.8602798,1158.846,131.05211
3.1556299,146.25653,121.20893
24.115925,2079.342,130.56125
2.1868453,380.1949,120.89032
2.2007127,559.56244,119.17094
10.8446245,742.5498,127.73434
9.979457,717.43427,122.871925
3.8760345,609.48956,124.44156
1.8440069,736.0487,129.78938
0.640689,381.3897,122.813484
1.8746835,885.09235,125.99532
2.8919177,1315.0415,128.23273
9.782069,349.6446,122.53862
2.1726017,342.97574,123.92348
4.981331,229.63562,127.49257
19.420383,789.9992,124.14832
5.1259713,1002.907,129.87434
3.2682817,969.8712,133.92686
0.9864675,534.7426,122.881065
2.2921238,2037.5638,126.29539
2.4825687,2718.1592,134.21507
0.8884884,649.1343,123.750916
1.8535854,997.16864,124.027466
59.000973,475.37088,119.91447
1.6289124,380.23514,128.46046
14.714065,946.1131,131.78072
6.9962025,158.66922,120.56871
0.92821497,258.78036,120.07275
2.6413457,862.16614,124.86832
12.394292,2428.8396,134.72694
1.0356513,173.51341,119.120964
3.2491868,1479.5563,133.90265
5.315789,303.16077,122.690216
748.00214,577.7953,130.81706
5.475589,566.33905,131.45328
6.4360785,850.1196,127.46845
89.68836,1209.0742,126.286316
1.6495535,318.93533,129.52158
1.2054862,1250.3168,124.34947
2.0303104,451.57162,127.8614
2.4750884,521.25024,122.395615
7.7900524,250.7032,122.295456
2.0452,1283.3396,130.49878
2.6821277,701.0176,123.327255
2.6538038,1075.6364,126.055275
26.30993,1290.2712,126.45256
98.768326,1200.9532,131.93942
2.4647,1023.4608,127.48132
108.33047,1918.7986,126.58766
2.2250364,2804.0115,130.39665
15.330768,510.9402,128.32086
8.83889,836.30206,127.03785
1.6161255,233.1385,131.59435
0.9622816,1106.5045,123.38412
1.881706,609.76575,124.532776
14.157765,448.51144,113.44983
2.1479228,1313.6155,134.33641
12.862939,394.98926,127.50208
31.606464,651.89404,126.127495
238.56104,1096.7197,128.99109
3.140864,642.61487,117.97334
0.53618336,559.90576,115.53013
1.6899605,627.2685,123.32295
2.979766,1392.3651,131.40514
2.280287,1241.2268,132.05264
1.8718498,223.96521,129.93835
159.82138,1526.8646,131.75967
0.82916003,476.56097,121.48047
2.2861855,1534.5203,129.20587
2.9094853,783.75446,127.001816
5.6037054,388.20792,132.77603
5.231901,1593.926,131.46707
2.0343432,623.7412,131.10857
8.751428,1355.5538,127.657104
5.7644815,1413.0493,135.95322
2.4106472,1176.2292,128.13466
7.02279,654.5969,123.657326
8.866321,1152.7764,129.7724
3.4797895,954.94366,125.43011
2.4596145,669.02136,130.63826
2.10539,768.205,128.68669
2.1538348,314.4796,127.600945
64.56249,385.42322,134.46477
7.5911303,1204.8176,135.60574
15.771422,261.62637,125.174515
3.0184252,770.7348,127.237755
31.757936,375.81067,133.21101
0.9601945,415.0643,125.07102
51.545845,1607.3326,129.34138
100.400185,343.58722,124.15113
1.1968693,711.1988,124.74218
2.8713093,1854.6439,130.28569
17.434418,822.0061,131.8538
16.207314,619.7771,122.276634
1.9597547,416.41684,127.227585
18.406797,146.5095,123.87163
2.2535157,170.9995,126.35487
57.15457,360.28836,122.257324
3.5690851,429.14124,118.122406
1.6800314,1110.0111,121.779976
2.899235,367.12924,125.582016
14.430367,1575.6549,130.29062
16.260927,602.7002,121.45113
19.373955,410.82803,116.47668
1.2267236,721.056,127.50006
17.643082,2004.8208,132.16545
25.695942,260.56897,121.39346
13.312327,701.09155,127.98072
1.6206427,494.96118,132.21703
7.7230425,1202.1736,126.31398
36.074356,1429.897,133.79315
2.1513653,997.04974,127.41362
3.8822465,1586.3792,135.0377
3.9615796,1833.1974,131.9788
27.057753,1354.8365,132.18642
2.237911,708.02026,122.92026
3.180828,1002.49396,124.407646
1.1011856,746.9345,126.475266
42.786983,248.14911,120.522934
1.3330668,579.39575,126.283714
2.5949078,1077.9073,133.42831
44.67036,940.8394,126.26917
228.04985,471.29364,131.93042
2.0089297,524.0388,132.00833
2.7916038,681.2716,128.20181
4.9955716,1099.6907,124.305405
1.569488,1413.6316,132.10202
0.48150995,592.0112,116.87355
4.908489,277.69592,124.134026
3.5890574,1328.4814,126.98502
1.465069,224.09312,121.68387
24.381504,1223.041,130.82195
2.2076998,803.17944,127.95233
10.732716,433.5781,124.87129
4.6378765,353.12875,133.578
3.7698512,380.91626,117.11943
1.4518313,424.07904,126.59205
2.1725898,434.50403,132.3903
88.22966,932.7073,133.43987
13.996016,657.00574,126.46275
6.1722455,1282.2214,129.84096
5.0360823,813.59955,129.2265
32.668495,1860.824,132.03911
13.017438,2121.4246,134.17607
2.557983,1546.0508,134.39876
1.2807174,304.3639,119.60437
1.8097867,339.76846,120.7502
2.2888048,1012.7343,128.98856
4.639659,576.7634,117.8199
1.2240404,767.27136,121.52023
110.83768,1121.0592,118.36455
0.7967789,302.86707,118.125626
3.8246584,305.83725,128.88449
1.0797718,421.29947,123.819725
32.74568,107.6905,125.110504
3.2726548,1296.3125,127.64377
190.72858,243.53578,124.71019
16.739456,1111.2048,129.57358
5.4246182,940.4453,125.03667
2.4675841,1516.0972,130.15785
13.92879,1596.8458,132.1889
4.785348,193.43213,127.90208
1.6860659,1008.92676,125.927536
2.2050521,856.2226,129.85234
190.15019,762.6023,129.25087
15.057207,319.8678,126.191795
2.673319,387.88263,126.05755
6.049983,2809.4197,129.80345
1.7079722,755.06177,127.611725
2.1493568,618.6028,119.36957
10.087215,1298.4724,127.39909
4.6418133,2383.297,135.85371
4.1036615,894.07477,131.74295
1.4072412,279.58575,127.34862
132.30852,639.49,127.820404
2.3423026,492.1533,125.76605
2.226023,468.96402,133.33267
4.4023137,2207.0354,132.25168
3.0890346,2017.557,135.35872
4.4375124,974.0825,127.05179
4.8199267,434.58896,122.5926
9.852394,1417.9133,126.82947
0.9227517,1143.5552,117.65863
2.423651,1009.12836,128.93695
7.993192,373.31226,120.66364
2.0198367,178.9167,117.75731
2.2361963,1779.5546,126.291214
5.391212,489.77225,119.13724
2.1703603,662.27655,120.35065
2.6587174,1492.4896,119.829155
1.6692932,150.12184,124.08769
10.159022,2000.684,130.9464
2.1469696,858.26746,128.59036
2.0266843,836.59326,120.46926
8.361077,579.3374,121.21644
2.1011646,693.2713,130.477
3.3487728,580.13464,139.25032
0.51867455,633.4941,116.904305
24.560066,695.1165,129.6608
0.56597054,701.4297,114.16711
1.5639074,138.06923,122.18164
1.3809748,298.66876,126.288864
2.5958762,741.0231,132.47719
2.8196309,1674.5913,128.23637
3.64377,421.90887,132.68175
1.7743164,405.18164,130.72008
17.262646,692.9389,129.76842
0.74451035,599.3675,120.37393
31.624105,523.6515,132.27937
2.3584905,2200.8225,131.1552
2.0777514,1083.3628,127.17215
1.5880207,275.94684,130.21046
1.5508664,998.6694,125.09384
0.94131047,620.0901,125.9718
0.73064154,402.50452,121.62429
3.0483174,979.24756,126.79077
3.7615008,1611.814,126.47948
0.6945785,532.2498,122.71663
3.603346,1447.5026,123.764496
1.7170316,320.87274,119.25689
6.6977134,1848.203,128.65096
10.336017,503.60052,134.87329
5.397713,444.5045,119.23079
411.0828,999.6668,131.70515
1.9062696,331.77472,121.467285
7.3224525,342.06998,121.083145
3.0432062,472.12192,126.02746
8.646348,1046.1553,129.35179
9.667285,632.64197,129.58035
4.5131154,1074.0676,128.33203
1.1979926,115.88179,125.91846
1.3771219,277.97153,122.27796
1.2003593,415.30463,122.62118
1.4292139,613.69617,127.384125
18.048286,425.6253,134.5657
22.889097,1602.0771,128.29286
8.62604,1603.1307,131.66136
4.6730614,1316.0675,128.27615
1.4579558,1443.23,125.62396
420.38196,944.04193,131.57579
20.03444,2424.5833,133.75165
331.02682,178.13776,130.7194
9.505497,464.46155,122.07017
15.401985,1469.2848,129.16293
19.2775,805.4008,131.1281
1.432003,648.08655,125.054245
1.9484464,1168.0668,126.955826
1.6250025,437.83228,132.41194
40.043526,726.6624,134.60403
78.66874,1328.3496,129.93002
9.80088,265.2019,119.29911
1.3432411,480.50568,119.814186
2.3285236,357.948,129.77693
1.90466,1169.3745,129.81073
0.86516184,525.1936,115.40145
15.082943,558.21857,131.1678
0.72878766,463.71875,121.009285
1.688314,843.9952,122.643616
7.685024,2449.7166,125.89385
16.846052,350.15598,124.03621
2.6688194,1369.3163,133.98329
6.7216387,266.61136,116.386795
0.8613328,181.80458,120.70819
5.339331,1463.1465,127.03079
9.817064,2151.6558,125.84342
3.9952426,264.0282,123.03431
0.9497142,276.54837,127.3365
4.748381,2299.4988,127.69507
132.46565,96.53727,117.22576
9.117567,1668.0643,127.38075
32.00377,1000.2796,132.08441
0.85641503,210.92932,120.432556
0.90948194,585.35614,124.90935
5.1297646,380.36285,127.15276
1.3081127,789.3772,130.34512
10.011481,2687.7861,129.80212
1.6206533,400.1062,122.697105
1.5191755,515.317,128.55351
3.2858782,878.07495,133.68437
1.549134,408.87918,122.150444
1.691222,960.4695,128.46815
3.1978145,1552.1849,133.09166
13.309881,541.26,126.03122
2.1443114,2153.3042,127.88354
23.033665,2099.9087,127.28581
1.9205396,1271.958,132.69646
31.958193,1243.8617,124.210335
167.32231,1538.4744,131.59105
18.565426,1819.1559,131.36464
1.9669652,1123.8284,134.26901
2.0307853,1810.7262,130.7478
2.424502,774.07684,134.29321
8.281945,1295.1984,126.346985
172.9465,390.42416,126.615685
2.1616561,445.1009,124.12876
14.523932,1020.78284,132.3936
0.9593167,367.1954,121.53631
2.4132185,373.1203,121.70854
2.7871718,582.4361,123.23094
0.5915388,764.38086,120.04581
0.70072,814.7577,124.260185
4.6714015,377.40372,125.67774
0.6115026,488.01248,122.3624
2.9108245,1421.0995,132.50288
3.8062668,769.07544,131.80351
3.7538977,1382.291,130.48232
4.625766,978.4155,123.47524
0.85806996,505.303,124.5511
0.7919394,209.73885,118.88533
1.523984,1226.7832,128.02406
264.60077,579.8138,127.19181
92.106186,248.29303,127.323715
1.2998734,1235.1533,129.31909
6.8904433,1060.1797,133.01695
127.39183,2182.9705,133.09271
48.163097,657.7434,126.424675
2.011723,1049.4813,129.04202
1.1066096,952.3323,127.357414
5.78486,424.87097,126.64142
5.448039,525.2768,127.84682
1.6065725,495.12448,130.95874
6.890054,1556.3586,125.366974
3.7305975,1570.5187,129.37375
1.6876363,325.06958,129.76123
1.9325571,1083.5848,127.4471
2.991906,684.4361,129.87907
1.2893248,176.82526,124.88319
1.0397147,674.13745,125.13164
7.5275693,584.4429,124.64882
39.69803,1848.719,125.57446
1.6518157,1409.6487,131.88815
4.367492,856.04236,121.54125
9.358847,390.1509,129.80267
0.5606331,462.75806,120.93718
1.3584387,1082.1976,123.672455
14.487434,1848.0223,133.45695
7.993757,124.70121,121.47444
2.1269739,804.24414,126.797676
1.7243608,382.81982,128.98923
1.4303315,1127.9423,122.00693
3.2803047,450.848,127.76546
0.78000605,666.09174,123.07255
57.0523,1082.5729,128.22462
1.3910782,451.21896,124.232475
6.2295704,608.3398,126.3536
1.9188519,470.3706,118.0896
1.5035543,568.212,127.559425
13.262696,982.4816,128.6504
6.3886313,1033.8567,128.80412
2.7875285,1561.0704,127.05429
7.8369293,651.3829,130.69221
2.7603188,569.24115,125.10591
1.9605628,757.14545,130.89885
4.9944167,541.4274,131.8697
1.3889992,182.52162,122.560326
1.844517,1028.5693,119.95123
3.559097,1261.8289,125.31706
5.2970247,1937.7179,126.4763
1.1287736,661.9729,120.905014
2.1188643,742.8965,131.90955
1.4006529,306.0725,128.9697
2.7545373,1087.891,131.66281
5.4923754,753.9094,128.21362
11.601277,344.39398,132.36757
2.320419,369.01453,131.81001
17.463224,696.8937,128.06438
3.70144,649.17926,125.905975
93.41494,949.3518,135.02225
11.589003,396.00388,122.997635
120.96901,1222.4489,132.52443
69.76897,203.2324,117.81121
2.2361028,268.54608,123.11669
20.646927,953.826,131.57494
3.4083445,1976.7604,129.30927
3.6722186,341.23862,132.82385
5.866108,186.74796,126.02008
2.4089723,457.04245,132.50255
0.8202072,595.68164,114.33084
8.812353,913.8964,131.53874
2.26845,595.8049,125.661285
18.169611,460.80707,121.54094
12.534188,579.666,130.25641
1.5213213,1280.903,124.34366
2.8657238,1533.1093,128.97308
1.0711089,592.51404,122.48937
8.118648,993.8694,126.02682
2.1084704,223.75737,123.412834
2.267422,1366.5608,133.175
7.897754,2002.0032,133.32346
0.7469469,311.1255,120.88179
3.880268,259.76437,123.25019
1.5760735,598.3781,129.50923
2.8008308,1836.4924,128.73166
12.795264,1617.6217,129.32434
2.0478086,572.2923,126.81719
15.39955,830.5429,131.32404
21.644768,230.88268,118.49098
1.8973675,921.6292,126.04482
1.2882608,662.8515,128.39375
5.6706133,932.4926,133.92589
2.894596,1072.5122,130.61874
1.0424665,522.1334,116.82318
27.293053,821.61005,126.097565
6.751398,589.6603,129.91235
4.8161526,470.59586,135.35306
5.98092,93.56905,120.26686
0.75086814,420.11423,119.75027
2.009514,725.3774,125.37188
1.0058112,175.33653,123.03485
1.377866,275.76212,120.8382
2.585017,643.9018,129.06013
0.7633352,184.93217,121.45683
2.900293,1878.4504,133.1347
4.328759,554.4754,126.11613
14.707451,1302.9686,130.32211
6.072206,1629.8795,132.71362
11.379504,236.1706,126.073395
0.9567595,338.41443,123.32892
2.8336437,615.64374,126.36798
0.9446087,549.0464,118.2433
17.826845,890.08563,122.61184
2.4764843,2520.1365,135.29306
8.937183,1063.3134,131.30533
0.45193455,441.81958,120.962456
6.4252706,927.724,129.5019
12.581791,863.1553,129.14668
1.9319571,625.9076,125.20804
2.9225352,804.27246,128.21976
1.720589,339.64038,122.067635
12.2972,338.2631,122.80099
7.4240813,214.99866,126.12342
1.315535,846.7213,125.995415
66.28837,990.0092,129.5738
2.4988132,579.5917,134.13817
66.600784,1404.8112,126.78768
5.0099807,900.03174,132.9003
17.707024,581.23047,125.5418
4.2355924,574.3123,125.91195
4.2031054,348.61697,128.23128
1.066295,517.1244,124.12593
5.2050447,640.6024,130.07141
85.53627,1454.505,123.78921
7.7444654,1105.0726,131.93423
78.1189,385.84625,123.52647
2.1546886,715.2054,119.12131
24.696775,1184.6661,124.81546
7.6316757,1493.6838,126.039314
24.726133,464.3829,123.58315
2.403899,2118.2234,128.20305
0.72265095,781.1597,124.87542
1.0813276,276.76953,124.64419
9.245341,407.5384,121.51049
1.8425195,892.8935,124.24647
1.6922717,1568.732,129.17674
13.098848,202.22566,116.887886
58.24883,601.88464,129.8471
11.300222,1299.9717,132.25537
58.516087,966.5814,129.11935
1.9357845,683.82306,126.137245
3.0667055,2000.0197,131.61757
0.6155695,453.9743,119.78485
12.083942,1873.7678,131.35374
2.4411635,1009.3464,125.137505
1.3493797,1032.8269,118.338196
1.1712275,640.62146,116.90278
2.1404476,1455.1907,127.1515
0.9830737,248.71611,122.534164
2.8655455,1602.0477,133.14717
298.35867,1483.3431,131.6715
2.7121234,1008.9736,126.64403
126.892,1056.6918,132.76306
20.770504,1669.5138,126.28045
6.87671,662.56647,123.8376
0.8919752,647.5952,122.07179
17.261007,1511.0391,128.5088
3.0393388,1246.4083,131.15607
18.993649,937.8801,130.53828
2.530871,818.0914,133.04689
2.2587116,1215.3826,126.84055
10.041169,138.80977,118.41432
3.702112,1492.308,131.55025
4.4915347,2114.2747,134.37901
25.362202,872.24817,122.65689
11.566969,308.7237,124.52753
1.460405,194.08173,125.15
2.2338176,1152.2678,130.55313
20.058731,1162.7107,131.61456
37.392998,444.08145,121.08138
22.345278,1452.1069,133.31592
1.793309,604.06354,130.93631
1.2758785,275.5881,124.16216
1.0408084,584.83636,128.32175
6.635269,966.90155,129.37045
7.715031,504.9388,133.41965
6.643681,698.0009,133.13756
168.2478,1241.5167,126.03733
3.7614195,1201.8755,133.60507
0.9974594,420.08182,121.863914
9.375043,648.74066,121.38289
36.206173,754.2989,132.43579
6.8556113,299.24902,120.830215
1.6814486,453.14517,121.99519
10.793748,1482.3545,124.447914
3.0724907,915.55255,128.89099
2.1659765,1160.6262,129.43132
1.588802,406.4545,120.1144
4.437025,971.8881,131.60255
3.1533902,2129.0063,131.5032
9.4231415,403.70908,123.353165
2.0240924,2067.735,134.65158
1.8639653,49.1212,119.51804
0.96634376,416.5783,123.73073
4.3995605,202.39784,123.01194
3.5429447,505.00977,128.61293
1.2462263,631.86273,126.316574
129.81035,365.41687,133.58037
1.503855,1280.1547,127.02646
227.14793,269.20325,125.44496
5.715875,944.85095,125.94772
2.9632745,1482.6,131.05902
19.926731,2070.8218,128.38428
2.2636619,1447.3124,132.26286
2.8480542,285.40033,122.823296
2.5308444,304.2814,129.54326
0.52697444,381.65976,117.97944
12.819446,1031.6359,123.869064
1.8771266,822.6581,131.20483
10.404413,1206.9891,126.391945
0.9682067,1128.4897,120.324066
0.52962416,93.44752,114.99831
1.1185418,208.07593,116.03797
6.6900716,1278.932,130.69775
3.3028648,826.1499,125.83501
1.6765176,1246.5502,128.88269
2.7343817,282.02872,126.16256
1.1392158,1432.6825,121.106094
3.0938814,704.72253,130.4226
8.188204,1790.1881,133.9753
1.258166,290.89432,129.5589
1.6610129,1034.3934,128.49492
9.765173,269.70572,133.06099
2.69679,1440.5381,132.53267
28.999784,805.64557,126.80074
0.67454916,504.09225,117.159676
1.292049,1104.7058,124.76777
33.782177,1667.1725,134.25436
2.7608745,2024.8567,130.45856
0.871985,326.12485,124.58742
1.5728132,440.96176,119.80288
121.60315,292.25607,127.17716
4.2291327,759.01074,124.62195
1.7726448,170.05058,121.83044
23.73803,396.66928,134.49608
4.548615,975.27893,125.3657
3.7971666,941.64484,128.63344
1.6610751,975.8311,127.64337
1.2789979,232.66199,124.822975
1.7804712,773.59406,130.0106
29.19135,457.3895,132.85596
43.961456,1263.8481,129.27408
28.523901,1067.9585,126.865585
3.1274545,1734.6442,131.20036
0.5706134,283.8962,122.30189
1.1390712,175.65158,127.47218
4.91643,835.39105,129.23297
1.9758332,1928.0907,131.12909
1.8541945,310.1457,133.43687
2.373803,150.97084,116.89449
2.3438425,469.82068,124.32308
2.6775784,659.1431,125.77481
2.4418914,1864.4131,129.76508
1.705015,1474.4846,128.83623
1.5902355,250.25343,123.31688
1.9899523,998.4909,119.007
8.577464,866.11383,124.51344
28.420822,523.99866,127.09488
2.5625088,1551.1212,129.83678
1.0058806,796.749,125.8031
0.5076701,347.8377,115.74225
6.27026,762.7613,121.16838
3.440984,403.24176,124.158134
3.3619568,805.3443,126.84845
24.266943,488.598,133.9648
3.3345659,2117.0647,131.68172
1.3350782,459.9481,125.39793
3.1924908,2073.1885,132.24803
2.8653908,877.8634,130.40399
1.2662126,741.61957,126.74611
0.6729909,273.57172,114.48145
3.9738467,539.3298,130.56181
2.1539335,1121.0085,127.642456
1.8630193,831.83997,124.18049
20.669537,1766.3964,126.47369
5.619875,380.56927,131.60757
4.6030927,752.91534,131.06308
0.9380306,373.72296,123.846054
6.535876,1255.074,126.92595
2.0529568,390.4802,130.57806
2.256811,1447.3167,126.10977
116.114815,980.4228,131.5575
8.328066,908.3182,128.21007
11.89585,603.6985,129.151
56.576244,1072.5859,129.58936
3.6693752,399.27454,125.778885
2.1926825,434.31595,128.57857
8.251536,601.3986,127.28686
6.7460985,2648.7444,133.73439
2.9210382,1170.1146,126.37018
55.819836,287.87216,125.4807
61.902367,569.7087,130.4274
0.57866585,242.17313,122.633255
1.4454627,1677.3605,124.63688
2.1631782,1647.0582,132.6732
1.2231452,627.1389,119.356346
3.909792,191.9272,124.346176
1.5706497,677.9827,125.85344
2.9971871,128.1817,131.06305
293.1382,2751.633,126.95822
2.5969203,586.428,134.32211
1.4518158,1108.7047,125.2276
1.1000155,939.6601,124.37429
83.71851,592.4108,132.66777
1.7734944,653.9232,120.292076
8.986145,403.4478,127.57151
5.748398,344.30884,132.14291
1.2430482,1474.7172,122.628685
1.9569898,820.3648,131.60384
1.5369667,795.47687,125.164375
3.2395957,671.08905,125.68797
0.7724009,476.20743,121.88729
0.8811641,558.1195,122.38161
3.0386431,1137.643,127.59369
18.697454,577.9877,131.31831
5.5875845,577.1945,131.22864
1.8332678,654.3177,126.879074
18.254568,292.4603,128.79474
2.506214,2438.3687,130.52223
2.3461037,821.2008,131.8762
5.862625,1196.1752,129.90952
9.763942,1055.504,126.24898
1.2423229,248.73074,128.16783
1.6046664,1284.0284,125.624504
5.4624195,909.46906,137.23683
2.1887152,323.0532,125.37997
0.8102072,414.15884,123.44563
5.064997,1245.0428,131.26436
1.8450733,464.972,128.32068
0.89096564,637.6422,123.311455
1.0684654,877.1405,120.58638
1.2424772,555.8877,129.37799
18.24463,969.5688,129.36519
1.6533432,151.01245,125.94064
0.6141231,462.713,122.3247
0.7816578,418.7351,117.33334
2.900075,445.8915,128.81175
2.7023945,2533.759,133.06241
1.6212322,596.3996,130.93918
1.2561992,1084.4052,128.18683
0.4636301,501.0397,120.66266
11.284257,1551.5339,133.83774
36.953846,304.60428,124.66677
0.5435203,327.0884,115.818146
8.7867,1103.4718,123.10102
5.7372212,724.7196,128.4484
25.22135,573.609,125.131355
5.171667,314.29828,125.61383
1.4991469,895.27484,125.527275
1.5387347,306.5783,120.01456
1.208909,822.17975,118.63141
1.2341352,1165.6099,120.83811
1.1649232,1154.1902,121.31283
1.6870687,476.7543,122.933846
2.3244615,614.0485,128.50172
1.92419,288.1009,124.868355
3.6266375,1192.1766,126.50475
1.7286032,493.2919,121.352264
58.3553,996.1134,128.69789
2.0298986,2927.822,128.49922
3.2720668,515.2036,125.4477
4.6298656,987.7573,124.49646
6.664725,884.5688,125.13422
1.8456712,429.84238,121.27762
1.4071373,218.68175,121.44758
2.7996361,1102.6826,129.07956
2.5445263,1119.8608,129.75687
2.3856313,1385.5934,129.4632
8.150487,644.51227,126.44955
4.0611305,373.29922,128.19556
1.770333,224.30573,115.377335
1.1035556,602.5084,126.683174
4.8226647,2426.6958,133.31429
6.091896,1661.7463,126.467415
2.0637765,1202.8866,128.69077
1.439674,181.102,126.26356
1.4759879,212.41235,127.36297
3.256476,1304.6273,130.48454
1.8621583,760.04755,124.832794
2.7914839,511.97443,129.52321
25.438477,2709.247,134.45508
11.47515,418.2658,133.27228
9.37338,1881.349,126.336586
0.79100364,215.62074,117.43921
1.9220148,1397.425,131.85446
3.7407937,1203.729,126.099846
1.9440355,370.91983,121.71166
3.751561,1135.6904,129.83325
12.656308,136.97095,122.47173
2.8102984,2177.3416,131.4723
6.11222,420.60974,123.68267
2.6576028,99.77844,122.90164
4.5168567,349.6489,130.19542
2.3248034,691.8534,129.84003
1.7618511,1335.3174,132.5593
0.8960024,287.72565,117.16734
0.5734171,137.97084,116.85417
3.5236886,687.05725,134.41484
3.419256,1101.3175,129.48564
11.867059,178.98598,114.78296
2.373562,392.69022,113.28952
3.3845747,834.5557,132.38213
126.59694,732.19324,124.29656
20.169802,1253.2377,129.14319
1.4353455,632.4271,128.27576
5.131892,660.9129,128.46814
3.9142601,767.67474,125.263535
1.9839283,704.0367,120.21429
17.30214,376.2002,126.88707
2.9219813,850.2025,123.37437
1.6958623,518.0887,126.62689
0.8359902,907.7863,126.04035
1.9213051,595.6404,122.29289
5.3267946,1304.902,133.68167
2.2341044,1205.648,127.129326
24.43003,582.5502,131.57445
1.2519276,189.92538,127.03304
2.0177631,1701.9421,131.15724
2.2565188,550.98376,131.57542
1.9685254,2058.0103,134.28148
28.011385,529.31445,132.13617
1.2949314,959.70874,125.62121
5.2752542,1506.1022,133.94983
2.0065744,1161.8984,132.75046
5.5185266,324.74698,129.23428
25.864601,592.86584,129.74414
0.67670685,261.05606,118.41103
1.670223,1663.0381,129.29637
1.436187,699.50446,125.821655
3.449227,110.09355,119.597435
9.474797,1080.2164,124.21639
9.128283,879.1894,129.68599
56.388393,571.98944,132.00809
1.2646883,474.22577,118.10612
0.9142418,641.67944,119.740685
10.98709,150.70651,124.81337
1.2169652,910.5158,124.48045
1.3129722,140.07288,120.416405
27.287693,2155.2358,131.83081
18.057592,539.5276,128.58803
2.0376265,677.2636,126.16569
1.57273,1480.5544,131.86827
2.6214006,1712.2601,135.29485
2.3229573,787.68915,132.64642
2.826172,1048.0631,131.62033
1.5066574,641.79626,124.1952
408.8292,534.1215,134.68088
133.86478,911.77124,131.5506
76.849525,811.6303,124.81456
2.4486256,573.97815,126.95313
2.2644947,1953.67,129.25246
2.4446824,1092.9545,127.49414
2.0538888,1192.0417,130.57552
0.6289359,160.12154,118.32834
12.078818,1764.9741,107.676765
0.56308854,336.12384,118.16333
251.15369,666.1952,125.59592
2.740635,436.49603,121.33495
1.8012435,1158.9176,131.46423
3.425746,275.30212,131.69841
0.6455685,169.65446,119.88921
1.2469312,567.25195,117.59545
22.539438,1199.3811,133.87888
1.0582577,724.0714,128.42094
2.2548249,1603.9387,131.51585
1.6161646,556.7463,127.23284
1.9543115,365.15112,128.313
4.219357,548.2665,129.3629
2.4746692,571.5833,134.13481
2.647343,3152.0234,134.25209
1.7316586,311.26474,121.28121
1.1448653,653.2549,124.002144
1.4934536,381.1513,120.343575
50.723442,246.3243,122.118286
32.492744,377.91803,126.66384
10.531814,1092.1818,129.06918
1.7324703,1694.5948,131.53465
3.040782,2073.7039,130.52419
0.920365,573.56647,123.76742
27.098122,1226.2578,127.3551
2.0236664,218.35913,125.133354
7.7470527,2246.5178,132.52829
562.36884,1503.0654,130.58463
2.8945034,802.90485,124.757706
2.0698493,2340.0498,132.22101
3.733136,517.3227,127.940926
10.080729,2191.9312,128.32103
2.6729815,706.31995,131.30919
8.25612,1972.7706,127.30618
2.3495014,93.23896,128.20227
5.3654127,480.9962,127.15847
6.995737,2010.5609,133.56049
2.576141,1784.009,130.61032
20.850805,171.21878,121.02868
5.7641706,619.33453,127.81422
1.9792788,724.73065,124.69327
2.5529265,907.5259,133.38255
2.5662682,1055.7732,120.15127
2.5806384,2448.8118,134.76515
1.7125622,506.20535,119.02207
4.3005466,578.14105,125.61266
10.175905,642.27826,125.14791
19.58072,683.24133,120.57884
1.7338036,908.4134,127.54557
1.8445284,1246.4148,133.6727
1.8553978,1040.3352,132.97011
1.1538489,281.01056,127.80398
6.122209,337.09976,124.4295
1.3112708,320.2113,121.76161
1.3752259,1172.688,129.39545
2.7607834,957.8642,128.63536
36.62859,376.43692,120.48351
1.5509589,1557.582,121.98707
4.020017,754.48315,122.61298
6.8273797,2773.687,134.3304
2.1958253,888.77814,127.89762
28.881039,1080.686,125.69243
1.8678172,1228.4268,131.0939
16.996632,1309.9401,127.76586
2.255809,1756.9569,129.13489
7.753989,810.48175,131.9839
1.4153556,947.1463,132.05818
1.7413371,1052.6361,131.15442
5.6843414,588.9321,128.65823
4.7597675,796.97656,124.85383
27.007189,1813.9508,127.00961
1.4643321,158.52458,129.01051
3.9625437,74.984116,119.988266
1.0124677,360.51184,126.52073
1.1228168,899.3709,123.88565
332.48218,1937.6387,129.03908
0.88836026,581.98553,124.38749
2.2620163,2124.167,133.87328
30.486973,899.6153,131.76088
6.614253,2954.2126,133.45317
2.562563,381.76605,126.99992
3.3731315,1065.5637,130.36116
1.4503456,350.21063,125.27391
9.259489,967.0948,131.27249
2.239411,220.80142,129.73343
0.8031776,90.212296,122.16894
2.0072234,329.12305,132.5138
3.8561704,1010.5225,129.73189
16.65523,444.49924,128.0852
3.347861,552.4456,120.97774
1.1877043,261.56723,124.02364
19.764399,1428.4828,124.42542
1.7830955,1937.5352,123.88857
7.7707725,1278.8141,133.21645
1.5380008,784.9492,125.18088
255.43565,1931.5216,134.691
3.2546122,793.6847,117.7472
5.011943,1147.6343,127.38377
2.196669,1059.0009,133.38705
7.685554,565.93146,120.27425
10.075416,1766.2919,130.20367
0.5086812,85.39616,117.78346
0.7022873,279.75583,125.12817
8.339765,776.482,128.04416
5.0726657,2481.0464,130.11877
6.132749,784.8744,131.87361
1.7998478,698.98224,123.99053
13.734942,769.8895,128.89302
78.91155,561.1116,131.58554
1.3972263,578.2374,126.63157
4.773834,828.7035,117.03071
0.9906632,810.9907,127.682625
3.6264107,185.76997,120.407715
3.2897882,1466.9523,132.77061
0.96513426,995.5846,126.40083
4.926455,1133.6759,126.256516
5.3000827,165.4737,131.4701
9.0159235,529.87634,122.14537
1.9666377,553.64777,127.11183
0.5008074,198.19856,119.80606
1.3351761,405.38443,117.921364
2.5362988,200.40019,131.4483
0.7292592,575.5326,122.21619
2.2685037,1832.5151,126.777374
2.3590477,1044.9071,133.2152
3.272038,854.75696,132.69403
5.7097154,1469.993,127.17436
5.561956,1636.3558,128.74982
1.0022272,360.86444,123.901
1.940287,1767.4086,130.58089
1.1448175,955.84955,124.130806
2.8498268,551.46844,130.76262
11.122272,911.9494,126.87543
2.3645494,958.86743,128.06836
2.9853256,1594.4983,133.1667
5.26815,585.9119,131.57495
73.12111,182.61937,130.8591
1.3401705,402.01236,124.81432
1.4179987,1436.4031,126.50207
4.58319,565.6069,135.78294
43.17857,1583.3335,128.45396
11.255973,649.927,125.13932
73.4918,479.29047,134.32002
2.153471,2440.5393,131.79582
7.489592,476.35147,125.442474
0.7956129,905.21265,122.170235
4.255127,1201.3873,125.31279
3.7852,407.9032,129.0679
2.3397117,1510.903,128.80843
0.6275604,190.58069,123.18782
25.469992,1404.3181,127.02696
34.957394,174.9162,123.53612
5.3145566,613.74164,127.77927
6.962168,1254.8499,132.76305
1.7599255,475.87695,127.572624
1.663017,404.43253,124.81342
16.32424,1258.1813,130.81383
14.232099,775.8184,124.832794
7.0281367,1075.9131,126.08831
4.3871493,1310.7743,130.48035
58.96553,1876.0067,131.23495
2.482225,1434.8354,134.2348
10.006399,1432.0808,133.70447
1.1239121,351.40332,124.47882
2.009113,410.13187,122.42328
1.7358708,1945.9319,122.75705
2.2635236,960.0354,129.95955
2.889139,279.94745,121.62485
2.693681,1029.1494,127.298996
8.754266,979.51917,130.66171
0.8802017,593.5771,127.34939
7.0647264,740.9542,131.95702
0.47181597,506.3138,112.908195
0.9505608,650.5867,123.02887
2.1712358,424.25162,128.23544
1.4055133,756.4652,127.358055
8.025189,1466.2921,130.03116
24.53029,672.1616,133.23161
6.417238,1132.2338,126.93259
3.6055503,2135.9104,128.40604
8.210936,2041.0247,130.93106
2.1897752,348.30066,124.40712
1.5647664,1355.5417,129.52934
14.123721,2388.822,130.69086
3.261269,353.94254,128.71265
14.680339,780.20795,127.328026
22.573717,1709.5493,123.78743
17.072588,1788.2693,133.1233
1.1428504,847.948,121.617004
1.1381965,1092.5497,121.25812
2.3950698,2190.2168,125.43558
1.8460327,440.66223,132.03778
3.976299,489.37234,128.97017
11.090745,1262.9391,126.93431
0.91290534,541.65497,124.60686
1.1212407,634.4082,124.056694
3.2710958,699.0651,130.1672
268.9767,602.6116,127.11138
8.532267,1122.51,134.56819
3.1017857,1673.7217,130.31146
2.352067,1492.602,130.86787
24.85962,480.86447,127.92079
0.8585412,453.83124,122.53353
1.4574314,871.82574,123.543175
1.9735347,1769.5774,127.905426
25.239477,1483.4132,129.73358
8.688894,607.033,132.34059
33.389153,1034.2712,121.28639
2.0655606,2202.3716,131.96289
6.912332,463.31982,122.34416
2.7598367,802.86475,135.20567
0.72064215,440.3785,124.54743
1.7359551,88.434074,116.95155
5.4164457,366.72162,129.58694
1.1995595,394.72067,125.58196
1.4656986,703.55176,125.79903
1.2553117,742.89905,127.06022
2.4850426,548.24994,126.45922
2.4294474,1681.9667,122.89314
3.7716625,745.68964,123.17304
106.39587,2157.6675,131.84966
3.7827735,1151.6914,128.83707
15.383297,792.9022,134.04199
2.7895358,1102.5513,127.06849
15.37442,1563.0625,133.04675
0.8188381,829.62384,123.82523
1.9322087,297.26834,120.27873
6.1998386,565.37537,122.12972
1.7488304,450.40152,125.164696
13.531734,740.95593,130.67294
10.05917,1983.1586,130.64601
9.857599,894.6506,130.15794
2.8480096,1297.964,130.68787
22.764479,445.8909,121.121315
27.02987,470.201,121.04696
19.427765,284.90198,126.38018
2.2019498,968.5807,130.17007
1.3596472,604.66797,120.600334
0.7364065,86.94424,124.11827
7.5703893,2227.259,132.11453
1.4181253,528.315,122.75409
30.899687,365.99924,124.57788
2.6831665,867.0261,127.17744
2.4248936,1920.2179,127.81786
3.5672421,1242.5608,127.88593
3.0850027,1602.5668,131.7641
5.978979,238.61935,129.2009
0.90813786,303.2386,126.040634
1.7987357,574.83777,126.01199
22.83519,560.7847,122.92508
21.747946,863.33295,132.19484
5.4255013,1354.5388,131.06396
651.26154,1240.3414,134.75269
6.1577234,643.909,126.6333
0.89972275,325.5181,127.73169
5.324827,1962.4667,127.38945
2.957351,1254.7242,127.6319
0.766391,557.1389,123.467575
1.6026248,422.35333,117.25774
377.0474,629.50287,125.53496
1.6799715,314.19443,121.42748
1.088332,393.24338,127.87032
26.14419,350.73242,130.96738
0.7944351,484.88693,124.40422
15.630248,957.44727,128.33351
7.6657476,2082.2827,128.19495
9.718089,1173.9358,124.291336
1.9564863,1108.3131,129.37457
1.5407947,585.5051,130.15895
12.480885,507.23578,122.9919
1.2057953,253.23277,128.24774
1.5593702,409.11832,129.3372
5.35594,1678.8962,129.89339
4.2269945,259.9726,119.50123
1.5454425,355.80185,129.02483
2.9343095,1266.1006,134.64108
60.029766,1456.1191,133.63167
2.7026734,379.6839,131.70525
2.7596438,1081.0989,130.55789
1.7979265,655.48114,128.60255
1.4515882,359.43262,124.39701
1.7997025,337.76953,127.91447
0.8436578,222.0314,123.21787
1.8247397,1361.221,127.332726
2.0887651,1377.1808,130.40419
2.335891,346.82574,126.68394
0.62327504,93.560326,113.30686
5.75954,736.9974,129.48624
0.83443576,1100.3933,123.75931
5.320937,1429.6527,124.999084
1.6235594,620.89105,131.20016
5.957984,489.63205,132.31677
2.0942383,603.0437,129.32536
0.7462562,139.04384,124.84532
0.56291026,505.802,123.70199
27.331783,1040.2325,122.183205
1.6972778,449.68497,125.248085
609.7682,1785.0793,128.26016
24.877728,1134.5262,126.725044
3.6128566,670.8511,134.79776
10.935704,1123.7576,132.46416
1.6875285,1230.4497,127.60931
2.346264,375.7682,129.78064
1.1844429,968.3797,120.87121
5.1851745,1173.715,130.13828
11.935967,1772.8811,127.528046
8.524334,1343.9116,127.07074
1.2012157,1351.218,120.96134
3.5620873,634.97314,128.07709
1.4461391,1127.3779,125.69031
6.501259,1574.8899,129.69382
2.9426553,347.82138,133.78793
14.146728,926.6829,138.8811
2.927188,962.47797,122.659546
1.4388678,360.74933,122.16701
19.134132,1567.8636,133.7086
21.802128,1982.0564,130.5332
2.001562,1357.375,127.08131
1.1419181,1040.578,121.41057
1.8489327,773.8945,132.54031
27.543774,176.24904,122.01808
1.9478424,326.58624,127.00592
1.5622874,319.8851,120.23212
2.9450612,1355.3151,132.2485
2.2280016,496.18033,127.116035
15.826238,1080.3158,130.51015
1.3202804,57.979633,121.95117
1.7791094,1457.2847,125.04936
1.5567654,1258.0149,130.65883
83.99582,669.5652,120.86464
12.879793,1531.1442,125.271774
18.659245,1601.5105,130.24928
1.124903,450.42603,125.922264
1.9122299,253.24916,118.28657
1.2157618,360.71567,127.76587
1.1666968,880.187,122.36133
3.216863,401.7747,127.097664
6.783992,307.96478,129.70963
1.3997862,902.126,126.80334
3.4107196,686.4556,124.509254
86.73435,895.70593,133.22795
0.7969252,166.36455,124.10331
1.7271698,833.81775,123.32182
137.86684,1224.8557,128.07718
18.649275,416.90125,128.49477
0.9426598,615.1426,122.57556
1.1887822,318.6093,122.82551
2.270276,397.16656,127.25252
35.454956,931.85645,129.39804
30.971518,1346.6942,132.37389
2.149559,1623.2448,124.02423
1.2887545,79.38581,122.612495
4.369799,187.64667,123.92136
2.8809955,949.3544,125.27554
1.5534668,736.25836,130.10738
2.078863,101.978485,120.99275
2.8218138,1010.9565,125.202805
18.40187,1448.6749,129.08006
12.895328,1683.6254,130.31992
1.9851971,504.73523,122.123276
7.020708,427.24396,131.50012
3.8908184,435.85153,128.26576
2.7474024,1338.2202,133.1127
0.6352237,430.0196,122.32439
1.5936931,655.36725,132.1515
15.588002,982.8843,119.926285
23.596783,1952.8217,127.86701
2.1484656,921.11206,130.86424
0.94759166,298.60513,125.99832
2.990536,180.76569,119.73996
1.788318,2248.3806,125.547424
1.4215828,446.7912,117.45394
250.36525,347.02292,124.41201
31.004162,630.2765,124.62137
1.8919209,1059.5969,133.11311
161.49432,840.9423,125.92269
1.0203702,661.86346,123.178185
3.4918451,179.35483,123.21678
4.3657146,284.81778,121.26861
26.547281,872.39844,131.26122
3.3572693,431.36322,129.45628
6.522641,2086.3625,132.14848
1.9794637,548.30255,127.92549
1.2186502,1125.9802,121.963646
114.09256,203.37999,129.37721
11.836236,1066.6437,127.52588
17.794828,1666.1605,131.7056
2.2221293,954.62396,130.50723
2.847946,1064.6394,127.354225
3.3411052,319.8731,129.1753
0.95171285,637.1498,122.86792
1.7693784,1293.6624,120.02726
2.3451345,639.7352,130.89873
15.134949,528.92993,133.03085
3.0847404,887.39044,132.98532
12.349582,131.60338,119.92016
2.5616958,516.48376,128.57072
36.204006,973.8066,131.02779
12.051093,502.1569,121.42883
27.285767,1187.6796,131.10223
23.322374,1293.5189,129.11479
1.5555291,458.56296,128.58002
3.2024987,722.72394,132.17686
13.37054,839.7248,133.14099
137.9156,1939.8823,129.4647
3.483231,1670.1821,129.67418
9.39282,566.095,133.7393
2.4266224,657.00964,131.15797
2.0383964,188.10974,126.19612
1.6252664,350.90952,127.08545
2.769239,509.7639,128.03003
111.320496,1074.4177,128.08899
4.321347,2903.3967,129.27527
3.5495753,555.72266,126.51515
6.434929,529.3532,126.463554
13.6549635,300.67816,122.331314
7.4501534,754.4375,130.20938
28.20131,298.20963,126.08709
1.3738523,127.32023,122.385994
3.2995481,824.8136,128.80571
13.106731,693.5987,120.981705
2.090795,726.66406,131.06139
0.8907631,362.33826,123.99511
3.0399325,1204.1189,133.86258
1.8837222,828.8464,126.26405
1.2022972,590.92535,124.91748
1.8616096,640.8999,129.8168
6.6598964,548.4105,124.20322
2.918377,847.18567,131.9141
1.8404762,915.7802,127.55962
9.915899,576.0039,118.29971
2.277698,1051.9116,132.40204
1.595897,982.87354,127.88585
3.1804304,938.7649,126.40088
2.8192108,152.33589,122.348465
7.9023232,285.62323,123.85682
4.0624824,2475.5923,127.013
2.0820355,1057.7621,128.01805
3.3593717,882.2255,123.097984
1.1576936,514.4459,124.12143
1.9502476,291.40985,126.42138
0.75451326,474.10745,120.428345
8.149955,1751.4354,133.23834
12.75551,1647.1959,126.919106
3.6275039,525.93396,133.18349
13.449584,364.53296,124.2762
2.8557346,1212.8904,129.1935
2.4346359,368.50723,134.07776
1.1099927,609.29553,125.98153
9.0017605,598.69714,127.39623
2.7135508,1533.7621,127.67961
70.01456,961.5741,127.87884
1.3772713,710.0312,129.74823
2.1577873,2442.3467,133.35793
3.074772,2049.6929,136.44571
20.757439,266.88602,128.59297
1.2314463,754.8244,124.37372
9.937357,1236.4918,124.411736
2.8496141,234.53171,124.72613
3.4872015,1126.0018,130.75642
3.5430677,869.2215,134.64224
34.064186,206.38023,128.76752
1.9331319,470.3948,125.35908
2.8774688,1693.7495,133.93423
0.94326603,165.6671,120.20129
2.754419,1331.005,126.75467
3.5547087,2262.5525,134.52621
6.2129617,1787.3123,133.14435
1.709447,627.5016,128.41814
2.3866892,1204.5642,131.82156
19.08274,499.02478,123.088844
1.7386762,1132.1718,125.45097
34.815422,1706.0459,133.05905
2.9711645,730.95654,133.19514
56.32233,1270.4983,126.78369
1.8218912,1087.6301,144.55847
9.542477,859.4954,129.56581
1.8841938,1237.5238,132.82219
5.012838,1085.4929,126.00162
2.0934174,1242.8846,132.15356
1.9136132,1041.6211,127.88845
10.532708,527.3333,124.979904
6.605823,659.4085,129.4676
0.8800633,479.97238,117.66198
0.8283481,406.43494,121.65612
2.9293234,2103.4927,131.17726
0.5252687,117.90956,117.30126
1.6658528,449.5544,128.30577
2.3328729,1063.8679,133.19319
2.345125,449.3548,134.76395
9.860692,1200.998,133.93338
0.7181008,480.22705,122.141304
0.9361533,983.18256,125.86962
10.191056,363.62924,121.78283
1.0839397,445.80093,125.833916
1.905322,1210.1201,131.02765
1.6692263,643.0437,130.50304
2.264498,402.49335,119.21482
0.88081604,605.24664,125.72954
6.2241592,914.58563,127.72596
2.9582052,1082.6158,131.46999
0.95495224,621.53455,123.30556
14.467805,1161.4994,120.29997
12.654098,79.42185,116.5015
258.93936,1331.0643,135.54063
1.5680273,1239.2059,125.44441
31.253738,1993.0083,130.8474
1.9433844,2017.4644,130.79553
29.892765,1440.3699,130.80215
3.208004,395.70822,128.46056
21.105095,464.56726,125.80462
6.4135084,398.77036,129.0759
1.7063364,1215.6659,121.0089
31.58439,1235.6764,136.38072
0.93339825,467.04944,124.861984
2.9553497,473.447,127.57435
5.018342,251.68353,127.6588
1.3146831,293.1193,119.1134
43.16848,1578.5856,134.30829
16.964294,1069.8636,127.66073
1.7700889,784.7024,128.84892
1.1444347,443.001,121.66568
2.9441566,243.06186,127.135864
2.5859406,1324.515,129.85817
1.4375037,563.10846,126.541
3.4726717,266.5437,119.895325
9.795916,895.56555,130.15416
2.276339,1550.5138,132.6546
61.028957,1262.9946,130.5255
4.060529,1062.0162,124.52763
6.0782256,927.22437,121.26369
0.8732755,589.5137,119.035866
1.3296381,182.93295,128.5728
60.131256,673.8684,128.04219
1.7993935,512.6478,131.16022
16.792606,1069.5653,130.50711
16.728302,1752.6875,125.7864
4.34793,870.84625,126.032104
2.2943606,755.09485,124.103035
1.5433267,237.50427,125.39028
11.041305,854.63293,125.89621
14.258517,407.70227,124.51578
4.190323,427.8437,132.39688
31.877102,1207.2285,125.98664
1.1825554,545.41425,127.81244
18.808998,1986.869,129.1202
2.5434086,803.0585,130.6558
1.5022209,1026.367,123.140076
13.551653,1352.1576,125.5716
2.2830644,253.8648,125.81857
11.858577,766.1119,127.57474
0.5354902,507.7949,118.6569
4.5379114,822.9053,126.10837
1.0644152,1128.2338,123.8087
477.63834,855.91486,123.31192
0.6702409,513.1739,122.74547
2.7687862,1725.5077,129.5624
2.7447839,261.60703,133.65086
2.9296522,1116.795,127.623474
2.3207147,790.3438,122.940956
1.6190901,137.92543,124.42832
2.0804553,167.2052,122.02481
6.5630217,617.83563,126.797516
7.1183915,686.4923,128.36371
11.497947,451.87936,130.9113
2.1658056,799.4721,126.93308
15.951365,778.8206,131.61598
8.483076,125.59158,121.794136
45.18377,1541.1974,131.72449
1.3046227,313.5241,118.44041
1.2857788,345.00345,126.46777
3.477609,1637.0522,130.36687
4.3855133,1402.0188,128.6167
1.2800591,996.7729,130.37053
2.5431907,448.02094,128.19269
16.126255,297.91165,127.83503
1.3648267,638.64453,126.10873
2.9886074,1507.4374,126.68043
0.8145986,304.01355,118.72054
2.3472836,326.1768,126.348335
2.8741581,484.0214,119.89465
4.6340265,341.91138,119.23613
1.6507313,346.838,123.64566
1.4932078,442.33142,127.73443
2.5834994,712.0339,133.4109
45.867115,1723.6324,128.27673
8.538334,2657.617,133.82047
1.6969812,1088.4576,129.6313
2.3128116,842.6723,125.966606
2.3040092,1791.453,130.2056
1.6974747,1661.971,119.46808
62.60807,586.6149,131.48895
1.0191905,91.30877,127.08762
1.7892305,1798.9183,132.98907
2.55211,2182.4893,135.57967
2.2978456,617.91565,135.66925
15.267581,969.6871,118.13767
2.2903621,2256.339,129.91286
22.44121,1328.2318,127.478874
2.018244,302.72906,130.1201
3.0329986,1754.3776,128.84772
60.12393,1811.5197,135.48404
1.3771179,572.36414,123.238655
1.8827399,368.5589,129.8955
9.695021,442.6731,132.59576
1.0227709,761.14777,116.76851
21.003313,380.51007,131.28365
5.4703736,1272.1288,128.24951
23.870901,1221.4641,127.28342
3.5466783,797.74243,121.33149
2.2190394,1338.113,132.69322
4.2911363,1149.8186,124.409134
2.0666027,1370.1283,127.75928
2.095755,196.50932,122.24624
0.68038243,499.55835,122.83447
17.764814,1718.8943,131.71017
3.1219907,1291.9713,133.62334
1.6085302,360.38354,119.56799
1.44266,1770.3342,130.747
1.988031,686.8552,130.27464
5.448931,2253.7808,133.18987
3.306384,356.85754,130.99304
1.8362521,1058.7164,120.426865
5.1317644,426.6212,124.89858
1.6948497,381.6887,126.5331
0.64310956,114.012184,116.35085
111.90848,842.20105,124.75095
3.4977152,282.66492,120.384384
1.4892666,1013.9259,127.827675
4.5878406,506.16336,121.37298
2.2024379,592.5622,133.9318
0.9393891,917.68646,123.0043
14.004452,438.15222,130.44281
1.3977128,254.60999,121.45018
4.3057737,742.19446,124.175026
1.5835768,1263.7542,124.13055
1.5155785,721.1228,131.963
1.9554468,740.9525,130.09927
1.2031685,706.9424,126.68115
10.088204,966.81683,126.58379
13.215605,552.13666,130.51382
0.5075317,165.90181,116.067604
7.7218976,1607.0486,129.38289
4.399884,1575.884,125.58619
1.8555423,1053.1815,129.12076
3.4004745,315.23114,126.53215
1.3979781,1171.2878,122.24987
1.7832537,832.6017,132.76025
116.73724,1955.8551,125.35127
0.796708,349.88504,123.53304
1.0254836,101.17427,119.47068
1.9433787,2127.747,127.23227
1.565164,610.11176,125.50663
4.5924153,121.25249,124.39286
2.5142844,934.5061,123.780304
7.0673137,247.92213,119.383484
1.9083828,1906.3632,126.66383
11.691946,1245.7612,123.257164
0.75200665,452.8073,115.37431
5.8496366,251.42155,117.59615
7.3150163,900.9953,133.29883
2.0466683,1129.356,128.50949
0.92633086,936.9699,120.146255
16.195578,1747.6913,134.60281
23.126068,1637.0483,135.06523
6.9188004,1028.6093,133.55934
0.97899497,655.87823,120.58421
253.87744,608.70074,127.89407
1.623604,726.6658,127.33281
18.45607,427.55176,128.1141
1.6690485,476.84146,128.49619
0.9604181,252.06566,125.43936
1.3358485,689.0124,125.19184
1.7572429,575.2137,127.16403
0.7199091,698.60876,125.734665
3.1316667,671.7944,122.28823
1.5263627,390.29233,129.41238
13.880253,1289.0128,133.91513
1.5857521,419.96637,129.19048
1.8737538,1240.1962,128.55402
1.4779509,1836.7664,126.86568
2.0430431,514.7209,123.450874
11.722117,1756.5016,131.8109
2.2553034,681.0755,123.36826
1.1773173,855.8715,128.49733
2.940227,652.75977,130.01952
14.508818,1587.9203,128.13246
2.1731567,662.69214,128.34831
9.921497,660.5012,125.67507
15.47407,2523.7793,127.79351
7.614967,1262.3666,131.277
15.650221,712.5794,124.24949
3.1652153,1951.7661,133.09312
2.8832185,451.9861,133.28241
21.845583,1020.57446,129.69345
4.3164134,1255.6864,125.786446
25.361958,799.44965,126.3566
3.0640898,774.76276,135.2832
1.5855794,580.5437,131.55153
10.883205,1858.0059,132.95091
4.243541,1242.2848,123.12351
1.0736513,507.21814,121.02912
3.1868482,831.45374,125.333824
0.7793321,118.16963,117.22804
19.036945,808.3435,121.25282
19.55435,770.3579,133.41698
28.965572,946.9026,128.07176
73.401596,747.6559,128.54568
1.379106,1015.1389,125.7096
8.492399,228.83209,128.35274
3.222763,1105.4099,128.14297
1.7300245,597.7919,126.130325
1.6482002,703.7232,127.1217
8.603985,691.0094,119.55829
9.83935,1321.5083,133.63786
4.8962307,1515.7095,102.68086
25.815672,380.31503,120.88838
25.816216,1223.2023,126.00443
2.4727633,1972.9889,133.23784
2.0696633,812.77167,132.96385
3.1055157,413.40012,127.45545
1.385306,523.92694,122.41284
3.4115605,1126.717,127.072296
244.942,2490.045,134.76547
25.278622,193.75908,119.03659
3.0919943,641.90045,135.25781
4.763842,1033.0747,127.772316
1.7917492,234.6201,120.44476
2.6614392,957.2335,124.151
11.641972,308.25766,124.04786
3.1157973,339.22223,133.54126
2.8740761,538.587,133.2229
5.4329367,325.03165,125.569954
2.0910702,977.77783,132.1302
1.0404687,646.71954,122.61631
4.569076,293.6408,122.640724
1.5672028,1614.9419,126.34905
3.1264167,1431.5209,133.86493
2.4980178,239.14938,132.05844
1.5444354,830.22534,131.86269
1.7507308,413.82693,132.8185
16.107874,1559.2035,131.15504
2.2356768,1371.2577,124.39052
1.7488607,1511.5433,131.65796
3.8890712,267.97678,123.06607
3.3374014,597.7411,122.69175
3.8656561,991.11346,132.78645
1.0422745,1065.1567,122.69683
4.1629577,516.59906,117.06042
6.1042743,1922.7454,133.47957
2.3584764,568.13367,127.85654
5.7312164,751.6755,133.39262
2.1706913,1542.1971,128.02274
3.091509,582.15533,127.957535
2.0621626,1116.6852,134.37152
0.96158737,97.92335,124.6085
15.089156,694.12915,126.22262
22.08582,1250.7715,133.0432
2.8631217,1108.8771,128.9167
37.736305,796.6521,131.92705
0.58026725,254.6395,119.96431
1.1009346,810.6532,120.29253
2.5282302,930.7337,124.73801
23.247847,2607.6812,131.49979
2.4595006,844.73444,129.37875
1.5631729,1033.2878,120.69723
5.3648634,1397.3784,126.946075
26.812544,961.97516,129.65022
0.891436,604.3984,123.30624
0.7352465,116.93789,115.132095
3.493125,374.5597,125.25396
6.9125776,602.7063,126.58907
0.5383087,386.57254,121.81225
7.2662053,367.7071,128.458
6.1962185,935.3594,133.19518
4.285955,215.60252,123.37781
33.787548,1706.9105,129.19484
4.4983363,1778.9279,128.30342
1.4633805,311.2355,129.64314
3.600666,645.31036,128.88997
13.393274,1281.5852,129.40656
2.4708135,1436.6323,129.21744
16.853142,1470.8925,126.928894
1.6637431,297.66403,130.45561
1.5556151,1026.6188,128.32637
4.91182,762.3472,129.50993
25.2355,1690.5731,134.22606
1.7430555,307.74478,124.67662
3.0137765,897.0911,133.49411
5.2303424,715.6093,127.816864
0.7863074,559.5569,115.98093
9.668112,1073.5414,134.88452
5.8380423,1182.1654,126.84136
155.87476,1964.7401,134.40108
44.4685,1572.1,132.42879
0.85352457,285.21515,122.39262
1.8807213,2464.0935,132.21902
1.773956,811.44586,132.51117
1.1640838,355.77286,119.13028
4.2199736,507.31793,119.538826
3.7700078,859.67694,132.96866
4.321653,1938.1155,130.604
6.58072,1654.9663,130.49997
3.4236803,364.23383,133.50021
2.249657,1238.9536,133.6891
1.9450061,1851.982,130.53079
2.3017921,1448.1129,126.3706
3.6170197,156.2249,124.091774
7.422001,1555.271,130.40485
0.62290454,413.67926,119.58452
78.705765,850.6834,131.89091
1.395792,112.28279,126.439926
0.5959743,723.951,115.223564
4.779213,1600.0369,131.26161
14.428389,638.66205,132.14938
2.250612,330.32645,130.12369
2.7309,1684.6957,123.05938
1.8114337,1017.7449,127.911156
2.4028015,1761.9812,126.05685
3.8548002,471.44113,133.67734
4.5939264,1186.9952,126.33461
2.0379577,564.8857,126.071976
2.74602,116.409256,131.19621
0.9094209,564.88043,121.90325
5.34237,765.96454,124.56756
1.4591781,1378.9382,125.0044
2.1017947,406.43164,122.953445
1.2803499,461.07962,129.98044
7.2808456,2851.545,129.33522
1.7565674,477.84308,131.39575
5.587255,1131.8594,130.83412
1.5669357,452.6549,129.29953
1.1964148,1718.9352,125.33487
5.574904,287.36017,129.98329
3.0169992,854.7,125.17487
2.2645473,1391.1945,127.636665
156.36061,1321.2227,131.0886
5.0207753,1853.5508,129.8476
26.48081,846.28394,127.330246
3.2290196,336.10376,128.00218
110.66998,224.84444,130.383
8.62826,786.17786,129.6189
33.01343,407.36392,132.5488
590.1957,287.9712,132.01189
7.0681586,331.6505,121.8605
1.6376233,767.1151,125.56977
23.198393,634.25385,122.04904
10.4132395,324.42648,120.510544
1.2412812,115.1179,119.94309
3.691438,1130.1157,131.47041
5.588772,2065.6506,133.98186
0.524654,458.9696,120.78338
1.6079684,294.88184,119.74923
11.617824,170.13666,124.22552
4.222155,1002.69415,128.2279
8.578181,326.7107,120.43641
1.0422077,348.76913,124.2957
2.3988304,780.5557,131.62239
1.614268,1813.9017,125.63756
3.2278466,724.83026,123.53644
4.579675,781.74255,132.58064
0.5292833,160.65248,120.36581
1.3930765,601.04,119.813644
2.1141846,2012.8727,129.37682
1.2952607,401.3398,119.32884
72.98844,985.57715,130.5225
2.4871488,742.22217,132.45059
1.3407409,279.3927,128.38512
6.422732,1088.6235,128.59132
2.385418,579.24414,119.28063
4.7356343,1781.7694,133.13913
10.66817,2137.0461,133.60031
3.8910532,416.96484,126.45997
2.1724806,287.14822,127.30063
1.2825007,933.31494,127.01292
7.1076407,1987.1223,123.21662
0.7384268,356.19003,120.31158
199.59619,1737.8842,132.8108
4.2862387,352.3581,125.29372
205.49855,1006.2666,135.19048
0.93683404,824.46344,122.88958
1.187063,328.98236,120.21949
1.7006134,1054.4115,128.23813
6.052024,246.84973,123.408844
12.4849,2247.221,130.51785
5.619017,645.76886,121.95033
8.893482,454.95068,132.76599
2.8396137,1000.7195,128.76187
2.21829,347.49414,123.50007
9.767199,443.6113,123.42955
16.097773,1948.9716,131.75687
2.1854863,1722.3794,130.142
2.3837786,320.205,122.995384
3.4640303,1031.1722,130.54538
100.555115,775.0597,121.20404
135.25279,1607.1196,125.97721
33.205162,170.41498,120.093445
41.553524,1983.1584,129.34914
13.16659,407.12772,129.3195
4.778227,1721.5245,135.77052
31.766836,1635.6766,131.14189
0.97704613,383.65988,123.12161
5.346518,913.5145,130.47446
3.350599,742.92957,129.83167
2.0376937,2423.0046,135.61342
1.4707505,1199.2087,128.21213
12.143941,2404.417,125.33645
18.23371,295.95795,122.60368
2.028622,634.5236,131.16655
6.2103806,775.1639,119.19768
1.4542059,528.69824,123.89964
1.559979,366.05112,130.24615
12.60835,573.4971,122.95588
413.43924,1252.8495,128.71436
1.7782987,257.17896,128.61996
46.63346,2117.7314,132.75433
127.81174,1288.6338,132.64386
1.7812312,513.3123,122.2035
2.878477,667.4459,127.93498
3.8894556,664.85376,123.62529
5.641939,1478.7985,126.11599
0.51879585,685.1526,122.72302
2.0385916,982.6099,128.61615
2.1193733,191.75398,125.728355
6.376365,731.55255,126.483185
72.01795,697.8281,125.60999
1.4937017,541.5499,125.867256
1.9407185,511.29227,123.20964
30.079058,623.05365,126.537346
31.963148,1022.37427,131.0114
4.2783613,124.48807,117.082954
2.283391,430.281,131.00189
2.9648895,1783.5776,136.0884
0.60995287,275.9031,116.4419
7.566693,651.9573,130.28183
1.83359,279.60703,122.106606
3.3758945,650.80676,130.89975
6.245151,454.56573,126.07529
6.426032,606.40375,124.31418
4.789507,1173.974,128.20355
1.852366,1843.0806,125.97916
15.725239,359.33246,125.76617
1.887451,964.6243,130.80951
1.0017688,282.39093,126.92726
4.6313105,260.7527,124.95985
1.2518704,331.48932,126.69371
1.480646,287.3056,122.42228
3.8682733,220.65599,119.92653
1.7356232,1474.006,128.0418
18.20057,1639.3026,131.65605
3.4371817,1340.9631,130.59988
75.539246,1045.0546,135.42122
4.6060987,848.76154,122.82697
2.1068149,141.02202,129.63202
2.5484746,1105.4835,128.56276
2.8529212,403.8707,133.57404
10.8867035,1267.1958,127.307594
1.1462877,350.4467,119.69521
179.18492,214.82843,113.278786
2.0399039,489.46988,132.14066
7.5083923,1743.5793,130.88876
4.196199,2494.7173,128.43108
102.06824,134.88948,122.89324
0.5629954,419.74792,116.45497
19.4725,990.8647,129.87102
1.5964941,817.23114,125.34803
2.3834016,563.4199,121.6766
2.0715127,222.50935,133.26869
20.46665,646.4026,119.29186
2.4131033,500.62314,130.92265
2.508532,385.27765,131.26646
1.9684689,338.8189,128.35873
0.81614083,353.01178,122.35882
70.619385,320.41904,124.87884
0.9581924,445.76257,127.68918
2.4046755,392.88,122.67786
1.9971333,900.9962,124.486336
5.278255,575.246,116.86103
0.7781186,558.64404,123.14791
10.798014,988.7561,126.35015
10.894342,624.1443,130.73833
7.9260783,797.18475,127.24081
2.4572203,644.4601,132.0595
1.818344,1445.6106,129.40742
15.590776,718.9601,120.70945
2.342223,619.61774,125.306725
8.601144,188.81453,125.303085
49.016087,761.5445,128.56946
2.0964983,593.92505,131.93947
1.2944448,502.25677,129.28629
2.4784508,1917.7129,134.07068
1.5024117,1025.8661,127.60924
3.4498885,888.00275,128.18762
1.8049885,251.03146,130.12633
3.3341758,161.4635,130.0949
1.8904816,1122.6901,130.41104
184.0282,958.74615,122.631996
162.37448,1980.7671,133.40463
1.9445823,1229.419,128.45068
0.70517606,389.41266,124.00477
7.332805,186.91948,130.58583
20.315788,844.24365,122.547485
21.393652,2024.2256,132.93895
1.6928897,577.62335,131.86908
39.8633,145.44456,120.8231
7.1719503,1359.0997,127.28423
3.3949246,1268.2521,131.277
1.170977,592.8983,127.84719
3.0532029,657.6006,116.82353
12.515624,1066.1578,129.23613
17.258457,2638.6824,126.97231
3.719063,458.78064,121.65238
1.4615394,474.27554,129.28792
6.4248023,1475.7395,134.00409
2.3587153,773.8104,131.82414
10.685988,352.2852,125.32889
1.809361,700.90125,130.50824
147.26201,813.4977,133.60075
1.5448825,1206.7697,129.48308
6.33354,1317.2474,126.38347
2.6483195,1640.919,125.76664
1.52452,905.6078,126.99467
6.551704,182.1827,121.36648
5.8873734,1033.2448,133.7291
1.973579,1245.586,129.67928
3.57369,2547.0708,132.9874
2.520816,752.7142,125.95113
0.9703726,415.42877,120.8574
0.7227666,698.30756,115.15406
3.82565,463.5744,123.46557
9.561894,1853.2194,133.17403
0.6826779,746.6522,118.87032
0.57323503,598.6947,120.78072
23.786547,896.2498,127.2441
2.5920382,1591.4218,132.33252
0.69347996,589.34937,120.572975
11.564853,1133.3804,130.31918
0.9619465,294.61362,116.50072
11.365177,876.34326,126.115715
1.6662139,870.4827,131.15237
106.97177,421.352,120.55225
16.556759,1605.1499,134.22798
101.80129,1540.5292,134.80937
3.327186,1452.467,130.32074
1.0363425,933.7259,123.30396
11.014332,212.38518,128.91116
3.997073,773.27893,130.39194
4.089542,1008.6681,135.27425
10.882109,1281.5139,131.83826
3.8978734,888.09204,128.26529
2.2964737,566.1777,127.405426
1.7551912,1841.2467,128.75148
52.354126,920.5585,123.31847
178.28963,576.9909,131.49812
2.1644185,2495.594,129.4741
1.8774004,786.30914,132.50362
1.4368885,1406.8063,125.95699
18.50408,656.3095,122.02459
2.174941,993.3943,129.87627
1.2208205,1024.6193,122.82716
59.586845,658.7465,124.36979
5.077658,791.9904,122.1179
1.0503858,424.81494,128.56648
2.094992,457.4976,128.84807
1.4302983,1334.5463,122.417534
8.915019,497.8278,123.62305
2.6219811,892.83936,132.03638
5.1253495,1327.2877,124.752205
0.89765054,726.2451,120.78265
6.242082,1255.8146,132.02182
1.2897686,1241.8286,127.59055
6.448159,554.9314,120.458984
6.0320334,393.5272,129.73306
1.4439785,1127.8928,130.63484
15.247861,298.58212,127.87371
2.461197,1985.6823,133.00912
2.9784317,714.1941,129.05626
31.144073,1198.6136,127.77345
1.792768,1773.302,133.69615
5.4038033,2350.1777,133.14142
9.078915,1656.2458,122.90697
2.7200837,312.0965,129.02623
1.9033027,755.364,130.81453
2.7149222,291.87073,126.277855
3.3825045,1296.8969,130.90854
3.4090252,559.9888,126.89312
3.1943283,1754.9645,134.18964
0.9273643,1057.9202,123.25603
23.538042,1219.9396,130.92201
0.8839578,215.46375,117.60589
0.773235,576.436,118.029526
3.2619388,1044.6334,132.51862
1.0834466,675.8895,123.123215
21.216473,1282.3452,132.47163
6.887773,658.0935,123.8453
22.347504,1291.495,124.75983
16.958214,1059.7413,132.47812
1.2924024,498.83545,117.51207
54.289185,443.86285,130.5068
1.4275429,227.67168,124.512245
0.9204964,154.70378,118.59481
1.2842596,820.7025,128.39206
1.554242,687.0421,130.72537
7.604262,447.94446,123.11243
4.530461,1374.071,127.66226
2.1604626,316.3089,122.77524
2.0627618,555.9056,123.653366
6.239294,1461.3109,130.69781
1.7365019,197.2184,125.790825
1.6355141,1327.7681,125.99082
7.3491983,443.98468,119.38297
116.06567,2572.3835,130.25821
2.6076782,1002.02094,124.628784
48.266758,391.87158,127.92392
87.73325,410.6299,125.2103
18.684013,727.60406,128.70526
88.96769,293.19888,129.88074
18.816555,269.72443,126.53711
124.38992,912.4433,133.0772
20.604261,673.95215,124.97486
0.92553294,165.33691,122.99793
9.698148,2016.0269,124.738335
1.4901392,1170.3864,130.51427
4.002152,582.9244,131.1559
16.60842,1352.374,127.89541
7.136023,1108.5659,131.62325
1.8359532,499.5557,130.04189
1.7653104,696.6978,127.93633
20.153517,810.14404,134.19351
4.9007235,1489.3295,131.22226
2.187648,1207.3232,132.38843
7.702162,1272.5116,133.67805
16.84807,1203.643,121.17158
1.9645107,510.33997,130.05714
1.0748857,656.94745,124.35982
1.9741467,1477.2361,131.4418
1.360607,1435.2119,131.26598
216.17769,794.1619,125.57839
7.8493357,632.2473,134.381
0.5778041,269.58276,123.4002
1.6743426,882.8662,129.01762
2.1105702,678.7327,123.87881
1.8829008,1208.5757,128.09253
2.0584693,589.5613,130.27774
2.2667644,94.09436,124.596725
4.7138596,543.18134,125.22788
1.315196,376.10727,126.17289
15.826532,676.5785,128.52434
1.1135614,262.30365,118.4559
1.7446725,281.2811,118.805214
1.6240656,890.3859,129.34195
10.535525,1680.9749,130.74544
1.1340572,190.79555,124.52124
8.217265,695.9052,124.0629
2.3330193,338.63425,128.32962
2.1254907,792.76514,133.32152
7.9917746,297.57605,120.37939
1.013489,452.0587,125.418846
2.4035234,140.85844,116.69941
5.1387863,953.18567,123.4312
17.440746,401.6355,120.51209
0.5314929,344.2099,115.31693
9.803359,1668.5657,124.356895
1.4190451,781.2623,130.34729
4.8671155,97.430275,116.37086
2.5228329,1355.3328,126.49755
2.0533621,1115.0233,129.02701
72.40182,2695.733,134.56119
6.430642,332.21976,127.949776
4.1286683,982.3983,123.474655
0.82538724,485.45807,115.51054
2.6884365,664.0676,134.51378
1.1545444,856.63715,121.88478
14.105077,1578.4515,129.44635
2.764697,1292.3246,132.19653
2.3536174,1649.8629,132.77293
240.41672,401.6444,126.55605
2.666443,1242.2415,132.17726
1.6726075,436.58032,130.87619
6.442706,317.93567,128.74956
3.1063995,674.2109,126.378
1.5509307,614.2036,128.45628
177.72295,936.9196,130.49606
2.670113,616.1003,131.70552
4.601817,2528.813,125.2259
112.14831,714.72296,131.87613
5.2815986,415.6525,128.61037
1.9248489,1497.6776,131.20935
3.1725192,569.7544,127.022606
1.424652,285.41205,128.22507
0.6959115,313.25305,121.524864
7.0769315,1007.34155,125.255646
3.48843,360.69263,120.99341
1.7420038,1064.7056,125.939384
2.819686,2068.9607,131.99736
6.5524373,992.7092,129.83272
4.033332,682.023,131.88716
1.3663415,386.35114,121.193634
0.9840055,799.2144,123.18724
31.247702,1995.8877,132.5702
2.0074298,462.36316,132.34976
10.077305,801.2246,132.06187
0.95005816,201.58136,120.95005
8.770178,413.6424,125.93244
2.3097367,991.86224,127.16875
1.4301195,202.71942,130.09917
1.7427032,944.9186,126.82888
2.2497902,479.43094,131.08905
2.058764,550.1027,124.55987
1.3733983,1108.3043,123.5985
2.6141922,609.45667,126.16976
1.3496512,1230.9487,128.54846
2.377625,2051.443,128.60945
16.645985,294.72934,129.67903
1.6788167,369.39886,124.135864
1.7136325,1524.2557,133.92282
6.4246373,1624.2343,132.6611
61.358303,882.50684,132.76685
3.9433863,664.7123,126.82902
0.76576316,513.21277,125.813965
2.979452,263.5379,129.77231
383.3465,393.11493,129.48103
9.821007,535.6143,130.94595
1.4691461,1453.6027,128.99074
1.5225226,198.00879,118.09007
1.2078577,584.526,127.605
2.7383823,495.88837,130.72188
2.3940828,584.1495,121.889404
6.1313486,2059.3105,135.09616
7.1463175,252.20293,129.22304
9.274319,1188.6953,120.75724
7.1133714,111.22244,129.71004
2.2889104,1222.8827,132.07446
1.1951983,221.7562,121.02394
1.3731154,412.24014,128.49907
2.6621616,307.72177,132.06036
0.7354609,565.50073,119.77583
0.93580574,293.54987,125.29634
6.5500374,1262.1969,125.110596
1.8868195,637.70593,130.47316
1.0823717,964.30066,120.71357
1.6968193,617.8787,130.3462
3.4254658,346.19327,121.94152
1.8453354,924.0563,128.43901
2.6413462,694.13586,126.60038
1.7810036,2365.4373,129.55304
7.480717,457.83563,128.56343
5.3271575,648.0498,126.629364
3.846521,738.1153,125.08158
0.89587194,440.4929,118.64899
4.600405,835.19147,121.25658
6.3123417,1147.8777,131.57248
16.869345,796.2909,130.25778
1.439991,327.6051,121.48087
69.92413,661.34143,125.077736
10.529899,1105.7623,134.75008
1.375875,502.2942,124.468475
3.3093586,469.32452,121.5488
1.17135,61.205933,127.288124
0.8117594,591.6675,123.99874
1.6483582,598.5355,126.96585
0.8738329,598.5133,127.1163
11.420504,699.06165,126.731186
165.97641,1995.2477,129.04025
136.66208,1021.9561,126.16734
1.5022918,870.10175,127.41021
1.6207834,1400.4873,129.99965
2.3191926,132.5273,118.089294
1.8520273,400.58572,125.50571
1.999803,1461.2365,128.26117
0.8407847,374.9135,122.69496
21.054426,657.2804,127.560326
3.0546541,1130.6855,132.60767
9.932262,1555.8906,125.49625
3.377467,1669.9158,134.38759
3.2687297,1096.7389,128.95766
8.502683,663.7204,122.64392
2.028149,1051.5339,133.75696
1.1052971,787.0546,123.40635
1.0758772,470.0199,121.60049
2.5033774,992.7387,129.44489
0.9358213,126.97592,122.69701
1.343723,1396.2517,129.16985
322.77042,2088.5388,132.93576
20.680126,2288.655,127.383255
3.9089813,329.57043,125.79096
2.4738853,711.9884,129.29616
1.2193302,869.8712,129.09608
8.661551,715.5314,125.80311
1.6493785,570.52954,129.17543
1.9649159,125.04886,124.72861
12.225208,561.7784,132.75424
2.140623,1170.9689,129.87944
2.448454,850.824,134.78883
292.3642,965.9217,133.80284
1.8696831,1843.059,128.34528
10.643198,344.5332,127.47519
1.0163078,883.77704,127.966286
1.0242974,468.10858,122.98398
3.6790137,1228.6821,126.36523
2.7899694,2491.2527,129.23633
2.9187062,2657.6128,131.78531
2.2286901,1081.3179,132.66855
9.667274,877.45325,127.403145
1.201573,682.7204,126.2165
1.4984168,383.20596,129.39062
2.4188197,390.11517,117.498634
1.9434063,406.4476,124.6285
2.295778,1166.0271,130.61351
1.1154257,120.901886,125.36681
2.4895205,390.91913,121.90983
2.0352259,1492.3705,128.8397
1.5883094,433.6968,126.37713
9.441916,236.02469,128.1001
7.031208,302.4123,123.401024
3.4911146,1862.4642,134.66093
3.3786993,1254.4117,132.28995
2.055893,1335.3176,126.43889
1.6866084,880.09485,129.06213
5.991444,857.7521,128.0191
1.3128157,1257.8322,128.04686
39.819164,600.701,131.70734
1.7092661,266.7817,119.635155
6.846475,1620.4673,131.91438
1.1035966,1127.3313,123.857544
2.6862264,1250.1798,135.47801
95.410324,2098.0786,131.16667
1.406418,552.02106,117.69628
454.8609,833.15717,128.00182
1.6380943,717.01874,124.72481
1.0304135,1244.6345,123.22378
1.0388286,595.31006,128.36142
2.9348574,467.9031,128.83766
199.59454,2226.6436,130.84566
9.762094,1610.0582,129.56218
2.3113453,368.73303,132.42049
7.1355734,1164.0717,130.74327
1.0425932,338.54437,121.665886
5.6373725,592.1061,126.56667
10.514037,473.4498,130.36699
11.720455,3042.9683,134.72601
518.05597,1482.3334,131.53947
15.483978,358.10898,127.233696
2.449721,1993.0764,130.99481
1.4651251,671.6325,121.16029
20.168604,1540.3708,132.16542
4.4637485,2397.5925,131.8794
0.823124,481.81598,119.250824
1.5467498,593.47424,115.146164
37.28502,2339.526,131.66087
2.3678777,2098.494,126.095245
1.1033741,576.8493,129.65869
3.9752738,666.0656,131.3247
9.582882,1232.2117,125.973526
54.363995,337.1212,128.36703
0.7620679,481.62448,124.5735
65.71725,684.3846,121.90561
35.982246,425.99622,118.90175
13.4578085,834.5598,127.757805
4.1436734,132.99925,120.89281
3.7900207,623.269,125.34447
3.266903,1264.1893,127.96444
78.06993,174.68922,122.95785
0.88041496,870.9706,125.38705
3.9719498,2098.1428,131.16957
36.856754,864.79114,127.30126
1.7949294,847.8302,126.02859
1.1106493,308.06152,127.855446
2.1915011,555.09674,133.86897
1.4538486,1027.4924,129.3431
8.8631,2254.2358,129.90436
131.05048,363.0107,127.31476
267.85504,1451.5463,133.29887
1.9400749,664.0364,131.97035
1.3655635,264.02182,120.57645
3.809805,760.52844,125.73593
14.584204,483.74722,128.65007
10.099081,793.59216,125.19704
0.9613753,338.14697,115.93383
1.3467612,378.37143,126.98971
0.5625578,200.23682,121.49465
61.23395,1911.7498,132.91718
4.5802107,94.65708,120.270744
90.682755,672.9463,125.915794
2.4225597,1032.509,124.05715
0.6845084,123.45836,118.79328
1.4504408,345.1205,124.565384
125.72266,405.69138,131.20088
324.02963,1293.5516,131.17293
4.703725,1583.9364,136.36926
2.4231908,1944.6859,131.25908
1.4127332,863.4849,126.15861
71.37256,886.044,126.18058
1.3822395,502.2946,123.76901
29.370974,551.4056,129.86421
4.191351,296.8218,123.349335
6.6191916,568.214,125.979645
0.53984064,156.23148,117.73485
3.4602814,517.177,129.31546
1.6488229,627.773,120.52141
2.751243,1499.4877,134.8598
23.655172,221.12053,124.541534
2.1172018,418.91992,129.46753
2.57386,900.1967,122.57054
3.1469371,191.17574,119.98026
3.8996727,1333.3127,124.25046
1.1005497,1166.3688,124.71456
1.5359064,455.9275,123.68481
5.5959344,970.65247,126.0422
44.304604,1255.1027,130.75365
4.0445766,822.1992,127.918816
1.6539559,475.62582,131.56685
1.8215057,1547.2075,132.55489
14.495537,1781.3699,127.93105
52.319473,2348.5334,134.05548
3.6482596,2371.941,131.14064
14.670272,522.0924,128.92715
2.575708,1345.6625,127.5054
3.938088,440.59003,126.22667
1.978715,465.65393,120.10104
1.8950825,931.3951,130.62325
5.0223646,1672.3558,133.5424
5.387576,534.8998,126.918144
4.882074,942.5565,123.56258
1.8976364,826.63257,124.6986
469.46887,1784.6234,133.35051
1.8323386,1047.3987,120.97015
2.827903,187.95094,122.402435
1.1450269,487.18027,126.705605
4.2223606,1579.9841,133.46982
7.532158,624.49524,118.965034
2.248692,1561.9841,133.39917
2.8796732,761.5504,135.17955
2.8564508,210.49687,126.614685
3.1452436,1312.2222,128.73022
3.117502,2098.5806,127.393196
1.8572767,456.6748,123.011826
1.3375896,828.7815,131.13127
7.420113,2306.331,133.35522
3.2946582,341.8443,129.06432
10.58261,322.51712,125.573555
11.639801,212.72993,132.407
6.9369507,249.54335,128.98132
7.155156,882.87634,121.06784
2.552321,514.8196,124.78861
1.5505196,839.1806,122.85626
73.114914,1218.5183,126.606705
33.065647,944.0369,126.048645
1.2804089,723.88477,127.86143
1.4438206,270.2211,120.28685
2.747195,391.42288,129.49055
1.463693,948.0642,120.6289
2.3790777,565.96094,132.82333
5.7624483,426.65805,127.94873
73.3853,1162.2692,130.18251
10.401518,1456.675,128.79749
54.141937,968.5283,124.98919
0.8486514,641.32465,124.0464
6.642338,708.02264,124.6192
1.9831083,1589.0148,131.77548
2.674621,505.4111,132.90633
2.9007,509.45386,135.15862
2.6215813,944.0561,129.76958
9.527831,739.47516,128.1159
0.88213384,963.07263,125.55247
0.5685488,474.02615,122.99379
1.2881192,268.4339,122.35317
1.9608179,948.5486,128.43565
1.4088919,603.6055,130.73584
3.1515036,645.63116,132.8086
0.88224053,37.129234,124.64417
2.0532382,603.82404,129.89609
2.662242,612.8427,127.3066
3.7574556,1170.2833,120.3894
7.9948683,658.01215,130.7845
1.6755341,545.63745,124.624504
3.2379484,427.49133,122.1788
2.0794427,722.8161,122.987724
0.7764302,148.92401,118.258514
2.912068,2236.4695,126.42982
2.0122707,284.63806,133.6291
1.3584601,589.66,126.18376
11.649016,1551.039,129.9987
7.795423,592.4127,121.389656
85.20426,277.10892,117.31683
31.54944,417.0963,123.93288
1.9381918,1198.96,132.82747
18.19981,398.4115,128.12683
2.6501884,1093.7948,131.12776
16.565853,1897.4628,131.05066
0.8576265,163.27908,121.61057
9.351822,889.1818,126.9123
4.0950866,1264.8815,118.74589
2.044206,190.43005,126.921295
0.79427856,457.14627,124.44761
2.4488454,2461.663,133.81993
0.89213604,401.99747,124.91673
1.9071456,1325.2262,125.00734
2.458481,935.9103,128.75279
2.588376,583.43225,126.739845
1.3790326,884.5255,131.31541
2.1505845,281.1777,124.61265
11.298605,915.67267,122.10559
9.777601,1099.5219,124.08487
6.0747113,728.1464,126.27178
3.0357635,456.15207,118.91344
15.019986,491.43228,117.31794
92.72718,497.0837,117.39393
2.200699,970.8146,130.24622
1.5818521,298.70007,122.42636
7.876149,690.114,133.87378
5.535708,537.3433,128.17703
1.0013297,261.8709,118.295296
5.371492,268.07886,116.53214
1.7721832,449.36407,127.84649
2.050814,420.10785,126.49536
2.1880214,621.7206,121.92413
2.6228943,1083.4729,126.31524
1.5225867,1274.595,130.17708
73.12516,1907.2976,131.88707
1.728629,1349.5494,128.97856
2.6064277,576.2679,127.61884
14.86284,1263.3007,127.915504
3.201132,1545.162,132.4816
1.63031,877.94086,125.563034
2.5397518,786.7216,129.84157
1.7431564,928.9214,120.28368
1.5333108,488.6604,121.94329
0.94990027,285.38654,117.87335
0.76255125,303.08932,117.86913
9.553784,218.94333,119.126915
1.4214472,1197.0254,123.44595
1.8078998,919.91986,134.04303
1.2354534,1171.2145,124.82497
0.96543014,949.5901,121.35105
2.992787,391.3349,125.05511
5.5324397,583.12146,129.2559
28.745087,1709.3667,127.245415
4.469967,1060.9435,131.24463
0.5498048,138.10219,121.774475
2.1536312,309.97363,124.314285
32.18047,1710.4825,132.13745
2.169794,543.5389,134.69417
2.9317238,2665.1145,127.36435
12.767616,1442.5215,128.17459
1.6352054,1984.7562,130.7037
1.901095,471.3461,124.58405
4.5841694,2600.0876,131.51404
2.5212398,622.75653,122.95198
7.5396576,1274.1045,118.31222
1.5684484,1292.8472,129.31297
30.265537,1148.2119,125.99258
1.7420443,893.60016,130.44128
5.612121,472.75,126.08384
40.902573,453.54944,130.90305
1.2357967,156.7298,126.17177
6.3055406,1654.3193,128.95967
2.879054,1417.3881,125.38207
4.9050574,1593.5824,131.2114
4.868958,169.23387,116.743416
0.83584005,352.0763,124.3636
59.38861,2120.33,131.94017
0.90508014,273.9284,119.91165
9.7302685,583.62103,123.30316
5.094363,347.767,132.8214
44.213642,241.94948,128.64426
0.6461728,343.61395,121.11092
0.565685,430.12396,122.26829
4.22517,569.436,121.24987
15.507719,220.38936,130.08476
421.50995,1901.7035,133.55396
2.6888134,1079.4979,130.42404
3.907126,1216.473,134.33852
16.026197,2283.4568,130.99785
2.7525346,738.4934,130.95496
2.2899148,411.27344,124.650085
9.782844,2011.227,132.8839
1.6153252,795.77057,130.41495
6.0122995,1467.9337,132.05402
8.544539,757.5538,134.1182
6.018559,1178.2573,124.94052
8.868502,141.8184,122.23004
5.681772,561.9247,133.16049
4.2999387,977.38776,125.827736
43.201153,490.50558,130.76498
0.5764953,568.9053,114.71528
148.69263,1730.7979,130.13086
5.1224847,602.27545,117.48891
4.3079348,438.24988,129.01962
3.1568708,654.07635,130.76088
0.816124,361.63388,125.94739
19.445885,936.1954,128.13113
1.3039494,126.82598,121.71938
2.5102193,546.571,126.36494
1.067142,1107.1691,118.97183
0.8948046,307.95337,126.33602
2.7677405,1969.9875,125.791626
2.300849,713.17285,120.76345
1.6958834,219.62613,122.775505
1.214438,480.23773,125.23192
1.4363416,225.62808,124.093994
10.566715,2710.763,132.09244
23.088634,451.31134,131.23315
1.3411454,1112.0336,120.86661
14.96849,514.09186,130.16643
1.7871708,788.94037,132.75075
6.644828,548.6083,124.80208
1.0503275,739.32117,126.00494
8.985136,1118.3414,126.21566
8.211896,256.00928,125.56468
5.7277675,166.3062,117.26118
2.4398613,1618.8292,126.62541
4.061661,1237.3942,130.32936
4.008006,628.0856,127.77632
40.77909,543.8198,133.18788
9.079743,696.37024,127.2123
5.904503,425.852,120.92009
1.9721552,325.64175,128.6009
1.2051328,891.4654,129.14346
1.9574414,1075.3094,129.20435
2.6873658,2037.4299,129.11992
2.0589728,1067.7671,127.17217
1.599439,1015.7868,128.43774
16.592554,1491.1703,126.394684
5.749336,878.2225,128.30089
1.2597513,1335.371,128.58157
26.032814,1791.0851,133.3641
1.6431355,460.24722,124.70248
175.63382,1465.8278,125.73026
1.2134421,815.9124,119.426704
1.5965503,155.24446,116.621185
0.71909124,523.4931,121.65387
16.860363,507.25604,121.50473
35.1307,1390.2041,129.76607
1.9277023,947.1495,124.50592
0.6116362,226.35782,115.30609
0.9850411,700.54974,121.87187
4.045402,1631.2107,130.51393
2.148195,1190.064,133.57689
6.248459,650.9567,133.34288
1.4752172,239.94,123.363625
1.6486316,362.95367,132.27979
0.7732478,628.6618,113.913086
10.972332,875.8516,135.34431
0.9682073,302.63416,114.067986
1.0176951,889.9593,127.83657
2.4419177,477.60394,122.37938
1.0596204,499.2241,125.80268
2.5549698,597.3568,129.31088
4.6899533,1876.5461,127.89553
1.2980386,262.91858,129.77122
1.6576828,1256.9153,127.241165
2.0275018,1107.8094,126.93787
1.7579836,620.9597,128.18765
2.1419864,934.23035,130.02977
1.5799439,795.70123,131.57014
1.3013122,417.17404,124.48212
1.6631714,215.87317,121.99135
0.7805712,549.2842,126.570114
1.3648692,568.5581,122.743065
2.110009,475.50058,134.06769
21.41578,806.8526,134.88768
3.4020064,448.70728,126.98816
2.0023744,1904.398,130.46507
1.4420379,707.1862,121.57627
2.9520507,398.32178,126.61373
1.7590694,355.887,122.23442
6.072847,973.5296,129.24037
2.7166042,2411.1377,125.4426
1.4739758,528.9738,125.89353
1.8246542,452.4293,126.42124
0.96182543,265.30142,125.580345
1.4706426,766.84686,124.78987
8.776898,1946.0868,125.89947
37.57324,713.70184,130.76736
2.9472723,2079.9587,134.2065
0.78593874,393.5082,120.81764
3.039341,896.64703,119.76814
63.86953,336.6771,123.2463
2.1322854,755.0209,132.1719
2.297673,949.2685,130.30829
12.934166,206.73451,122.987625
2.2437444,397.21384,129.22781
20.071787,421.7793,132.98726
10.64331,694.63055,126.88349
1.56684,80.17154,119.75357
1.0537567,691.3811,123.98806
3.4189565,83.83358,113.42706
1.426021,1302.7239,130.8152
7.098127,2875.9282,131.9733
1.7371869,818.30054,121.18317
0.881046,98.4581,122.44721
1.9013104,744.4426,122.55921
4.982769,803.75085,126.891
80.952736,581.0123,119.46539
0.6108023,265.2952,116.86084
13.464605,339.84708,129.02637
0.6905754,422.3875,125.157425
86.75179,363.88718,129.64877
6.6397977,1314.0658,131.23653
17.205482,1872.2527,131.49408
1.5305909,413.31207,124.433975
1.4100761,1085.344,123.00047
2.6950984,1496.8014,134.48077
3.5427945,2027.2142,129.06024
1.2336888,312.03928,120.846985
89.37598,676.5457,126.67489
37.703526,723.65405,124.10261
1.3090179,382.88452,119.7586
11.235283,1391.539,132.63542
1.130322,808.78674,117.28356
2.3555586,740.4979,133.2887
2.1989346,1285.4628,133.4256
1.5459026,1036.8007,127.41253
6.068933,590.3267,125.93281
123.43874,406.73132,128.10596
3.616238,975.4866,125.809586
1.1226143,1137.836,121.157715
19.244932,731.5939,130.48857
9.5928335,291.3344,127.33048
5.4652,1508.8262,128.21176
2.6706715,338.44928,128.34169
1.4402441,195.81483,125.82825
9.866593,349.8388,130.94908
87.00824,850.6337,126.83256
1.0727518,333.9115,126.73992
0.5705012,459.05865,116.30317
3.740138,966.5504,123.07256
1.9588578,1427.9125,125.73013
2.593081,435.48907,119.513794
2.5363555,1545.4966,132.09895
1.0595,557.6875,127.887924
1.8097857,212.45827,130.62987
0.99561185,461.5836,123.14999
375.88345,560.9822,134.60579
61.199947,1001.22156,128.73627
6.054359,1351.3812,124.90004
0.71902674,551.13574,122.221466
2.4392037,1611.3766,128.52403
2.704718,821.63275,130.08536
2.615736,493.937,130.90982
1.3229659,569.20984,131.39679
0.86439,236.37282,120.56172
7.447223,591.0029,127.639206
3.6503012,599.605,119.22406
5.626572,657.2401,122.48228
44.35972,707.0044,121.42142
0.9755637,311.7771,118.27632
1.6527101,914.79724,128.6077
10.391863,1104.2959,131.27623
150.39192,591.7944,121.722755
3.3008425,1379.739,130.58339
3.1737843,1519.6201,132.17036
21.322874,929.8028,124.30247
1.0568248,1334.7726,125.06211
35.471424,313.009,122.58033
0.7283615,589.6621,115.50799
27.355423,779.7597,120.38525
17.295338,365.89297,119.683716
1.2374506,478.66644,123.49892
1.31439,504.56668,121.47642
1.1431853,806.28076,126.296394
33.854897,803.51904,133.55284
2.2257786,1057.9443,131.04005
1.7429299,1656.3419,115.47831
1.521586,898.65857,130.4813
1.3338577,784.64496,126.98168
6.903265,2642.9648,126.607506
1.9004308,1476.3105,130.82751
8.041814,1493.8999,135.47032
5.8781667,665.71497,121.848175
2.03335,464.85907,123.79305
0.5704136,85.01415,113.84986
3.0013645,883.331,131.0068
0.7041815,115.12991,117.608315
4.086242,1079.7727,130.42043
5.7409678,1062.5326,130.91942
6.5910125,653.5209,129.70868
2.8850594,549.75684,134.15575
51.00452,1003.4175,132.0345
33.151268,1420.254,129.94797
2.7018194,868.98096,126.66361
291.168,629.60516,126.996826
8.771528,684.0984,122.187645
3.7724087,1880.6572,133.34671
2.0621414,928.8409,130.24733
4.7385364,647.4615,122.34561
0.6699963,409.64377,117.93503
10.4901,737.3512,134.51506
1.9131148,405.4366,132.93858
1.0855842,491.69614,118.31805
3.7872682,683.9547,125.111206
7.0608263,1278.6389,131.64772
0.7383732,1009.1212,123.49893
46.320095,834.3398,124.11628
2.1689007,510.77863,126.903404
138.64268,694.66425,123.64896
1.3149668,574.2251,126.94991
8.955723,687.5126,124.67257
36.260418,413.38977,127.10022
3.205923,473.5034,135.29019
1.8902524,1545.393,125.044174
1.3498416,306.23737,116.260475
2.7869675,120.687325,124.68887
2.4967437,512.09033,127.285515
15.106978,1823.9529,129.30307
3.134513,295.3589,122.25332
0.8444322,279.58713,117.51108
18.816286,248.34784,129.98994
11.747439,129.75299,118.981964
1.371146,405.43365,119.35425
4.920901,1802.0962,124.477585
2.8706958,246.94446,129.52884
1.4454795,679.75726,126.85872
6.112779,429.895,123.57282
36.19672,1417.8026,126.017876
3.2987578,837.6936,122.12248
5.8973207,633.24036,128.49326
1.5125195,852.3162,121.24601
3.0957549,241.16621,128.01361
40.17593,1871.2146,124.06801
1.2566239,468.26785,119.49362
14.599707,1623.2866,131.94876
2.76719,1630.315,127.1022
1.009399,353.62796,126.00281
2.738984,1730.5143,131.83826
1.2637686,945.93274,121.178955
0.7701591,100.34099,120.38818
5.6296167,1441.3597,128.20848
1.7883186,317.26566,127.38967
0.7931703,187.43752,120.700424
1.7348025,980.3953,123.17532
1.8068197,449.88156,121.47498
170.56613,991.15405,124.973434
3.5526853,1891.2001,135.3141
0.5576032,85.83227,117.11746
3.7220843,805.4254,130.49292
0.9275623,818.06903,120.94402
2.4368758,974.93835,126.15645
178.77643,648.7422,132.77596
0.79128,340.79807,126.26654
0.98472756,511.94553,128.14462
1.2808125,994.6791,126.43125
161.58229,1149.4397,127.33589
2.131887,829.3156,124.26806
2.1548574,1756.4745,126.75449
537.375,1518.4635,125.84405
2.3906074,863.7894,126.46533
2.0273156,534.896,130.44347
1.2128083,219.80382,118.74916
9.197216,1064.1669,131.03644
2.466076,2444.0432,127.92445
11.729935,2121.492,130.50905
1.6676282,921.4238,126.39466
6.314989,1210.278,130.84428
2.5355115,1186.1921,126.78247
27.613073,2014.8312,133.3654
1.633842,302.56525,126.733574
3.550996,694.2218,126.9912
1.9473228,349.7325,130.84299
5.754412,1380.6241,133.51437
1.4466695,899.82104,120.82232
64.987236,398.18192,122.32919
163.42532,730.7107,129.57585
1.4005811,1053.4753,129.27394
21.341211,456.52423,121.4046
1.2587782,514.1817,121.02534
2.5776536,1420.6122,121.92455
1.9946364,242.27399,126.09321
6.131517,237.35464,122.41341
2.0890872,430.78955,135.07831
11.725724,2136.4548,132.49054
36.26043,1015.5914,131.89165
2.7270296,590.53345,125.44744
1.5120442,346.82925,125.53951
1.8116722,1037.9688,123.06495
2.8049436,300.26764,115.434654
15.232967,1451.7904,131.51239
3.3218682,1887.4711,130.84503
3.336176,817.7842,127.79699
3.886815,448.655,128.64091
5.172858,1178.3511,126.990715
5.784234,317.32578,128.79114
11.843293,580.4398,143.5514
2.2845914,1209.2417,129.26097
6.43626,921.59,131.83087
14.897433,1095.5665,129.19014
4.326703,891.0934,129.72844
18.186533,450.22256,130.9859
191.94475,1293.0272,124.33931
5.4991603,469.80908,128.54565
3.834627,1488.8406,132.02684
1.3069746,601.5284,120.282455
24.800638,1308.8242,129.83234
206.66176,785.99097,127.45526
1.4680347,943.041,129.75691
2.3276386,1371.8268,123.27696
3.4056697,1885.6316,127.25989
1.3424928,430.72964,124.10621
127.78985,934.354,132.59283
1.543262,567.81055,127.97052
18.137531,566.62573,124.35479
36.650833,848.1892,133.1817
5.961775,1290.8572,127.6266
2.3761053,1196.5535,126.93356
8.636401,1165.3978,127.93638
0.49615145,145.11041,122.06012
0.9687002,611.9452,124.06954
4.8483744,387.85873,122.70866
15.380912,1674.8193,131.15536
1.4940486,149.18979,116.1779
10.320781,846.4275,121.3394
1.8801233,989.02045,131.23111
6.7636285,625.4611,128.11298
27.012396,2005.1775,129.74706
2.633728,610.4378,129.23724
30.263288,1482.0045,124.71566
2.81638,1574.2533,124.72835
0.8909787,591.8096,116.131905
0.73429,221.60442,122.805885
5.6454945,2267.447,131.06102
17.591227,543.12335,130.58525
2.578941,869.905,133.11836
1.648531,1168.8187,130.43835
13.676413,976.0166,129.07413
10.026463,2257.5828,129.984
3.060206,1375.7407,132.29758
2.387569,991.5277,130.62119
24.492527,423.30093,123.80262
1.7617147,507.57095,129.87042
3.2007668,944.3263,130.47742
173.25548,1259.3982,128.94788
23.566963,559.6343,126.21129
9.763012,676.19867,133.5332
10.664724,1255.0134,131.05573
6.89594,761.77625,130.71208
5.0978312,2117.3564,133.05194
1.2909662,420.34082,119.82513
0.773444,431.78476,119.825554
5.2041264,363.8123,128.41783
26.657839,289.52545,131.73274
1.9357618,490.2456,128.76031
3.7258484,875.62854,121.41084
168.54582,404.7851,127.76756
6.9088593,1204.4146,128.25192
2.0179877,972.3531,131.6101
13.338892,785.26996,127.311966
1.4241264,1255.9774,122.35058
1.3288447,391.62195,121.36366
44.7924,195.56541,123.76598
2.4713533,755.5991,123.76188
1.1160679,829.7436,127.876656
5.209734,655.9999,133.68121
8.085771,1991.3755,129.0496
4.8834915,812.81635,122.031334
2.1123178,1303.4465,123.51371
11.166479,114.33816,121.70397
0.8987755,249.87508,122.92943
12.378394,395.24994,131.39192
169.51955,208.15564,117.783714
1.6743929,884.82666,127.93419
3.9867353,1195.5902,135.37029
1.4717811,1098.0638,126.32854
1.8064349,107.503265,125.22401
2.7821,2150.3354,127.11061
1.694931,275.1653,124.23696
1.1355385,680.5418,128.19916
1.3691703,481.74753,126.461105
2.9342527,1674.8977,129.49792
3.9322107,583.5595,123.25445
1.5011141,294.14102,127.38331
1.1635871,148.65802,121.53244
2.1025803,982.677,126.450874
1.3667495,1271.5865,125.921234
2.6166224,472.30826,116.91301
1.7617,716.0163,133.23407
2.400604,373.01257,133.70236
2.0283258,2133.7214,122.31234
1.8100201,729.60895,117.236305
274.93286,1982.86,133.32436
46.105656,760.7171,130.94322
3.4888763,566.06244,128.4447
238.83653,986.7278,130.44066
1.6992909,927.8613,127.64182
29.48968,435.47495,127.93527
86.902336,1143.7585,133.53194
1.7102998,298.78412,125.33517
1.9305805,1891.2222,132.36656
1.9031703,717.8915,129.1622
4.7708,589.40265,116.61755
6.3743486,466.92566,121.10851
2.8024812,600.1388,133.5668
3.8147128,1571.414,132.0638
2.029487,1326.3688,128.74583
1.5403926,157.17938,114.75037
3.0816813,1277.3441,126.565056
1.8362812,981.2488,127.228714
2.2154083,878.9649,126.07669
0.5929543,448.0038,119.85183
1.360858,464.7775,122.12765
1.4964745,748.8241,119.689896
1.1624719,672.45844,123.18867
1.7625285,591.5612,131.14421
1.6990263,839.696,126.41433
23.466213,2193.9573,136.074
2.4664252,1864.4486,132.107
0.96570235,767.18665,122.23392
6.412112,1035.8044,128.42079
1.4878281,503.112,125.75798
30.490044,373.16357,127.771774
13.071243,658.90204,127.52037
1.2063447,358.78308,124.86818
1.0627228,550.7347,118.345375
24.073965,1010.6794,133.44424
2.0239148,2017.0417,131.0091
2.466335,554.9044,126.2012
4.012863,843.5739,131.9811
1.3081423,919.2232,121.08015
0.85321593,285.16116,124.85307
1.7045891,270.83136,131.5543
0.6981442,552.9551,112.83622
28.409996,1541.9186,130.40602
188.70213,586.4952,120.27762
4.173422,1061.1648,127.039986
2.7866945,505.57538,132.32094
165.5397,1266.6132,129.98764
1.984224,1215.8416,130.69133
0.9534949,268.79517,124.169754
1.9596264,1490.7985,124.03915
4.0416136,489.25143,130.12654
11.055998,847.65564,124.212006
6.5959024,1703.9722,131.67706
9.281495,1359.4894,132.75383
8.684626,1087.227,127.96995
1.7569927,1770.239,129.11717
2.1610334,559.2913,134.5132
1.1581303,1163.0579,125.907196
3.3651147,672.83923,120.61755
18.634068,1737.2645,133.7213
95.17236,271.75793,125.53401
3.3209667,212.42374,131.05798
3.0038087,1406.3307,133.09514
0.5126032,598.2851,117.39911
10.283,1200.1787,128.91232
3.4428596,1201.3666,130.61183
1.6480557,554.42993,131.10533
3.6337256,218.36652,124.89548
1.1358472,834.4484,125.89855
1.4463223,195.41388,127.4832
2.3609886,587.9566,127.56233
12.011605,692.866,128.37057
3.0399053,1508.9757,131.99075
1.5417497,712.0437,124.09177
1.0689958,280.5823,124.88562
8.387373,648.6745,122.02843
1.6424414,964.81287,128.80396
2.393757,1143.523,126.139984
23.93207,56.26368,117.09588
2.3881443,228.54199,125.419876
0.88121957,59.16779,121.4517
14.717604,293.70108,126.031746
3.331653,874.9285,129.3701
4.1540318,1661.3691,127.62332
16.03845,2951.6355,130.04146
19.308031,1406.9192,129.62138
0.9250673,261.32642,124.46085
10.732626,615.74005,128.99881
180.56282,688.03986,126.552635
2.0621524,146.12363,126.367195
1.587734,900.8834,124.31007
0.96217227,611.4813,126.07935
18.837872,621.6109,133.65787
1.226796,530.64465,126.881905
1.4777895,593.37024,128.30891
1.6317174,522.5225,121.17954
14.101288,1381.6333,125.335014
146.57097,1893.19,132.01636
10.421095,582.7822,128.92247
1.5836219,530.3225,111.765526
5.963943,306.08017,120.36293
28.02713,2756.4792,129.3436
8.359369,1351.5997,134.6675
2.2912426,1669.7329,134.68063
1.4272729,728.86694,125.08598
11.851506,500.64685,131.13867
1.4609259,1310.3246,129.97156
1.1161672,192.22374,125.26985
3.9979703,390.90594,133.19539
4.0817327,1048.7123,126.8704
6.82732,1109.468,133.80547
15.0761795,850.1544,134.76704
1.9576781,809.15814,127.31507
1.874559,242.82777,128.95062
1.9204513,1071.9231,130.936
3.2328315,1217.5323,128.04611
8.679453,552.9734,119.40789
4.1601467,874.3235,120.26998
1.9189191,777.33295,128.04112
0.66702026,178.5126,124.35603
40.579456,1273.7974,123.06054
1.5098228,1423.3179,123.09998
1.4249501,606.23486,129.03662
2.9903228,543.03107,133.422
0.554626,242.13644,118.73368
4.6498,867.0172,123.288475
2.1222467,1057.8768,131.88445
8.7772,396.4879,124.45732
6.489533,1572.2972,135.38443
0.996321,523.8587,122.52211
3.9168897,606.821,127.893745
19.204546,790.2081,131.90646
8.207806,1246.6876,130.17809
1.8822701,596.53955,131.34135
7.569346,866.8802,123.674416
3.1533165,329.30005,132.21864
10.417903,59.724197,118.80906
12.567224,829.8946,132.32556
1.682735,1271.2952,130.81407
132.68881,279.9456,127.39956
4.485391,330.63727,123.386
2.109808,1616.7024,134.4594
22.241438,241.52403,124.373436
1.7136788,1277.8022,127.41614
11.626841,263.8767,127.65462
3.6108556,628.7503,125.38633
1.4544321,679.9717,129.95166
10.611748,937.83514,127.616806
1.0670823,601.69037,115.92187
1.9744533,464.79993,132.84662
3.8517249,894.1459,129.83519
246.06232,552.0017,125.02507
3.2472882,1442.8921,130.55154
3.4156048,948.9072,126.577896
351.69226,1191.0294,133.52931
2.7925026,1769.8319,134.97626
4.6600094,1617.1814,125.97993
2.396723,236.33153,124.79245
4.978714,193.38194,126.120895
1.7392093,1473.9048,126.56003
2.297698,1813.0428,124.145744
1.1704415,1012.5905,121.748566
1.4085394,1534.7775,126.04515
6.9920444,432.46783,118.99946
4.2579355,566.2352,124.34814
3.6497142,1417.7976,129.9295
1.2728947,388.0253,130.71182
3.9232905,238.1829,117.60955
3.4683528,571.86237,127.45731
19.038763,496.56116,131.29727
4.112769,1334.5066,127.9072
4.577437,311.2113,121.191956
1.8539509,94.89297,126.11766
0.6672506,834.35,123.23935
1.4168618,242.5526,119.44392
2.2038682,1140.002,130.17516
1.4921652,790.1624,125.36929
0.99769974,399.08032,118.44013
8.230222,341.67142,115.58476
2.7398636,1708.9266,134.93459
5.1225657,353.19296,128.9147
1.3734,875.5156,124.274155
2.3530264,2096.0398,128.56348
1.0552608,810.59625,121.67925
5.813403,192.981,122.480644
10.723314,843.692,131.54626
1.8427681,358.97586,125.37551
134.63908,1906.7194,126.085846
10.531977,1668.2141,129.97116
6.2406845,185.54091,121.11573
1.0816679,139.37,126.25079
0.86988246,697.2463,123.93792
1.3294386,688.71027,119.040535
2.6076586,504.9227,130.9307
2.8359172,2713.2996,135.74184
1.2308967,1219.0897,129.62984
0.7272455,106.72688,124.307045
4.327997,1740.7727,126.76267
3.5563023,1931.5383,132.79857
12.6524105,360.7954,119.16705
1.3574852,1233.4397,130.69498
10.57776,942.5328,133.11256
0.9448641,327.51523,117.98179
4.2034087,1076.5334,129.59465
8.414147,382.20178,124.6571
1.8333838,1692.2081,132.92448
2.2059832,1148.741,133.66527
11.254519,925.8575,125.77659
10.339426,1097.1542,127.64994
1.9605856,390.48566,132.424
20.734165,711.08923,129.54898
1.3804103,206.85388,119.28294
5.4658694,902.05774,132.728
12.977803,724.1386,130.69653
3.445593,2055.0945,136.45848
3.036764,643.6055,126.84587
1.5486125,1166.983,126.299446
2.3905902,346.9127,120.657936
462.63687,722.6629,132.14627
1.4739441,1366.4951,131.46687
10.840531,678.80756,124.296585
2.2722049,165.41273,123.65139
1.0244838,191.17679,123.43944
2.40557,915.4479,131.80365
48.440983,512.0353,120.44158
6.5310855,566.3831,121.44191
2.568557,83.44063,130.6628
29.07614,487.62015,118.651115
10.187018,902.22626,126.02601
9.376452,690.5948,123.131615
0.62865216,388.28958,117.826546
4.356369,587.7174,126.785805
2.7983067,180.53523,119.57426
5.6521716,413.58124,121.9267
0.7450174,316.15463,122.18552
9.19232,1763.214,133.97069
109.66265,1559.578,124.462395
10.936325,1260.2915,132.12863
1.4193566,1106.0596,130.36232
4.495647,879.6427,132.9854
3.8231623,1672.4923,132.96909
6.2981153,568.3492,131.42934
12.622754,779.30646,124.093834
1.6652863,736.5543,126.28782
328.5928,318.35257,128.19168
2.5301766,497.09866,130.9634
43.63065,712.29956,129.47206
42.309124,368.26587,122.01882
6.7312717,1571.5013,127.6303
0.803018,516.10516,121.30883
2.0135193,1196.3408,131.61777
369.14944,912.45465,130.70546
6.121421,335.45642,123.43894
2.3542657,684.06964,130.39159
2.9260674,2024.8376,130.06976
2.2068794,1679.7781,130.25043
2.8979578,1351.3818,133.065
10.965228,1296.393,130.4902
11.382758,2528.0142,130.73573
3.637122,1440.1876,128.03609
5.1213408,1059.8895,125.80868
1.103528,724.27893,126.7574
0.75246835,183.62184,124.370094
0.70909256,527.75195,115.51966
2.5484085,662.30304,127.92014
1.6561487,1327.6434,128.87137
0.9642498,357.49396,125.49214
3.0483806,789.2031,121.835396
2.592791,695.0238,132.35295
1.2720221,619.6594,124.26547
2.721507,1127.595,124.527695
2.460548,595.33813,120.146515
2.024766,1736.6116,128.94344
2.029628,1446.6793,124.82912
11.693939,1038.849,133.03789
5.1021576,587.2554,128.31938
4.728636,1472.3488,131.12544
2.0941036,1038.8187,133.6959
1.4313446,579.6983,121.27782
7.6803536,1741.5343,134.58232
0.5395591,217.74535,122.302246
1.248729,286.7082,123.271866
1.3086004,1095.0187,129.27182
28.95366,325.63788,130.14235
1.231782,1256.0708,123.65917
12.304838,2094.1155,133.23007
4.157031,395.3484,128.479
2.1896684,814.45874,125.967514
1.28099,385.71478,128.42517
15.036731,533.9371,125.700676
23.104952,598.0983,129.0698
6.1736846,510.91956,131.40947
6.322352,756.75726,124.13176
28.67816,1171.0552,118.78764
4.8901725,1349.9808,130.90373
6.071201,1609.0427,136.2633
9.044931,1662.3079,130.35966
6.497057,1329.0774,130.13133
1.5109832,185.78433,130.21964
4.587337,2092.5242,133.48389
2.363387,387.15863,127.53267
0.7500908,659.4908,124.63518
1.7594767,299.96686,131.09485
2.0617495,933.81696,129.79399
1.7487247,1070.7875,131.36646
10.533302,266.0919,118.15681
3.4815023,758.4408,123.54888
25.046125,1955.0417,133.69997
43.10637,585.3587,133.50911
1.1994276,683.4676,128.02432
95.78357,1611.6603,122.01024
5.883865,1066.6039,121.00555
19.194405,932.98413,126.92182
2.10627,1272.6278,133.546
1.4813845,720.5738,126.546074
2.856967,252.30687,118.835785
10.894938,666.52856,123.97327
11.762779,1437.1938,122.170334
2.8375888,807.8807,126.100845
4.201071,451.51132,119.44053
11.509452,777.57837,129.11896
1.8249531,608.8636,128.83742
2.0554314,1056.1681,133.794
2.5460043,868.74866,134.33554
3.70441,646.79913,120.068596
29.656729,1079.5625,131.45721
44.820686,1018.5284,122.50778
9.997753,546.31494,125.532135
6.8555408,1364.6698,132.14828
2.121115,220.25066,120.18381
2.0477436,1414.7969,130.30803
11.551799,1180.1902,128.6025
1.2820266,446.98145,127.77086
4.598,653.8976,128.35985
42.303318,2231.4211,133.46417
0.7261159,826.4384,119.213036
16.772448,743.908,126.794846
134.56985,862.8394,124.417915
7.715476,865.08813,128.19109
6.9723587,530.08765,125.46291
4.7888474,729.66406,126.69717
1.9231527,734.65894,128.6593
2.8707328,495.66336,133.96669
7.6758547,99.11586,120.13067
10.127975,595.7784,129.19182
1.4278842,284.117,129.96048
11.3234215,616.946,131.60538
1.0326883,524.4295,127.42675
17.581577,2459.9587,131.73714
5.7703805,1504.3312,134.96017
3.218847,574.6351,122.20246
1.1086198,472.1691,126.65934
23.355295,1291.4365,129.33311
5.8576617,1916.407,132.51994
5.891352,1116.7838,134.33179
6.2097697,1208.0106,131.24893
0.6904915,618.7929,122.43824
1.2501167,206.90067,125.06754
4.0237036,1359.971,131.34288
5.4251194,1343.036,130.88231
10.479625,1749.1652,129.03525
1.877529,1653.2444,126.08562
1.5139924,953.3939,122.599075
2.7887895,815.9876,126.165886
1.1991235,312.22394,125.64504
1.2351354,345.44946,118.281525
462.56863,439.7046,128.69646
1.1544927,236.15901,127.72654
5.5617685,1228.9509,132.60583
3.537067,2000.874,127.036285
1.3436562,1105.1874,125.92466
1.4181031,916.60297,121.34691
54.457973,387.66345,125.31
109.6445,484.1966,133.78397
10.955917,867.042,122.70543
1.4013413,381.15045,126.009514
7.407283,2350.7117,124.32456
0.5304203,86.00052,121.37597
1.319154,879.4759,121.99389
141.18411,453.6713,120.04393
1.4462285,1127.5255,125.86706
232.94766,810.10187,130.77089
0.9774005,628.29364,123.76245
28.128246,1283.2802,131.55064
1.9986408,650.3087,125.00065
26.245062,1317.6748,126.2312
217.32999,624.55414,124.83357
6.2843404,580.20374,121.036606
15.0851555,817.78064,126.75979
2.2124186,616.0869,130.38306
8.065866,558.9881,121.98645
1.8599832,465.3293,125.79084
46.689278,2974.6572,134.14368
1.2351968,478.11917,123.63555
1.1830585,660.9414,128.00752
14.79193,810.73834,126.0771
6.4003334,737.5176,125.16563
2.2899492,2705.5706,128.67596
6.503537,1079.33,130.47673
3.5489535,1397.1244,131.63882
5.1670675,765.5908,123.1141
8.478668,334.5262,119.2316
0.77921784,234.05513,126.314186
21.97525,376.2122,131.75887
2.7513125,434.86465,130.7844
0.8413419,349.6877,121.61899
59.60539,828.7797,126.418724
358.36832,605.29425,132.97404
2.6480818,113.60662,117.02802
1.0832427,517.84186,125.197945
2.0359912,1587.43,132.94055
2.728685,547.05194,135.34125
18.663174,317.11606,133.11461
10.978054,1317.6976,131.68988
1.5563056,1123.6592,129.5723
1.1987962,439.14722,123.49736
13.868298,926.9583,126.96703
24.464878,789.388,130.69032
0.4862312,349.50125,121.44493
30.44612,469.55478,125.707245
1.3781356,1336.283,123.233345
14.689649,1271.9122,128.48543
10.68695,1681.6028,125.01033
3.740258,832.64935,127.78219
10.339991,451.5289,129.56125
1.5393443,465.46292,120.14589
56.71499,688.1642,124.04194
2.7485213,595.14264,117.477295
1.390285,775.8923,129.72684
4.263615,1490.3894,129.34233
10.727573,930.45746,124.29946
1.382596,1761.8438,123.550835
13.112049,1238.8308,128.89265
1.646503,1899.1062,130.7469
2.1577725,960.9419,134.54062
2.4176903,1439.3602,131.76807
11.109095,125.11087,129.6653
17.165613,397.05612,129.61603
1.720801,495.32812,132.88412
10.235961,505.1513,117.59275
594.40765,923.77655,134.64838
183.1508,1369.6868,130.29398
5.759953,1150.3643,128.17032
5.890695,549.633,125.937355
2.2990716,968.33673,131.13454
2.5409613,820.41833,132.99562
3.1343448,213.09618,122.2967
48.82063,2153.642,135.31418
1.4815006,521.3771,127.10822
1.5508301,1123.0431,130.85771
8.123077,535.5608,122.27129
10.786795,589.0047,125.703804
1.3565626,217.38525,131.3528
1.7717024,2105.8655,125.49057
3.9934242,715.584,122.439224
7.2471285,431.5996,125.50369
12.515559,1052.3092,127.72942
2.6020083,532.00397,132.47298
3.563816,2036.2349,126.07689
2.5964065,2535.3254,134.47647
126.15126,1045.3442,126.618965
3.3119013,489.27768,126.91268
2.7518358,1367.427,128.2532
0.85492724,248.13234,121.02149
1.5060314,1736.5112,125.22653
4.7580323,182.71623,127.95132
14.582042,803.90283,130.3362
2.3685625,931.86053,123.36498
8.765433,1958.3962,131.14787
1.6326824,345.48917,132.6684
62.13652,285.11035,131.59291
16.223162,1803.2872,124.01666
8.340066,553.11426,131.2836
166.92592,148.07481,121.239044
16.382805,2584.1328,133.81755
13.361197,465.3486,127.42457
4.8287997,1570.6216,126.74924
3.5380647,1043.2811,123.158104
27.777714,545.1133,133.31047
3.220077,2244.2217,129.5845
0.9148101,706.58453,117.40811
2.5266242,809.33966,132.85945
1.7419374,608.01434,129.6511
8.925059,1171.3069,127.84962
0.6748008,535.07874,117.771385
145.3227,1294.9076,130.32932
4.2796326,1377.9713,130.95943
0.8519129,487.34402,117.42691
30.092587,2092.8765,130.00261
21.01635,437.42664,121.598
1.1683869,994.4099,120.767845
76.59815,1572.364,131.58894
11.5239725,752.9784,130.10942
14.164437,901.93414,128.71709
0.55649215,114.85509,119.48303
1.7383276,793.73334,122.094826
1.7152404,1505.3528,128.89038
2.7158718,1931.7684,128.50528
6.0173373,390.7213,120.64533
12.183712,2505.985,131.53075
4.2814245,384.6317,129.1767
0.7230303,155.31001,121.56628
4.6497645,518.843,125.70967
1.0375922,493.44263,125.28782
6.63995,572.60864,126.05878
1.6967403,550.5219,122.200516
1.47118,1148.325,127.08838
1.9410071,1370.3591,132.65347
0.7286913,490.706,121.81501
2.2499359,449.1096,120.82747
3.5684323,1585.2559,124.00986
309.82434,717.8509,132.1487
2.2510846,445.15024,129.72046
2.1815393,1528.478,131.72327
1.4273249,354.80637,126.67006
11.50884,481.57117,125.23118
0.67467195,100.85611,119.10811
1.0179181,718.0254,128.28853
0.5169356,79.40557,119.64447
1.3093493,173.66286,118.97655
5.778186,273.33597,124.65247
40.15497,994.2413,124.813965
2.4050539,624.14954,133.36568
0.53903234,301.03537,113.75462
107.80352,157.94685,125.79126
3.6342492,2549.8909,133.58551
1.0869113,517.919,121.942924
290.62762,919.856,127.51945
465.7462,1952.1168,132.0911
1.9617988,2979.063,127.83359
2.7731707,638.8098,130.47578
1.1293749,697.28827,121.728966
48.69438,586.4067,130.95978
2.8390174,513.921,131.10274
8.291894,276.74527,128.24632
0.5940611,65.64705,120.201225
1.7021377,987.85596,124.74928
0.8279639,144.41585,124.66964
3.2720046,2192.169,133.1477
92.94299,518.9114,131.89522
1.6726253,227.46571,120.345665
2.9237976,572.0588,120.29126
2.9951284,3100.772,131.96086
21.984474,1590.5363,129.36626
1.425275,288.15475,117.89914
2.0746238,535.01965,128.64519
2.8062072,834.0579,132.2608
0.746696,119.175095,119.73608
3.3826256,401.0785,121.673904
2.5043938,1403.7612,125.70101
9.750611,1352.5465,128.48505
2.6102781,1917.5791,128.58067
0.8853399,518.2984,123.35191
1.8705913,985.6488,127.72773
1.4172586,638.04956,129.13997
2.195682,1466.6556,126.77631
0.8966382,880.65607,119.15201
0.8723517,271.74554,120.90193
41.31653,426.79282,126.28021
12.091726,2429.5706,130.66498
4.105557,1182.4105,127.06617
3.8350012,1034.0891,131.38206
1.113946,729.9099,116.163376
5.0367026,1069.9204,133.41478
13.380654,485.58176,133.46317
1.6930724,849.16486,124.516594
2.7397065,357.0181,120.61638
2.6012573,2066.0798,130.11823
0.5522979,313.30154,120.79881
1.8789624,1292.9978,134.85345
9.416429,447.2397,128.35818
1.1421145,157.44212,116.8396
2.4433827,525.1209,133.32462
1.5501788,159.13805,127.29087
1.5279925,325.8144,123.975624
8.805429,652.5414,130.25876
1.7548187,320.0608,130.37862
2.7385488,1021.7822,130.13246
2.5406914,1171.1182,126.523415
1.8447365,652.5102,125.70373
1.4775378,735.33527,132.14212
1.2046678,431.87106,119.28523
11.180779,392.68082,126.291115
2.450893,335.6548,122.52756
4.083102,617.79175,121.68129
6.1883364,941.03546,126.533226
39.41158,1232.8154,123.37644
1.8242339,857.2463,130.44792
11.312277,406.34103,125.304115
441.00806,933.55414,127.94549
0.9232675,345.99432,126.23816
1.125126,531.12994,122.41875
0.8071797,190.16241,121.87566
0.6577446,294.35684,122.60466
41.15394,421.73874,121.04393
104.42147,307.0995,127.85236
8.271773,1428.4937,123.91788
15.509682,584.7727,130.12672
1.5342659,263.03964,122.39818
2.149662,647.6436,129.2578
9.403076,1349.3782,123.26427
1.7157425,1804.4447,132.65071
1.7566751,1035.2772,123.48722
18.89598,1427.812,133.01694
15.047956,1140.2417,134.61186
4.1001253,532.9837,129.86288
2.8336616,1432.9323,132.85846
2.6025836,1155.7914,135.57121
0.8006566,63.675297,117.85188
5.338489,876.1043,117.959015
5.65542,1022.7638,129.8295
1.6522356,399.58298,117.980865
4.3204017,586.2748,122.7817
5.383598,194.73813,134.07602
0.7944686,619.6135,117.592064
6.541989,1373.2075,128.42586
3.4923515,1624.9916,127.48124
2.079932,1878.8209,133.5698
1.6031718,854.408,126.357
18.328283,596.2024,129.24251
1.5922918,1507.6777,127.092545
3.8739629,1145.9417,127.20859
1.3768715,814.5116,124.93566
6.3899937,2990.2612,126.85308
2.1944568,862.1089,124.66206
1.5190713,1458.2643,131.30841
2.6564043,514.1357,130.48744
23.31909,423.755,124.66042
1.2083247,524.17224,130.31122
0.9382252,90.21757,115.15844
2.5698946,797.15967,131.96802
2.4523828,2222.3547,129.99574
2.1068225,411.02283,130.65033
0.69919515,112.1516,120.90529
422.24942,1571.9971,130.28358
15.265492,743.6384,129.35828
6.829342,1209.3539,123.904976
1.6146976,184.80069,123.09957
6.200212,367.89972,126.2418
293.6295,467.9433,119.183044
2.5258036,479.52597,128.4243
14.689323,115.93718,126.069084
117.15637,731.9844,122.81584
77.18975,2688.546,127.84678
10.410506,155.91075,123.4158
3.1623359,1900.4865,130.49544
21.743813,793.89307,119.38258
0.9177436,118.61686,123.94194
3.6541102,230.86002,125.12943
1.2201686,396.12918,125.27518
21.111816,1298.1401,129.91591
2.3904557,1372.889,132.80814
4.476841,280.68326,126.12659
1.2070632,255.96039,120.65893
1.7745515,1639.7906,128.13852
0.90324163,508.1965,116.581436
3.3531158,370.99857,123.2825
3.6786873,247.94536,127.05299
8.540549,306.5021,123.16552
7.0460496,236.39664,126.53273
1.7535337,1217.8427,121.79644
0.6549203,159.53082,118.510216
0.87840545,406.47867,123.84394
9.098544,616.3605,120.92212
12.844462,179.09842,127.18529
2.9950383,331.86444,123.73282
3.1584506,828.72986,134.8921
2.0257428,151.13426,124.83971
3.1457808,1790.16,135.40363
22.505974,1700.1958,127.48412
16.564878,2039.4368,132.98523
0.52544814,267.18213,116.862625
2.5564413,1948.0797,128.84021
3.012793,177.54022,124.18107
2.5683525,543.0744,119.878395
10.990661,438.1259,124.677216
2.2750835,607.61945,132.32271
1.8830168,767.4936,130.17726
44.21101,418.66113,126.7405
5.11579,324.57422,121.89643
1.5713285,360.34488,130.4016
3.3296955,207.80725,120.77317
2.7949264,1063.004,125.40885
11.582014,1660.1881,129.71716
10.400102,373.63385,121.535934
28.447556,709.7988,127.66841
1.3030326,867.3663,125.993355
4.7050014,592.3944,128.01901
5.5351477,768.4081,125.1304
5.6524363,522.66394,128.08386
2.0819073,343.8925,133.3823
4.404304,1837.8896,129.07909
9.9537525,775.9993,119.85596
10.499971,1686.1959,128.56783
0.7900213,255.76935,123.01253
10.311052,800.2963,127.53125
7.3451796,1140.9113,134.15344
163.17624,715.93835,131.74307
49.061214,156.56644,121.100685
0.620094,408.09387,115.63578
19.676077,809.024,122.31442
16.299355,294.02417,123.45779
23.60291,1055.5398,131.24812
0.736582,242.58846,116.481064
1.558619,199.202,129.41762
2.8969042,1220.6925,131.95317
1.5653366,1420.6354,130.40118
91.9602,628.7313,126.778534
43.208485,1264.9556,128.7527
1.9835442,762.5441,125.47516
2.0461433,180.64494,125.81409
6.1287737,1403.2507,122.25381
3.4038382,741.2579,134.2205
3.5725815,1745.2566,132.85324
18.878208,503.8847,131.26352
1.5541732,911.52734,124.5743
2.132185,628.1682,124.30998
2.9101734,1317.7953,131.17323
2.31785,699.8552,127.38159
5.290676,867.7657,126.41022
57.811752,494.3826,127.86531
1.4995235,1661.6385,124.01034
3.1220639,1277.9606,130.83307
1.4699486,612.9165,126.320175
2.7044632,1179.1086,134.16061
1.7047949,1882.1763,132.7362
74.384766,121.95516,129.06003
122.31478,786.8874,131.30658
2.2719533,2922.1301,128.78815
2.1537163,77.96578,120.89317
478.7637,1122.3162,135.98015
8.10879,1457.4708,129.16667
1.0898317,256.38074,120.01369
2.5584645,583.5227,128.03299
3.5197883,154.21912,125.60486
1.4595348,781.83344,129.94136
3.1469917,875.2418,132.71236
1.1988709,459.97083,117.42916
0.7662878,507.43924,125.33505
1.5599941,1347.9863,122.841324
1.6600941,455.98773,122.14928
2.3136232,995.5705,132.4066
12.729331,1301.7275,130.26799
1.5096179,1284.4674,127.484055
3.750256,845.20624,132.89833
1.5247536,694.9359,130.61676
1.9978535,358.0229,124.76675
5.98285,906.83417,130.16367
0.79061246,232.03078,122.11527
16.598452,1088.0359,128.1087
15.843945,557.91626,128.02762
1.5263304,1169.9174,120.697136
4.4262094,1139.091,129.1205
1.610275,531.8819,126.36405
4.0058885,1739.4552,126.91066
1.648541,583.70416,127.09059
1.5999471,987.2476,129.57892
24.332308,677.0437,123.658966
5.8850026,1641.1826,120.56782
1.73228,1316.1631,126.26647
2.1295893,1264.2985,130.10417
106.375244,596.5593,119.756744
231.25562,445.32315,123.550186
4.757288,856.69086,130.92719
1.654586,478.56076,120.982834
1.4154426,1678.9231,125.61257
27.268272,526.07886,129.94832
8.704408,2854.2705,128.08337
2.644906,1380.2771,132.90865
7.453358,905.36584,133.66254
1.765084,563.21436,128.43504
2.066122,746.5281,126.3203
0.56433135,129.32652,114.31047
5.2455406,344.44162,124.935135
2.1694314,1029.2117,131.99484
3.7821438,389.54837,125.54011
20.670195,161.83896,115.17366
1.6857485,1155.4066,114.35121
1.3307308,210.18398,122.825325
1.4348978,487.83093,127.39189
61.96235,487.44263,120.5895
1.1570283,1038.2605,123.07718
3.2142515,1075.3247,134.55396
26.852194,1467.9551,133.11267
1.5188433,453.43393,126.38839
1.1000519,510.4547,126.311005
4.092125,1690.0035,128.13806
2.7643454,1988.9146,134.70387
2.1906993,794.75616,127.13603
13.711542,940.9277,118.81112
2.9248817,969.6442,127.69865
2.0068889,912.4729,131.4615
1.0779586,273.6102,126.85099
34.316105,903.79535,127.68306
2.011066,1953.4196,132.58562
14.8354845,317.72433,124.77275
34.15487,582.4272,130.93004
1.7505757,295.83072,122.7907
1.5427363,402.2925,128.6314
3.5878327,471.58148,126.895226
3.198735,653.82556,126.062325
10.981672,393.1121,122.35769
2.607051,1859.7705,129.21848
5.405491,368.1879,130.20247
44.36796,1122.0021,133.29124
1.6676337,256.70984,132.94487
5.4402843,1867.848,132.26866
1.7043602,1062.3774,130.56029
13.433858,1018.65546,132.9416
7.9388456,2044.6536,134.45903
4.3087587,831.27277,126.68268
60.92012,458.21075,112.51994
2.4172182,615.85376,129.72687
0.53543586,67.57703,120.238525
0.67264533,162.1483,119.95084
5.0287275,2836.0947,133.29752
1.9941739,902.7853,126.71931
6.115352,1437.6078,123.61458
1.2413796,577.16547,126.94722
1.6901892,591.0582,130.18805
0.6966843,433.76736,122.44209
2.3439784,2877.2524,135.30315
5.9940596,349.1807,128.83128
12.371715,1780.4578,125.63695
9.306394,891.53564,122.66841
7.690847,580.28235,128.27885
5.1443076,2141.237,132.05937
5.679114,1848.728,127.743774
10.292889,182.51363,123.49366
2.7061434,848.8738,123.54478
60.73459,667.555,130.14532
2.779585,606.4025,127.21056
281.8813,2215.2651,133.60912
49.562733,898.53204,125.85447
1.9558188,1872.6124,128.65918
1.5744529,1405.5997,136.20882
4.17383,1765.6552,129.39485
2.3642614,162.76889,129.9181
9.934176,260.84937,118.51056
1.0342349,520.3122,120.78874
35.566345,827.9355,127.12849
5.1901474,938.80035,126.175575
2.6625745,1214.1943,130.01285
3.2478647,200.93073,117.1078
2.4579635,1262.3164,128.66391
4.199009,525.31256,131.94011
3.6890278,1260.4441,130.03879
3.3004625,688.7036,125.9022
1.98719,196.1521,118.46777
120.45334,577.83203,129.17282
3.512214,319.54004,124.63622
224.63193,751.664,126.89644
2.0270286,1389.4095,127.37126
1.680863,725.37616,131.61967
2.6681232,1560.7358,129.61671
1.1137369,318.5527,122.91811
1.7439774,546.58167,124.05659
1.494725,144.14635,128.75711
2.240459,797.07794,131.3747
2.1023133,609.20416,127.70409
14.478372,933.9536,130.46756
1.3803595,614.4297,126.44867
2.0422049,755.438,128.25444
8.932942,1363.4124,135.48045
34.15181,505.8147,128.86337
13.667982,760.5096,126.49062
2.2086577,2672.681,132.99608
7.0510845,937.98834,123.15721
15.590038,926.12787,129.29651
0.569187,67.61768,118.01805
5.6704173,590.5352,127.5846
7.9585724,550.27997,119.12347
1.1036539,556.1771,126.0983
2.5832329,573.51294,124.40693
45.20589,327.80542,130.324
154.19127,484.03778,124.34693
2.9031649,401.14536,132.29123
7.479831,479.882,126.39225
0.64000934,365.26416,120.07857
8.583527,304.594,126.9065
1.5525929,2017.1354,129.22887
0.5635729,141.17395,120.46076
3.4087236,749.9508,126.29991
1.9710346,468.125,130.26442
3.0664184,1917.1945,133.549
7.108348,349.53815,123.62623
63.379494,574.4802,119.837585
6.776985,526.68744,132.99435
1.8753864,369.5185,128.30838
1.5017804,490.42654,121.8898
6.177522,919.6868,133.01091
4.2406764,1787.4049,131.38182
2.6185954,371.2776,126.46595
1.3629714,692.1758,128.3523
1.1727726,360.22604,116.11698
1.0055362,700.06934,117.66178
2.2482996,1252.5052,130.65193
9.695654,258.16196,123.78142
6.936989,462.52872,132.04732
0.8582868,674.28644,122.13077
5.4590406,1108.9156,121.03685
232.53027,1070.5249,125.28696
12.541894,563.7078,128.70651
1.0665352,966.8607,125.200386
4.882022,1057.2637,129.91766
149.84529,1191.1497,132.40044
7.8926144,600.6691,131.37498
1.3844494,503.00735,121.84315
1.5037163,564.8135,125.95218
2.155775,1287.818,134.21118
23.823715,986.3378,128.35403
21.640898,161.46463,125.13467
5.4385314,1484.6947,131.46883
12.660482,492.05374,131.9513
42.83791,770.2721,128.13078
33.670662,983.2307,135.68268
2.2682855,587.8205,128.20563
2.493964,1463.3948,133.23439
27.807669,1797.7844,128.88577
2.1856036,1015.3967,128.61774
1.5681384,353.76733,127.714005
9.88925,515.3176,123.653534
6.459356,876.0528,131.3701
3.3216162,246.28638,119.67843
2.3663723,894.48553,122.0496
1.4740014,732.5817,124.61038
1.8177205,431.8089,128.1568
0.667785,309.78128,115.21382
3.7404745,646.40607,124.18496
2.2918723,921.2901,129.77946
2.1704519,987.1637,127.40123
3.2538743,610.7037,125.44325
7.0960774,579.183,119.19783
14.041632,528.4325,127.08295
2.7627017,675.35913,131.35938
1.2316483,518.2468,121.77256
1.7404513,1907.674,125.010185
4.61115,581.14215,121.00866
14.1591835,2267.8972,128.55417
1.9108602,833.79926,120.50134
1.3697486,1254.1514,129.35672
5.4510183,554.2532,125.38809
4.7547274,233.01326,124.083984
1.2367061,453.72757,124.80046
1.2862492,825.80414,118.760475
0.7482083,395.3279,115.76852
10.015203,1558.4341,133.7201
1.5612365,1166.1907,123.62592
1.8194234,213.39693,115.23283
2.1418517,1978.054,131.03055
19.18846,716.06335,126.27574
14.488937,512.5727,120.681595
5.22262,2183.4749,130.99054
28.297375,2380.7925,129.41502
1.0089973,1337.4321,129.44437
0.5536247,236.83488,115.52507
6.615402,1119.8253,128.81146
1.916151,2027.1127,123.65803
2.9727845,1568.9103,128.10315
2.717222,2007.8175,135.23166
5.2686644,310.278,125.729065
2.309319,1112.7797,133.3039
1.882129,385.70135,131.72585
0.6873739,357.15237,121.3316
2.3013985,2088.1843,129.7548
2.7277634,475.22314,130.48416
1.9872675,626.09906,121.91353
5.531897,781.69653,119.5055
22.055067,590.9674,133.39633
1.0946031,400.9953,117.05088
11.16928,2369.4934,133.67818
2.2605956,1427.0886,126.08454
22.169905,1633.1321,132.4995
9.841757,1281.4816,129.9608
1.0419836,610.0311,125.03885
2.208881,1102.8651,123.96378
2.5807252,617.4877,132.01273
48.597973,634.0934,125.40597
1.6504102,607.76154,129.57004
6.359648,335.82465,125.23571
1.88832,1374.1149,128.32913
0.78456324,183.01971,124.75272
2.6071556,314.01224,128.31715
2.389294,211.20963,129.57242
0.8045377,381.5239,118.682396
3.4170823,55.11962,124.665146
2.1052313,361.95325,123.02552
2.9403908,1905.6746,127.45392
4.8914323,904.6776,130.4212
8.847271,1155.5967,131.37134
1.0336418,961.45044,124.093185
14.157436,2511.3308,129.36327
1.1341776,140.25142,130.01277
2.2447274,87.548225,122.15151
2.824843,635.3205,126.27482
77.36128,529.1211,127.094505
16.537945,1135.7401,132.89944
152.36346,450.1039,126.071655
6.420235,2466.697,131.3156
4.641881,1701.2229,124.763535
1.6332017,253.03914,124.07446
52.04719,624.6819,125.67029
1.0262847,377.42282,126.27272
1.285747,970.89307,125.02332
3.340965,2423.7795,132.46996
1.1915268,795.74097,127.2122
1.3157059,644.7882,124.23052
2.5900984,1483.1781,132.11746
8.860254,363.9126,132.03836
2.759127,1561.9471,132.93845
21.784254,1685.4423,131.06734
32.612408,366.5647,115.06309
1.5178281,622.085,127.51889
28.645172,212.61658,122.81968
16.566109,1044.3813,133.27477
2.1200333,437.6845,123.11084
9.745394,447.91525,128.75623
0.9489737,649.32007,125.92393
2.3265343,667.7423,130.63109
1.1549203,1200.4982,125.700485
2.3604527,1639.0713,133.63026
1.7032946,301.3245,122.04554
1.867989,748.6024,125.21097
2.3991091,1210.3818,133.89066
12.386733,402.52252,133.02225
5.1506324,989.4145,129.57079
6.099216,652.58844,129.03995
17.531784,343.9844,129.07687
6.417862,1349.4071,134.2207
4.1073003,898.8221,119.61087
1.869626,416.04117,128.92505
1.4616308,175.93678,130.78046
3.1967385,1873.8655,132.01955
51.856876,946.0139,129.63962
6.6093993,1899.609,129.82909
1.9028541,1100.3073,129.0193
1.7279836,1323.5726,125.8386
1.2090569,657.72003,125.97273
17.281775,994.6643,129.02094
10.398373,1639.9103,131.86792
7.141727,2624.6067,132.23409
3.166225,1275.8496,131.9895
1.7247691,1093.5154,121.842674
17.61886,438.0184,123.01574
2.9576457,338.96713,129.84227
4.3217382,572.4817,117.29438
19.220387,252.14713,117.096275
1.9759345,542.7166,124.32368
0.98336184,622.8671,119.46529
5.5117373,975.9247,129.57774
2.7546425,881.7671,127.16289
28.259748,773.36945,131.44916
2.487417,357.64316,133.24445
4.7649693,1558.9326,130.98355
2.1819701,1744.9135,132.3979
691.2097,1057.1697,130.68257
11.384887,948.9379,124.19379
8.400068,280.5054,128.02324
4.3614993,1043.3197,130.44025
2.0509784,220.46521,122.49627
3.9169235,729.39746,129.37115
31.684614,986.9685,126.839066
3.8887281,543.3742,124.55069
24.23633,1675.0823,130.86098
1.477255,586.95496,127.32064
2.8093612,1293.2642,127.58929
12.5102005,1241.6453,126.834724
2.8326154,222.32533,125.10386
12.939092,454.66327,118.70038
2.6601257,792.3341,121.07008
59.212227,1235.3964,131.08946
1.1334184,981.3527,126.61566
224.2379,476.26938,125.312386
0.964972,488.84146,124.41916
1.5042073,439.72467,129.56169
2.8004012,792.85,134.17523
2.387906,824.4466,132.25911
1.5788276,754.1076,128.72507
19.24195,542.639,123.956856
2.340197,1815.449,127.63408
2.571006,2175.122,132.9317
1.7137609,298.01096,119.70971
13.013363,1220.0966,128.72295
2.1372023,609.73706,130.21123
2.2902782,1878.4048,130.6957
3.9020343,1029.1534,127.81707
4.397106,988.75977,119.75866
2.9367304,1188.6602,133.32315
4.4413857,856.4832,129.46828
12.531027,445.65417,128.56494
4.7274647,1987.5692,128.41492
26.840597,1090.2749,128.06085
1.9558264,722.9946,117.31738
103.51434,2500.0378,126.123955
3.1718664,1087.4833,128.17294
2.273597,604.47186,131.42789
1.0248258,326.98666,122.810555
3.280297,369.40723,134.55588
5.457199,552.4536,127.44237
62.268505,1719.0697,127.17423
0.6700249,164.16306,114.98725
29.072138,862.0175,128.01665
6.738331,861.961,121.13074
11.673392,646.61456,133.65459
29.734802,414.82498,128.58284
1.9670253,218.54344,127.45785
0.50718886,397.35992,117.276474
1.6813172,250.1955,122.66002
120.54364,144.67453,130.15927
2.565281,1181.731,123.76232
148.20094,2556.1794,126.474945
2.3819082,510.56995,122.32802
0.9973724,619.19403,117.71302
17.561338,485.40472,132.84532
11.711845,515.18604,127.577156
1.9891032,292.08167,129.78328
1.2194659,436.01407,124.25421
13.23418,1033.7773,124.94064
2.8626666,1068.9576,127.55385
0.49369738,321.0113,116.5301
3.541232,1423.0907,132.35535
31.859968,283.95148,130.17114
1.4811065,489.1172,118.43005
1.9551146,955.38794,122.9234
14.290469,1038.3699,132.69757
9.557851,495.88977,121.67994
2.2052476,198.53554,125.84416
21.394926,94.27073,129.94278
390.23383,876.541,129.24023
2.957631,640.5769,126.086624
5.105938,1524.2678,134.46562
6.944802,576.5845,126.59203
8.147961,151.8123,134.5966
1.37354,553.08636,128.331
2.8736897,2549.7417,133.26044
370.89014,886.0654,129.66374
2.0833309,908.27216,130.30928
5.618867,1121.9327,131.48416
1.0758363,391.06268,119.965515
2.2625024,408.50513,125.8835
22.90492,971.38104,120.50089
2.837186,351.731,126.48273
2.287839,945.79956,125.89462
1.6794072,1237.0386,126.53712
2.3062243,1900.7344,134.37073
2.8512297,1891.7761,131.22166
316.27173,857.67596,127.89838
3.081764,1332.3596,128.4753
2.932562,833.67255,129.75792
48.900208,891.3045,134.04984
9.659864,295.43234,121.38388
10.86649,1223.2406,132.4234
1.1485758,1271.8776,119.992546
0.8860244,443.20953,124.96618
1.2934119,1513.6091,128.04996
13.295997,1742.6655,126.84831
3.3232481,351.67728,128.16325
1.6526595,1053.1991,127.0627
5.284112,424.2257,130.36661
13.853427,1495.9528,126.10436
11.66279,1435.1289,133.32483
1.1758248,354.17093,120.62129
6.175127,1603.3687,125.38806
3.1864483,520.8236,134.73152
1.0855393,264.89258,124.91962
9.874908,492.6625,116.669586
1.3999697,221.6734,121.087975
11.509773,564.9814,129.9558
3.1210198,545.0395,123.00568
1.4901682,1010.96515,122.9557
1.6433499,1520.579,125.62917
144.42632,1471.2787,133.49168
106.454216,630.9459,128.48123
2.4375238,254.85852,118.30332
1.4719535,235.92854,121.08759
0.9548651,463.48856,120.383606
1.6050594,971.08875,120.14398
7.2292743,1147.389,127.09679
2.1948407,784.37616,129.26912
4.0109835,753.486,123.75803
0.6162929,451.97598,119.49087
11.547353,1683.5732,132.3509
8.182636,226.69547,116.37453
1.9436859,489.47604,130.83331
7.268478,766.8827,123.84107
1.8595269,1151.5146,127.9341
79.25455,1086.3955,133.74707
112.234695,358.12402,128.74594
11.873729,1618.5394,126.301704
26.434074,102.12938,127.28772
1.457674,854.8204,130.1452
7.6362796,1052.5356,126.6404
13.609305,1364.2642,130.88142
1.4339246,337.51624,126.584366
2.7121093,186.89555,125.496185
13.49968,448.14313,126.67499
7.933644,807.8735,128.53214
52.864544,277.99457,132.55719
2.6250741,998.4434,122.65971
3.7265837,634.5995,122.22858
4.085338,619.54236,126.64403
0.8772933,734.52844,121.828674
4.4075823,964.6886,130.24197
14.32002,1004.70654,128.79285
6.752296,144.2163,122.48898
3.1687598,1566.0269,126.374344
2.5762334,2795.9043,134.28416
9.721514,1126.9954,127.961914
13.688451,584.29193,130.39815
10.160767,809.78296,122.0027
175.92546,1061.6729,125.934555
22.1214,805.15576,127.20456
113.901955,829.0807,128.58752
2.2382526,736.2784,131.40985
10.037337,1621.4178,129.44232
20.543291,795.3507,123.813774
62.88612,278.883,123.84003
0.92602956,118.07288,126.68518
3.8829548,1764.5956,128.34106
13.330988,954.1544,133.74336
41.094185,1712.8152,129.15224
5.658038,1442.3315,135.80101
29.837877,1109.2886,133.0694
13.329108,2576.031,133.51141
17.57689,344.99362,134.1681
1.1936992,468.46228,127.558815
1.399232,374.44382,122.483345
85.81543,79.98939,118.364555
31.068985,1274.6459,133.2051
8.218199,914.0427,124.55821
39.726032,214.49254,119.20502
6.7427344,651.52234,119.01364
27.587591,884.4248,133.6298
14.338533,2030.0077,130.02208
2.9389753,492.5174,129.4548
1.6481069,614.4502,124.30363
53.887035,427.31952,116.094475
26.676502,1027.0975,121.00863
0.70669234,489.67328,123.94732
31.672544,1536.0629,133.9655
0.8975509,254.86925,123.47675
1.0036532,290.4094,124.40989
0.6969737,810.1032,118.569145
20.139536,930.0439,128.98174
30.51767,730.56067,134.28258
1.6685178,1203.8967,131.63988
6.1472983,1195.2208,130.05014
29.760975,537.69714,119.29145
1.5623548,2027.5494,130.73329
6.796674,248.61955,121.618774
5.5674953,1360.2986,130.27148
26.94661,2088.0562,129.30876
9.270297,1004.27814,131.29488
1.0394806,400.67963,116.88942
3.121246,452.54483,135.11105
1.1199595,932.9235,124.68782
6.0836887,1818.7203,134.83064
2.4089491,1080.312,128.68565
1.8200241,1185.395,128.3141
5.8700876,1293.8433,130.9079
10.0021715,497.6764,128.57384
1.9470742,1222.1896,128.57947
1.7875243,350.94702,131.02197
4.777626,952.46014,125.29408
6.364896,352.0131,123.5995
6.9772143,669.23517,121.87716
2.854808,603.22156,127.00723
6.659024,1596.028,131.28415
3.616181,1605.1016,132.39134
3.2814498,603.31476,119.476555
2.7977524,1570.7926,124.21569
0.81016904,238.14116,121.58696
2.2981067,800.15656,128.65192
0.60039455,224.66705,114.34142
3.9783669,875.89404,121.673744
6.1616783,600.5586,123.93966
1.4755958,503.35132,123.54889
4.6792893,438.97125,121.31915
14.950569,594.2397,135.01387
0.922241,734.7965,118.97247
3.0765507,2250.5896,132.95609
4.0617666,125.24604,116.85788
6.6586876,869.1455,128.36012
1.1300628,598.86884,120.15722
60.130215,708.16656,120.17425
11.671523,1465.606,129.58978
1.6853428,337.16183,128.63715
4.921692,603.98755,129.11105
19.40999,1198.0897,128.54681
1.7181005,493.97122,124.87238
16.500963,915.6297,129.86359
1.2564782,102.1888,120.77762
6.143978,2025.1504,129.5184
3.1650102,439.50598,126.2026
2.037661,187.04921,125.381165
2.0336897,1265.577,127.527664
12.133363,737.99554,131.60385
1.6065713,160.43729,125.75977
1.983838,705.68726,122.857285
2.6823506,1354.258,129.39864
1.745211,1068.0061,130.59558
5.7698894,898.2234,128.00394
1.1129006,232.35489,125.520355
7.643678,724.2971,128.62067
21.475155,990.5309,121.83962
17.733534,144.3942,123.47401
11.116137,1347.7733,133.74039
2.3987873,1000.7946,131.90823
2.3243654,787.9872,121.95319
2.1035662,1054.402,131.15143
2.4724445,1490.6432,135.2485
8.001499,846.95703,122.66297
2.2768197,840.7339,127.06406
53.709335,349.04657,128.11275
2.9127762,413.0002,128.37923
2.5218322,660.21906,122.42228
1.2870454,252.95197,125.324486
1.6337608,822.3498,123.91767
9.508484,494.93256,127.2353
1.2231642,459.48868,129.6
33.48733,1105.5719,133.27708
1.826115,429.67047,127.45901
28.635267,406.04596,127.99624
31.678978,982.7801,122.52917
3.6304994,407.91034,128.54109
2.330074,608.9911,124.579094
51.911396,1889.9991,131.67673
1.3864065,144.43613,129.99661
41.096092,1808.0531,134.0664
2.5072465,673.62933,125.08646
1.2716292,824.1013,126.200676
2.2490032,428.49,129.12059
1.413299,597.12177,130.01303
2.263452,1230.5397,131.55591
1.176927,1067.2517,125.85809
1.9538856,859.7467,128.73427
2.0325418,1448.3326,131.70941
2.2532666,2242.9707,127.01593
3.014547,498.21127,126.498405
0.99159676,989.01874,118.56535
1.4579253,1503.5903,129.62038
58.190903,1318.0743,133.5184
3.121515,1519.4711,128.15767
3.1594398,2103.6377,133.78835
37.511982,609.8286,123.76006
1.691845,354.21262,129.38148
11.482104,1287.6444,132.13045
1.1118305,566.7006,119.218094
2.8292706,2469.1458,135.2647
0.9534056,275.0038,121.80348
0.839522,238.73892,118.086075
1.7702916,669.20465,129.18335
3.9254286,238.18687,125.60348
1.6164876,510.89212,127.81296
3.148443,736.6256,129.49867
6.5788684,2058.1738,129.59863
3.0464194,634.33026,123.87004
5.1874495,506.33377,127.83182
48.234104,162.70035,121.62282
1.7332798,2287.8816,127.08254
0.77851224,723.6631,118.80826
2.7786942,314.32242,122.71903
6.4145784,1802.3574,127.90892
5.15268,1568.6277,131.2127
5.79489,1531.0782,135.59023
4.8372936,1328.3595,124.126175
72.66203,401.8112,129.67473
1.7714484,1690.0581,133.36034
75.46451,799.1099,120.29147
7.856449,479.02878,128.48853
1.4336566,309.72754,126.575325
1.8680586,311.73447,125.37198
3.5178883,426.81314,118.31928
1.000763,122.741745,127.534195
2.0252044,552.19763,119.483505
12.247543,2025.0674,129.43185
2.6088116,200.32588,124.60983
8.233735,69.54825,123.22062
1.959434,733.4646,130.56317
2.2842038,914.5586,125.93205
1.566137,466.3365,128.8796
2.9651222,558.6097,124.6006
13.583701,138.5271,123.603546
2.4116921,2080.3428,135.21541
43.05649,840.1503,129.55399
23.420343,362.10672,129.37454
5.9559183,1008.27527,123.526024
5.8860726,873.6185,127.358376
10.075636,1170.4862,129.96182
0.49992839,343.7514,117.28477
17.189262,1478.6594,131.08322
4.61631,1013.3606,134.45035
0.7271954,575.9492,124.58813
1.5831205,321.35916,124.19103
3.489024,519.54517,128.23686
4.522524,2465.9312,126.12987
165.06088,699.2757,125.23576
1.6132436,120.55917,120.8479
0.8664402,276.5954,122.22249
1.5644614,1615.9653,129.22261
21.491673,1474.2705,131.49649
2.7892063,169.56406,130.37224
8.062047,1600.2645,133.63516
1.5301648,340.23285,132.1958
1.989382,1997.2286,128.06154
1.0974089,379.62836,123.28466
2.2795377,1131.0178,127.59266
8.008289,1967.9957,128.9771
0.65561074,427.5259,114.40126
2.3423965,414.04535,128.24155
10.076625,1030.6748,127.57245
2.1043594,1776.4188,131.2594
33.62601,1016.35077,131.90674
7.204308,2032.8414,132.2444
1.2524592,1243.4894,124.80794
68.80742,759.1924,128.7883
2.8701525,826.02185,127.71343
1.3746017,782.2709,121.055046
12.828113,104.19099,121.10627
8.78344,298.33023,133.9388
2.2950864,1910.0619,128.74216
11.394631,1687.3024,121.28533
44.5271,682.0235,128.36185
9.78308,664.79126,132.0372
12.196785,1726.8087,127.34249
1.7957356,548.77924,127.52631
2.1351593,808.2521,130.07616
2.3476424,2504.0852,135.72464
15.820052,434.2702,125.03882
1.9068736,469.49854,133.8139
1.2494354,614.127,119.34839
0.7135225,725.49176,115.4631
11.892504,377.4645,121.79742
0.59434676,302.8123,121.48609
0.8863119,697.4075,119.84038
42.47389,186.11398,125.488945
3.9403534,2952.9395,133.0005
9.893214,975.92773,125.81457
20.522419,367.80594,124.08464
0.9393147,150.1679,118.247154
1.5836666,1229.1498,129.78075
1.2146676,1027.8119,128.23122
6.697798,1207.9734,134.7572
72.28673,1400.0735,133.34686
4.331876,463.26062,126.18474
1.9148344,813.94055,123.76249
19.77996,1918.0392,131.37051
1.5325059,927.7112,130.44325
25.021559,437.82047,125.12054
8.638485,342.0291,117.41023
5.226162,239.32068,125.59204
8.390249,778.0984,126.98862
0.77318877,274.52844,123.78418
16.033062,1430.2976,135.88303
4.421538,678.2691,126.27687
1.8825971,454.18298,128.02606
1.5445818,477.9373,130.47964
2.4045148,909.5363,133.21323
3.535561,205.32431,127.63311
2.1136012,631.5799,131.57161
0.92163956,194.89067,117.1053
2.9176412,2387.217,134.92319
0.9954435,923.4951,126.47154
5.954697,750.8018,125.38772
1.6841105,481.06586,121.53306
4.3852367,939.98254,125.39324
6.9566793,2145.7024,134.37886
1.1812724,815.90845,120.044846
10.182585,2898.3894,132.02411
5.4695344,1376.7885,130.65442
5.0216517,410.93402,126.625725
141.73828,240.0373,122.36818
32.19201,363.54285,125.256905
9.752854,1406.196,124.84754
1.2381982,349.313,124.05516
305.3394,288.41663,130.85886
1.1354882,319.70737,118.70086
3.6069894,612.58734,124.72011
3.662231,634.9818,127.42336
10.6345005,1172.7052,131.36916
1.8305194,303.05316,125.79748
3.4864893,1470.5454,134.33362
6.756232,1058.0399,125.54548
4.5091324,747.8418,125.54421
33.43794,586.4519,124.44528
2.3246126,711.26874,130.4717
1.8486254,759.0731,131.98978
2.1278605,221.34792,125.508835
13.029711,241.08664,114.098114
5.3013797,1419.4087,129.6665
15.75262,2128.6865,131.5276
12.353415,814.61694,130.59702
0.7152894,673.8782,123.55624
1.1792924,246.10635,121.24411
9.847503,1300.443,127.58214
4.9831963,610.4626,122.45852
9.91862,576.26337,126.57025
165.01442,516.51624,123.547485
2.0987499,282.25653,131.36604
1.0279713,105.29393,118.62882
3.063558,435.8891,133.12112
1.1775441,313.4083,122.33286
4.3155217,629.7975,126.49992
3.675979,857.12256,121.83331
4.300249,610.74146,126.07357
1.92918,283.3172,117.26393
64.995094,757.84894,129.6538
11.730437,2284.2458,128.74211
2.5684528,616.47363,126.85056
2.5669248,775.11224,133.14204
10.334119,992.84186,128.47937
7.458054,2272.561,125.50752
2.0859132,1299.0488,128.71416
10.676265,286.65884,118.58978
3.0700352,491.6763,131.05692
19.932894,917.0822,126.871704
2.0284266,2338.209,131.76671
1.8660451,2011.3427,131.51259
105.8324,1176.0662,135.86748
3.4254951,408.83273,127.572975
1.205281,1175.8745,129.26222
105.40421,252.20956,124.61274
2.7855651,894.92456,132.03668
23.387945,1779.4431,131.56253
2.259886,833.7175,130.71806
235.0704,1079.7402,130.29884
2.004431,622.8964,125.73928
1.1844758,343.07947,122.22202
4.581701,640.80255,134.36058
5.855378,1439.4103,131.09567
5.306508,551.16833,130.93924
3.8094106,430.7228,123.921844
24.90251,1218.9956,130.53772
1.9260751,716.0434,127.31452
2.4493766,1138.5393,133.86595
2.0827856,1162.5446,133.44402
15.934304,533.83606,129.56602
2.066032,1330.7073,123.75033
6.069127,618.0926,120.612595
11.514579,450.80316,129.01932
3.8873894,145.8841,119.01332
169.10493,431.3858,120.40569
1.4498687,373.04297,117.36543
6.4783525,1632.978,132.10971
0.8514999,343.4153,123.19144
10.1715555,592.75336,121.07365
2.3085282,651.7702,131.64055
2.5553057,735.0653,132.27196
0.80224216,773.27264,124.81553
7.283303,1055.5854,122.13015
59.43973,1391.3761,130.76805
2.5832293,2117.1938,124.35224
2.793078,1930.7141,134.63315
1.5659595,318.76218,122.639984
0.65380245,243.84329,122.50025
4.42333,417.38092,132.389
1.7134446,494.6596,123.457825
2.5215719,682.7393,126.861534
3.2853124,582.1155,121.64931
215.74945,666.4297,131.7647
55.455105,487.3606,130.90474
2.336213,600.2259,130.37889
43.083485,351.29547,132.25227
3.7317767,221.93571,130.91751
2.4246945,1709.489,129.98872
1.8049123,1364.0874,125.31278
2.4250994,2572.206,128.44572
2.5990431,1077.6315,134.22928
62.071117,697.7044,127.6511
8.679725,336.41443,130.01196
4.06465,660.37036,126.2389
10.280065,744.72156,121.30923
2.149623,271.04144,126.44202
4.8389025,72.977554,125.42039
3.0360315,309.86438,127.77741
0.7645352,477.31174,123.8554
2.3735318,1438.0521,124.97783
6.0878077,652.88995,134.77971
1.2283732,818.6088,126.333145
2.4086542,982.01715,133.55695
10.119872,851.87085,125.165405
2.2258666,600.1577,131.61232
2.4422426,1455.7512,123.64236
1.7880437,380.4731,126.22795
25.816858,785.73566,130.18971
1.2386223,1410.6189,120.78596
1.8628815,500.5102,131.56752
11.447368,661.0018,132.308
2.8985417,1085.6531,133.2476
2.6504211,1591.3286,132.29573
1.761871,949.3501,127.78109
0.5551356,239.58037,115.519066
1.5284296,951.15027,127.00988
2.2932374,1709.9365,130.23958
29.30103,223.64491,132.55191
9.063413,345.73376,129.38988
0.9051889,234.86644,121.142525
4.0501537,1335.9556,129.57054
3.3230836,1352.7947,132.14795
2.8115404,1043.7477,125.44985
3.5975068,1027.4845,132.98218
4.873572,411.47937,131.11096
0.936494,696.36066,124.57394
4.1273794,1686.3883,130.61568
3.1566536,1227.379,133.24017
32.94748,114.40084,125.37868
0.84447604,232.3439,122.197525
2.1009152,350.37482,135.01685
17.300901,735.91437,126.23661
7.479813,209.50868,135.1357
1.2715495,346.78378,127.48404
4.6174865,929.9861,128.67949
4.7947965,950.8195,125.001274
9.958631,106.67256,119.49086
11.633585,113.38213,125.66342
1.5320365,954.0849,129.022
1.7394136,1231.7194,129.05707
6.613525,1410.8806,130.91199
3.3736677,1055.4769,127.745384
1.8479786,949.8864,132.7739
16.501762,966.47076,124.304855
8.080367,2568.4595,133.59358
11.966818,1039.8053,128.08365
1.0074722,331.09537,121.34343
133.60274,260.15894,125.95318
1.3895358,765.06244,127.08329
2.2017915,337.1872,133.39124
2.0074372,897.1106,126.85381
1.9030098,1713.8993,131.6381
15.91395,818.44855,131.11472
3.0632553,1733.4103,133.09091
34.93306,136.97093,127.07566
8.683916,479.98615,125.421234
34.039204,988.3897,131.97966
1.9065804,625.29364,130.63188
4.33958,461.73096,131.04865
38.21291,807.3071,134.785
1.2025349,412.43228,128.90141
1.1728119,171.36635,114.98483
2.2644157,515.57086,125.12186
0.98736274,342.30942,116.3123
2.7017567,604.17706,127.5339
1.0779685,422.80063,120.77755
2.8067544,985.1393,133.07872
59.296207,240.22871,124.91063
7.093961,455.9522,126.29993
17.623236,1365.1669,132.62003
6.678891,236.35985,126.05172
11.197092,408.7037,122.51769
0.8936509,467.88873,125.498795
3.6200235,643.33826,127.30923
1.0304012,256.60974,122.305275
49.43364,503.43405,126.23547
2.0459573,388.18835,118.356514
10.140632,1221.9075,124.05342
166.21701,1084.3735,126.174255
1.0414293,471.1064,123.094795
31.968363,2703.4583,130.50612
3.522089,1889.4316,134.76608
1.8849624,1500.6711,130.52937
5.9757314,1343.8887,126.63019
32.429104,674.5709,134.54811
2.4452753,849.2701,124.223816
1.0949942,137.02704,126.11932
2.3828137,1563.3384,130.10986
5.6918077,1111.0481,125.83623
67.39617,150.59174,122.73316
19.54295,880.8979,130.3324
2.175726,243.65094,127.1005
2.28231,1156.3829,135.10625
0.723807,262.23703,122.861336
1.915012,2197.1526,130.30502
3.9817662,1508.2604,125.17809
0.56627643,675.2324,115.18225
2.6887925,662.1442,130.33359
1.6190184,258.59277,119.75739
2.5423255,655.87085,132.67418
4.07439,1180.6177,128.65555
2.27576,420.6487,118.57196
1.2544451,915.72015,127.67996
0.5915338,624.99243,117.0211
3.6402442,1150.881,132.5877
148.18771,1541.8046,123.647705
7.851404,809.9148,125.69699
2.734352,242.27731,132.20055
1.1213517,1072.023,122.01426
6.0695696,677.8174,122.662926
21.040909,1506.2164,132.12138
2.6598923,2491.3418,126.62189
4.8689084,676.7548,121.81712
1.8485539,851.1874,125.829994
1.3534474,1083.021,125.02604
3.661154,419.04526,126.80091
18.933632,2433.0332,133.76276
3.390481,137.88521,118.33605
12.901509,876.98834,127.71296
3.1980062,742.46875,122.42729
3.0094001,1223.8481,135.25385
3.9740586,1483.3572,134.69296
2.282919,398.7153,130.89766
3.584745,364.196,128.2838
1.4209048,387.77505,124.530396
0.54593945,722.76135,119.54166
2.7984538,1330.3461,130.03648
1.2583233,697.827,122.421364
14.132872,2113.1335,134.07161
2.2768846,1095.5057,127.051
4.1299996,1429.7133,124.847565
2.1392703,404.27493,126.19025
4.1972084,442.409,127.33435
1.8051324,730.21625,133.12582
5.058424,510.71085,129.00632
51.691124,952.6202,127.04551
1.4971713,268.40982,126.73786
1.4340347,286.04285,120.9576
2.1030362,299.00858,119.611786
1.9774979,468.37387,127.2741
2.4626834,666.1138,128.08315
2.2054532,999.9969,126.97219
2.2500882,526.8471,118.11125
80.05889,1397.0365,131.60155
18.788954,676.7041,121.681885
2.1982894,519.2838,120.68865
2.5299659,1479.3297,126.86751
2.0988054,2045.76,135.2005
1.2997246,318.80008,127.355576
0.90947783,453.47696,120.09117
29.71592,719.9138,126.29004
2.9721875,203.19293,129.9435
25.724365,1229.045,130.8365
165.85487,645.58923,126.99179
2.623433,2218.8845,126.34031
0.7633939,341.032,119.080215
3.4108632,2179.6538,133.0385
7.3188434,1515.5292,125.92639
2.1274078,1719.4816,132.73627
5.635056,390.49304,120.56023
1.9870343,1759.7961,129.84279
1.7014102,1234.6893,126.65721
0.72150964,268.40744,124.62072
9.448819,363.46106,125.43118
2.222,1401.1692,124.120705
1.7511759,675.9898,122.07188
1.8689721,1270.3665,124.62175
1.7749975,543.1677,127.264755
3.793708,884.0518,124.472824
1.5546465,267.6985,127.44549
3.5200202,1888.9338,130.95027
2.436715,697.79694,130.06694
79.99209,495.91638,130.93085
22.899492,1159.7665,131.81789
1.5163281,679.96735,125.40899
11.9308405,332.8883,122.36717
2.5220072,2180.5857,134.40677
1.6365857,472.75317,120.09731
6.9301476,452.88126,130.82085
2.9261038,1651.6532,133.18625
1.7349237,405.2988,127.552185
2.47119,1411.8911,128.20088
19.25826,930.9872,126.88962
6.203998,869.9744,131.22672
6.036293,1146.5786,128.69243
2.2983277,3191.5718,129.95874
2.450235,779.0149,129.70108
1.4492661,207.76488,127.263016
0.99979895,509.43423,121.249535
4.2853875,457.46863,121.56616
1.4595966,806.0071,130.68271
2.1192808,621.1158,130.59781
3.233673,1822.2593,127.28121
2.2819989,428.9699,133.88182
46.942257,405.95596,130.7634
2.687568,532.6524,120.60558
1.8569605,406.86658,122.1933
1.7632273,296.02484,128.49115
2.292398,392.6501,128.74918
4.2236466,827.4919,130.41788
6.8001695,1247.5236,124.73337
1.8426436,1260.3264,128.86476
1.1089177,236.47575,123.238945
10.128188,697.7897,129.65814
0.6460298,284.07074,116.3612
2.4552004,2142.5686,132.07742
3.6971958,1072.8378,133.0359
4.5222273,417.57205,130.19026
14.141527,1006.9581,129.83669
1.4986326,1125.305,121.99856
3.1886075,995.7399,127.09667
50.985626,2510.0178,129.58485
1.3929762,992.82275,129.90007
79.15518,459.9396,131.42268
0.82539743,795.918,124.04902
1.1717657,296.88776,122.165695
413.72568,2042.001,127.47526
46.321625,1163.4481,122.95075
4.668264,728.18353,126.34702
0.8887207,822.8891,120.598526
7.384765,592.47974,133.02696
8.903289,399.20908,127.41681
4.138885,363.6198,119.47598
0.7860528,429.07904,123.60542
1.3944069,1196.9858,121.90522
11.033779,208.86359,124.39843
23.761719,2085.7534,131.21004
0.7481246,297.61215,120.1303
37.759857,1372.3416,128.38669
1.5835973,943.8811,122.381165
13.662829,500.36145,124.506935
0.6737285,414.25082,119.41036
2.6326077,947.8707,128.90898
88.15495,260.31696,131.82205
9.095134,412.3496,119.69432
3.3713484,367.37585,124.404594
2.477449,754.8428,127.59243
2.317073,1221.984,126.02228
2.230724,591.906,127.90853
2.5080822,360.84705,123.46055
10.337922,345.82126,124.86752
73.65837,444.45767,120.365654
5.3183727,759.01544,131.81178
1.0249624,335.3851,115.35037
5.0292,809.21814,124.55879
1.5119767,1703.9689,129.41362
1.8732244,860.2428,123.79988
1.2848458,360.79138,123.00652
2.4954183,1036.4902,129.0515
50.151028,1213.8213,120.24093
4.188985,115.47228,128.92625
1.7712686,978.0437,130.34727
14.652545,176.47122,119.86868
13.221672,932.0964,130.52615
1.0197101,269.97687,126.27996
2.3350136,967.5692,125.851295
2.700367,610.27893,131.18904
1.7743841,1085.7446,129.88214
4.221716,1569.7122,134.40303
2.9837346,873.1441,129.33357
2.2943566,1215.2283,129.33557
2.348982,964.97107,127.484184
2.1067019,566.8889,122.54964
6.6896586,345.1351,125.92066
0.63361955,172.17982,118.237785
2.551118,2169.2004,122.3344
1.9044085,610.23553,122.562416
1.1931405,444.4799,122.665764
2.6106377,1706.5188,133.40532
10.903693,340.3209,134.03079
6.1122236,497.014,119.16331
4.2484465,268.47394,122.95474
195.73778,912.96204,127.62035
0.82056856,167.54655,115.816025
1.9882135,211.22906,122.54961
5.9472284,1960.5128,133.41995
8.1519375,934.87866,133.63782
0.8407618,255.388,125.76676
48.395496,299.39478,128.60193
3.0162063,1568.9684,130.33011
8.037497,365.691,117.56267
2.527861,1209.6306,134.81311
2.8298917,277.00998,124.92754
3.3004758,702.7671,127.002815
88.65984,414.53754,122.29085
3.512993,364.36108,125.46568
6.8818016,1324.0717,132.14311
43.139553,121.53227,122.15153
1.0121591,382.33432,123.51311
2.9814544,318.5171,127.56885
14.515686,948.9166,132.2428
44.613495,648.15295,127.28318
7.835446,1364.0599,134.8843
10.646401,2035.332,128.93456
13.229094,403.3571,122.8908
2.279244,1453.9298,130.81229
1.4816651,609.18774,129.33322
1.5355676,947.20746,128.02336
1.1216348,175.41599,118.092575
1.9107443,1378.5203,126.6253
4.705335,2709.2922,129.73582
2.4195323,965.2703,130.14804
3.3259912,1392.0345,126.179405
6.8160233,1273.1748,129.1297
11.161672,1951.8151,130.61775
10.236582,231.24477,133.12543
4.3889704,897.88184,129.6635
34.860752,787.34796,124.99298
4.645864,1157.1969,130.40309
17.04792,475.33145,123.12552
5.9444823,777.8583,128.14796
115.621506,1127.7725,129.51932
5.75533,894.84656,123.83015
2.2428598,792.76355,129.22638
8.854608,1433.9031,130.86353
1.0324421,149.76187,121.74414
7.279798,1782.3092,132.06772
1.8328425,1141.3223,125.02854
0.7470483,291.04837,124.677765
1.8323089,480.88028,128.22002
2.4851563,1238.3313,124.848175
4.0703297,646.116,126.9155
3.6049688,835.0678,121.69288
97.88337,118.41071,132.1144
18.870144,1849.9386,131.90195
3.6629045,128.87787,125.07557
19.605722,1536.0747,131.77966
2.7967527,365.72443,120.59756
2.9496126,811.541,133.72443
3.1043458,276.18246,117.49203
2.1744976,1573.1583,136.05556
2.4725814,1494.5365,124.669846
0.97946054,310.88467,118.12914
2.8676581,2586.7163,133.75018
0.56952953,177.96371,115.31323
8.362102,557.1434,124.581055
1.0748186,1081.1935,123.033195
16.56836,947.9634,130.47151
1.8402694,1611.7887,124.626434
2.1623843,1181.7902,124.048805
2.1244552,1260.2296,128.69005
1.1632015,221.24077,123.032616
11.595813,451.4037,134.64299
18.627544,707.8276,129.07915
4.3199205,521.0218,133.98332
1.3215773,343.8657,124.049835
0.71749645,165.54742,125.10905
32.645515,444.5837,121.57373
2.338841,432.42752,134.25775
2.185222,260.40485,122.45799
8.422973,1685.9152,122.4579
2.1745367,708.26605,131.55545
2.3594341,817.1815,131.79321
2.9184859,471.76532,121.64858
15.87283,199.82027,126.735085
18.373453,1533.369,133.89644
20.130684,347.9006,119.733696
31.669565,882.6195,128.31757
3.959497,461.56223,130.7826
1.0031803,214.70291,121.54539
0.9537712,1209.8965,120.593636
2.7224224,2440.203,132.05885
6.789338,730.0055,125.328835
272.83472,333.01392,130.99226
285.61615,627.96686,125.49279
2.3722315,430.1535,131.50548
9.127144,228.95268,130.38678
1.9069761,1113.3429,127.67855
3.540825,269.48343,130.94434
129.80197,1091.5447,133.58914
36.31939,620.4798,131.31209
1.3908821,130.39217,123.30413
1.098443,128.76501,118.76982
0.93393385,522.1384,125.64808
3.178164,604.3084,119.646706
2.5872328,820.46234,126.87655
2.8817146,1776.007,126.52499
1.7746583,851.5856,125.51104
5.258576,2512.3618,134.18271
1.4932828,153.85745,117.85688
3.4584734,1397.386,132.07675
6.2582192,2775.4885,127.04222
12.685723,1331.9984,125.9575
2.1060076,1139.8041,124.03869
82.171364,982.9215,133.81618
506.74863,472.26233,126.67487
3.481058,392.9226,127.844734
2.4580839,793.2036,126.01247
24.249498,772.65674,130.1394
0.4721191,193.32523,116.35306
1.7303503,434.67624,124.2883
10.131234,436.37357,122.00793
2.1046443,443.30743,122.17385
289.38837,490.04974,134.15335
2.4393713,949.0964,130.47285
0.6141388,377.34033,114.22509
12.696961,694.0757,120.275955
14.854934,561.2052,125.85213
1.0003325,486.07928,120.04286
0.513164,215.22243,120.127754
2.7453947,489.05078,133.47218
6.8766503,99.93947,118.522804
1.6469971,1901.6626,127.11483
3.079772,2450.0754,134.15378
2.8105705,747.53094,125.33306
3.4795668,837.58154,128.68431
9.825257,1200.6768,130.50655
35.90717,396.30295,126.93027
4.1978803,560.02374,131.28094
1.5483158,1028.2458,130.85423
2.5004938,787.8662,130.54683
2.0674338,1135.272,126.74507
34.122837,266.17328,129.64536
2.4009366,316.96094,126.57521
3.3619921,398.5341,117.78695
4.8739815,1792.8988,129.26642
111.04544,603.6921,129.2128
4.0789332,668.9188,129.77202
4.716317,1158.4362,129.89133
1.6880753,1206.3363,129.4248
4.3261623,538.2904,123.82529
2.170121,429.63043,127.35202
3.148776,522.11334,117.6654
4.4358335,693.873,131.18275
2.4221725,1209.3718,123.73893
2.7214746,306.64792,124.24938
1.9476081,1459.7743,133.46072
7.975754,235.22667,128.71207
0.9148371,402.4582,121.66603
106.52782,296.6122,121.03433
0.8271808,304.986,121.33312
1.2259492,313.89304,123.59215
67.7539,810.53015,123.09761
3.9022758,483.09412,121.70669
4.2455153,2087.109,126.85132
3.0347667,1829.3813,134.69733
71.93636,1985.2767,131.69684
6.919574,380.44006,115.44922
2.5431802,1880.4257,129.3579
5.6247144,896.33044,124.82678
16.856691,229.33257,115.5363
3.9217992,697.8419,129.86891
2.9545827,1754.6486,135.39444
14.42107,1324.7379,133.68889
5.145082,2536.2979,118.61377
3.4191482,367.3016,128.18344
0.64156103,150.44241,123.07787
2.1817253,2050.2786,135.45259
1.9813244,1182.9248,130.91121
9.457237,734.39185,124.77064
0.8585095,540.3539,119.6797
2.6952956,704.83673,126.883194
25.670208,545.26697,128.52203
5.7204094,1618.388,134.19492
11.129861,812.16876,134.24988
2.8413048,525.1773,123.350945
1.2064841,108.361336,125.48617
2.008187,824.5729,131.33665
18.633533,1314.7429,133.03372
9.079659,2037.8282,133.40985
1.1736469,124.75272,125.53324
1.1699892,223.798,117.25706
12.154418,2109.3901,131.1714
1.7527332,1015.0741,133.72815
10.710117,228.43584,123.890526
1.8694271,1052.6039,126.85579
0.8231684,450.9974,121.87289
1.7769371,876.6235,132.8684
8.0790415,240.9767,131.09044
2.189414,1717.9612,131.14734
1.4806886,429.15353,123.874756
8.231654,3069.259,126.32342
3.9116337,831.942,122.45522
2.651122,544.6592,124.559326
3.9192553,457.57428,124.51682
1.0481154,647.7094,118.89838
1.065591,211.61133,119.56224
11.245962,735.7552,129.84454
18.044296,740.6159,123.73265
1.3553057,1030.0219,128.03189
71.54007,284.05963,125.541664
1.8412504,989.038,129.58575
1.3379916,303.335,118.93278
5.291076,435.66876,128.27747
12.394178,1113.1713,125.682205
1.2969888,527.82623,118.35018
11.444669,667.3951,120.464035
2.0889215,239.21011,125.1146
1.7577022,1191.6346,132.79903
1.6232921,421.95172,129.98988
0.7988523,573.92773,125.50613
35.602436,1987.3579,133.31921
0.63568515,282.00626,121.7683
2.4863207,1494.1001,135.35606
6.484862,301.24716,121.149895
14.529543,646.33563,128.34145
2.426616,2282.7234,135.33835
2.592931,1041.0723,132.54791
2.3776426,1889.156,134.03128
4.5390964,618.0385,119.34751
0.8017026,68.7388,121.86136
2.1229765,1336.0352,128.80547
55.621136,127.87056,122.59718
0.7482023,315.03726,120.92179
4.0492334,1138.3256,133.94923
1.6603272,351.656,120.77574
5.1229386,1791.3995,133.14722
2.3748553,469.34122,131.9925
5.64887,430.32394,121.61363
30.653831,425.28195,127.8939
65.89419,839.24915,124.50945
7.8138485,1016.2333,130.47707
0.97614413,817.7703,127.80238
29.071846,1144.0725,129.57782
1.9919441,2296.8386,134.16515
0.6404381,248.79301,122.778885
3.385675,1123.545,134.04747
1.3011061,482.23694,128.92596
1.1954575,340.46753,127.07824
2.978835,320.43964,121.5668
5.1780305,742.90936,127.903824
461.52377,274.26718,129.62173
2.8834794,232.82059,132.6524
3.488157,1241.7593,130.99481
1.8093797,1181.3477,132.74513
2.9781322,181.28587,131.90378
8.2621355,333.9069,117.8808
7.4378676,2048.9233,130.8918
3.6956322,705.55164,128.19084
3.3244133,626.9257,124.21333
9.894602,1327.8445,133.95274
52.18543,923.38544,122.107025
1.6507955,774.7815,125.92529
9.527221,979.2171,132.37291
2.3782876,1342.643,142.44023
9.187241,304.30197,113.75249
2.6319802,827.9637,131.08087
0.64618105,190.70966,124.142494
2.3322725,1267.5833,135.61984
4.5248513,1881.9385,130.66185
1.1422627,693.5582,121.29373
8.546042,83.34265,122.70231
3.8883355,693.61774,131.05331
4.35987,452.9372,124.52917
1.2431282,338.99817,122.50957
2.2746596,3042.7798,135.50655
0.59289044,69.658356,120.9974
2.5703526,617.1077,128.32535
29.983927,528.5788,128.94308
10.401622,1166.1165,126.62975
5.388947,1151.672,128.47275
7.508499,1276.9321,129.68666
161.47462,394.95264,129.14029
52.106815,474.42783,127.8681
4.338981,825.3102,126.48795
11.8842945,770.429,119.244
28.841778,449.45932,130.15634
11.133442,196.24194,129.6294
2.3599758,1707.9048,128.83403
11.047541,427.5464,131.53453
2.2915328,2159.0688,123.71016
8.479549,145.45007,117.20687
0.7798046,196.11296,116.06176
24.352463,1700.9729,113.99401
18.304512,577.40265,124.02559
1.9858009,580.4151,129.13109
157.4992,551.9799,124.31369
3.0394914,369.67203,128.74089
1.0581023,190.66844,117.28121
12.58192,1426.784,130.54787
2.3885589,667.48047,133.97836
5.9517508,342.07263,118.37205
1.8316126,861.0691,128.78305
3.0115638,1079.37,125.151535
4.300685,234.78781,123.39424
3.35066,328.1649,134.85136
5.2671394,248.87213,125.29315
1.7466782,428.99692,126.61994
0.76727766,317.87158,122.073845
7.446654,378.14236,120.51792
1.1958661,675.3626,120.30738
0.9763407,590.93036,125.36176
2.2718174,1377.7062,134.29999
9.809512,428.86053,123.25961
1.7861105,1177.276,128.37714
2.4790792,179.82954,120.44703
2.5248892,1327.9077,125.48735
0.97030145,526.2505,127.394
12.587654,398.073,126.70593
1.6223059,892.0777,123.03344
1.4239534,1450.47,121.27735
2.2963703,967.907,128.61136
3.4568045,2238.8074,135.4023
2.6925716,267.73404,128.46176
1.1124212,189.52477,125.66303
0.8631927,138.19289,114.92017
15.79087,1319.9993,130.8717
0.9713754,668.27814,125.217545
1.7832162,885.15735,128.81989
2.1985123,1186.498,129.69923
17.179787,1155.8732,135.0235
1.8095194,1211.8503,124.130585
13.215028,1314.965,131.20871
3.3973627,372.05194,128.41858
11.143073,1011.9938,130.71068
2.2661943,396.4976,132.40182
43.037285,1394.4481,133.49106
31.446827,1253.5292,127.75181
2.5891035,807.7333,128.57693
1.3488184,340.94293,120.74574
12.936797,227.14578,120.70251
8.204349,1482.4624,128.77614
53.099133,1200.6547,126.96756
7.8659368,243.43494,126.7651
449.17856,629.08923,132.77988
284.93713,1386.1376,132.66324
11.254617,604.1872,126.08407
39.394913,2366.9187,133.5992
1.782575,572.0909,-61.404728
1.425692,867.6605,126.72353
2.4058747,2141.397,134.356
1.7330962,1256.22,126.72489
0.9493188,341.69574,126.68893
6.3390627,1582.5911,133.41238
45.57349,2150.4094,130.71883
2.0600963,2412.518,132.5221
0.9817939,416.1798,126.01055
8.868586,132.60277,121.21015
29.446482,1071.3499,132.95235
0.9455361,870.47925,118.89873
3.11909,515.18256,127.73658
3.572058,571.278,121.38474
3.194676,733.41785,128.68002
1.9866595,204.72517,124.37795
8.574917,557.24927,126.23557
32.83754,391.31918,124.307175
2.3394735,491.51477,125.71614
5.2828803,356.73407,126.550385
1.9283683,1582.1045,124.47717
0.6130699,423.98456,119.833374
3.1185966,354.97562,115.81531
24.31877,580.371,132.80562
1.7910767,194.9328,122.06056
5.976634,409.17584,121.90127
1.6118474,637.7651,121.78871
42.81607,966.78815,117.14247
2.4231045,173.63625,122.977715
1.3708495,382.71674,128.74846
2.185618,1305.1973,127.65916
16.152279,415.01834,121.80488
2.8142684,624.2001,132.43736
2.5796654,2078.855,129.43149
1.6176378,366.66684,128.32701
2.525451,213.68452,122.64383
5.1375246,945.611,124.91855
74.64509,519.99475,128.94798
5.5438232,143.61624,123.53264
1.8244563,289.1377,124.57731
7.997276,1374.9304,134.46303
4.433635,91.62384,125.02032
113.062546,1854.4296,127.72496
2.1978722,1590.1841,134.54634
0.71343005,118.08754,115.75461
8.747302,672.9633,134.23145
1.5418818,667.97504,131.61514
1.944522,296.17258,127.56415
1.369493,311.59415,128.13046
1.8410308,653.1572,124.77811
4.0731006,360.07782,125.99769
6.0701346,2158.4734,132.48679
5.793007,2056.6272,131.63705
70.46474,687.319,130.31238
3.7609205,472.73676,123.855095
2.243382,1274.8864,122.71201
6.8110704,1268.0574,128.23071
0.8617703,228.08708,125.52189
24.85592,1207.5831,125.12617
1.5177904,266.93762,121.63851
7.813882,329.82,128.77582
2.1283092,695.80896,127.848175
9.564363,1779.8365,131.69437
2.831238,530.73224,132.12283
2.4541466,983.232,133.12013
3.6478217,591.63763,121.669556
1.6566502,820.6775,122.66535
2.3765035,436.97812,132.24088
216.38058,369.6226,121.8934
3.5475764,584.3771,131.00182
189.42224,943.7964,132.27899
5.761508,1436.3167,130.78534
1.8676269,357.8878,120.856
1.4645983,1592.2943,128.08159
15.6971,1506.0729,132.75604
43.007538,325.2169,127.29582
3.3077323,819.7359,125.22118
342.30505,838.53314,123.18064
16.840357,559.215,128.16121
1.8512497,281.4274,129.75131
2.101009,735.0178,132.02164
1.0736387,480.69467,123.57709
65.9939,407.8762,129.82172
1.1706326,565.236,124.30165
1.9553847,297.21307,116.992836
5.6290607,277.561,130.18889
5.873018,2232.7214,128.85129
0.57750374,170.6496,122.28907
22.652391,1388.988,131.24559
14.062586,1594.644,135.29193
1.955538,434.63858,118.903244
9.841806,1324.3861,130.62305
1.7416368,276.11932,129.88446
22.398727,907.57495,130.19646
1.1713465,269.53528,128.44196
20.614351,298.7848,124.742645
2.4741392,1150.304,131.91742
2.9208317,251.30766,123.35257
1.5758388,769.8028,123.18356
7.2078466,2113.7927,133.7723
2.1273077,2458.2747,132.36053
6.020855,569.90344,119.53799
2.7165105,999.3538,128.20544
2.0293913,1178.3059,123.60829
1.2873852,415.36508,119.52892
3.6054015,1113.8427,130.88632
369.81512,365.96494,131.40016
2.090731,612.4118,129.35756
2.1426747,565.6806,131.57175
2.085197,1081.2542,128.80531
1.8902032,617.04956,126.0259
20.47524,965.7859,120.63663
1.4174461,1660.0349,126.607994
1.2635522,522.3693,127.01403
1.0134838,679.167,119.99783
10.324963,728.52185,128.13475
9.125848,1466.6244,129.48804
8.07941,425.3119,124.23657
2.2401028,1611.2181,132.87009
31.443604,920.4066,121.52948
0.9318986,877.9585,123.51459
2.169886,2608.8508,132.41129
2.4865842,1681.3577,132.33716
9.943261,321.52347,134.07579
11.39958,1145.6129,123.33674
1.9278197,573.753,128.84976
4.5089717,565.41833,128.78659
2.1394536,351.12842,126.61939
1.0170671,497.37527,119.4342
2.5230072,221.44986,115.80597
47.77177,505.13394,127.50578
1.3690912,1005.14905,125.100136
4.470491,662.3546,114.3005
1.9880195,707.9402,129.21773
2.1589587,765.36,131.00078
1.1294752,773.38965,121.65731
1.3300061,1668.9788,126.75677
8.729807,270.51746,126.36418
7.430963,458.7376,123.83931
2.2826629,525.24347,128.6443
4.2710047,405.32486,124.71179
2.7460682,101.396164,120.96444
5.300515,772.43085,123.32442
9.377779,801.19965,133.93044
1.2191126,503.83035,128.66064
1.3726063,930.5301,126.73409
6.765598,675.52826,124.6457
1.2832832,560.1701,123.533905
1.6968824,337.25204,128.43741
14.494035,439.08282,134.01422
2.021827,1140.573,125.55917
1.705807,173.92105,127.815605
1.246767,694.0665,117.73371
0.9237257,378.5512,122.20499
2.5257864,1678.5527,126.98769
0.93234676,708.8459,121.57085
3.7295866,627.1701,130.48805
18.01032,662.3594,130.77121
0.52989703,213.66391,117.70016
2.1441693,816.96094,124.26962
10.107421,342.37582,120.00474
3.586977,1271.3602,126.8019
0.93091017,573.4947,113.389015
1.4150541,983.00574,127.20472
1.0875915,346.76123,122.29947
1.6396604,1301.9884,130.33577
10.864404,362.1028,128.53876
8.31552,117.9119,132.66757
2.4381561,1491.7468,132.34102
1.96907,821.0259,129.89606
30.678493,1193.7391,132.48883
2.364485,286.05148,134.82803
0.9839438,753.7527,123.34484
2.074421,1275.7241,126.86972
2.4009287,1337.2258,128.26329
3.6125767,543.3974,128.4771
2.0695148,279.00873,129.35686
20.09378,785.15216,132.8889
536.7888,1441.0195,129.04182
2.483661,605.50977,127.97165
2.8612869,1044.5665,132.43153
1.2737607,1086.4794,124.54326
6.2259088,823.905,120.17486
1.1381183,245.72913,124.81204
0.9516588,1040.1045,119.39071
1.4510897,1502.2303,126.40069
2.1613586,1566.3737,128.25403
178.48062,298.70563,117.953804
1.7259947,1758.0612,131.40135
49.631786,1560.9463,129.24107
3.9389873,1092.4248,134.76387
1.3919364,1113.6036,129.08826
459.69028,456.80826,131.54063
5.2186055,847.3242,131.64929
0.5787469,491.4828,119.76175
9.237632,896.21875,129.69911
19.589031,1164.6627,127.10282
2.23474,2117.2053,132.45773
25.089441,1355.7656,124.52435
2.8686125,632.13336,125.15685
2.1948006,975.35864,126.98561
1.7365997,1350.0181,128.98569
4.10729,1194.8821,129.70369
7.823886,1294.9224,126.14951
26.018812,1991.8871,132.71326
50.51521,917.7883,128.50146
1.2703452,822.7459,125.7055
2.3204398,211.17238,122.16272
11.808877,208.29869,132.04303
54.68072,558.8554,135.07324
1.3086498,834.83905,118.630424
2.0256035,863.564,133.75676
2.0273669,560.1384,125.39872
2.2180197,1325.1357,124.31615
1.8288975,319.13855,120.40218
1.2776089,308.49536,130.22708
1.1557163,457.26294,120.53296
3.7226515,649.2085,129.29942
1.5716463,311.75998,118.53185
3.3095176,1542.2129,133.93694
2.2698305,2407.6228,125.83218
2.028061,483.77875,132.03647
1.4862783,331.23367,124.22896
5.3724527,514.632,127.2461
7.5311437,1381.5109,127.92067
3.6967862,2043.931,123.46138
1.354411,460.58273,123.50863
6.1857514,433.37378,132.3784
13.410792,328.87418,130.17418
1.6686856,973.9612,124.74406
1.1730164,331.50616,127.66592
6.6398554,591.0168,126.673744
9.407002,774.7659,133.85246
7.6147804,545.2673,128.76193
2.2300482,888.7419,131.89256
59.21906,501.66483,128.69275
8.476148,1517.5171,131.21083
1.4019371,329.2503,126.37655
2.067346,812.52386,132.88336
2.3122725,1193.1538,132.87776
1.280982,1343.2045,129.16623
1.9393991,1560.19,129.21295
0.665111,500.025,118.68123
10.56672,891.7382,127.9054
12.91184,2206.4995,133.9753
1.0203947,247.08127,121.690506
14.503392,607.693,125.499214
2.0682905,883.7023,135.56091
32.246925,319.7365,123.57729
84.8684,1084.0377,132.72847
5.204572,1338.0332,128.76651
1.7777066,795.8018,132.33932
0.55632466,178.93016,114.03947
1.2643881,333.75833,118.74614
1.8791068,780.4033,131.78763
8.520158,1325.0541,130.062
2.622032,510.22525,127.2787
2.062516,1188.1741,133.35902
0.696985,287.70276,122.30505
3.0318859,1038.5953,125.361664
14.171904,2732.3801,135.84204
2.9803476,1351.9471,133.13257
2.2441983,500.56793,130.75995
15.428575,1546.2347,130.11786
2.29663,438.4967,116.40426
2.7778742,346.0982,121.06082
1.0183253,749.08923,125.44256
5.899687,692.2241,123.13276
6.0851398,433.7657,124.4192
4.1211987,645.7196,130.08064
1.8789539,985.7844,125.44832
2.3873932,1372.5833,128.68814
1.1602596,594.1954,126.471794
2.4076517,1225.2662,132.56781
1.9404197,472.05316,131.39804
20.76287,715.6604,124.95495
1.603731,414.5419,120.98947
17.977896,920.60364,125.19307
1.074654,299.65097,116.733826
1.6788112,788.6029,126.44579
4.2960143,491.87003,128.36266
3.3275487,2867.4746,134.74184
1.2037349,604.04614,127.84382
2.0502896,1772.4138,130.52122
2.4674892,904.73126,128.6509
6.707942,768.3155,128.51178
0.8810291,601.40015,121.36401
1.6476817,626.3915,128.27083
1.7413875,411.79272,124.365166
3.0909452,1601.585,129.52245
1.6596754,919.3383,123.336136
8.601682,257.05447,127.217316
10.217517,347.5813,127.57579
1.0639924,480.24072,123.71515
2.2131147,249.25185,123.12067
7.3053594,425.63156,123.93479
2.1357777,78.82163,124.60739
18.079428,94.70812,127.48066
1.3198467,309.21155,127.99351
6.2291336,534.7794,130.32034
4.3543015,1188.9945,130.4773
1.6183923,816.6024,130.57983
0.57081616,65.553535,120.03893
0.81238526,575.98004,122.7884
1.8762563,1374.5548,131.14151
1.0100259,130.11879,127.302864
1.5744282,783.2209,120.44204
6.0144463,275.155,127.88842
2.9142997,174.91534,121.0258
5.965433,1234.532,132.86345
1.9463004,1047.9814,128.45656
0.8361394,284.55817,121.19974
15.191366,1358.7532,128.18425
1.6113867,785.3139,130.70265
2.697388,741.7983,133.43495
3.028584,550.12854,129.78334
2.3582683,1128.5798,133.70625
1.4961706,1956.1766,129.51334
1.2791677,935.8967,127.092094
90.744865,579.71204,129.89491
4.2817225,401.04294,120.61661
7.4867315,1666.0363,123.7497
24.393229,306.54758,119.70639
2.9824617,862.8272,126.47389
4.2651186,218.70856,129.86328
1.6979847,435.0271,119.55212
1.8298795,301.33478,125.14868
15.659171,1049.2942,133.07834
134.54045,202.16353,131.10977
0.65255845,418.5736,122.029175
52.080345,786.831,123.1141
15.501969,2081.1719,129.64407
2.6604145,494.785,128.00134
4.604198,280.31805,118.32393
0.56342214,520.1932,118.6412
7.654731,1241.2942,129.1948
8.10925,753.3067,130.11885
88.31692,1018.2754,122.40795
0.9722875,595.367,124.93331
1.8636013,1647.1146,132.08505
2.394461,2471.7468,133.37442
1.8537278,1019.3099,131.10141
22.771982,596.90485,124.26262
2.3933816,325.97748,122.01079
10.733042,245.39412,119.38313
15.459199,1594.307,132.76497
2.5577614,935.7775,132.6811
6.524682,2595.6624,128.11552
633.0847,1563.6051,133.47003
33.73906,854.61694,129.22699
2.2437315,1284.7065,134.15874
2.00106,917.64813,131.77135
7.2446623,877.24335,130.165
4.647135,826.2142,134.35855
2.0137432,1187.2783,128.36266
2.0654333,1298.8121,129.20403
93.64674,413.82278,127.36687
3.2753918,1763.1471,131.01698
16.719208,244.28812,129.48431
6.0721617,770.24194,133.09277
1.6921235,1011.6692,129.6522
54.98123,967.701,129.29836
9.582106,1311.2277,128.44016
2.7548618,1166.906,128.4865
1.3237475,666.5437,122.89996
5.457567,199.99055,124.16812
4.751761,598.7387,118.66889
0.9518534,117.09701,122.25117
33.002266,2132.2283,134.6621
20.940475,398.2744,122.94556
0.90714407,735.4108,125.02247
61.876595,516.4037,127.101944
1.037393,582.11145,121.4353
1.6756611,304.9768,127.29848
0.6365973,310.96393,116.85052
0.89659035,308.90707,125.66916
1.692397,1542.406,131.75235
2.434864,288.33868,126.76648
12.108312,642.371,124.267044
2.35024,1005.0242,128.03868
8.869918,1282.6613,122.75201
2.5254636,575.8054,130.21196
2.21813,1586.187,125.66711
18.301147,2298.1492,131.79921
1.4929613,577.0384,130.96408
183.92702,959.5593,129.4918
17.098116,1889.3978,128.75235
60.426594,2133.0876,132.76129
2.17696,313.2101,127.44136
1.2101011,582.67676,123.31372
1.832827,629.2618,125.53689
2.019401,1310.5935,133.81297
8.178725,1835.2504,139.36116
2.0480852,1148.837,128.83759
0.9561303,810.70447,122.22101
2.5286422,1392.3279,126.85201
0.7383898,237.37988,121.87204
52.086056,2103.0645,132.96147
20.264223,1029.7955,125.677895
1.1557658,273.0627,122.59555
11.883592,975.02484,126.19786
3.5963511,1483.0613,129.0457
1.655916,910.18567,127.12588
26.009941,1778.0262,133.8835
62.79347,2008.2261,125.43019
41.304615,739.3005,131.22385
0.70584047,122.69622,124.83021
128.78326,1775.7488,128.23698
31.915873,1155.9825,133.6633
2.1877434,2459.2434,130.19734
443.99567,2060.7542,133.2466
1.9472423,717.7411,130.46626
94.7992,1220.9213,125.7968
275.87912,1202.9572,132.81664
4.1689425,540.47455,124.3422
485.99734,2064.479,127.947266
2.7637517,1947.7656,132.63235
24.617012,1266.3433,133.11572
28.156681,1943.8834,129.06859
1.1717962,309.8126,124.280525
1.5357193,505.08853,126.46016
119.51052,219.82129,126.84814
24.6736,1982.1417,129.49811
2.3848963,344.24658,122.04884
0.90153974,614.43414,123.11332
1.2510518,199.13295,125.5512
1.6737165,782.01,132.21024
23.00837,1542.1718,133.14351
131.03267,1764.0785,133.19151
0.5257066,476.3104,121.41404
2.4697843,390.89923,124.435394
2.275276,1877.3429,130.46663
3.8676183,1330.0111,132.38545
2.054873,188.353,124.3538
7.6752653,2149.8218,134.42128
2.5355344,1791.501,135.09122
12.581581,1603.6084,127.87649
1.8629445,367.69632,130.11066
1.5129874,209.2935,120.99166
1.2726855,828.617,124.28516
2.3534615,1626.9865,125.81136
2.3700132,927.6416,132.41074
5.705785,1104.6897,128.29994
37.16373,1325.2168,129.80177
2.1825125,1173.6354,128.57915
2.3921223,1771.8999,129.72858
2.0159993,786.5965,123.72597
2.287525,449.89365,121.4084
1.2330074,1473.1129,123.480255
0.8015594,226.60796,116.87503
4.1432137,2668.1921,132.28156
7.055514,650.97614,133.34421
1.225946,176.71689,129.96283
1.897621,1345.4327,125.7261
17.5461,692.3935,127.77587
2.1358888,628.26654,131.23677
1.7347038,286.32178,119.73034
1.6308804,394.22232,130.46107
1.9308983,663.09454,128.17082
9.967258,858.3626,126.538506
5.0035934,229.76219,116.91271
2.1400962,595.85297,128.52621
3.7459943,531.44464,129.97955
3.847653,2107.394,128.6052
92.26214,1156.5786,126.33695
0.5189674,271.9599,122.84165
1.7376674,1026.9971,128.94571
34.34773,810.61053,131.67317
0.7802107,150.06061,122.672615
3.275129,966.95483,133.727
7.4644938,794.7758,122.351906
6.369205,1935.4836,132.41934
1.817497,1323.7856,128.15663
1.6399678,1403.3878,126.9078
2.2290926,1633.4957,130.6845
4.189272,458.3541,128.67397
2.4470158,104.557175,121.303535
1.803188,1196.5787,123.50387
3.2001693,293.87717,122.3177
10.285879,1490.9034,130.52087
3.3271046,820.80133,122.94491
8.563839,2385.5505,130.03003
12.308075,520.6517,125.16172
2.4393697,1304.7588,127.66293
1.0920597,409.8109,125.21069
19.202862,1732.3527,127.45463
3.572719,1173.3928,134.30812
1.5501531,1408.3586,125.01816
1.8063333,1433.1243,128.41612
16.16405,2744.8342,132.38411
1.3997943,810.28937,130.04007
3.0381987,1066.8712,129.40622
0.73116213,427.37967,115.323364
2.303399,1073.62,131.8699
7.131073,1773.2872,130.99796
16.289606,629.3792,129.68741
2.1018836,790.74634,124.508125
5.4895816,344.9351,133.69844
1.9292622,1335.5728,128.7639
87.9437,249.8316,118.36782
2.2321126,443.8677,128.552
12.987164,2385.2437,130.33984
3.7304678,607.7799,123.77828
2.885699,1073.7937,126.808655
0.8386707,379.35464,120.84694
6.0376167,261.93997,126.61655
2.176518,362.34985,117.130455
2.8140097,681.16425,118.193184
3.23215,854.73303,130.03102
1.5804003,723.10785,127.423485
1.2845312,579.7437,123.48065
51.35722,709.8385,121.77766
10.767865,2331.427,126.571754
2.6431599,520.071,134.0162
150.70274,429.84393,118.85537
2.7260723,1790.9541,128.67323
1.8970884,632.8513,125.94865
2.534391,1074.8464,135.35481
233.16982,1117.4082,127.70207
8.987308,983.04834,122.516624
33.614716,2309.2534,135.11278
2.7713134,410.97522,126.173874
0.90360814,1082.6844,120.05723
1.9045259,297.5342,133.31343
1.5993994,1130.0465,128.39763
36.000874,695.2506,122.864204
2.0844042,919.4812,131.43901
1.2466686,614.0736,121.27734
4.017228,1024.0677,131.39323
2.0358207,597.5303,130.25146
5.572402,1368.3666,123.72392
7.144399,454.094,118.167625
2.9491236,2180.4756,132.59654
2.5393763,373.0633,125.75424
3.5469112,996.81067,127.84167
4.78478,1240.941,126.95976
1.5125002,345.91684,123.96261
58.31085,829.161,133.84567
0.77799106,865.9638,120.17224
13.812304,797.4917,122.583786
14.348051,1166.203,124.19641
12.35194,688.54767,130.74937
2.0064447,588.21576,124.85222
0.5330361,119.43657,117.405
27.427488,519.3865,125.380035
0.7443837,465.47516,123.99757
13.129802,1235.4669,125.72647
27.096367,977.9774,135.64044
3.1716275,507.95084,126.315384
2.4959424,1838.8751,130.43672
121.386086,209.689,122.8755
2.7926073,319.22668,129.60332
3.0838602,640.19147,134.60886
1.8857303,1319.2219,127.07523
7.300611,995.72565,124.37184
1.9028257,1251.9851,122.3124
1.600563,1756.7003,130.63817
46.010128,100.76683,118.26084
39.724876,701.2699,129.74472
0.5981868,127.41183,117.75671
1.0278267,295.18558,117.49961
1.4100794,1046.7845,123.41201
3.5315487,1691.1625,127.43896
1.334062,260.25073,121.4979
254.10635,978.7909,133.00372
3.9246776,833.51013,126.018814
1.8729116,662.9544,129.73532
1.6898516,666.2134,130.71184
1.3005649,1109.134,128.50058
6.547238,111.273094,128.21114
2.1899269,397.77347,127.04347
2.365282,267.59024,124.32939
15.469689,328.9545,124.16646
89.32258,681.79944,127.67735
8.566171,678.8138,126.13723
2.7065487,1220.3177,130.5562
3.5566885,957.00946,132.3003
2.172646,271.78708,121.06246
0.88499784,257.86914,122.491135
6.0277586,1042.7333,122.17461
2.3100953,535.617,127.89637
3.464481,717.5794,118.07396
2.1117444,1200.4741,133.02278
1.2054,827.68243,126.20084
375.71942,1424.8397,131.84293
648.76324,1513.0289,132.87877
4.689551,218.2596,133.9417
1.0860153,152.48785,117.69144
2.8462574,1197.4596,132.55365
12.494698,2077.8052,131.62125
12.429666,486.36795,131.10788
4.5719533,785.94006,122.27693
2.0276723,1557.0178,123.81398
10.8176365,328.4802,125.84932
128.27351,1678.8917,131.87495
29.36562,859.7174,128.36833
339.17346,731.54944,123.2115
3.541681,1182.1857,127.5667
14.377697,988.63116,132.9209
4.0371265,372.55658,130.69072
5.2778573,401.1561,127.27774
1.5435619,188.66638,131.24617
2.9657483,643.31274,133.76503
4.325637,911.2873,128.10464
131.47264,1007.55084,132.41899
2.125713,1373.4958,132.593
176.00267,456.36273,116.70193
2.872568,152.85355,120.900635
2.0424752,1435.3866,134.75209
1.5735861,1163.7958,130.18849
2.10659,1258.4641,127.95529
0.8254442,182.3232,121.812386
8.060609,1148.7802,131.0923
2.9646766,678.77423,129.50812
9.671826,1354.252,126.95766
63.343163,369.35526,118.23711
13.309062,536.5288,131.42223
17.309824,638.60486,126.91808
1.5702924,861.777,131.06728
3.2182403,1169.4978,128.85262
5.6155815,935.02637,127.488884
1.4524975,1401.6486,129.00536
4.27973,1354.6125,132.67572
1.021263,1135.7826,125.13356
64.4395,682.45544,132.45831
1.1289756,648.1875,125.79294
2.0925322,1534.8734,134.02986
0.84266526,128.70918,123.211395
1.9021205,714.787,128.85136
2.4059026,1659.5463,133.40988
2.0772305,194.60889,124.59329
1.8866931,1054.275,123.840546
8.028055,610.96106,125.03804
66.22945,311.08817,135.45752
1.1879041,294.69113,120.73346
2.0648193,818.7219,126.406334
2.1329951,520.3684,130.26329
1.6892303,1307.7765,123.705345
2.1905348,604.91907,127.4631
2.0808406,529.71136,126.260315
1.6085736,1125.9117,127.3099
1.961213,1306.4929,129.99223
1.2993771,912.5616,125.12657
2.6189306,703.08887,130.97153
5.373174,498.9763,129.15067
1.4194971,453.67297,122.823044
21.872805,821.60095,131.22844
1.6997898,585.08307,118.87919
83.23395,1507.074,135.91853
1.305104,322.09073,126.20828
9.698889,728.86163,133.5217
194.01265,1127.155,124.360245
25.08714,138.82346,124.364944
1.2695298,990.29443,120.99865
3.1116574,809.72614,126.622696
1.7751794,1528.1597,129.03395
1.650513,1542.7769,128.3001
152.58817,545.318,115.39394
74.82471,310.00757,122.46063
3.906713,1502.8196,126.01866
8.493132,1059.9451,128.06705
1.3652464,1097.2646,124.54419
5.9635324,463.3963,128.33754
0.9634977,804.3871,119.88806
6.6649604,431.53952,122.21214
0.57205105,335.06293,123.62822
1.2140554,1497.844,122.96416
4.555344,927.8247,128.9793
7.3322616,166.15103,122.89916
1.4603599,345.65552,118.93286
8.160449,1234.8597,122.22574
3.193773,1370.2705,134.22113
1.2859432,468.56598,123.82503
9.479164,402.67206,129.81325
2.0191312,658.51044,129.51907
625.3189,724.45874,134.86417
5.6397,1038.5642,127.78061
2.7029955,306.63705,129.28012
13.487557,1471.4734,125.178185
2.6495764,1025.3022,129.1371
2.073558,920.9485,130.38176
1.5802468,1109.7482,126.67868
11.371643,117.3885,126.81657
17.361612,1613.3762,131.18532
15.144746,586.60187,129.44606
1.5170012,602.35596,125.98544
12.096914,652.2188,121.80315
5.1736326,666.2912,118.33172
0.9384055,234.83878,126.29842
1.8307701,374.77246,126.57725
10.418747,1067.5485,126.07139
1.9048977,367.827,129.0561
1.0971429,322.14792,125.634636
1.9658868,955.685,127.75985
2.5537052,819.6936,131.90494
116.28202,718.2113,130.4537
10.667177,732.952,132.76762
7.048831,1424.659,132.64888
13.826917,791.63617,127.62126
2.6621602,2290.916,134.93677
3.419676,214.61395,115.55344
2.716574,782.6749,129.11098
2.1957,762.87476,127.016396
7.4083686,566.82135,132.45596
14.1036005,128.17757,129.13426
5.424317,1211.5457,128.5669
2.7981052,908.66974,127.405945
1.1176007,267.63626,125.69578
1.3532175,491.35138,128.00346
1.0516845,461.57635,128.31471
2.251736,653.2994,132.57307
1.0478675,794.1632,122.2741
2.7494228,526.11285,122.1682
5.7586546,436.2507,132.81293
36.833984,213.58801,120.0391
6.4519067,1418.6271,125.45694
33.830963,257.73776,134.06914
5.6798253,1002.656,128.40736
1.706932,368.28183,126.08815
4.972888,631.6573,129.02003
3.2275195,781.8833,135.41248
3.08837,1685.264,128.59998
3.7957492,1634.095,136.94644
1.7059658,974.72546,125.458694
8.208672,1765.0061,128.31693
2.6356854,899.891,127.95705
9.553337,1185.1974,128.91469
2.6794267,1030.5015,126.820656
4.8143063,1548.9365,125.83524
0.89768755,163.58287,121.63198
18.042824,523.4062,127.346405
1.3626648,542.26666,125.004524
6.740001,1281.7979,123.10655
1.9621317,148.64247,119.12271
13.721871,1107.0265,125.22973
1.4095854,347.7791,123.88588
9.81731,508.40204,122.221855
9.32703,1199.5627,128.81679
21.338196,834.24097,129.69492
26.173502,2013.4657,131.43462
14.525925,1590.4362,133.81615
174.68394,933.838,136.41267
4.263009,1163.2607,128.89848
14.720805,946.53217,121.92035
0.6506949,240.25223,118.35739
1.1079404,274.12103,125.975494
1.5758574,707.1838,124.15018
2.4079108,2115.9424,126.30293
36.081318,571.99994,132.90198
2.1604462,2292.0566,132.69568
49.23185,100.48068,121.911644
1.7675993,199.49174,129.15244
108.5486,396.50244,119.535995
30.825226,709.5091,120.26749
4.1641765,621.64246,125.765594
7.2493243,535.612,121.88582
1.9792714,840.8338,127.74139
45.907597,1058.3087,130.13716
5.4213533,999.52716,131.46596
6.2959113,304.89883,117.46004
2.2101989,149.83728,119.49617
37.795982,1414.8859,127.14393
1.4642711,323.25916,124.62629
2.3283582,2108.997,134.40569
1.9356366,558.1099,121.80332
1.3750229,1074.8665,130.33759
15.030402,647.68365,122.30959
4.2915406,267.20172,121.96853
10.007898,1256.1143,128.6841
2.1749458,1805.068,133.13176
3.452077,846.22955,125.01568
1.3582214,1113.292,123.64038
24.114555,739.5036,131.58153
8.596223,780.1367,130.46037
9.001229,519.34393,131.41621
2.1049504,2732.1467,133.14429
9.055569,1327.3318,127.25782
2.1851983,656.94055,126.09462
4.877838,729.8453,131.38156
3.4715528,1242.5243,129.13934
38.16225,2382.8384,131.79652
2.2651217,584.1637,122.201096
0.9142214,411.2944,127.35416
11.666888,913.07367,124.084984
2.6859186,1689.0759,129.1328
1.479841,984.5966,125.67882
7.2295704,1716.7487,128.91551
3.1703959,1287.6681,128.11156
2.1469936,858.01184,127.71703
30.487741,181.3013,125.793594
1.4496472,60.650772,127.20563
38.490505,1035.251,123.692955
17.554117,2607.6724,130.98232
2.9886422,1218.241,134.49486
1.2089943,507.65683,125.79256
0.5306442,389.46738,116.60766
2.088291,398.08362,122.69634
4.91504,860.3808,129.72975
6.5540624,783.61786,127.57361
56.105988,1628.5062,132.60382
4.2994905,1656.3484,134.30615
0.67437416,239.47609,118.49897
1.9685897,1781.0599,132.70161
128.3865,1174.7916,126.898544
15.622351,328.5059,123.13176
2.9199812,1154.0303,131.54947
1.0815855,581.3116,120.92761
2.627734,1863.3478,130.9967
115.58593,2073.747,130.3429
1.8054328,437.82034,133.37885
3.0457623,1192.8687,133.01102
2.0667357,2317.2153,130.85696
2.446427,776.5972,128.65767
2.4388034,682.61194,126.87662
1.3617461,514.8254,123.402824
0.9246614,330.23883,126.00875
1.795777,378.60974,126.33787
5.18785,1965.2917,132.7334
2.9842653,1464.5938,127.47491
0.78879714,169.45354,121.07767
2.7711756,1551.59,132.24147
2.2054956,728.5202,127.571594
5.155223,2051.3406,135.5384
102.168465,918.5793,123.64261
2.1884406,827.8503,130.66635
10.83751,684.3717,123.18005
2.200983,1821.6982,133.85081
1.87292,1013.09644,133.24673
26.315584,2736.2979,133.71307
1.6915785,541.7589,126.52989
2.6392438,1732.6154,136.08461
1.2416002,265.9328,124.17771
4.7835126,662.1647,127.66746
1.5710001,1357.2777,125.56762
1.8801335,1114.306,127.79097
3.9972348,427.6448,130.55278
1.7527673,559.87634,125.852844
7.767864,1175.0371,129.31056
0.8011622,489.1361,123.21309
0.6480438,267.5698,116.73971
20.342554,328.92645,122.284584
1.001991,552.5441,122.044815
12.585253,355.2724,124.43329
7.964798,616.2184,126.61178
3.08153,1433.1234,127.42734
6.8335414,77.85455,120.8772
13.021045,1867.5112,128.11334
0.71227443,728.8286,118.6573
1.3823909,183.6791,125.07743
14.807768,272.11542,124.599236
2.7596667,2010.8135,135.40576
19.073553,323.5077,129.77641
2.760596,727.3365,121.08297
0.8009451,172.9254,114.57354
1.9607629,556.3687,126.98271
0.7923826,522.8514,123.97099
1.6948792,886.51117,124.5134
0.6539234,539.2111,124.414894
25.223116,430.48843,127.549324
7.5439816,2222.5027,128.75212
3.2522717,289.96744,125.40799
4.388499,1030.6355,132.62383
3.5204098,546.7574,118.793434
5.4258633,817.06824,131.103
1.3083196,734.31024,120.681816
1.7000847,504.23425,123.857735
1.9829762,389.09894,132.45747
2.817956,755.2278,130.44232
3.9589381,499.74377,127.17473
8.273317,60.989727,119.57755
2.3553336,1650.3325,129.54826
1.1359947,890.80566,123.287834
1.2783103,153.06805,127.14458
2.087754,410.12357,131.33061
12.267496,437.16812,131.96968
0.60983855,539.40314,118.880974
1.6795411,1479.6686,124.12396
2.4318593,404.2909,125.86648
6.523937,1476.6439,124.844215
0.8703741,745.2998,124.58304
8.369806,843.848,128.58946
3.439654,973.8326,131.81265
2.540736,861.33887,132.0473
11.590119,230.56943,122.95453
1.2334086,781.6908,125.63124
3.184301,1228.3779,130.98029
1.9580224,154.26573,117.144745
2.6625428,1173.4594,131.4147
1.3195475,628.31433,124.69393
18.194044,1180.0868,128.95993
1.4441113,1659.3398,128.79938
1.9322559,515.96643,124.343124
7.37141,360.82068,123.63878
1.858004,699.3093,127.66529
2.136644,1163.7249,128.13725
3.7792826,722.6856,125.882286
14.471748,1448.4899,129.02794
2.444588,444.185,133.58502
2.9652162,2017.2073,125.2906
3.8890145,1734.4745,131.32245
3.6163263,1371.4922,133.22112
0.5791857,200.82645,115.20734
8.599119,1684.6917,125.21906
2.5686457,294.72958,127.41698
4.765725,86.84545,123.374306
1.2560259,217.19173,124.7182
28.188148,205.24696,126.186806
0.48590752,149.66652,121.37502
2.0279064,213.84454,124.37522
62.115776,1208.7212,132.29164
11.097203,1882.8123,133.38756
8.383819,1240.0414,130.8957
5.584719,801.48236,132.01392
1.4554431,1500.2839,126.54165
41.47105,528.273,127.38259
6.146896,903.4821,121.15058
3.5896904,766.8165,124.14918
17.847944,571.3756,127.291595
404.751,1381.2742,130.41351
20.724478,1251.5293,127.42974
1.7617105,357.59897,132.61652
1.9439641,1155.5222,128.81514
0.9338588,443.50195,121.98564
6.1365285,586.46875,130.84177
7.9764295,2077.2852,132.707
6.762683,1178.4286,125.022125
1.5027213,1960.3857,127.344826
2.2781808,286.57593,127.59503
3.0040793,301.60522,121.24649
1.4144108,346.6063,123.8946
8.915929,290.28357,117.680786
5.53129,2140.3606,128.70526
40.81565,390.6699,134.07957
2.3104026,144.28328,130.59578
2.4843943,1280.9219,128.2285
1.0591323,165.99715,124.64974
21.969122,393.16296,122.84964
1.3633053,631.2394,124.69695
76.97152,502.21533,117.852455
12.299437,1876.4015,132.18257
186.14268,628.784,129.53352
2.2460487,933.5961,126.26721
130.08832,731.799,133.19814
0.9797179,359.31537,123.634964
2.3220148,1534.0836,131.81284
451.54074,1852.3561,134.66272
17.200836,1753.298,131.5712
5.0225544,2054.4385,134.70308
8.865735,1382.2351,126.064896
2.1277335,724.57196,129.05675
2.7297294,317.99527,132.76216
20.767635,149.37314,117.91577
1.5956821,552.7727,122.07275
2.4499876,694.62994,126.88863
1.0740087,340.26346,122.92714
4.6009636,207.52069,128.63498
1.0394639,793.3155,127.04148
11.208921,1844.1489,131.03264
16.539616,1151.3182,134.01447
12.2743225,579.6814,121.23297
298.3081,733.7542,124.56512
3.2732213,577.1429,132.93866
13.7128525,1860.1055,131.03302
30.421167,855.90027,131.79025
34.48935,598.51514,128.47328
1.4212381,1565.0907,124.084435
2.7405663,767.0479,127.628395
5.899664,870.892,133.62383
4.085819,1192.8999,129.0926
3.906635,1420.943,131.97374
15.587557,395.76752,129.44226
1.6564739,1207.0323,131.4238
9.830899,259.00378,124.34689
1.0749801,702.13544,127.29297
5.8109694,590.57733,131.31444
1.2281384,888.8594,125.17232
82.15936,342.8288,120.97233
1.5002887,1569.486,131.05035
87.76528,1758.3737,132.27959
6.0069838,177.9018,121.99332
2.0632882,468.17075,132.13681
187.85266,205.86787,126.562
16.397194,1506.7166,133.16412
1.118278,938.252,125.32178
3.5419223,473.56042,120.3381
0.97950417,572.10114,118.78642
2.438113,1530.0073,134.6412
5.319911,348.20584,120.98541
4.72396,1227.0609,130.895
3.0024679,692.57776,129.2597
1.6953996,163.8228,122.640114
2.6029255,1568.8173,124.89974
34.99264,774.3083,124.5021
12.156457,696.3636,130.46219
1.4653883,595.08606,127.712494
3.0981195,1241.514,128.56113
1.808215,1748.3107,129.1883
1.6969709,658.1296,129.17789
1.8201886,932.7992,133.86502
3.7580566,211.28903,121.29632
1.6221409,1359.8456,125.30859
2.1772308,628.4543,130.8022
20.159443,258.29126,126.96191
2.3933501,705.13544,127.430115
1.616142,553.03033,115.629906
5.055769,128.0814,123.15271
39.71747,312.25735,118.93578
51.72587,1380.2015,127.63642
1.2858164,689.39386,124.349014
9.805045,1278.9619,134.36794
470.5599,1381.8676,130.03981
2.8189557,600.9008,130.48508
9.591628,1604.9652,125.22257
1.6413966,147.74774,116.836754
1.6213549,869.21423,130.18477
0.77126175,311.8627,124.64241
1.6460197,385.8877,127.40823
5.0529485,1013.4835,129.86649
1.4937991,241.5324,114.04479
2.383909,1485.9185,134.48923
2.5917165,883.89844,129.64912
5.459542,419.5166,127.30543
3.2432332,400.05554,122.70626
0.9851319,789.9514,124.62369
3.5268126,1252.1978,130.77641
1.5369972,1942.2152,131.43973
1.509409,698.33075,123.93665
16.882414,178.28304,125.69668
13.303772,220.25954,118.408066
1.0554317,103.63617,124.89774
2.1883633,502.6553,131.2566
2.792943,2391.3499,129.40364
6.1262407,1798.6377,134.38126
1.6242434,849.454,128.01251
6.069765,323.77585,125.12092
14.506877,2449.3252,135.95319
8.073653,1588.7009,133.80756
8.344502,548.61304,122.92936
2.336573,571.3003,129.37555
7.0910335,971.9484,128.58826
84.01449,1354.0747,134.91826
7.8736367,1641.3048,126.84417
8.038679,1323.6807,125.96526
1.5581101,870.2136,125.59595
23.793915,501.45386,126.105705
3.3982792,367.04004,125.2081
5.454984,1458.2458,130.02054
2.2575076,615.4034,128.2204
2.2143219,1571.3771,128.83214
2.0184639,535.7653,127.38426
1.8503803,262.8015,130.24504
1.0391959,448.84106,122.76881
1.1813705,835.24005,119.927185
1.8637881,1029.7107,129.32889
0.8727113,205.66333,121.95612
10.20569,897.7234,125.021484
6.304256,1209.5841,132.8064
37.363262,1428.6312,131.96835
11.111788,729.81177,124.753975
3.15743,1651.3817,124.18528
1.2264543,471.62534,129.5723
1.3143815,548.4412,123.35047
2.3309226,797.1966,132.4846
4.9054103,82.263176,121.95122
1.2391605,1573.2683,123.41202
2.7296386,331.63657,132.97726
1.5269557,229.99399,126.57755
5.1624513,498.9681,125.347626
3.955981,252.22945,123.09192
19.858547,1198.8624,129.9526
1.718456,283.62433,123.87575
0.5055706,140.24391,116.90099
23.179716,1045.6143,131.77078
2.9277737,1577.6708,129.89615
3.0689385,353.9294,133.10959
4.31783,628.1194,122.38742
0.95872337,133.86389,117.00198
1.9067025,656.7526,122.20811
0.7461721,578.4562,123.44446
4.2427225,407.41827,125.90674
2.2388737,551.4015,128.00908
25.070547,545.2274,126.7734
4.550556,793.6703,126.122154
27.435959,255.03764,126.887505
9.078902,963.45905,129.45055
3.8695226,302.07968,125.631065
81.13755,374.7894,123.915245
0.882206,1103.125,124.47691
115.37968,530.25604,125.43352
1.759436,577.42126,118.33394
26.289457,777.65405,121.846886
1.8117927,461.60852,123.71966
17.809284,1132.5153,127.931145
443.3084,248.45888,132.5805
27.098331,449.00375,126.256485
0.8645359,431.21725,126.482895
15.536334,191.69011,126.4503
4.538647,1060.9097,131.22073
8.822974,1415.0221,133.88928
1.216428,970.53516,119.611565
0.63969845,306.6338,121.47264
3.5994947,1853.6453,123.09676
3.8719296,466.49887,126.90857
91.63069,932.8029,129.68695
2.20783,461.73853,124.11612
6.087178,1130.4037,131.90027
1.850209,724.7629,132.6829
2.436354,1094.4719,134.67824
9.591497,400.11438,122.42887
1.4724572,339.3538,124.591995
2.656549,249.71297,123.62975
2.3976595,1423.5638,131.73067
1.5883037,364.11862,123.093575
2.2547007,1734.8672,133.93048
3.288827,1147.711,132.56824
1.4870231,197.647,117.79895
18.976236,482.63782,129.74686
2.1399074,1069.2474,133.51831
0.85542923,819.9822,123.58283
1.9298773,467.04117,125.11758
2.3090153,205.56972,120.80907
2.3952804,506.97717,132.03137
2.467278,2037.7703,131.00903
1.0725583,679.3808,121.07637
1.971397,1053.1044,126.67195
1.4863782,353.7838,123.864624
1.5491843,472.4293,117.058304
2.929284,2725.074,127.92286
7.6610928,1359.2405,130.68372
8.772349,969.38763,130.90004
7.8344107,358.70883,129.6687
2.1826572,452.46072,126.975006
4.4327435,1680.167,129.97334
0.4764467,461.37497,120.72422
8.885949,180.65942,118.310135
0.9475915,465.0428,117.9155
0.657837,348.0624,121.46856
2.9626465,202.72263,126.1244
21.29875,1239.5432,132.6251
2.4308271,684.4564,129.47122
4.6970797,687.8329,129.38968
2.1043055,1224.9626,130.01761
1.901576,694.9856,129.93068
9.439193,1589.8234,132.6231
9.658796,555.35425,122.39374
1.437521,598.36743,123.53133
1.4052017,338.87317,121.95284
3.3231134,531.23047,120.64929
4.9144945,1028.1316,128.01472
3.2223947,501.0299,132.28185
165.21445,639.01355,126.8621
2.0668952,1527.5851,126.39631
2.1860702,488.7752,131.3117
6.334466,718.8116,126.67349
1.7934701,976.89496,130.83473
11.91981,1194.0223,123.71944
1.7422045,790.22235,132.00282
1.355562,543.09436,128.36798
2.1853318,724.93024,132.05157
325.65604,1707.0573,130.41016
0.70989716,290.31638,123.72576
1.5579809,175.2623,126.506805
3.6224496,516.3054,121.90843
3.0509958,1347.856,128.73286
4.0640154,358.0298,124.92308
6.3568587,1025.4617,124.121254
2.718771,932.5301,127.8166
1.4064373,938.9093,123.349655
2.4313264,1730.4143,128.25409
7.551302,1873.5511,132.67328
11.138589,2457.2131,133.63925
2.655853,1494.8431,136.74942
3.3567061,272.75665,126.24841
2.9563959,1990.4313,131.03433
2.7702987,573.3345,119.97885
2.384294,1438.3081,126.17714
185.91866,522.2422,131.40157
9.131523,650.285,133.23996
1.5711149,568.2425,123.652176
1.2518827,1173.9817,128.16
3.296628,3044.4504,133.85362
1.2962779,276.90305,120.30182
1.2063303,272.78354,125.81677
41.25618,477.232,122.47496
3.880964,1283.1036,131.34846
3.0052412,419.27307,134.06934
3.3705037,837.8545,134.49146
2.0420732,765.21826,131.8817
0.9931208,297.09058,117.09734
1.664758,412.62833,126.365875
1.8858725,80.79019,127.46572
2.276738,226.29485,116.36008
25.03492,1024.748,134.66534
1.2565503,784.8565,128.42848
1.6431898,250.46458,129.8136
16.220116,1490.7754,133.87093
12.670357,272.91623,132.11719
0.69117844,566.01965,114.79245
36.826843,869.9546,133.03275
4.397803,167.81064,122.36067
5.138557,1176.4618,127.75702
1.3432101,1104.4073,124.85374
1.8034546,434.8577,129.86569
2.127869,1724.7723,131.891
9.843081,2246.9543,127.99701
2.109695,958.1795,132.59363
9.5851555,576.221,132.38434
1.0881356,162.98885,119.4194
2.4498692,170.39442,126.96509
3.3064415,759.882,122.10222
1.8333855,82.81841,119.59916
3.268654,2419.182,125.82454
0.6603361,467.668,118.28141
2.451446,1052.4202,126.055084
3.2668152,1303.9506,129.25612
6.197941,2209.9175,128.80469
1.2915053,663.4941,122.17626
4.570073,417.24457,117.61665
0.77200454,454.2188,120.03504
0.9294164,592.50806,120.43582
5.364942,516.98773,127.04335
481.93176,2131.8906,132.77344
2.409732,1584.0469,135.56807
1.6042176,528.6328,123.78004
12.70695,1166.5394,133.88919
6.2091713,1609.4012,132.71002
1.9552262,224.81685,124.53812
7.9578843,990.9397,124.26048
1.1149219,283.37036,126.480354
4.7410965,2326.4336,132.23831
9.272314,598.6918,124.77095
2.0295022,307.57776,127.12183
4.9156594,187.4945,123.02702
54.33801,1222.16,131.51245
2.1795397,217.97339,121.39473
96.97009,622.2288,120.283875
2.5511146,2455.5212,135.01436
1.4169512,847.0944,130.79613
2.8888218,545.52356,127.07978
1.9265655,466.91324,122.35118
2.257576,544.80176,119.54964
5.3988276,872.08673,128.67781
67.988945,432.4181,132.99962
130.09578,898.6908,131.99504
1.416234,123.64693,118.33928
2.3231888,653.2016,130.94853
13.053198,455.7121,116.5054
6.017213,189.05698,125.48062
0.54893214,277.95724,121.277016
80.07846,576.3125,124.9765
1.081001,831.94696,120.71479
1.1969291,952.11884,122.07931
1.5140982,326.77286,123.53199
1.1815878,940.4952,125.64457
10.063849,273.0106,120.39021
290.4074,402.81458,133.44513
3.4174335,1730.3497,136.24426
0.754079,351.42746,122.64067
4.5770864,262.20477,125.77341
3.6249254,421.8883,130.66492
5.6059732,231.5433,133.33882
0.86591154,828.11035,122.47239
1.7201307,422.83057,129.8725
4.0678043,1938.3654,133.49677
95.294395,833.1635,131.0435
3.1719792,1176.6969,125.31578
0.57919925,290.0308,121.26052
1.6707596,867.6947,127.67524
1.5013796,480.70517,128.16934
0.8968143,322.52777,124.204796
1.1511028,1238.0797,127.35867
1.471853,966.8328,124.80441
3.6859453,1003.9317,127.92159
2.9755342,2196.2947,131.188
6.7866697,1130.7693,129.52261
1.4378109,474.1657,124.09764
2.957078,800.3994,122.289055
2.9519866,1213.7809,127.35809
0.69855046,761.6931,120.73115
0.69556135,164.13512,120.425316
98.62591,1226.9825,129.9646
2.1394985,837.811,125.37101
9.577433,464.2804,131.66061
12.695048,160.55925,121.566666
5.1959376,440.17517,122.87459
2.1259813,1857.8683,132.61298
1.8933833,1388.0956,131.42314
6.241977,1437.5255,133.27274
13.023175,342.18872,123.11639
1.3413633,827.6839,127.31145
3.4641476,837.65704,125.05329
8.0738945,1491.6143,124.96996
10.711112,861.34216,132.25238
186.07912,601.2873,123.855515
5.7150993,825.15875,124.739334
1.2444787,374.22375,124.00053
11.454597,444.88626,134.40027
9.559066,513.77966,129.76964
2.9828165,1348.581,132.20233
1.4884022,889.1375,131.78531
1.7956959,963.4354,128.60349
2.2218451,493.76578,121.95133
1.586725,849.74506,123.05444
444.89374,2483.441,131.22922
13.186083,1090.6326,131.36066
1.3802963,592.1073,125.34358
0.99794656,517.8867,126.31964
1.498455,802.9007,123.506325
9.832838,735.7835,118.15066
2.7859657,240.13239,116.86474
180.98093,1269.3745,130.94571
2.904351,153.44417,123.361664
1.1102116,680.34467,123.21077
2.742137,605.6784,124.04119
5.259487,741.7548,124.55592
229.7238,971.0352,130.0512
2.7326174,691.07434,124.41208
1.9935731,924.6413,133.57059
2.4504607,536.3982,125.265335
1.4767312,1368.8243,124.15751
0.9561342,733.149,122.224266
1.1778324,675.7806,125.93975
15.867255,715.36847,124.639114
19.652687,1823.3381,125.49236
1.3290993,892.63995,127.376755
2.8672292,1108.0934,130.37494
3.6888838,682.22614,124.529976
187.63167,808.9993,123.44239
11.272293,581.2742,122.949326
3.324809,817.39795,129.2302
1.717967,787.9064,126.15273
17.623005,798.5088,120.280304
1.264465,245.6693,128.78583
1.9502324,456.0089,116.49856
1.0009607,369.2477,118.76949
10.448441,325.55368,134.38528
1.1952282,933.0251,126.358116
1.7488935,518.0619,133.56477
14.224952,965.3369,132.49663
7.380336,1078.4677,132.75089
4.7451715,337.53717,124.341576
2.0833554,671.67957,134.88206
2.081635,272.03165,123.48831
14.944818,964.2853,133.81798
27.849712,1648.2388,134.18738
62.599262,187.76288,121.780045
6.991841,1165.5537,129.02971
1.5893682,1319.8601,123.58114
4.079093,307.88843,122.465225
18.204716,284.39102,121.56883
7.066881,1589.8784,124.56988
6.3464713,2048.6758,128.25087
2.3762567,999.55743,126.699715
11.44673,1514.6364,127.011024
5.783301,1262.5121,133.93791
0.6807343,225.72098,122.61275
306.68344,719.88385,128.19865
4.7778416,1254.3556,123.50529
2.0921164,938.7811,130.79672
2.848795,1617.4536,127.83307
6.054089,283.25674,122.475975
40.14258,1308.407,125.99399
2.3778954,472.9887,123.67011
2.6100159,1478.5428,132.29865
144.96301,1033.8582,132.64873
26.758121,684.8421,122.15452
2.051114,2746.5063,129.97873
2.2298293,1395.203,129.59312
7.9323726,476.3325,122.29957
2.7215316,1307.9053,125.68057
25.12319,1195.3376,133.11629
12.917249,1174.5615,120.691734
5.093198,718.70276,122.02044
15.645451,554.4278,132.50436
3.7242103,2391.6558,127.48475
2.198312,1217.6375,124.94281
3.3051872,716.3249,119.393196
11.944388,2053.1077,130.06877
0.543756,223.23726,115.89445
1.0137571,443.70172,122.42337
1.1394597,1415.1348,125.00696
2.644463,235.24478,128.56143
2.902645,277.47873,121.129196
10.891851,663.20245,129.88765
0.74048966,229.52394,118.455284
3.4557493,371.7012,124.900375
1.9276677,607.4205,128.45998
3.1055481,1765.0028,133.46133
1.4611974,215.23674,129.09726
0.50809705,215.61462,121.52037
2.397553,1288.5912,132.41417
3.2475865,179.13441,123.845245
0.79984015,570.825,121.2513
3.2994072,358.0855,127.51123
2.050534,631.9414,129.31616
2.05751,1029.952,128.80626
4.4376464,1272.6566,131.55789
2.575091,2595.5205,131.15556
2.1157036,1428.8717,132.86157
2.1529663,580.7601,131.02753
9.267864,941.36334,126.10616
3.2680323,627.6986,129.6216
3.22778,1292.5471,130.79922
4.0952263,702.15857,121.80346
0.5519733,87.475136,123.11838
3.5645645,710.9308,132.23291
1.4058907,131.09892,120.07986
1.7206637,621.32245,120.328896
2.757872,798.94116,121.726265
6.1479626,569.3917,128.32068
8.123139,951.97974,124.72771
2.2178006,1593.6107,129.95377
15.067721,1752.6937,129.00598
1.7155826,1167.3813,132.7681
37.099026,525.94104,126.49447
2.7787116,250.57005,119.01555
1.6475073,541.24475,131.39262
0.579116,691.99335,121.30622
8.880758,91.26316,123.242584
13.143483,216.01181,122.222855
0.8013532,230.57742,119.96826
3.6770651,1354.7827,133.32718
2.0443294,2467.6758,130.68333
2.602566,973.5233,133.70407
2.1043346,1010.3452,134.1163
1.499606,1593.9084,129.28255
12.297887,989.2814,128.62828
72.79869,972.357,136.10155
12.637897,533.82434,127.13368
2.27788,2261.0676,134.04686
8.860261,206.35165,129.32878
8.691347,529.3078,131.92337
5.705493,2524.2327,133.72516
21.389431,693.369,130.03085
2.8079076,2236.901,135.31592
1.2500387,364.54758,126.57939
1.1446149,583.4487,119.7109
0.749407,447.5245,117.83985
25.72498,585.3204,132.90637
5.1464276,484.78964,127.02089
0.64188397,700.6348,120.76223
2.0777006,370.79633,122.983864
1.3545431,652.9758,127.98636
3.1988328,1710.95,125.19016
19.141285,288.4951,126.74598
1.0610325,293.67474,118.46355
102.481445,2037.3363,131.22427
7.1324,967.1721,130.70412
0.9911109,400.43967,120.649895
1.8552872,508.05612,125.03436
1.0866712,595.1418,124.362465
440.53244,910.66235,123.12308
2.3599043,425.8651,125.66933
251.168,434.41357,129.48227
5.0271473,1018.3104,128.71277
7.48669,268.90158,124.92627
2.1800885,571.0633,127.47564
2.600402,972.6896,134.22322
108.00183,1562.1501,128.55093
0.86619556,576.6016,124.270615
0.8644591,965.218,122.13898
1.4469492,188.19788,120.2575
3.3859243,2335.011,134.03241
2.905163,914.5241,131.64635
2.5283759,1021.77527,131.12677
10.520451,637.461,121.65143
4.7041817,1355.1342,121.564606
1.7260736,537.0863,126.7227
0.9719473,331.7869,121.547134
1.0419352,208.64653,128.42278
13.489274,475.94382,126.361305
1.607783,950.1751,128.25288
1.6382552,43.35574,122.10952
281.69736,1314.2,131.08511
8.068365,241.97646,121.96305
1.7711388,575.6652,131.72037
1.3346967,716.8348,126.11105
2.5108833,171.07286,125.004395
0.67723536,103.09805,122.622795
2.3223372,1404.814,132.60986
4.076234,699.907,123.36951
22.674257,318.17517,123.742935
2.2709043,719.33795,128.51132
1.4413521,808.14233,124.39881
2.3256228,270.10284,127.76882
0.8310323,804.0584,119.38101
3.0294175,1634.2408,126.70563
2.2768335,1179.2274,128.8049
22.994745,2224.2717,125.86154
0.8230154,664.22437,120.28395
2.5022783,1562.1213,129.36916
0.8545353,608.38995,122.61694
2.554969,2386.3855,129.55106
0.67674375,654.9211,118.76416
1.4829259,1074.2887,124.580345
0.70752347,397.17377,122.5529
108.0953,1361.229,130.49057
16.339426,467.76025,131.95213
24.044384,759.8616,132.73903
2.0691218,251.70956,122.7986
1.6840478,702.3969,126.53088
302.4791,2260.9548,128.04436
5.513666,1967.9647,133.35333
19.699387,109.04433,117.85148
3.9359722,385.20755,122.654724
1.6724133,568.22595,125.284225
2.6651828,79.8792,121.260086
3.7100198,348.35434,120.6211
1.9319983,565.26495,123.50484
39.76353,600.2377,125.09935
19.774902,1341.2433,128.90541
13.394192,634.9046,121.8428
0.99904865,545.80927,121.26925
2.6170669,935.5645,134.61281
2.5950363,1583.5398,128.65851
9.278685,295.3802,128.92494
2.1469905,982.26196,134.60909
1.6773454,679.4152,131.52737
10.585334,301.73505,124.086685
15.715272,2051.6428,131.24736
0.52344364,560.5105,119.36597
2.3020954,424.5757,123.91355
2.1202059,674.93634,132.76604
52.68187,393.26053,126.35429
14.24527,433.25644,121.89486
4.9793334,1395.8273,129.81808
2.904516,1317.9365,131.56255
4.8908544,878.7296,133.69212
1.275221,575.6461,124.70027
4.980191,578.67535,130.2163
0.7598775,741.57416,123.71011
1.5300852,733.896,126.481384
3.2429044,408.44064,122.11482
4.595801,669.648,127.90232
1.9564426,1190.6104,123.71464
2.0815816,1275.8817,124.21249
1.6918287,1573.8105,129.05896
8.1122,726.6313,130.00017
1.3890809,1488.7458,127.11672
1.2535312,312.26215,119.45729
6.1186852,1440.8828,128.49713
78.142365,1992.1726,125.81678
1.5047996,1747.3021,125.12686
1.2349192,740.96246,124.33517
6.0314026,1418.1985,132.26265
0.9082703,247.28171,121.25123
9.156949,2137.0063,132.41322
10.802085,547.0858,134.60733
3.264979,807.9542,128.79271
4.434159,797.49255,133.66014
2.093933,1465.741,126.0933
1.0099207,131.99849,121.68625
3.55928,1188.3353,132.76013
2.2667632,1760.7511,131.85571
230.86775,1532.244,132.50194
2.0930274,644.8572,131.065
4.5852222,290.9648,126.78588
1.0380616,893.4774,122.792
31.390593,1185.4808,130.9178
121.589134,2744.8552,134.01292
3.4038124,1864.6339,130.24445
6.354025,812.8146,128.88776
1.692164,1573.6284,132.53714
1.8919618,904.66595,129.3658
1.9516162,2299.7456,131.54875
196.13821,185.35608,127.95616
1.3133223,727.7227,119.38387
12.499167,1079.3684,133.5762
1.8053427,1270.8645,123.98822
16.729338,716.729,134.48602
25.514736,745.1079,127.84082
1.9927084,1561.4854,132.92159
1.1156231,214.2035,117.253975
1.4977584,459.45935,118.12938
1.2534224,200.46057,129.85106
0.8117785,365.89215,126.37095
3.544927,467.42136,120.93179
51.055386,520.1794,123.82198
1.2491081,893.9626,126.03344
1.942882,879.16,129.31197
3.1310356,1644.049,134.81227
6.9934354,1358.3905,132.83739
1.189774,515.7907,127.59917
4.098405,1251.4619,124.90525
0.8356003,359.08508,122.86662
1.428494,879.4516,131.43385
384.62732,747.09424,133.55212
6.171419,805.9708,127.12659
4.495156,1669.6829,132.88037
19.045599,1336.0057,131.70172
1.9322487,864.19366,133.00108
3.5600061,453.88766,126.27795
1.8586825,314.6994,126.464836
17.24539,452.993,130.8235
1.7305971,440.50186,129.99165
3.9355428,1892.2786,130.08075
25.914824,220.04478,129.58032
14.215176,662.45795,125.416405
4.832749,1549.8652,131.8258
24.001522,246.1011,121.15546
3.8998008,1247.7892,127.68155
16.382244,774.74207,129.80653
1.1645902,77.01092,124.95593
1.5765997,485.03314,119.1077
8.318823,795.9089,132.54497
2.878771,1739.0497,131.88548
2.126882,196.84782,130.33304
1.7325735,406.4407,124.98768
7.7258325,165.86082,124.2218
1.3581704,1319.6838,127.26677
1.8744895,1599.4531,126.71393
19.662012,546.5267,133.50404
0.9406121,625.04645,122.854195
0.76420957,291.5002,115.57161
61.915806,1050.7747,126.79876
19.315563,455.56918,128.4148
1.9722865,584.7665,122.160774
3.055627,2640.0208,126.86984
1.578675,1220.027,123.21217
5.0025964,907.1957,129.74632
16.739681,307.19058,128.20587
13.022007,798.7714,118.040306
12.197675,1308.4683,129.08488
18.877909,519.21576,132.1757
2.2528262,130.80684,123.44285
4.875248,644.5142,125.00474
6.6473465,171.79141,118.35012
3.2704303,408.89804,120.60859
1.1819662,688.53754,121.04852
7.0427637,589.4629,129.53864
13.838097,1036.5424,122.65697
8.895186,87.46024,120.04779
3.237987,1153.0004,133.4755
7.6553965,1058.4403,130.11147
0.5543457,65.327705,116.13343
4.605096,803.0323,123.66008
2.0222673,735.548,120.12692
1.3304927,411.17194,124.69507
1.9772367,550.5461,129.76595
152.55933,419.63333,125.80559
6.8201876,1053.5118,124.79311
2.3801177,853.6368,130.97224
0.75266,569.61615,121.8659
2.7805696,1431.6915,132.00064
16.12505,1544.3822,129.51016
3.7397068,1288.1469,132.63435
8.086786,391.80557,118.08581
7.5401754,914.17596,128.53738
20.764591,264.7883,126.68223
0.5056858,360.16022,120.03789
28.384861,542.9764,125.62039
7.493755,1504.5358,131.45291
23.860994,728.97156,134.5821
3.0351238,986.95526,128.95378
80.04794,2009.5128,134.19342
6.2255874,252.10463,123.915665
25.995358,1708.5623,126.92273
5.84973,868.49054,125.89654
3.3423636,390.1962,127.62712
2.5925004,1636.0339,135.19147
1.3634863,207.01138,126.59544
2.127659,502.333,129.29031
2.1946225,1342.5397,134.75935
0.54937494,525.526,119.34339
2.2138183,792.98773,130.92162
21.899948,2370.9038,128.81474
1.0807874,267.56866,120.39163
46.93767,1242.9329,129.98517
2.3170164,945.957,127.870125
1.1868733,229.67252,120.14927
16.821829,1288.028,132.87021
1.4394152,370.18988,127.69319
2.3748875,2444.5703,132.17773
1.2900245,654.54364,124.84043
7.528823,694.5923,127.88497
2.0677981,1066.4247,128.93015
26.192787,887.07947,124.275444
1.3438343,1120.7676,124.448975
19.804031,315.82483,129.58456
16.13991,1266.6901,129.87308
2.3887882,733.6213,126.721146
2.2697375,846.93884,129.00963
7.909406,1789.7388,133.29433
6.2053022,813.93567,121.27419
2.0646183,614.31506,117.07081
34.796314,650.0277,126.525444
7.0630283,2250.559,130.10378
59.9729,2079.315,135.19566
44.034702,860.9674,129.02501
5.0923595,544.14636,122.79872
1.1844175,527.5966,120.77308
8.996643,1457.3829,132.41632
22.653631,959.37915,130.28946
3.291044,589.07605,120.20742
2.4481583,2131.0132,133.80962
1.5233941,1106.7733,123.06734
1.0442091,366.31622,127.556526
1.5103346,1177.6309,128.21313
5.467859,1562.1631,127.07115
2.5263488,352.47043,122.41878
1.3934088,805.18225,116.490456
1.429403,409.78796,127.209206
2.5204165,1979.6863,132.9842
9.061089,755.7919,124.81749
2.0178883,1495.5131,132.02928
1.1594262,634.00104,126.312416
0.57697505,138.25879,123.10056
2.9799438,1203.4347,129.84364
8.888787,611.24536,126.11528
1.4891659,501.79263,121.598495
2.1923132,936.8827,129.08418
1.4429852,917.7743,127.10819
2.9021251,1574.9607,123.12837
12.685938,72.8068,126.015144
2.967814,186.33684,126.976204
13.084067,1998.261,130.88853
1.7597929,143.13568,119.79845
2.6582747,599.4573,126.93041
1.8360372,2063.0527,127.26607
41.60329,837.7199,128.78418
0.61679035,468.45667,123.28392
16.894693,1189.316,132.53833
2.6290138,517.68317,133.47794
0.88849294,338.74313,121.10834
0.75311875,372.01132,118.537025
2.6618562,2885.6877,130.85927
1.7207378,2260.87,124.55313
1.1117115,509.5119,126.51276
2.7664814,814.7899,133.10516
6.3688536,146.23184,125.90054
10.700376,568.5821,126.723885
1.5192612,565.71796,121.9659
1.7566767,674.91205,131.04068
2.2676837,2712.9138,130.1502
82.78817,1016.0154,123.178856
2.3130274,1085.5819,125.26546
15.561745,1242.2119,130.89041
5.4642515,1431.337,133.87856
30.5148,810.23236,129.24463
1.1091769,430.191,120.08841
53.999996,807.2329,133.73528
6.374188,545.8182,127.667336
2.9622598,1969.3942,128.1366
3.887894,1504.5132,132.90646
1.2346599,412.1827,126.7825
0.93208015,184.84265,127.40018
57.61794,920.69824,131.27267
0.9334348,138.8465,125.95398
2.6566749,1327.867,132.55334
1.5164888,740.9143,126.00725
1.1027462,156.56131,124.350555
0.65623486,171.26228,115.2266
0.9663476,379.6121,118.514565
1.4898968,1096.0912,127.93735
3.2871192,2777.3809,132.01022
2.047515,157.86914,122.971466
19.614716,457.95184,127.340294
1.6148465,190.19629,117.07648
11.76104,213.07338,121.03931
1.6741507,551.7475,124.52454
2.0009851,632.9944,130.03105
2.567595,2073.9346,134.70853
6.0310965,1379.1549,127.83177
5.483293,779.7955,125.87025
2.9244988,1387.454,126.23201
2.5903947,770.2609,133.37355
3.5940597,137.08742,120.17522
9.446558,275.18698,123.95449
3.2320206,356.39752,123.117065
1.821761,595.7135,131.30827
1.3432158,588.5989,115.73567
2.082636,706.02423,120.94762
9.492838,785.76715,126.3341
2.0588856,2286.7612,124.77424
20.92363,556.54767,124.23845
87.63948,660.4373,121.636345
4.59192,1866.0742,127.63286
34.21697,1519.7612,124.814476
14.781779,674.7285,131.78954
3.0169737,1603.4303,130.88297
8.150319,677.7061,123.640564
3.5015752,1283.7593,135.38005
0.77545464,522.3105,119.31635
17.910576,1026.0394,129.82814
1.5628341,443.82632,127.04953
2.240031,1933.5332,130.26053
5.928818,2460.425,127.00587
8.05804,1272.6237,125.99411
2.8348956,253.79933,131.51982
22.16437,1157.356,132.15263
6.3015933,663.6613,123.1467
15.712308,1066.3402,129.0369
1.7812788,763.1208,124.752655
0.97221935,635.932,122.652374
1.3565103,508.0964,125.05453
0.76955557,893.6575,118.950424
34.60069,1351.057,133.52266
18.793083,1568.1964,130.44388
1.1148033,548.70294,119.32601
1.3293192,349.10626,122.05355
0.9837697,535.3517,121.23815
0.9248513,551.00793,121.66952
2.971847,777.4547,127.7602
3.5703669,869.6136,128.8064
2.3150766,1459.574,126.38961
6.0978327,327.03622,123.1248
1.0179601,551.8395,127.64125
35.41718,229.96326,128.17139
4.1520233,194.01146,127.96902
0.6732122,178.76378,122.34179
2.7493048,401.61722,129.69063
5.4711933,965.6158,128.36256
7.0154967,483.93707,123.054825
4.8761883,2110.0828,134.28947
7.1996584,593.37384,126.829124
1.8633585,889.82196,130.06882
62.55087,244.1501,126.782455
0.6938453,660.57837,122.18417
1.8812672,354.49707,114.37738
9.876442,632.7098,121.05567
0.96417046,281.65085,125.01811
3.5784998,219.99226,131.61388
73.79195,389.27393,120.41229
1.8658043,1842.2726,124.6249
0.693711,438.25977,123.654106
14.707685,783.6735,132.62204
6.4679456,787.4375,129.06015
6.416261,351.81445,123.88781
1.6160051,439.36862,118.9978
3.2830641,565.4962,124.714615
3.032547,396.63306,124.99714
1.433159,329.1714,128.19707
105.1957,820.91986,129.95517
3.486816,2236.2275,129.03497
1.002375,998.5183,126.36648
10.811596,373.91534,123.20924
740.9635,2101.1475,134.73227
8.225032,1492.7188,130.20235
0.97374666,436.2009,120.6269
1.6906866,1218.1344,127.281555
2.4614317,630.89417,128.54036
8.408325,707.32043,118.151146
2.456156,898.5664,131.24815
23.464302,660.5198,133.49521
1.1009897,680.4358,122.11082
2.4230268,884.646,123.602684
8.307669,1070.4934,126.39709
3.2439103,226.08336,121.64536
5.5355196,1638.7977,135.049
1.2698,411.95325,127.6475
7.639379,542.9953,125.64652
2.7682278,1889.028,124.43839
2.7824192,1106.972,133.48544
20.44556,963.71063,125.07759
3.3372836,1029.096,128.98857
2.2246065,1366.6764,136.43983
1.0446944,834.02496,124.246895
7.288973,831.1994,127.80322
10.73716,640.154,130.85532
1.0392886,422.55716,122.59803
7.52302,1627.7472,126.20332
43.913372,1653.8613,134.42163
1.0606153,839.25336,124.984055
6.071655,1142.9706,134.58582
3.119633,930.8938,127.6188
0.78603446,300.5314,124.072044
1.217273,1120.5645,126.24599
1.9589239,1138.5154,120.40473
1.1314386,623.62317,120.48001
7.5286365,2161.2732,124.05689
1.7707322,251.9049,125.53741
1.2863958,498.1903,126.22
4.1508527,372.4607,123.61703
1.1050301,156.29054,118.21463
35.05499,802.07477,132.13974
23.256134,296.29785,125.060165
4.4406343,604.4965,124.47943
3.102798,1820.8224,125.82387
1.604697,1770.7333,126.21087
0.6201235,567.4802,118.094826
4.2855506,299.6549,121.67705
5.0004716,461.04993,122.209656
9.957682,1449.1841,127.3983
1.8756835,1022.38696,129.46365
10.621649,763.2741,132.34787
1.4684552,119.80244,121.30657
9.486414,587.7297,133.21483
0.7706789,547.17737,125.80472
7.7761564,357.8549,127.01439
2.4428144,1723.678,129.46269
2.0332022,591.65295,124.012886
9.074789,92.82707,118.52818
0.49937865,680.8394,120.65966
13.030558,309.161,126.33447
1.7744893,663.5412,119.345436
2.1806617,168.4938,122.87747
3.4754884,627.7512,131.55397
2.1111355,597.4802,128.70018
3.1557717,568.28796,114.29708
2.2443993,967.6629,129.01665
3.634217,1292.1975,129.55122
1.4878056,766.50696,129.82208
1.1444025,278.22507,122.84425
2.193495,713.31104,129.56181
0.7945836,252.38393,115.425186
41.349846,996.90857,128.9095
7.655747,1199.0614,132.15553
16.766483,283.30505,133.296
2.1449316,1213.2311,126.83928
2.2813892,1100.5592,127.35853
2.1776032,893.3107,127.27293
8.2039,1236.8997,130.54474
0.728531,362.54645,120.733475
3.5171275,821.3498,135.50523
43.225147,465.37698,130.98468
2.1825018,3100.4033,111.5349
24.78209,422.2005,130.24368
36.720608,227.30432,130.25053
1.1482366,174.79128,124.82702
1.9510225,215.8382,119.77234
4.8266854,736.66724,126.207375
6.4940243,1218.042,133.64555
1.7781769,520.75604,130.3616
4.8885026,704.1232,134.26175
1.3016021,524.7598,120.84947
0.7513248,343.25177,116.26384
14.231446,1018.7361,133.96281
5.4948235,545.32806,126.85064
1.2461545,771.7384,127.69718
53.190067,884.29675,127.62427
6.345897,1320.449,128.34682
146.4808,1405.4308,131.65967
3.381225,1453.7025,130.73534
8.168586,168.84929,130.71014
1.0724746,323.41995,120.25848
39.157204,1228.9749,128.1476
16.207659,1534.8801,125.534164
20.738726,1014.73206,127.925705
11.637399,1651.1582,124.27839
5.8771815,1153.0919,127.0733
2.7047527,533.86005,125.509
1.2356559,554.7657,125.037865
3.3463857,774.7077,128.96346
11.47642,363.95007,128.2811
2.4785378,460.1246,122.56282
2.403742,1982.8711,126.66456
0.7396057,93.86937,119.15075
0.9375257,213.689,125.19998
0.8271996,674.9886,127.05584
1.9044983,1199.4991,131.71669
3.820883,1146.0964,122.72691
2.2160594,1171.029,129.60434
2.3239071,1246.7983,126.914154
18.941233,2714.603,129.58899
2.2046075,1133.5918,125.13087
2.9129221,545.62335,135.09486
1.2420347,936.6881,129.18561
1.4244764,596.39355,113.95191
3.4844196,976.3588,126.968
2.1947453,2528.6138,133.50645
11.830454,1491.4993,128.25136
19.264572,630.14655,128.07248
30.893866,1549.8153,131.90604
1.16021,576.3589,128.95045
1.7161213,460.0573,131.73729
0.9743874,366.95865,124.96818
0.66422147,742.81506,123.270744
0.8786895,831.38257,121.22378
3.1844604,2424.8662,133.38872
1.6335552,206.99931,121.51095
57.645195,1418.2191,132.50879
1.2172146,327.90622,125.708206
1.5306451,1680.9788,130.27109
2.3878295,785.28876,126.638916
2.9553673,1115.5519,127.92762
0.67665386,479.93546,116.5118
3.7628586,243.57945,117.051796
2.840258,286.42667,123.479034
2.7830768,1467.2013,125.651085
2.1864626,1841.8752,132.35374
2.644429,584.8682,123.64373
7.228959,1297.7845,131.0231
1.2580369,1261.7914,127.92968
3.63763,132.37555,122.295555
15.270035,1144.8578,133.47653
1.5154525,489.29822,128.89119
6.730725,567.6682,120.94673
3.5896745,1793.0155,127.85563
1.7079009,815.5862,130.14467
17.96849,607.87067,122.406555
0.69255644,103.439896,121.46246
18.525526,948.0126,123.44516
2.8185232,369.14047,127.48949
2.209532,594.9382,130.91002
60.430298,972.1912,129.11443
110.63172,551.9725,131.77821
10.946451,678.24677,129.27383
1.1253734,98.342674,121.378685
36.60666,478.61752,124.89497
2.6424968,2193.9026,135.86743
3.0013418,1871.7433,125.45562
1.7943178,971.1498,128.08766
2.6194017,414.35037,129.61954
5.213189,2648.7734,132.8843
2.367901,917.33905,128.1073
2.4925377,823.5065,131.84503
8.524489,1258.3534,131.39606
2.9390926,2118.807,129.59898
1.4715878,905.6589,121.339195
67.04547,1710.744,124.06057
13.531052,2094.0571,133.9241
2.604634,3046.435,135.203
1.3449957,882.5455,121.65822
13.77881,387.78668,128.5418
10.22227,686.14404,122.48909
7.0218215,173.84775,121.43183
75.90584,1663.9026,130.70146
9.417154,2399.7095,132.60811
4.1977563,360.4635,113.3679
4.8265324,967.8322,129.15474
34.913486,1537.6567,124.35431
6.335616,222.54004,129.70139
1.6377753,987.3823,128.9592
3.2065449,2070.206,131.88304
3.0353482,363.89764,135.65044
1.7371986,1040.7872,125.07106
149.09677,795.5831,125.873535
2.4463544,853.1969,127.58113
2.6327877,965.3747,128.82593
5.7162886,576.64307,132.16353
4.2152586,1516.3761,126.99311
1.5841175,1360.2372,124.10312
1.240469,582.6766,129.30312
2.0670743,783.33777,124.207306
0.78044295,237.27809,124.684616
1.8045849,545.18646,126.892654
1.0778805,982.1074,124.131805
11.776188,753.1557,132.56926
0.9857087,456.59085,120.367325
1.4868377,1316.9257,123.75333
25.383907,2107.741,133.47453
5.5277786,1163.1313,131.6573
0.9837133,452.66492,116.287476
3.4386046,445.54303,127.6244
1.6941159,332.94373,128.13358
3.7853992,366.13077,125.11506
8.943909,938.6913,121.737854
1.5188098,794.46466,126.74889
2.8269708,902.9443,127.814575
6.033005,255.50554,131.00383
0.9200366,259.94382,117.909065
4.71971,358.41986,125.71807
1.8927529,708.13696,125.50296
51.135406,217.81654,122.75975
2.136466,277.56378,127.2905
7.4758186,2094.6755,135.01123
1.0644537,106.80366,125.040306
1.5778496,451.65866,125.37394
1.2226431,1398.6582,123.09698
1.5311167,1294.3577,121.26733
1.1090922,1245.8539,121.6065
46.29656,506.22342,130.6005
1.8063552,495.44885,126.93827
1.9999713,1173.4412,131.02226
2.7205853,970.6542,135.18585
0.7898012,358.3393,122.40915
90.11043,1083.6656,121.34077
66.34631,219.063,126.19737
2.0220768,462.106,127.065895
1.8501569,612.2954,127.907936
0.5419738,237.9423,118.20438
1.2148287,1153.2229,128.74397
1.1255658,405.34912,126.30343
2.2283385,842.802,131.99667
12.8839,223.26582,127.111336
163.42686,697.7945,132.43616
10.16336,686.9605,128.59503
0.6496915,214.42159,118.87251
2.7233045,327.83597,126.84385
10.766251,1124.3835,127.74272
39.533604,1223.2761,135.87596
4.1645317,636.4099,119.69513
12.572397,511.32797,126.83129
2.1986766,1038.7036,130.83179
0.8301703,416.11096,116.90547
2.745468,643.4777,130.5308
2.1649725,2441.36,130.50084
8.214977,144.09712,121.61253
4.4280314,1064.314,129.75575
0.81113183,440.70993,118.548584
2.3679106,344.61887,118.532425
1.5822766,755.10803,121.32928
0.919719,555.57056,123.36075
16.484379,196.83923,118.05949
1.7999063,1572.1953,131.09679
31.39337,629.6693,132.892
2.1215453,1752.8286,125.88073
2.1765747,338.61398,131.1662
10.128268,1714.7537,132.81223
2.408479,1302.3817,123.22408
2.2296994,2135.52,134.73334
1.7483298,428.69583,127.64451
3.704041,1665.0116,128.72542
1.8073051,1059.1067,130.96762
2.3902175,992.31976,132.55394
3.1982143,2537.057,128.9105
0.65490085,453.7735,122.266754
2.326138,2226.2754,132.83655
2.9375947,830.89795,130.95216
3.203312,256.54132,127.329994
8.813615,249.86948,127.45101
1.1598499,537.13586,129.87999
21.32456,2041.1407,132.13022
12.924479,1047.3871,132.3031
1.4142365,805.5917,123.91882
6.289962,1050.5717,120.08993
4.2433243,934.16864,123.03818
25.071165,1401.1893,123.85115
11.688919,308.67776,125.57741
11.648062,247.23732,123.47128
13.422714,1413.2594,127.42618
5.2961664,187.44897,115.64306
1.333004,1264.9623,124.687645
2.4926584,1554.6141,133.50992
1.1239129,262.53238,124.04633
2.1114502,345.3097,129.58867
1.9589598,1090.7716,126.25826
6.8478255,1051.6279,116.40627
2.0930824,920.6793,126.797356
1.9609132,306.46085,126.12507
2.242117,865.69806,125.80856
0.7141182,947.50696,119.48866
13.951856,177.90352,121.01507
20.6122,428.55283,127.48823
6.3906927,872.0104,124.912796
2.7145908,1059.2147,131.03746
4.597366,390.88788,125.02781
2.3612237,2892.3687,135.7035
1.0769968,587.7808,123.66219
2.4523067,1341.734,125.817955
2.3321338,1183.0734,135.94743
1.3701442,1186.8077,120.58747
3.4088943,1368.5033,126.92818
4.343365,833.3639,128.94165
5.429206,1089.1526,127.79118
0.48467255,376.8755,118.17429
2.0220141,875.4826,121.86855
2.326414,745.1532,133.27116
0.6247248,264.31717,114.164825
5.6795554,833.0613,128.78586
6.300984,765.7788,124.27531
26.266167,1048.6829,132.80125
9.239883,352.13226,125.51835
3.0688176,226.16722,118.05242
1.1819317,352.6051,123.68669
10.755635,66.59331,124.24204
2.0263526,1843.4283,127.44598
2.2198792,912.8199,129.94914
6.7515836,364.5299,129.39066
29.36542,1135.1498,128.28217
7.3842077,895.9501,129.92288
31.601072,388.79926,131.20947
6.871585,2656.1995,133.16771
5.8312254,690.3767,122.03641
4.4430895,1493.8755,134.22464
12.655822,1663.6875,128.70067
16.489613,679.6324,134.55705
13.604676,397.1043,127.744156
243.65775,785.3098,124.96919
42.83388,821.4932,135.55693
3.924528,258.59073,132.17404
5.1541963,956.61755,123.678856
369.31125,988.8896,127.54088
5.9574,228.21388,120.99071
19.434303,395.21918,120.97543
2.659622,453.53226,123.08929
0.8655814,472.16428,122.42377
5.760032,310.20743,128.51686
3.022347,315.9089,126.43233
4.672509,459.4262,130.06865
2.739049,1096.7329,126.3916
13.647373,1916.6147,127.86634
10.854348,541.7385,130.78244
2.4929278,265.2655,128.07614
1.7573074,820.8468,122.17944
3.116758,324.30466,121.53943
2.981492,2133.6262,133.77943
1.2329589,837.406,124.46002
0.9639689,335.8212,124.34143
80.0661,361.807,130.80934
2.9706044,265.33887,126.99164
1.9445953,1050.054,125.90181
1.4612864,584.9744,125.47535
3.5655854,1257.6534,135.62398
2.4081223,850.6745,133.95097
1.1055188,303.55396,122.40771
1.7378626,426.10376,121.75838
6.2955284,1641.4781,129.77704
1.3194526,487.34232,124.94486
3.2825828,576.67816,118.600624
1.0834383,1230.9495,122.66099
122.87436,254.81194,126.884964
3.0507615,205.08582,131.55595
2.0890512,456.57227,130.45805
1.7003572,1597.9159,126.762344
2.7905214,366.2058,123.86365
2.1225088,270.34668,129.34099
4.0437922,1246.595,130.983
93.078476,1241.6707,124.23277
5.5791106,1683.5356,125.68667
4.3629217,812.8047,127.82424
2.2998989,477.39978,128.45798
0.77240044,723.78973,122.106125
116.886955,1064.7744,128.60925
1.9492316,712.6373,127.45393
2.259259,1058.6868,129.13454
17.299807,746.7025,130.40266
3.198622,1913.5062,126.248604
31.69984,731.13855,130.39171
6.248659,844.92804,121.25141
3.3422952,1722.0432,128.03203
0.84160346,552.15656,116.63637
2.1671896,1213.6128,132.75198
4.8577757,463.23233,126.421875
11.532987,72.7847,129.07112
0.9797324,376.2747,127.63914
1.6598403,365.90063,119.72444
14.721098,2768.0083,134.9705
2.370103,1054.5079,129.69908
3.3702312,386.8839,121.88366
197.47638,1399.4259,124.79132
11.604444,274.19415,124.41764
565.77716,2110.357,130.55492
5.1445537,476.16357,123.06125
2.205513,869.01215,133.95505
0.8691487,829.7534,119.42347
1.6944884,308.53967,129.20776
2.5751362,226.4408,116.041466
3.4912322,1810.9548,134.73293
0.91657704,394.63406,119.42091
1.9278067,645.8768,128.83841
70.63056,1024.8834,122.439514
0.5550112,257.45135,116.47093
1.7439412,1095.2538,127.64231
29.883583,488.87366,116.62802
12.704976,1284.5726,126.44553
2.5626159,293.37445,134.49023
6.5566206,1513.5741,126.46674
0.7527913,374.72122,126.12078
1.3755765,547.06433,126.97348
30.760508,921.02966,133.19743
8.881696,676.81555,120.63127
57.958813,220.97023,119.493256
22.202211,356.87183,123.8116
1.3783009,1011.92865,122.924965
5.4757795,184.73827,124.68679
6.3035064,1436.106,132.35109
2.441237,518.3395,133.60043
9.968963,905.4186,134.39775
16.762556,383.96704,130.05531
1.4722143,728.2039,126.06165
0.8688413,201.33989,124.93664
37.48083,804.59717,129.59085
4.8094544,286.12512,122.2944
29.96934,741.8253,132.08455
4.219713,567.7836,132.00047
4.2059884,432.54294,117.19822
1.1891111,674.9125,119.22232
2.9250233,214.30089,127.70657
3.7627895,320.71402,120.01973
7.158271,1198.2961,132.2911
7.8971057,2603.9377,131.6558
0.6468536,134.2489,122.34097
2.7896802,1869.707,131.66643
8.754357,459.71185,118.35438
6.8335094,2424.2454,134.61041
3.0092182,1279.592,126.98385
3.7856503,234.53046,120.22144
1.5107323,861.42694,128.2041
2.4618,869.7356,127.785706
8.379096,955.2826,133.33191
4.167832,622.7247,127.69459
0.5394717,545.97406,114.96458
58.95888,730.12067,126.166916
2.1972597,256.70972,131.41045
4.4633236,638.6709,128.0761
3.1772568,1696.5519,130.74196
1.9736207,1448.5557,132.912
2.6680462,930.30304,129.48004
2.7087746,2542.0984,127.97351
91.68095,584.0456,128.76637
1.5136335,112.89864,124.13055
2.0314226,1042.6412,128.6117
4.385433,168.81302,123.37191
76.862656,457.41248,124.931755
0.7422058,980.1575,124.79331
1.4537398,912.87775,124.86518
2.0255969,1880.1979,127.984604
7.1348276,896.11035,133.35822
7.5507126,367.41907,128.65414
20.725103,473.78278,128.8593
0.67971575,332.10193,121.273224
1.0242895,496.75302,119.50209
6.008392,1949.5978,128.37677
1.3992057,848.1896,127.31203
38.871456,656.1703,131.6767
44.9236,459.19165,124.28559
93.92772,1499.8132,126.70512
2.4428155,896.76544,128.74525
0.85333157,477.52148,120.367165
1.6008306,781.03314,127.26288
73.96088,2109.368,125.97763
83.074425,501.7645,125.65827
1.288603,473.39462,129.33015
11.070273,676.8198,127.70213
1.3587387,450.812,124.82613
14.074899,649.6654,136.46416
15.404513,160.87009,119.73777
5.1130495,192.17172,127.75045
5.3946953,706.6305,131.56079
15.577428,591.3631,124.03273
1.6923796,657.12317,128.12383
299.9581,2622.7368,125.432076
1.8924022,145.26619,124.94798
12.062074,547.7754,128.80959
2.2921686,905.5032,129.67653
1.2054937,471.26898,125.853645
2.0780613,658.71674,125.6064
8.420931,158.8741,130.84354
1.2308466,1261.5894,128.13467
0.8360371,149.96118,120.790596
1.2421523,1054.5664,123.66858
5.9788623,1535.4609,130.46346
1.3408778,1053.2267,120.150375
10.282064,1245.8008,127.26465
1.4528606,733.8671,126.72935
38.638783,2909.5579,137.16893
43.10492,497.2905,130.71729
0.51362175,272.90485,121.37215
1.0937822,644.3186,123.10059
2.9324825,711.3094,134.79958
3.4071825,806.029,125.68242
5.8494873,1270.5638,125.57969
8.338344,666.3908,130.58852
4.759652,929.17017,125.8635
0.73144186,735.7205,116.859695
0.6878083,263.44592,122.40462
1.8262388,1123.182,127.802055
7.302424,1370.9802,128.91316
68.24128,368.54053,123.13012
2.0052152,372.69876,132.54697
1.7005645,1074.9946,130.80844
0.92802083,795.28125,125.18506
8.356855,1373.4987,136.64053
0.9827159,836.1825,124.1093
1.6516817,1141.3706,121.571106
2.5286796,538.19305,123.33228
5.233785,1170.1069,132.5755
4.150286,380.7356,126.21565
3.6261513,842.2717,131.3238
9.719756,398.3762,121.44528
421.90497,1299.0168,123.00988
3.4243484,125.44483,121.91232
3.4262023,91.43471,122.950806
1.9166288,557.6154,122.080414
1.4539392,1000.6679,127.90119
6.531314,1250.5164,127.620575
0.9104193,667.8765,121.18134
7.885672,318.13406,125.46949
46.74629,1268.4341,133.728
2.371276,1294.0991,135.68741
5.8766503,717.9174,128.55536
2.9338717,381.71686,125.64042
53.50656,857.0759,115.38948
1.489222,721.2721,124.31588
2.4199922,325.92212,126.63663
4.227664,1410.8136,125.70999
2.4342034,373.71436,125.55307
0.9244283,505.2777,117.223656
1.6170957,205.37064,130.66371
378.08286,811.3676,124.15542
7.780082,140.59589,123.48357
1.4863607,281.34933,125.448814
1.1268524,384.72632,125.81791
7.701128,1196.4835,123.507355
7.5700636,1051.7772,133.4643
48.661774,349.4584,130.71002
1.1105279,469.7905,119.26987
1.0511594,497.23215,122.72739
1.6620197,1012.7084,128.25294
1.5168643,824.70557,129.76033
4.1941123,580.2231,130.38095
6.47344,249.8753,120.62126
2.1195762,1310.965,132.39317
6.6079264,188.8306,126.34163
5.3628736,1961.0171,130.32529
2.2650623,617.1774,130.05176
3.468321,775.5947,128.95865
6.916974,591.4854,134.7004
2.5765638,585.34,126.57436
2.2961044,1458.4901,131.13234
4.452026,1222.927,134.00531
2.744743,349.66553,122.16573
17.069529,959.46655,133.41602
2.5014493,1566.0272,126.51721
4.4694724,169.63606,129.24355
10.1605625,255.98279,129.20747
1.5924081,1549.2881,133.40422
77.01576,504.9627,123.056564
2.9280255,1299.8682,135.97804
2.6647675,1572.4664,130.70377
1.438639,111.387405,126.048035
2.8242955,702.56494,130.54152
1.1888217,598.85004,114.69657
17.605011,1493.5792,132.49327
1.074637,665.0141,123.14482
13.504575,742.62195,129.55707
6.7464724,783.86847,131.34647
6.278836,1370.7084,127.50379
17.220589,763.0899,119.048546
13.823652,1270.5736,126.91851
2.1918507,1574.149,133.17984
55.51263,1340.739,129.3174
1.4945986,652.9726,129.636
1.7931833,1767.0819,128.78394
1.5555674,317.97,126.7372
4.697265,1241.3853,131.09094
11.342949,380.63596,130.3788
5.2479143,539.725,120.52834
156.10263,277.8617,116.403725
3.8866248,591.7815,128.43802
2.5472624,776.49884,128.08057
4.0703964,1428.1036,123.81172
4.4113894,429.64456,128.7991
5.071909,119.10786,124.55761
7.496145,612.201,130.31778
4.2587233,443.65295,129.30159
2.134275,1529.8187,131.41011
11.438557,209.52534,113.89487
3.831855,542.0514,123.50568
1.8461607,1277.3849,132.7203
0.71382517,226.2422,118.30139
0.63297296,287.73212,114.46332
14.788391,1313.676,132.01997
1.6918495,230.77264,125.77315
0.8586994,558.24945,123.18872
1.3890157,713.4731,108.500046
2.422192,243.89064,130.98232
2.1648884,2063.0876,128.52077
672.0093,1181.4604,127.38549
7.4766016,631.6174,121.34753
2.0111485,766.59424,132.70398
10.007906,392.5938,118.82737
7.894479,1479.8573,134.15338
1.7612495,273.62122,126.86054
5.580317,2893.339,134.81166
11.396563,1831.0243,126.6904
2.0933545,757.2407,131.7555
3.5757391,530.7458,132.4033
2.355839,1631.1877,132.33551
3.496822,1242.1484,130.42076
3.5228226,966.5093,126.84099
0.908307,677.98016,124.88772
1.3503484,311.17792,125.38005
6.9232955,1405.1973,131.10635
1.9640024,709.53094,127.50905
2.4291604,1465.1953,134.10883
50.01753,580.5188,128.25989
2.1454823,1557.6545,131.14923
120.71621,74.68496,121.398285
3.0641537,605.7084,128.38945
1.4376221,765.11725,122.83114
10.436327,637.77856,127.73692
4.6662493,600.7756,132.51208
8.883992,242.0323,118.461105
6.770406,294.9961,132.65306
1.3356131,347.3174,130.27563
2.3189254,2621.537,134.2283
0.4985928,512.26227,117.72116
28.950092,148.1914,133.00798
103.12581,848.668,128.10649
4.6268787,547.8073,128.24072
18.043686,289.0045,128.00166
2.1551,448.9955,132.1092
44.038563,613.64777,130.14926
30.734013,676.2899,117.011505
2.6808393,486.76944,126.51166
30.333567,954.0582,130.35553
4.5436645,352.05206,120.907845
1.9122242,926.41254,130.93571
0.65485317,88.77275,115.46687
1.3950348,1257.4419,127.0233
9.589245,1231.9739,132.03192
2.6097887,1851.2013,128.43361
2.4228003,394.99878,131.9339
1.5608764,501.59335,118.9254
39.099003,1097.6238,132.59317
9.527913,280.72638,119.36617
1.7572306,604.28534,124.904106
0.9958456,729.125,115.719986
44.843143,1615.2745,131.87086
3.6482773,302.10965,128.7977
11.626122,322.75888,127.26976
23.95827,1252.8535,131.74721
1.4155163,324.964,122.84301
3.284019,2356.424,130.79012
5.88008,1691.7262,129.31177
8.435435,207.71713,122.51839
1.4672561,913.6454,125.03688
4.239033,1036.2599,134.35521
7.08938,475.6683,127.5304
43.633446,1682.1167,133.46312
1.1193552,396.3114,127.13188
20.994823,745.1559,128.02895
2.5687766,550.46857,130.14227
2.3304641,541.6642,126.92518
62.067936,877.473,126.09138
8.898684,124.0101,125.15677
33.242107,609.8982,120.57919
201.40701,258.08362,127.81586
1.7144377,198.9019,117.07028
1.9507964,781.8587,131.58315
225.73805,1548.5293,127.47523
6.7987065,690.8126,124.85828
3.5577693,570.3941,131.67107
84.291084,206.92603,121.81578
23.411257,751.1273,128.18422
423.9384,570.69415,126.601906
12.33039,1907.6112,131.98445
2.0859878,772.61926,128.16277
0.8275464,277.09903,121.82081
1.1086993,179.33028,118.40951
3.5975392,1839.784,132.7375
40.600613,784.6806,129.20784
4.567443,1033.1439,133.36273
2.0332882,546.7038,129.68726
0.9610984,706.4546,122.72615
1.0682566,1455.6246,125.4342
2.4636838,197.02429,127.07787
2.397113,1479.498,134.22792
0.64946735,361.0302,123.52038
1.5254004,565.25714,126.33272
451.823,1261.819,131.32764
10.085771,1120.3341,126.583046
24.923489,278.44257,132.29836
47.708954,513.9767,129.1402
7.556128,416.0927,119.216896
2.5467656,1388.057,124.774765
25.74657,1563.1661,127.08437
4.0618744,600.4175,125.97218
2.664105,759.02545,135.34317
3.1447778,394.5674,118.56702
1.2252345,1208.1031,127.38306
30.904028,401.82977,133.1817
0.9285987,193.90816,126.43819
0.9883293,267.9438,121.93791
5.840385,1195.0095,135.84805
0.5030941,192.94292,119.30307
53.294155,646.76843,124.27979
13.637393,678.3531,130.89438
1.0874225,525.53876,118.38033
155.37299,224.97061,122.923454
0.9521384,522.1703,122.85065
5.518571,1101.0118,129.7428
2.0926373,975.74255,128.05106
82.59839,161.49138,113.65342
2.8006558,1194.6613,125.51793
1.0072151,505.65445,128.6277
5.0997057,935.63184,127.801125
62.28361,2098.6843,134.48209
3.537843,773.1243,130.00652
2.7280147,1673.5107,128.48576
2.7116082,472.6048,130.38669
33.735687,2066.2761,124.404106
1.7740003,397.41245,126.96574
23.247452,1168.2437,134.61159
1.7490858,664.8478,124.218895
3.0216858,1541.2461,132.51472
14.8171015,127.40639,129.07169
32.666035,274.47354,126.39786
14.783823,1669.1888,125.91712
6.100127,734.2736,117.9254
1.3643861,933.9075,127.28528
0.57312477,207.15218,122.59801
8.219136,331.9832,130.00089
2.3294141,742.3314,132.78271
3.1406198,983.47485,122.45554
1.4758266,1228.9246,131.22697
3.2549646,1193.0974,124.015305
8.0300045,466.52216,125.868195
2.7441206,1080.207,130.76106
1.1802828,1099.215,123.36893
1.9935656,2192.6602,127.08014
5.46221,1104.7965,132.68614
1.9306861,985.0489,129.39104
0.68965864,244.11066,116.920586
3.1999521,1349.61,126.08703
2.651585,1171.9072,128.7997
0.72452015,134.75642,122.888084
2.6925683,349.84476,129.01367
6.140113,969.1964,132.50279
7.791887,628.2676,131.47665
1.2037739,259.05298,122.26396
1.4307625,440.21292,122.50404
7.039186,250.46179,118.911804
3.6959872,560.84283,129.60432
4.8458266,740.05505,124.165985
9.751022,2411.5312,134.33072
237.7276,395.3634,128.26094
36.69477,2456.1553,129.4865
4.3945923,554.7834,116.312164
15.894676,1754.4482,132.01682
3.5368714,876.183,125.15222
6.5218678,415.5246,122.34995
1.9766327,1330.5051,126.253204
3.6115804,198.66292,119.576004
1.3956212,536.3172,127.56945
6.114057,1385.0032,125.58793
5.6660647,796.15326,126.72851
4.805059,1487.2898,132.95923
2.7893233,2223.519,129.50636
2.1643474,1160.9087,127.83323
2.0773466,2083.6406,129.00734
4.908928,1686.152,125.77298
30.321245,1660.5256,124.95595
1.155244,279.26212,122.25375
2.032082,258.1485,126.30886
1.5641204,1835.4344,128.82527
1.0814604,130.64095,125.75804
2.347626,599.0006,127.321014
0.76257807,638.4849,124.83883
1.0486214,797.48706,125.83275
1.3959672,983.53125,123.20386
0.8204787,578.5102,119.74179
0.913542,337.99597,126.41708
1.5040535,508.10535,128.46552
105.62227,1194.0646,120.98111
2.4353626,1742.8076,131.92307
2.9119143,1503.7379,135.10527
1.0511199,669.729,126.3648
1.7535222,436.41678,119.55553
2.581979,522.41986,130.79362
1.2664076,281.21713,124.55368
43.20316,1519.8562,130.8909
3.7908611,694.90125,127.392944
2.0432398,156.17296,120.64648
8.666165,860.8607,128.87857
0.97540677,1262.6637,127.32688
1.2318356,822.62885,126.657974
18.698166,499.94293,126.43601
2.4209168,1229.2137,133.75955
1.655186,424.5903,129.03802
9.430221,352.9924,120.68062
9.132996,1838.0826,130.06927
46.86964,659.4198,126.772484
2.0352142,554.4392,131.84027
2.5964935,1151.7515,129.73166
1.76203,1005.6771,126.40785
2.131956,667.0265,126.45253
2.530458,964.3796,126.46333
2.081749,1117.1941,131.48904
2.325044,490.65118,116.97662
1.9834359,503.48462,130.79112
35.880524,517.5649,127.52254
1.1408358,294.8976,120.99551
169.01024,1184.4756,122.06412
21.597736,1197.2635,129.79411
35.87758,532.8781,117.36188
2.724636,1115.15,134.2821
11.256798,1067.3893,126.63802
7.838693,750.84326,132.39388
14.945251,1516.4774,126.50942
2.219824,1754.711,133.8711
1.0708348,652.1165,120.03052
4.0979443,762.4105,124.270226
5.8955235,1217.2256,125.91036
16.214367,471.16064,126.05483
10.277552,599.1987,125.84806
3.6850939,204.6528,123.24673
5.6299186,615.8737,119.664185
2.194445,1772.9178,131.80127
2.6924033,1419.0941,130.60268
2.2094069,878.6594,128.22205
1.4959729,682.92706,129.68985
11.847803,464.98965,133.79408
32.94826,478.3763,127.12229
1.2983738,274.2819,123.07612
2.4843252,300.1511,133.84364
227.78079,313.4226,126.46751
24.574324,572.453,130.1346
6.480733,468.54202,132.96086
1.345485,832.4266,125.404396
0.840475,81.32696,122.873604
18.27284,269.101,125.4383
0.716768,431.85632,117.040054
0.86825657,283.5311,122.6295
0.80597895,557.9729,126.06607
2.1175015,248.06944,128.6516
1.6002642,869.25385,127.05083
2.0045662,1003.29333,130.61197
0.90433854,566.6199,119.29029
2.3673599,1277.6029,132.1918
4.437443,1104.6307,126.006935
4.359183,486.44705,124.76983
4.060661,734.47253,129.74358
9.436176,222.44809,128.99078
10.379651,897.4991,126.54436
40.708443,71.51141,118.013565
1.4037496,517.89264,122.420586
2.9082215,1390.3807,131.67503
45.63316,1349.378,133.86493
75.61918,959.94977,122.27467
4.019823,1025.0326,126.11569
5.2563725,885.5535,117.46418
1.8191792,891.2531,126.16291
423.4093,858.9788,130.22107
5.026686,2067.4712,134.39659
1.9001814,1881.4226,129.70592
2.6012444,1978.895,131.99408
2.3022408,731.5186,128.00948
1.7949967,2114.819,129.63098
0.5235424,487.76453,116.4573
1.3685651,605.582,120.07656
1.008288,685.5238,120.60144
0.8569178,271.18356,121.714226
2.831159,601.4329,130.49052
4.285844,414.46838,125.74261
2.6087072,739.2084,134.61717
1.7982489,383.36667,133.11928
14.692046,791.2383,130.81645
2.1670713,1237.6208,133.33032
2.5676897,632.1389,116.20801
2.377924,1050.7954,128.9621
26.87412,1210.9363,121.801735
9.858689,1375.6915,133.44882
0.7650347,627.1153,122.74575
3.2752123,2011.4569,130.84035
3.3404813,1644.4492,124.85647
22.934034,579.7778,123.17304
4.6612797,935.11743,128.64018
1.805043,1360.3376,127.5518
3.0717301,1024.2913,129.80656
5.378148,1967.2268,130.34593
2.5954592,654.9948,135.38312
1.7873894,842.50073,130.94736
9.316992,932.3312,129.02222
14.169339,426.44168,130.4192
3.4016705,1049.5132,132.53793
26.98889,1367.882,130.61665
2.3534958,2312.5583,132.28212
7.366431,1341.6122,128.94215
3.9903834,390.48523,131.90858
27.781397,451.28793,131.03204
2.2487738,451.2025,115.49313
327.27283,683.1796,126.189545
4.9734864,399.43106,124.235756
13.744216,967.42065,126.54882
8.0039625,423.93567,131.1762
24.732653,835.3326,126.885895
3.5010648,436.9758,122.142914
1.6056656,927.9471,125.543106
3.646378,767.9971,117.74338
1.67072,1486.5045,130.0478
8.850491,625.5358,133.12602
5.0350676,785.731,128.87
52.92744,1498.418,127.19145
1.4023365,1079.3937,129.26463
11.403323,2131.011,133.48798
12.164253,657.01025,124.90787
1.7697735,420.0679,127.80941
2.8273482,440.5589,125.06201
2.1442711,1659.6912,132.59972
1.7702949,428.94867,128.34396
1.1871345,419.69165,127.73792
8.044153,948.827,128.80775
1.0098199,663.6864,127.70108
3.8564732,285.2961,118.29039
38.34861,2580.885,127.64796
4.785288,2013.3098,128.38506
13.696527,2056.6367,134.77373
2.1346917,570.9296,127.919044
7.1333184,661.91455,125.97687
1.5257405,610.45306,125.32684
2.3061314,591.988,125.136024
53.99751,519.904,119.60254
2.7767444,2066.2407,129.27945
23.31649,861.8807,127.37159
3.590972,354.79092,128.75822
0.83336544,172.37886,120.049805
16.89411,678.82697,132.60207
2.4345922,512.39,122.45062
1.9365273,837.54645,130.0013
0.96529764,652.62823,124.99995
3.0554407,144.21234,119.92887
4.4240527,474.08896,119.905716
2.0032127,739.9284,134.85977
2.0851,2255.452,130.97646
2.5016632,412.51608,123.42668
2.095826,431.12518,120.08946
96.0132,1081.1019,124.77721
8.665858,243.84451,134.6409
15.894353,491.30777,128.82516
4.402119,930.5773,123.30456
1.8232172,843.8452,130.31448
0.9444985,445.09402,120.8509
3.2774606,1030.4896,128.93263
6.0018854,354.2018,130.29448
2.1371987,822.4266,134.81572
1.3844489,452.52466,125.91175
63.3164,1167.3499,123.420746
0.95691204,317.06476,123.51025
246.88132,814.92035,134.84819
1.856716,1879.8724,124.98534
1.9627788,593.3439,120.62864
8.056112,566.8657,122.54652
3.3443615,682.3417,124.08169
5.1571736,1427.6674,128.53368
2.0077515,673.37274,133.31734
18.021978,862.3571,126.091736
6.320151,428.81906,126.56057
2.1273909,642.9744,134.64136
8.770829,2218.514,132.53235
1.0504367,761.05115,122.81469
3.1965902,1503.6201,128.91179
2.9916935,433.42816,125.94891
1.9340117,1996.9336,131.41881
3.3561196,723.3565,129.39441
25.22146,1123.4794,124.67848
1.7676146,432.8554,127.55744
27.434223,1501.2291,133.96996
0.7263005,280.01474,118.47121
4.422502,626.1799,128.74164
5.745162,1312.3422,126.58379
116.049934,331.19308,131.49257
17.311426,420.21497,127.49237
1.5797656,128.42139,119.625496
3.9165335,768.31305,125.3253
0.8135038,161.77377,117.90869
4.3853517,1121.0166,128.19624
2.5652401,459.3365,122.56668
0.87863684,64.40501,117.40007
1.5140523,347.86917,123.583755
0.7779551,653.8588,118.40333
6.010365,1472.7167,140.45518
3.1347394,901.1131,127.87271
1.2226024,596.30707,128.08691
16.639359,778.3287,128.90318
2.8136966,810.1597,129.36354
3.374321,974.1868,125.65491
5.506066,1102.9742,124.08788
0.90499306,897.0597,121.51322
14.449084,329.0902,122.71916
6.048727,676.32916,121.70626
1.8095347,1081.1764,128.11426
27.583961,551.3061,129.11365
1.8230141,419.5704,117.91972
25.845531,629.3843,125.24403
12.296624,623.1641,127.58411
7.5146008,1002.73425,127.78274
2.6542091,546.95386,129.01721
1.3743677,1014.0517,121.26907
25.480696,1561.2701,130.03952
5.7371483,662.9031,127.68521
59.126236,2200.5503,129.85896
4.1713467,340.2697,132.02823
1.156135,864.9367,129.85452
2.2018385,1721.1871,129.9114
16.362944,348.1656,130.2899
18.697252,1401.1761,127.35425
34.83031,289.6349,127.94901
2.3509822,1478.0685,127.744415
1.8338841,721.74286,129.8506
1.1459262,1045.2935,120.72798
1.2154198,1279.0474,121.12118
4.473172,571.96484,118.28225
26.117098,240.88618,123.44702
1.4473912,764.3248,125.55145
8.606294,1556.8984,131.97354
76.43148,588.05066,129.3845
4.9919577,1209.3856,131.41685
2.2711446,1274.8914,130.92311
0.8030468,143.79373,120.48848
17.564077,436.48813,129.02533
1.6119891,92.066895,120.942314
2.3309252,351.28165,126.3549
4.782865,707.9717,133.21872
3.524111,1845.7487,134.99242
3.7369187,453.00897,125.84204
60.105843,1213.9626,129.39645
15.104771,382.1214,131.15921
6.68752,1248.9946,129.42697
1.9713336,677.46136,126.45613
4.690877,1813.471,132.71143
3.0443597,2284.116,131.69994
158.46078,1128.7092,124.881966
3.9455943,592.6428,128.63799
1.2268686,373.2538,126.37175
10.988905,368.08978,117.25633
1.7924509,1266.4646,132.99284
2.2493668,463.9321,126.092155
2.3909009,759.2561,131.095
4.8510747,1100.1644,129.3567
13.386036,238.8409,132.82295
9.620659,1142.8201,129.0311
2.2778323,1085.7839,131.158
2.5772023,483.52377,131.22733
0.83397764,199.1477,121.07112
1.0835725,119.44801,123.9869
2.4005356,590.2713,133.21867
1.378213,713.26105,121.749504
5.543532,878.5033,128.1644
212.3375,486.44666,116.998955
0.8882504,110.99434,123.47621
2.0097814,769.239,126.894295
349.19406,1940.6986,130.94257
4.242728,1311.838,127.041565
1.5565076,198.17992,127.979744
17.49891,2151.4106,133.72514
0.8704227,216.79874,122.12952
1.919721,502.10342,129.28229
11.182569,786.09503,123.186745
1.9492565,1597.8177,132.62743
4.603561,1614.3667,131.36629
0.8121234,637.0806,122.08709
2.6180575,1947.849,129.73608
2.1449554,801.4579,131.51334
6.8744435,733.7395,124.138466
0.9900917,329.74023,125.78143
104.71543,453.42618,131.59482
13.778241,476.61514,129.40051
4.9481544,1593.3088,124.95362
20.170061,454.96243,126.59998
1.4489304,572.6613,121.24265
9.686739,995.33856,127.40047
5.838333,473.0045,130.90233
19.205893,1073.5409,118.34948
2.4827502,628.30786,125.274376
4.167055,961.4517,132.18562
13.09001,210.25182,124.34255
4.173697,856.48145,123.61496
2.8283072,1072.5481,126.909935
7.614417,1042.0084,133.88237
3.1262846,2679.4197,129.97874
1.3659385,507.28125,121.51169
181.16524,620.99506,122.67623
8.726081,1922.4854,131.55116
1.0103288,777.4114,126.2258
3.0516098,1884.4728,129.64584
0.711462,266.80188,119.22501
5.160424,507.0723,134.78969
11.016609,806.4586,129.94226
12.268207,908.584,132.3037
1.6983659,463.2894,130.27345
0.92145395,241.73932,121.18318
0.6968767,129.9308,122.491684
6.3312473,729.0822,131.48262
3.0071595,1467.3284,128.5818
2.9378662,2181.8557,127.011826
10.212897,1171.4609,128.9582
30.834316,944.5839,124.79657
0.6101847,393.4597,122.72161
7.153825,586.74475,124.5191
1.3138329,366.6162,118.9132
13.246587,709.1334,122.0749
8.877643,1689.1991,125.1319
1.3367827,158.5333,127.2635
6.40999,700.1365,125.913284
10.106915,445.76434,121.33727
1.631704,1467.1569,125.66997
0.9628778,783.5072,120.93125
5.4867797,409.39996,127.21225
1.1458242,505.78522,126.525536
1.7191405,890.2255,132.88943
3.2680173,246.59407,131.20009
19.165092,414.82504,132.13133
2.2948186,1253.3926,126.09422
3.2822833,120.298164,128.21587
2.697408,1721.2434,134.24266
1.5367457,897.959,121.45816
31.680195,932.0961,128.49529
9.430161,86.47828,121.58204
1.1638623,771.24274,126.476204
6.581569,410.32867,131.5416
0.9243505,852.94073,126.15681
7.4917974,699.0633,130.91621
11.275458,1331.1759,131.11456
6.246464,369.7915,129.89528
0.9461188,425.52728,119.75824
3.1465712,1858.8474,131.33533
2.192242,453.9666,116.69825
3.8513527,314.364,123.22614
40.060402,963.44305,131.34177
2.8380785,260.39737,124.94524
2.831733,396.5885,125.270935
3.3654327,189.74226,124.96878
19.779438,365.06934,123.9374
2.8409395,814.61,134.74792
1.9701837,277.1542,122.18457
5.9431205,409.542,129.46796
1.4876941,653.9779,120.1427
1.6848907,1170.1349,130.22464
3.1439793,996.10486,129.63216
8.185786,1373.248,132.51813
52.21249,254.94922,120.11339
1.3808533,230.4671,126.775986
43.166233,646.6185,124.52757
4.1981387,2070.2375,128.95549
2.4573877,805.2322,127.15581
5.5795174,514.6828,128.10594
2.4808853,1553.7427,130.5685
1.8904839,1007.23425,128.19304
6.0476875,1902.1423,125.376656
5.02166,1902.5322,129.80948
267.71954,680.3538,132.23796
12.771524,637.85626,129.62192
0.6215591,565.47375,124.43868
7.097636,1088.1627,122.51902
1.7274293,469.8253,123.90644
2.0736878,190.71376,131.06648
2.5126216,872.79205,127.033424
1.6881703,815.875,128.38539
1.488244,643.35077,130.67062
358.81223,1141.9315,133.45303
14.992486,834.27625,134.29416
2.0321262,578.037,123.43747
3.4065168,853.4665,125.06596
2.8216977,441.33026,134.24048
2.5838058,1602.181,127.186
8.4294815,1232.3329,128.46507
2.5423248,1609.3354,131.54599
1.2022622,950.4463,119.13129
15.562554,1492.2609,132.9773
10.28563,250.02374,119.15677
29.313623,710.7545,129.08101
2.3153944,1365.8024,163.62895
0.73522687,189.908,120.37657
31.790735,543.6318,123.37552
1.9284133,1015.5489,129.98457
62.28735,668.6717,127.87811
21.118525,1120.1396,134.90947
3.2580812,765.8107,129.84424
1.5830247,626.8761,125.85755
11.295146,1634.7869,126.06895
41.1301,1240.433,135.68437
1.7265953,810.08606,130.22206
7.1226296,1177.54,132.82965
0.9017645,451.4516,119.14805
4.9559684,403.81097,125.26667
5.035861,238.1216,129.2944
7.9342237,1240.8832,130.71803
4.0588317,400.46762,124.66935
2.3048234,853.39954,118.64234
1.4477528,798.74255,123.47006
3.4047077,936.5726,132.62306
1.4580493,97.979485,121.08676
2.1767569,248.70015,121.41768
22.690449,213.00175,125.13474
0.8495784,240.42389,116.70039
1.3533263,1546.5602,128.49677
66.318275,1986.7722,125.63834
2.3642838,720.2476,125.0393
2.275393,924.32526,128.89055
36.94704,289.65332,124.79673
7.0817795,418.59,130.35423
10.555803,1406.4558,122.88428
5.0949574,273.43985,123.07385
3.0014117,1306.4398,126.61239
3.3748791,1882.9949,134.03412
26.54085,1161.8715,133.46916
10.071558,493.54538,129.66888
2.8369641,969.294,126.771194
11.672629,669.7187,126.24363
177.76405,1433.7678,132.64398
10.774107,1172.7181,128.78508
1.7769685,1042.5055,130.39891
2.2767859,405.8251,125.43808
46.4429,1842.9719,133.54251
13.652037,2387.997,135.62769
1.8996075,850.1468,119.87331
1.6870341,697.2979,129.04625
9.196592,928.463,132.30225
1.8912022,1309.208,132.44907
12.684389,424.027,124.90385
5.280344,1841.7904,124.95586
17.346684,1402.7069,129.31302
0.44609788,631.7435,113.15108
9.172925,716.2598,126.715996
8.664537,976.61694,133.70294
7.457773,443.09836,120.24705
1.7193825,1862.615,128.73376
2.4606636,792.2572,126.93655
41.388508,1850.7085,133.8993
0.774498,410.0764,125.263954
0.75112516,1010.5359,125.25083
1.837376,949.8274,129.36656
1.0230217,454.04572,117.8997
3.7598739,1833.7544,132.9669
2.6510246,1587.3505,125.61344
0.78208077,224.42447,119.29031
7.949497,2052.821,133.02794
5.470253,752.9474,128.00664
13.901067,1386.5803,130.12823
13.693497,2647.42,128.61446
7.1344504,1303.8892,126.65205
0.9064949,872.08734,123.090645
1.548586,1880.5481,130.65852
1.8316066,380.72305,126.39406
1.5707263,1436.3292,127.289085
2.5899768,961.6381,124.75038
1.2820638,508.07397,122.64387
30.233198,839.8321,132.98466
3.7751443,755.43115,125.14499
34.85839,191.05887,129.96971
6.1640544,554.86395,125.536156
19.697767,1388.5851,131.09361
1.6447853,154.63707,120.28686
1.5732037,1052.4973,129.51518
2.8763757,596.7191,131.63652
11.7655735,889.04755,131.95085
5.1046658,1303.4705,127.72975
94.12851,495.2058,117.11449
152.68343,1012.7505,127.73945
2.0526087,365.21735,125.41474
2.038152,368.7277,117.371155
1.8142208,433.4194,123.99389
1.2931057,1158.4025,127.82888
3.0551302,510.774,126.8488
85.48595,244.46083,125.71581
11.060481,620.61566,125.89309
73.22935,410.94122,126.20794
3.3250735,1359.9226,133.0948
38.12461,330.63458,124.73113
4.040542,1148.7621,132.49753
1.2243763,874.9046,126.3052
15.866301,762.9212,122.1822
46.060013,824.3094,133.74948
2.2004857,1382.9255,129.09912
1.4334615,1382.853,126.70032
12.23527,420.84872,116.26439
5.2603097,1078.8716,128.88564
5.287929,903.3543,128.60968
66.74978,802.624,133.28406
13.3497505,1639.0815,126.0577
14.072958,303.7242,127.891365
3.6564472,1684.5825,130.41544
1.4367088,1335.1282,127.42234
9.401408,545.0281,125.91222
1.3317295,837.67896,127.10382
1.9071313,1139.9188,131.7731
1.0150431,476.78848,121.99496
1.4847943,237.88261,131.4301
3.6883998,1807.2814,128.3487
2.346664,1956.5892,129.51727
11.710562,575.6108,125.36301
4.1880827,1903.2748,130.50287
19.630522,392.77716,118.40767
13.309904,388.7664,127.82695
10.072836,1889.4364,133.58514
6.2113457,284.5016,125.35335
5.088339,293.70413,122.21815
1.8678257,627.63104,125.14559
2.1512308,1960.1571,129.98848
2.1853502,348.66702,123.4171
244.48268,892.37885,134.96844
1.6260339,317.70798,120.92035
1.4027913,501.319,127.18481
2.4010568,638.69995,126.725235
9.004499,1699.4814,130.15083
2.4709437,2020.6338,125.73722
27.043734,2074.3635,135.38278
12.477307,1131.2867,131.85938
1.656769,442.39096,124.30545
5.4959235,1285.0765,129.81029
1.4998238,710.5822,125.14723
2.4141808,1992.273,129.2093
2.2453969,1616.0621,130.19177
6.8638053,1412.141,128.12027
1.1860536,160.3212,123.656975
0.8847108,732.51996,121.10735
2.4320552,1308.4889,135.01851
0.934293,83.78407,119.119316
1.6908438,309.47824,126.53754
3.189501,1381.9675,131.6335
1.6693213,254.3069,115.04087
157.03969,156.28326,125.42418
1.5088993,394.8903,125.8842
2.1563146,581.81665,128.3231
1.8827155,116.0616,121.199
0.64877534,90.50991,114.63767
4.1313825,684.8716,120.842575
17.254799,482.14322,131.63768
96.94609,229.52676,115.51361
1.3872132,1344.2183,129.57721
2.296228,498.2345,124.900475
1.7434003,404.06848,122.18235
2.9760628,148.90231,127.962616
1.3590729,620.5838,123.85263
1.6387998,736.1472,123.91926
109.91466,199.52913,120.99546
2.265021,1445.6489,126.61073
1.9582531,2098.9336,123.19337
1.9954616,1122.5308,129.45433
2.1053433,348.4416,123.20163
2.2304506,1725.6425,134.16537
2.5821316,64.50107,116.65997
6.763571,813.5046,131.72905
9.334278,1406.7611,133.2783
1.2071447,720.39484,123.29891
1.210223,958.8462,125.91572
3.1848269,532.80255,130.41905
2.0714831,1947.475,134.73953
2.6755655,1121.5667,132.20235
2.533192,742.6786,120.07741
50.687473,263.05844,115.55675
5.3563747,309.15942,134.55641
9.505906,597.12946,124.18616
1.3427732,853.9174,126.06547
4.164637,1446.372,129.74788
6.264604,626.6855,117.993515
0.81899697,96.41904,117.04368
0.75693977,281.21054,121.96825
1.1616111,380.08588,121.79743
8.607718,1484.0809,133.33627
6.0951056,193.82466,124.88291
1.248466,733.14453,126.60464
2.3616471,2291.089,131.14929
10.408239,1719.987,134.36105
14.887203,804.667,130.48637
2.5628648,653.4013,135.49715
6.3346977,2428.4006,131.87953
4.038113,178.12741,124.93954
2.0342448,967.1829,127.59316
1.6117951,1223.8219,132.42181
1.0248263,360.70215,125.66994
26.202312,1157.5122,131.4769
1.6738162,974.65265,127.47683
6.4541874,1085.1915,134.32983
2.1083581,826.11,133.20494
4.522584,428.34274,127.74467
25.385775,541.525,126.79922
13.306143,1214.3053,132.37794
1.4712403,884.42523,130.05542
21.90283,207.6571,130.56555
2.474278,620.99884,135.1622
0.5561359,542.27515,118.90513
68.54688,1589.6198,132.676
1.9751407,2335.7236,130.32341
3.919021,774.13477,129.84193
17.260784,797.85376,127.73235
1.7659303,599.07947,129.03516
5.2275934,1084.6085,127.05731
1.4853499,375.18652,119.58652
15.701441,995.8516,133.86328
3.1860082,201.0271,119.87863
1.5593604,683.10815,131.51381
1.6823858,1727.8508,132.99628
28.381231,392.81,128.15813
7.678485,1303.9355,125.152534
14.705902,875.21185,133.09984
1.5802326,807.6253,129.92934
2.4116433,971.9678,127.52706
1.8373682,674.8483,125.94582
2.6685343,1281.0133,126.87374
2.8312523,838.3402,129.49962
0.5795053,513.43835,123.32147
74.123886,682.3506,125.9803
6.8220267,80.560036,120.347916
1.5939728,531.2697,130.43144
1.5510155,576.30664,125.35228
1.4289671,425.10434,128.30023
3.7684674,371.36255,126.39178
5.0238957,932.8695,124.701416
9.598632,516.0646,125.35031
3.0262764,1417.3392,132.73557
5.4453917,178.75499,123.230545
5.0242825,1012.266,132.49365
8.763278,434.9674,128.82776
1.1889852,180.06952,122.825096
184.54134,554.45483,122.52045
5.284835,464.79102,118.459206
0.66220605,449.90546,117.160164
8.334935,131.42073,123.951294
55.198017,366.4185,127.54362
10.240689,1617.3016,129.30057
40.731064,710.6511,129.04477
2.6159751,3091.8164,132.11467
1.4705894,950.39825,120.35865
3.468483,571.9275,128.31285
1.320279,1520.1272,124.76773
1.9927105,1385.2141,130.20775
2.5507872,770.1804,127.36859
2.8479135,1533.2075,133.79546
9.183209,2306.1033,126.09758
69.16895,114.8881,128.94136
1.4298316,828.88904,130.67906
16.86159,731.714,133.73364
1.4547561,609.43604,122.6897
6.3117356,1211.8728,125.64486
7.4204335,1233.709,122.955
1.4763141,706.6255,126.387794
6.6686134,858.3667,130.36935
0.9430683,376.85474,125.5852
2.6763499,757.29706,129.36703
1.5933344,368.71436,126.57115
311.7389,481.51663,131.43102
101.54612,2088.1042,129.82578
1.6900171,1847.2627,132.49849
1.5592715,263.17798,119.22548
2.886634,554.47363,121.988106
2.9730327,843.8622,133.59792
33.90873,1016.7547,128.67659
11.404919,580.0441,125.03097
93.50754,1022.9708,123.23094
0.9447747,605.5561,125.84048
3.2721264,1044.41,122.95475
4.5309176,1412.5204,132.92262
1.6234381,1735.9409,126.92429
0.80986094,578.99835,123.09212
7.9670744,290.65918,129.41568
1.2789665,193.83173,117.71478
1.9316791,943.72736,119.77507
54.35684,1065.6952,126.160545
0.47418416,520.4714,120.76853
5.571218,655.62476,127.27431
4.277725,1203.6082,132.50743
10.409781,1102.6095,129.77222
0.60445535,635.2419,118.49495
73.47242,130.47287,121.87216
2.8244066,185.03625,126.964966
30.740227,421.06662,121.27136
1.1764319,449.4644,124.6463
2.4612024,1955.2505,134.14284
1.1419154,402.0936,118.631065
6.009938,778.79535,134.07419
2.2800744,984.82025,132.09503
1.9429941,463.4317,131.0285
1.7194126,1168.6467,127.80596
4.477886,1726.5604,129.77254
325.33273,314.84293,130.32155
70.146095,1488.8942,128.2769
3.8863287,2217.7236,132.69774
1.5716186,1835.003,127.925125
1.8499867,378.39215,128.94855
4.9842453,761.50934,129.3739
11.365496,989.20636,130.55507
0.73521566,531.18567,115.243286
1.4903741,730.1378,124.87445
1.9295986,308.2689,118.01601
3.036745,2211.4028,129.99355
15.781806,2746.9666,134.91884
3.4851522,506.74237,129.18192
6.462102,1340.8312,131.51585
2.0052207,177.60693,117.29578
17.027092,216.17851,122.72076
4.2307324,1181.3884,125.72928
10.170209,1473.9674,128.81876
27.227781,1462.6729,129.03574
10.617999,503.3805,124.85663
20.500149,906.0949,134.41992
25.4019,1226.9241,127.823555
19.574726,1593.8628,135.06393
2.4844215,1568.069,132.46689
0.81547195,291.96774,120.63354
15.396574,1899.4905,131.97844
3.7827969,707.9349,127.98133
10.066667,257.1569,124.12222
2.7015963,2752.9958,132.06079
3.1151395,1882.5782,135.39235
0.53545403,345.25732,114.71436
5.131725,423.19986,132.83095
118.12105,950.18726,127.65993
1.6186312,371.38702,124.05072
0.82825094,146.31076,124.364006
2.1760132,734.8421,127.29044
61.176647,179.47838,121.962585
1.5874966,306.99228,119.04517
0.61624044,422.2022,120.58282
2.665147,458.10437,128.70811
7.919256,819.32007,129.88713
2.9535298,1164.3071,131.53912
2.449958,482.47513,132.91869
1.4485818,781.6719,127.61728
3.2083395,1962.2527,124.61523
4.949847,1627.3191,126.81858
2.219229,846.9841,128.17389
3.367573,560.53516,133.21121
3.0549004,885.7805,126.492195
14.1191635,678.9414,130.97745
2.0559974,364.49796,125.003296
0.70403236,252.83247,122.11791
1.1987578,896.38965,120.68586
3.565979,877.6642,122.06277
3.3846588,581.3265,124.20545
5.524617,255.96863,119.871
13.294097,2165.1301,131.49022
4.109692,302.43796,122.777176
19.036747,597.5572,131.55814
1.9989914,1113.5623,129.408
3.8107314,413.36475,122.344246
23.461868,496.143,126.88375
134.75128,726.40173,121.07878
1.9643446,614.8494,123.31372
1.1046816,174.12383,117.188255
4.0146666,1692.543,128.45515
0.79369354,363.53635,118.788826
3.4448535,147.48988,129.09142
1.347393,1329.68,129.07668
1.306454,526.9647,125.90005
8.02314,436.27402,132.19063
110.28378,1387.8086,127.79031
2.1624494,646.2874,122.88931
1.9630154,1571.6028,134.53435
2.2783384,827.1506,129.60919
1.0874028,235.28801,126.58022
1.7376446,2031.0421,123.83678
15.719851,276.1111,126.042625
1.8195504,537.54456,126.15749
1.8813026,1027.0688,127.79425
0.77105147,308.65417,121.932205
2.2597811,428.70053,126.09334
3.712951,918.30566,133.21017
48.566532,471.34592,128.10118
47.89063,242.40385,126.963036
28.046135,1090.6985,129.54057
3.6963346,1146.4686,126.654396
2.1883972,817.4281,129.2377
13.605032,772.40967,130.1693
4.6275487,741.7749,122.77495
12.477491,1005.245,133.58827
0.7319381,43.362297,113.05586
1.3030629,1083.6085,127.87951
1.9299933,233.25208,127.688835
5.011287,357.3135,130.83629
1.1537374,571.6102,126.33555
32.08985,365.44574,122.64866
6.750463,152.34352,119.35734
1.8310469,493.65152,130.12685
2.898322,425.5419,121.91356
5.903502,1815.4221,128.06337
25.198742,596.28217,127.974846
2.1450753,799.7838,128.85957
3.7050943,170.94896,130.9218
5.545247,1928.902,133.95212
5.333792,952.6883,130.22359
17.781702,1995.0706,129.03973
2.9810154,457.00293,134.37326
2.0076067,346.2304,128.1279
2.8756645,569.00073,133.8984
24.276577,2341.43,130.64021
22.700409,495.9652,121.47543
1.1420314,632.9609,118.43963
1.5563763,1071.098,130.58926
13.249565,702.59955,131.85342
2.083655,947.63916,131.57253
1.9026203,1201.4198,125.910866
2.0255845,796.89,124.08242
2.9509828,421.68268,129.93137
1.2850264,744.6647,120.98241
7.213579,1341.0007,130.41486
2.9700985,878.9993,120.92632
35.760067,857.1247,134.60667
1.1007452,826.3474,122.74196
5.986416,1024.1124,125.86599
1.7649128,1774.6422,128.40604
1.8269454,1069.7571,131.15565
1.1577791,476.29938,120.974106
7.1729746,850.3682,128.20761
2.9400308,487.68808,117.67405
1.0715721,226.52158,118.68271
2.0083666,198.93317,117.19455
1.2935579,1096.3651,125.0043
1.6114204,1171.6184,130.55882
1.5586934,465.73325,121.79938
1.1495123,236.87018,126.50762
2.2744005,197.38242,125.21955
6.1226935,792.01416,125.91657
1.2992773,1015.24744,130.23549
128.28307,652.9492,121.09935
1.1955154,389.90228,127.81611
1.6259271,712.5603,132.77484
20.784088,233.53406,124.47361
1.5415573,1145.4962,122.48038
9.140097,194.05997,124.03591
2.7493124,1058.6594,135.24117
44.812416,1960.9976,130.70592
3.9068785,378.24277,126.64894
8.435594,1164.0132,122.99476
6.7107015,307.38718,126.648766
13.022882,757.85443,122.87453
2.1406724,328.087,129.00648
2.8326616,2616.4202,132.00916
0.7573033,183.32968,123.079025
5.573782,3058.9263,130.0799
140.10544,850.53503,130.33928
2.313132,443.67453,123.7794
12.724589,1588.3118,131.00813
2.7611613,727.2766,131.29887
2.0758638,618.4545,122.395325
16.785946,735.17395,128.82448
2.0578852,1420.916,128.8272
10.419139,537.72986,127.97296
1.838834,411.0946,134.0966
1.0294542,496.69025,122.995674
1.8141234,816.0791,134.42058
2.891191,182.27376,121.6887
6.8983774,1645.8699,128.04932
2.2775278,1377.3342,132.087
0.5511389,113.93774,121.953316
0.595251,349.89062,122.78223
8.0111265,680.7319,133.73526
1.8180702,1547.9993,129.8291
6.4041977,573.0772,125.06577
1.5443519,555.7121,128.64282
4.8432446,274.7364,126.35167
35.178978,502.74994,126.91256
4.8771796,1452.5421,126.73619
177.53761,506.2989,125.744484
127.08179,188.89427,121.331436
1.4465722,641.5335,123.5122
3.246021,931.363,122.98219
1.7923772,221.31967,127.87759
2.4974449,907.2566,132.96759
0.6377522,39.14699,120.8155
152.33136,184.25867,121.90455
186.89404,777.7618,131.84032
8.502387,175.74365,125.081726
3.1850772,893.7984,125.40985
1.160359,1289.546,127.12647
0.7428497,382.66928,117.12148
27.390554,853.9768,128.53122
2.216501,373.41724,126.351685
0.8916799,209.74706,118.502304
1.976393,1386.1879,133.3073
29.487904,515.8624,123.7671
0.67041546,88.51465,117.35435
3.1321375,900.05975,128.19817
4.9020314,2029.7949,133.40512
9.345816,754.1725,132.95683
96.503395,637.0969,126.62222
1.0650028,1030.7365,123.68356
3.3585489,485.11807,123.63002
1.1183704,383.05307,118.9846
1.3660109,1294.8795,124.62026
3.3864143,763.2049,121.28529
1.9371611,2478.154,132.97456
0.5564846,365.81778,116.98272
2.0499277,866.93024,132.46028
5.797771,2244.0825,128.99498
4.10042,319.85458,122.8676
4.579529,525.748,131.19482
190.99725,461.826,122.53258
42.045177,1430.1294,134.41345
9.898406,452.46576,134.16277
5.4188404,176.62779,125.39597
14.711506,1925.0476,132.1419
7.231638,1293.4677,127.67101
3.3517454,350.74222,129.63924
1.4448197,915.65094,124.55234
2.5691473,679.28784,124.62791
7.9934506,918.8793,127.31364
2.6079557,2220.6733,134.54271
4.8273582,1823.016,134.05957
2.9729838,731.62854,123.48583
1.833785,536.5794,123.030945
2.0079317,1113.0121,128.19258
2.2573118,725.48285,130.85004
2.8329146,1537.4982,126.598724
42.744717,2558.8337,134.15028
2.1680093,354.64584,119.384186
0.66543555,277.10367,123.858116
176.84558,1559.5234,131.82373
1.4013294,409.8538,129.92056
1.3205397,941.2745,125.88719
1.4056766,774.24005,121.443085
2.7333345,154.88766,120.85319
5.828007,948.48303,132.7031
6.5068073,1843.5409,128.26353
2.173209,563.9437,122.325584
3.3438776,733.5342,128.96556
4.332699,1936.5197,133.51756
1.6158049,483.25925,126.35585
2.2809606,676.1638,129.9517
0.7599085,261.90762,121.30712
102.921524,381.054,119.60046
125.15914,1924.973,131.74611
11.321449,1276.1945,125.84744
62.28694,510.50504,130.67577
2.3372614,1739.1104,129.62486
0.9723588,771.6623,119.17714
13.077331,753.5981,127.83784
9.166027,1648.054,128.59619
3.4240224,624.9395,128.9456
1.3751247,1110.2123,129.11029
4.7389216,438.08035,129.96591
1.4148554,812.30804,127.16348
1.1556426,688.2469,126.02175
1.9325943,489.83148,117.887405
4.9714475,1015.71545,128.56761
4.108697,578.7512,118.935165
0.98166955,583.1977,120.327545
8.834578,451.29062,130.84595
3.0980146,165.01337,116.73785
5.3754897,243.923,118.59869
3.3170834,153.30284,118.902504
25.664726,1449.2458,129.12697
4.1937094,1569.8737,127.436935
2.2170627,628.90344,133.92775
1.2411373,565.5527,120.33749
1.892507,1496.8456,128.7005
20.405218,1004.43695,122.03027
1.2135756,307.44797,127.69079
8.224215,986.40674,130.22118
1.2386148,311.3891,122.070694
0.7453558,472.29507,120.099785
381.838,680.8634,127.10287
3.1188915,1635.0188,132.80226
22.336971,1602.27,131.21796
4.644589,173.28822,119.402954
8.348503,884.22314,133.07523
7.083894,713.4936,128.39622
2.835335,747.93335,126.06918
3.111913,374.9233,128.67862
1.7340719,365.0433,129.44495
7.804319,1155.199,126.32579
1.3028942,228.81729,126.0825
43.166885,2241.1985,133.33432
1.6410947,303.55112,128.01512
8.3675995,1323.2405,124.58174
5.7070923,260.07706,133.70236
3.3856924,531.98413,120.08464
0.5742837,221.33287,117.76599
6.587911,1026.5524,132.01596
2.7124553,1442.1213,128.38013
27.388273,1541.2196,125.71317
4.4380364,244.234,126.510056
2.0073872,176.38638,125.25466
121.43296,427.12845,125.80633
1.9560677,1086.6736,129.05348
1.1436665,1328.3176,124.89365
2.061404,951.84283,131.9943
3.920869,289.83163,115.07705
1.0197209,669.6596,127.19113
5.814265,877.88824,128.25801
3.1569831,1632.8229,132.58707
1.5673947,270.2666,122.168755
0.97623384,898.1756,126.76984
8.602098,594.3223,120.0646
4.6607485,929.514,130.60803
1.3963794,314.58408,128.02783
1.7541568,30.782839,123.64205
1.0100548,955.6479,123.55872
12.73012,352.5785,129.84026
3.4383087,1482.6486,132.15536
5.2102265,1516.6577,129.4423
2.5535111,474.81412,124.245415
1.8865441,486.00977,129.28233
1.5271084,1402.9666,128.22519
9.897047,757.1655,126.195175
405.2385,2841.281,132.91814
4.0555644,647.4488,124.17636
21.259819,1344.2872,127.762344
1.6007247,356.99554,118.69953
0.82330686,251.17456,114.01656
12.154207,261.25708,124.490555
2.806097,920.90314,134.47952
50.775864,531.53955,127.3336
1.3674147,338.15445,123.52038
3.6273217,349.05383,131.16708
1.2457998,318.45096,130.65254
1.5405055,1536.8954,128.86336
2.6669443,742.24567,128.27477
3.2060924,1133.9664,131.74487
2.6600282,396.78137,128.64503
2.9291234,441.5412,126.53328
97.084496,802.30963,127.606384
0.619746,225.9893,117.293816
2.2361271,321.69827,134.20573
12.449969,1049.53,127.63433
24.720798,519.60754,123.8878
1.5896136,229.92499,124.28665
0.893266,337.86923,124.67325
9.694261,1321.4059,125.52322
2.7535295,357.0115,127.40443
3.1918874,2783.579,130.78082
3.0498462,651.14984,130.46895
1.2548975,222.23988,127.82356
0.96150225,379.41425,120.52168
1.8406307,213.18716,124.80841
46.014317,1401.6868,130.44652
2.7096875,401.3631,134.16714
1.0535971,936.127,124.8901
8.303614,2009.2096,132.91566
3.0838342,715.40344,131.81018
5.151419,749.8212,134.41852
0.99478495,437.0909,122.631134
0.891503,454.44464,123.46854
1.8592083,284.71912,125.76483
4.252259,653.97894,128.16956
0.86694795,362.37418,126.29921
0.7328789,454.45868,119.78929
5.238667,1114.0854,124.0658
3.715935,527.2952,125.77682
2.7959766,840.9468,129.7158
8.2376375,526.52185,119.91342
13.821609,1251.3843,127.94165
1.2614352,500.50955,119.60652
39.34641,703.4098,117.50965
1.0279491,253.91028,123.68904
21.461985,410.94513,133.70392
2.1251848,458.09402,121.220276
3.8254132,908.9087,127.9504
2.370518,1610.5704,131.35022
1.4793478,332.00967,130.07231
1.6730485,431.47983,124.833855
2.3982332,618.3335,125.255714
6.8974714,740.57935,128.27644
9.879851,596.22577,123.31258
24.244926,637.23364,125.85589
3.4299624,406.79825,129.34827
0.7793035,158.96129,120.12964
1.1541343,70.08331,121.2028
2.5977943,1137.5297,134.8429
1.5244462,220.41093,118.13956
2.3518324,613.7502,133.6146
351.10837,1885.8408,130.72029
4.2584367,1114.1863,126.99134
1.7868047,408.74832,126.75971
0.94356275,781.06396,123.592804
2.3665135,434.52023,120.665
2.0110204,1402.2029,132.96432
4.073724,385.54364,123.74047
1.4995542,444.89856,121.879845
12.027065,806.9122,126.146866
3.2400908,342.93314,131.96179
2.763816,766.0869,129.49858
5.4788713,968.42426,126.107
4.930105,133.01561,125.67408
1.9153572,918.8562,129.80319
1.0924109,363.52936,122.48286
0.87353384,462.42813,121.42556
7.4566703,2233.293,132.25629
2.9756832,999.96014,129.19684
2.197025,716.2508,133.15826
1.8598195,781.9569,131.71904
3.775552,1421.5826,127.05371
11.897342,1243.2681,126.17584
1.4100955,818.4359,129.75082
8.860877,599.2426,131.92789
3.3800354,1030.4562,133.21053
5.416237,819.6623,129.98242
2.8552647,1129.976,128.72324
0.73849934,623.32355,116.925385
4.398451,705.0852,128.32585
11.656984,545.63495,132.53534
1.1376014,347.23944,117.56735
9.091486,753.29297,127.07465
1.9497513,366.25385,120.67252
11.9308195,1146.4052,124.35912
15.7932415,742.4583,126.254395
2.7161028,1437.3049,131.21149
48.208176,1819.3292,133.3799
3.1252797,434.2311,124.471504
9.907373,634.6264,120.6167
1.592746,419.88284,127.81296
0.9772574,621.34174,118.479576
3.2504075,208.11212,128.24428
6.045617,660.52875,124.026344
2.5665157,841.232,122.06986
2.1573286,1695.7708,124.74982
0.7081959,494.99918,118.02553
1.2309816,612.7842,116.52617
0.9675702,388.39047,120.862656
3.913745,1359.4172,127.60351
4.620347,678.10785,126.63682
52.897556,1892.8695,131.78217
2.9624233,1713.8728,127.543625
2.2770925,1566.1134,133.50208
248.26921,655.6038,126.55717
16.548828,1260.3402,128.02739
2.6426423,610.73047,120.425644
13.67842,469.94925,127.78855
1.5265856,472.15594,125.24536
16.871454,1170.7905,133.09811
0.98528284,663.4586,126.95849
1.7756587,469.73212,131.71614
1.7131798,348.59775,122.8554
3.2437365,314.11758,122.15208
0.9950163,310.26434,119.93462
1.9939798,1141.7372,132.86003
40.219376,1279.6976,131.16684
2.561879,596.16626,125.98936
57.452705,838.68427,127.32513
1.0908973,170.6122,125.32457
109.520424,2345.403,128.1981
4.17406,586.7777,122.16822
1.9048495,614.74817,131.77164
4.8004,2158.8955,132.76945
2.0208893,734.3806,122.247375
1.6825641,712.1369,128.1922
2.121438,315.69177,129.26216
1.9518931,857.1944,122.007645
12.474683,2544.9797,129.79333
12.116557,548.7744,126.210526
3.8216996,1634.1559,132.93503
2.1351888,784.81335,131.39272
2.2765775,624.6612,134.05563
47.67069,1441.7184,129.10011
47.635624,367.9049,126.2864
0.71328455,492.5508,120.10123
16.48874,271.28772,122.366196
3.0578172,2049.2773,126.3309
1.5386169,701.4384,128.65927
2.0622153,1322.4127,125.70698
0.8295418,97.23055,118.63382
0.6780851,92.70442,119.7593
2.573273,510.80402,126.277725
1.1989753,963.5133,128.07312
3.748194,907.9114,129.26622
1.0302705,621.5631,123.30819
1.8275975,125.96098,122.52545
45.005146,1158.9686,129.82063
8.335302,370.2957,122.21476
6.291211,1018.8233,120.35905
18.897387,874.71716,131.06572
1.0496055,203.77713,124.42331
2.4198382,1101.2671,127.51763
6.898243,150.24564,124.19472
3.2444363,2696.2021,128.13858
0.62260795,113.98558,120.23784
0.98458457,362.70663,128.24625
36.61198,141.69351,121.033
0.77782965,326.29172,118.113655
1.9243778,341.9074,128.3338
3.1417334,917.54913,120.48684
1.0269651,302.8231,127.63275
5.9609942,604.7924,132.65358
2.6733127,1353.5741,132.59126
2.753367,1996.2843,131.70094
44.159073,730.4477,124.94692
3.5458345,1304.065,123.57137
1.3565919,552.2958,117.232254
3.860173,715.57446,125.67346
25.210367,630.4133,131.65585
3.9991076,307.43802,128.80475
4.441315,433.7846,120.55342
4.7257094,1005.20526,125.96821
1.8616898,1383.625,130.79137
2.131224,1460.7192,130.37811
1.0897453,663.1742,120.05692
82.094864,440.04648,123.02141
3.223796,552.84125,131.38174
0.90112317,143.60733,122.339485
1.5092127,591.4021,126.93673
4.9013023,295.655,131.467
25.893911,3232.6538,126.15806
1.9883456,708.1216,128.54779
96.88755,208.74554,123.73559
3.7047894,369.25928,129.28854
0.8037717,796.83514,123.91248
33.227844,392.74072,113.882545
15.171841,594.66785,127.73344
6.9998775,950.91547,131.5005
1.9744285,278.45322,124.44293
2.732853,2372.8723,133.90709
17.524437,1439.2073,124.352844
5.262687,475.39896,134.52058
2.9370666,1648.3115,125.575905
1.6352342,2192.2944,125.57094
136.93152,379.5656,126.05436
1.568958,606.9756,128.54323
2.0651507,344.93835,123.80309
2.135738,723.9695,126.61213
1.1877346,1250.806,121.42797
2.620542,186.59016,115.888176
4.7205086,1816.2461,134.05278
0.5773883,476.83243,121.85557
4.242185,533.66876,133.12286
1.1641191,281.59894,124.89309
0.50841486,509.80472,115.77951
2.0419073,512.8862,130.6508
27.729765,1399.688,134.72534
1.3069757,647.15045,124.09313
3.7115152,212.80728,120.548935
3.6151597,827.2204,135.04692
8.140495,807.9187,131.68965
304.05347,588.3896,132.07695
14.560675,1970.371,127.479485
16.272888,1406.2795,131.66122
2.4961114,785.7043,130.6416
38.318127,579.0532,131.38162
29.894043,668.6264,127.58742
2.0089512,1128.253,123.615555
16.612955,280.88638,123.91118
1.580614,288.63153,131.11172
2.1210651,89.82932,117.00282
136.4487,215.04497,130.22221
0.9034475,161.25438,119.839386
6.0238166,796.7471,129.78014
20.157806,790.6808,124.29066
5.883707,2709.4963,130.96768
2.4883466,1601.9287,130.1323
2.8988574,705.09235,129.82901
123.184,1706.7926,130.05498
4.042702,171.36806,121.299355
1.509116,641.1898,125.58558
9.452431,445.61728,121.99854
1.5522228,1010.2722,120.68471
4.3738017,866.46313,129.29256
2.4488888,1073.8097,129.92589
2.2663226,780.614,133.99928
1.8062798,1171.992,129.38144
2.2766154,714.4944,130.7593
1.5181663,734.6239,130.3019
2.5011435,1536.8505,134.41573
158.50006,467.90375,118.66825
65.09298,1064.6449,130.72147
2.2999606,1412.4906,133.55592
0.6586739,202.03831,118.32632
1.6023228,1082.5103,129.69914
107.03244,93.24832,128.02884
1.7842115,1119.1447,129.62823
3.1969304,997.105,125.8892
2.2655907,801.3002,131.15257
1.7950673,288.63733,122.27323
14.5244055,1253.2283,130.76958
214.69579,1091.5238,126.27983
1.8590903,348.22772,125.89998
59.651993,173.58691,120.26483
1.4156373,702.4703,127.31271
2.5066879,1584.0255,135.90176
0.67376786,404.50613,121.443596
9.441248,1788.7721,128.23984
0.4567068,538.8756,113.81322
4.0143666,2003.6031,128.58069
1.2817346,196.64104,121.617004
1.3848118,274.24564,119.34082
1.8438611,464.39587,116.87571
1.7215312,800.48267,127.554115
4.9163995,1011.74274,127.45437
40.001537,883.97797,131.85924
1.5127974,151.77884,129.03516
1.2145257,596.4421,123.072136
2.7349217,1041.1465,124.8642
18.435537,1778.6646,129.57188
1.1368557,446.10477,121.11811
6.6883497,1085.3798,127.299934
46.179585,1360.9375,131.12596
163.44168,2466.6187,127.407394
114.66453,782.5599,129.57468
2.4576604,274.67813,130.59625
2.3755438,1421.2726,128.76068
9.307178,936.7036,129.47377
7.851096,1796.1201,128.63292
4.447279,1399.9506,129.56248
1.5224047,752.86804,120.22677
2.0099719,1921.9174,128.57152
2.3955204,1368.7112,126.687454
1.7544646,348.28656,121.351006
3.7854984,1053.2899,126.70191
1.415547,748.3429,126.579056
13.439563,762.63965,126.36707
1.4755538,350.13214,128.12338
2.6646788,264.55124,123.492035
2.6241114,682.2039,126.175415
11.424561,2205.8965,130.0778
3.150732,569.8582,126.38923
3.811956,1541.7267,130.32196
4.421871,584.7944,127.38539
4.553621,1660.6659,132.31847
3.0523987,915.16833,133.97086
35.88894,86.133705,122.66893
0.6745455,328.4807,119.05799
8.71961,190.50781,122.74521
19.911087,1292.5425,123.76543
6.967321,705.5177,123.21796
61.166252,70.831795,128.92445
4.46267,821.7938,128.82245
12.377879,905.2901,129.06174
14.3852005,1173.7968,133.4948
1.5943043,486.90558,120.65918
1.2329926,223.18686,128.33115
3.5996423,935.0117,132.08699
4.9087,651.57776,124.36462
2.90365,1171.1079,130.7321
3.755323,732.008,127.84352
3.0365963,1152.2406,126.93141
0.92121714,249.6839,123.213425
1.2416465,1198.2317,122.64906
2.141952,579.6908,129.56392
16.64155,1285.2479,126.4955
6.7038517,1151.3818,130.73575
5.8844185,863.16724,130.34164
1.5242468,714.4737,125.97191
1.3754781,1193.3855,129.50407
6.9074874,374.5399,132.31302
7.077632,652.40027,127.18427
4.322478,1576.818,132.74266
2.345833,534.66125,130.29384
39.556984,2086.9912,129.32036
1.5537127,321.69464,125.004875
7.310978,734.6784,115.205894
0.61341393,234.46149,121.471825
1.0874795,594.36584,127.46236
35.324352,1852.7468,130.23953
1.9799846,1128.1185,130.62657
83.57674,506.929,118.95101
16.444803,834.7278,125.91972
201.60753,720.87494,120.860596
1.0912392,463.81406,121.10364
1.5625148,799.2723,124.13039
1.1582687,333.65506,125.65574
118.58539,334.22723,133.88687
46.818542,1217.9979,128.63817
6.111719,989.6999,129.21432
1.461419,1093.0391,127.20203
3.432426,1250.7151,134.04443
1.6241268,410.0168,135.45625
7.841815,708.6803,131.3184
1.9297336,1659.3518,128.96873
8.361909,204.3499,124.95415
1.8983473,364.2949,129.68834
14.147188,627.5576,131.30225
2.6258974,702.7765,124.32137
0.9881205,637.856,120.62106
2.9540622,1048.6959,125.95896
0.8928022,654.2397,123.54147
10.569681,394.14203,126.73246
7.506077,707.03784,134.73181
2.5722268,260.06125,124.43465
29.110197,493.7773,126.70669
94.62801,395.96124,117.54041
2.4608207,2459.0095,131.49077
202.02147,586.8891,129.42668
0.734803,143.25339,122.11153
1.2263039,493.62866,125.072205
1.1308302,536.1973,124.55441
3.6515286,417.62387,124.60164
4.274399,746.3115,130.6997
4.6629024,1593.1895,128.62646
6.9294753,247.52332,123.23075
1.8355339,1820.0967,126.36398
10.466412,657.4329,128.37608
2.359914,1790.8472,127.38228
129.8001,1058.8173,126.81976
2.0388658,1546.1279,133.3411
5.513094,510.6894,131.13663
3.771319,730.96716,134.32213
9.726115,269.4294,131.79233
2.0430026,496.29282,124.10845
327.58865,1511.0021,127.97924
1.8796312,846.5198,131.38004
19.911764,1054.8818,127.03857
1.5400069,551.81274,123.83853
10.417035,2016.4971,130.8431
19.966951,834.0244,129.43712
2.6635022,1194.3591,130.3233
52.41399,479.25513,119.91546
2.2769945,1795.1376,122.585945
4.803216,2614.536,129.96915
3.286442,99.40772,121.63709
2.6835616,911.1964,127.15708
4.283229,959.2984,126.96406
2.8418636,635.48376,122.759346
1.3546236,257.5382,119.609344
5.6541266,1317.7031,132.87802
5.8280897,529.14575,126.765755
4.8758044,1511.5225,132.75636
4.428761,1181.8883,130.28026
3.1146724,1762.9486,134.41875
17.377083,757.3695,126.44255
2.2298644,695.6289,123.44875
1.589953,902.5645,123.99923
0.86420655,636.585,117.75882
1.4956138,1150.5687,125.74721
2.9953606,506.91605,130.51057
0.61856884,234.29956,115.379105
3.8876038,402.29022,127.86607
20.685522,1012.53796,124.971245
3.1222446,1242.3695,130.17679
6.3976016,991.2247,123.43744
11.868733,1746.9742,130.67073
6.8716874,2292.4397,130.27376
3.3461742,1321.0011,130.29591
1.1954979,233.19708,124.81891
1.2362545,864.84076,121.853516
17.234077,175.04012,122.6511
1.8302038,699.92084,123.133156
6.4865794,149.65569,121.12091
2.9456577,1152.6703,131.53487
3.254832,621.3386,133.29588
11.714758,157.55786,120.020905
1.5493792,330.98227,128.06427
5.156267,382.63617,134.35641
27.490889,1319.0917,130.2234
29.155466,232.80708,121.31426
12.597658,944.96,130.75003
2.5505161,840.1956,117.54326
2.0483806,369.61954,129.09868
50.765724,928.3131,128.55875
1.0784507,884.219,128.39513
3.348739,972.9789,125.66585
0.96426207,308.68768,125.15687
100.67723,398.82416,131.75423
9.697727,1704.9196,130.30334
2.135248,1694.8263,128.5556
8.151193,108.90122,130.3441
0.89496523,96.93653,121.48086
2.0223262,231.84877,124.86709
14.871643,888.55444,134.50858
3.595995,2697.5332,135.92212
1.1426092,245.32138,120.04251
1.763534,881.52313,129.46797
7.216374,541.98126,121.92844
1.0104072,420.8635,120.88813
10.962756,341.40662,127.19714
1.4647346,740.22565,131.52725
12.718811,192.13101,123.18916
10.327716,113.536285,124.70615
1.9354792,657.37695,133.58849
3.0178356,1262.1663,125.16502
17.321093,301.1659,129.33847
9.578258,201.42441,133.93405
2.4414604,1083.6709,132.23282
10.874038,380.9876,132.47342
5.7303805,292.0849,115.23671
1.0686971,400.72153,126.157135
2.2469902,692.08246,122.31773
1.9809313,1935.9692,131.86026
1.7108037,951.1986,124.69589
2.8416843,503.76328,128.902
1.3043778,289.02795,127.327385
1.7330278,1907.4852,128.06432
9.806372,761.7095,133.14365
18.55922,241.46175,117.93707
14.35006,872.0599,134.51874
11.223428,1005.6106,128.85912
1.9377797,414.33377,129.26265
0.9540129,573.6352,116.81988
0.9014367,437.83783,121.55275
2.0775964,813.6173,125.94878
17.121128,1023.1955,135.34229
74.23719,670.6011,127.43496
3.3410978,445.8003,117.78968
3.0321405,781.4138,132.52864
5.32627,1166.2283,125.70176
2.2010036,479.55835,129.8378
1.3502645,340.29688,119.53432
2.7545307,612.06274,127.97424
2.618338,1254.5403,132.85464
1.2050838,459.9264,123.82242
10.5199375,344.70773,123.60957
9.993522,800.52,130.88805
1.9265081,1681.1321,127.84648
23.551708,800.41187,126.41101
6.6615863,2903.9834,132.962
58.21507,720.89703,124.27279
0.7802068,101.34156,124.286255
121.93148,2331.8103,127.0818
0.5305866,144.03967,115.51573
1.885763,2266.138,125.7257
16.818905,702.8843,126.34411
6.3598595,522.4115,128.5713
1.7266254,893.898,121.21993
3.567774,1258.0546,131.96045
5.86355,466.23447,132.38419
32.749447,1296.5038,128.30437
3.6312628,239.14323,123.64976
2.0145051,572.4018,125.683495
4.965671,833.3488,125.9164
10.151944,1055.5327,127.58074
29.675951,756.3671,128.35573
2.52965,1530.3268,130.26793
16.431395,191.00157,128.58583
11.261485,2040.9019,132.95456
1.9938754,1906.3466,130.2471
4.2130218,2103.3616,128.37115
79.49376,371.49844,121.18818
1.8000119,660.5893,125.85396
25.378502,866.4485,132.40198
2.206883,830.4424,118.395294
7.0260296,473.33963,120.13342
8.219044,487.6206,120.34433
0.6533852,276.7854,120.92642
1.4938734,179.78769,122.11642
2.3681214,1385.5083,125.23877
9.974825,1278.1124,128.61366
4.276186,1127.1694,125.87597
2.4204159,996.9251,131.30354
3.6794152,1615.6748,126.251434
2.1293724,948.0111,130.10355
1.1881435,692.08057,127.30587
2.1105998,552.1448,123.25204
15.849477,1033.2672,126.006645
5.019852,617.9623,128.34941
6.1267033,705.46,124.51955
22.088673,300.30307,130.29
2.0120287,366.0021,130.55711
3.3548892,1397.2544,128.42294
2.0887983,643.69916,122.37704
25.107033,295.72342,129.14206
2.7423239,884.88635,134.30656
22.933456,1376.2483,127.28849
0.89591205,524.2144,123.50341
3.198887,614.7571,133.43091
1.7171726,419.47015,124.94086
34.540764,542.9048,131.01811
0.6903332,833.3446,118.05165
13.191939,612.2648,124.31196
5.484615,254.76045,129.03574
7.693361,727.3475,117.92486
1.1540761,499.6134,126.19234
36.022713,921.9404,126.95521
1.0026612,880.9142,125.55366
1.9087902,601.68475,129.14017
4.852672,1051.4514,130.29152
2.1038344,313.0746,127.276825
2.217874,1221.0829,133.4989
1.4087158,696.1078,127.13926
2.111405,1259.594,133.53288
2.263515,1023.7452,130.766
47.76374,319.02414,119.71373
0.7715516,262.1515,121.98799
2.9723525,1079.1975,133.78638
10.530882,255.03934,114.69064
0.47184044,231.7474,117.71332
3.154917,861.9413,126.0166
5.08733,1239.6719,127.35646
1.8647983,725.5472,129.33946
5.125259,1044.088,126.434105
24.978039,256.65057,127.844124
2.0864096,471.23718,127.55234
5.6994715,1129.717,129.99733
70.06155,1181.9419,130.0205
1.3026537,731.08905,126.81194
68.259735,2953.0112,132.69122
1.8466687,538.82324,131.44385
3.0954022,1697.8123,126.05508
53.325592,947.34515,132.82803
32.308895,1137.3185,132.26389
12.906966,172.96542,122.781586
2.708834,1311.1019,132.96326
4.492089,282.3604,122.50896
15.422492,923.79144,134.73476
2.3293884,438.3,120.37037
2.9674785,2303.7778,133.91924
3.8707423,90.689766,128.41783
10.117465,595.2881,122.06937
6.5357823,2192.7427,127.773224
165.14313,65.33098,118.29167
19.927498,2124.607,130.7826
3.5302258,556.1801,122.705986
12.626781,649.5779,126.20776
0.8834971,650.26215,123.90617
0.8505259,383.43542,121.00251
3.0815058,525.75885,129.87413
34.547096,1329.3035,125.28968
8.868193,915.24866,123.52772
12.25187,1547.3694,130.01431
1.1573023,630.13196,124.236786
1.5535816,121.9796,127.00702
16.180454,1119.3125,125.87301
9.651962,604.4919,126.30272
0.63358897,160.7542,121.31099
159.68439,1287.2439,123.19171
1.887589,613.2951,129.1065
2.2643929,899.39557,134.06825
1.6284207,1459.2452,127.25635
1.3199656,1522.37,125.97269
0.93632764,656.378,125.622955
10.250518,1090.3429,125.47504
1.8214769,1096.549,125.15232
2.9103014,132.43906,119.47382
0.75042355,386.003,119.12633
51.70056,233.98401,129.9349
5.5496073,1201.1831,125.49994
13.252379,2496.9946,131.0571
2.977667,767.0163,128.75142
1.6602226,837.3885,127.606255
7.3083344,1407.7765,133.42311
6.8293,810.3375,128.30235
1.742408,805.69196,130.29906
2.0697615,230.9627,124.02597
3.54426,1904.0208,132.49922
98.63152,65.27879,123.53303
1.4583408,204.88223,119.9397
0.79797274,897.8068,117.62701
0.8676187,767.8317,119.780136
6.198351,240.89743,128.27473
6.633689,523.03864,127.748665
92.86284,801.2862,116.105484
1.7235539,1048.5752,127.12057
7.1971607,252.899,124.80346
5.270187,1031.3949,122.86732
1.8496099,177.02519,121.726204
0.8298129,447.3921,121.874115
1.0189607,435.859,123.13981
19.246532,291.70825,125.34916
1.0887581,610.02386,119.08839
1.1411486,528.12146,119.50058
1.6264865,354.2197,122.96364
15.310662,187.36903,129.22517
0.8218275,539.834,125.611145
3.1907692,1746.04,133.2773
7.6029363,1169.3676,132.39226
4.9743447,898.35284,122.29296
227.72798,973.4986,125.40791
4.3937397,477.71692,121.06087
1.37867,1058.2812,126.628235
14.294983,1008.7083,129.2339
9.864753,151.1836,129.6111
2.350129,585.3604,132.29291
1.0347831,349.86493,118.534935
1.5427426,1728.6306,129.88074
169.19467,215.11845,120.56882
11.935263,1192.138,129.65938
9.4743,275.58252,129.85529
2.4929378,409.7225,127.48701
2.4330926,1196.0115,130.48618
2.134178,1087.5879,127.03839
0.86727124,236.00311,117.87062
2.4924073,631.23096,127.3477
2.670705,945.9882,133.50146
3.273696,903.6983,130.46407
3.197218,401.10562,116.92012
1.3855551,116.20591,126.34353
1.5737122,580.8962,122.71934
0.7536095,774.34375,123.821465
7.7280655,640.45197,121.23842
4.425424,1481.3821,123.11925
6.919809,1403.0363,130.66846
2.7469125,458.41885,127.27561
0.90594375,949.2245,124.567986
1.6964393,1415.0355,128.736
2.0527406,816.61975,130.69484
12.642847,1135.899,127.72962
1.919298,1049.7485,128.3468
1.0984759,480.82367,128.05637
21.279268,939.23694,131.02888
1.6055591,1752.1145,128.63757
47.981895,210.5548,129.8905
16.369675,2043.6584,127.66927
5.1773577,456.94443,121.49287
83.32986,1030.7468,122.667885
3.746873,1718.0077,127.932755
3.3074355,1425.5303,131.33871
0.9162159,1037.3145,126.87766
0.8913142,383.85876,123.6168
1.9067911,1312.2625,124.22103
6.470627,142.81276,124.84839
2.1265295,1765.6151,129.80812
2.0439405,313.78494,133.25345
1.7769458,280.1206,124.306885
1.5347203,187.98227,118.82944
1.3258051,453.48676,119.831
15.054777,623.8682,129.84917
5.183477,1480.1622,131.64186
0.92027074,1116.2095,122.07671
12.114484,213.9053,119.956635
5.9464383,361.64328,120.071815
1.6587911,1578.9242,129.36778
1.3068069,252.65701,127.69366
5.3233824,977.7517,132.40489
2.8496058,352.33447,125.6294
0.83613414,360.20364,117.42551
2.1794908,321.17758,117.32642
6.8474154,1331.6493,135.07545
5.5406284,192.20813,123.87232
3.0175915,2980.984,124.95045
1.1406033,553.39764,122.11829
2.3374681,798.8443,132.73357
1.1900402,920.3528,123.45752
1.8749413,320.70505,126.46682
1.112933,726.4669,128.26868
106.010506,173.57924,123.33914
138.89272,294.68716,116.16464
6.8249907,875.22955,128.44759
0.7275345,553.1609,121.99612
8.911722,687.82837,134.40137
2.3553972,573.9465,129.72095
1.4049243,1099.9406,123.662094
1.6202244,570.212,126.575264
1.9812379,980.8928,127.516884
13.874168,631.79346,133.30106
10.970318,861.0838,127.444824
2.110985,1157.2964,129.73685
1.5148072,244.3439,121.51392
13.801226,844.53705,131.95732
2.0407522,850.9461,125.62947
2.9347897,440.8272,122.192215
1.1736772,167.7502,126.73911
188.27669,1163.743,125.25167
15.495755,427.8645,125.15728
2.6071582,598.3921,127.34964
1.2932391,578.2671,127.87747
2.7057412,1991.1321,128.08606
37.51533,1052.3071,123.73724
1.1247108,1366.212,120.07626
1.6360523,930.59717,126.61654
0.7860225,137.69951,121.826164
2.2571468,397.1152,126.597565
1.3565124,379.43668,129.39865
1.288773,433.65256,117.01576
2.833768,614.3957,131.3734
2.01842,445.39285,128.11382
13.537477,1100.7275,132.34871
1.2051576,613.2596,124.206894
5.077511,805.3644,127.9644
10.486318,1456.536,136.0773
3.272345,1311.2058,132.07242
38.009136,1189.3706,130.781
3.8567355,75.66213,122.3934
6.3179607,493.03946,132.8439
7.4668517,325.30856,120.54126
19.132013,234.04597,126.72799
7.1949625,1014.1583,127.11203
2.60019,1151.7417,134.9459
4.1603184,445.57727,133.52103
207.97485,1171.0726,122.767166
21.128649,547.9439,123.80765
3.645534,905.615,126.27958
2.5889292,1463.3402,131.75053
1.0806886,373.55438,125.46135
0.72059876,676.35876,121.09255
6.1305504,807.98267,127.130424
0.8694937,618.2345,125.6711
1.8560082,762.12445,130.01451
2.412808,186.39426,114.24375
2.4956129,1107.1863,129.75867
3.703104,829.52356,128.83307
3.584453,1877.1307,128.47249
2.3217297,496.56134,131.84416
3.6948135,838.30347,132.43019
2.3099945,718.7994,133.88327
2.8743908,954.67,134.95299
3.9672375,354.3508,122.214745
1.8942182,1074.6816,120.9979
2.3860922,1851.5869,131.82245
3.497645,684.5969,132.1172
2.6659799,878.7389,127.85243
1.7964936,527.1907,122.75366
2.725813,249.91891,131.02242
9.44248,187.68307,125.96213
1.6119043,1240.1351,129.40843
10.600797,145.71025,120.331
2.2518344,256.1598,119.66679
2.798348,387.3567,133.98677
14.368903,947.0761,135.31262
4.1301455,175.88628,127.77116
1.8046782,907.0071,131.5603
1.8135116,334.0493,122.48527
36.69765,691.3468,129.05568
2.205633,605.5306,125.75542
57.615093,2007.6459,127.50979
40.55426,1777.5608,122.21399
8.575712,802.55396,135.16206
5.4780507,294.20984,122.02536
20.177887,1476.1538,134.67943
6.901272,902.74896,123.68448
1.7725351,2030.425,128.65785
5.01043,429.7389,124.49969
3.4710562,680.9631,131.64316
2.4443626,483.08307,132.0448
2.4636152,980.9296,132.1725
1.1508164,960.3952,120.29741
25.047064,733.86206,132.12189
3.297792,1249.5884,132.30257
1.0404387,592.3859,126.08582
4.9000773,153.59409,124.236435
16.609022,898.3312,120.38018
2.7167103,950.5175,126.769646
0.6621574,370.79623,121.72446
165.70193,802.25616,126.14825
1.376546,86.458824,126.36749
1.71132,1300.6996,122.92247
60.418175,471.25998,124.90243
0.978939,225.84366,120.0032
71.97274,1079.6736,119.364334
187.38232,2912.187,136.89961
1.6884392,1316.8518,123.73572
12.254931,1400.1436,133.14798
3.4753215,560.26447,126.42163
5.8604593,130.54797,124.08746
3.866868,138.07547,122.39974
0.9634597,529.85956,126.966606
3.3378313,1619.723,135.7033
7.29605,847.0526,135.17973
12.3956585,1222.6908,129.11963
1.83677,528.75183,116.38025
3.192,454.8185,116.94349
3.1277547,561.3607,133.52264
6.148171,1005.45874,122.401215
14.077242,139.4602,122.939995
2.056066,1165.6367,128.82512
6.0134053,164.05676,125.46391
61.54549,2107.965,130.89653
1.049413,115.149506,124.27954
3.8910213,1795.8816,127.793365
0.7063223,541.97864,116.70395
15.19837,891.05975,126.930435
2.76468,1067.239,133.49535
6.553699,1235.8292,133.19301
1.6009375,666.0791,128.64644
0.737786,256.08496,120.66915
1.4761628,386.29736,120.87433
7.118135,1404.8097,129.40213
12.827344,1362.4065,134.29399
2.8451817,1038.9843,128.21973
5.801811,903.8033,131.67633
14.834066,937.5158,130.14368
16.118898,1157.9136,126.773994
3.2748375,491.66824,123.06901
1.2686886,287.9271,121.93614
1.4446044,736.38995,128.37044
273.75626,1622.511,130.54584
6.727537,925.31836,128.34859
8.2939005,411.0573,122.96474
1.8765318,246.69893,129.79533
1.7216724,508.95975,131.35468
0.66127586,294.61188,121.24209
1.7687469,253.36133,128.56604
5.594575,1208.1733,133.33449
14.694645,223.02971,119.49689
11.879411,854.9447,128.61601
14.390246,912.28644,126.01204
14.2145815,353.64026,127.24324
3.1762116,564.3805,124.096756
1.7535219,1228.5631,127.99526
2.8272338,1971.4983,128.7283
2.41772,302.74417,125.78594
0.85994047,353.14594,124.66983
10.13534,237.49638,126.77562
71.06665,677.40765,121.968956
0.75871056,83.49637,120.06026
1.5472702,552.35956,125.27753
113.06057,1140.4421,130.28764
3.1562538,914.7378,134.40303
1.643665,1053.2798,129.15434
13.519826,654.51227,129.84349
2.417466,386.66714,119.82712
2.048357,1643.4343,126.76925
2.7515886,842.2151,129.73698
1.9704587,1900.8812,128.05359
3.470239,1422.6672,125.401085
1.1240804,879.7679,123.57508
6.3106184,482.8041,124.43004
1.7218902,914.9603,116.26711
8.732887,769.3527,126.37466
12.753264,1356.9163,134.16698
9.623007,505.24042,133.808
1.1035783,273.19122,123.60981
3.114198,130.60687,126.123436
8.059899,1060.808,134.7486
2.8084595,673.7738,126.51108
13.104052,1189.557,134.67029
10.553287,236.2915,132.9045
1.3792063,773.27563,121.996605
0.64817166,275.2996,120.09232
12.52794,285.61386,126.11476
3.1911585,1403.472,131.73964
4.568945,2182.3953,133.43752
0.98358136,444.51627,119.0569
13.90108,1145.4382,126.03403
7.5235186,1690.3245,130.74248
9.292963,1895.41,130.97481
15.579261,367.21857,128.97456
1.7967249,54.33323,121.178665
1.2360762,1145.7596,121.30348
2.124724,1104.2325,133.00806
404.13315,1439.5846,129.36882
1.3317188,842.4199,126.21943
193.09894,1459.8478,128.90355
4.0001307,619.38574,121.15376
2.8551579,1250.0696,130.4168
12.41773,312.84003,121.01722
6.578153,266.04065,119.74432
2.5154002,129.0359,121.86499
8.305691,443.84094,126.99735
2.0729134,2346.7495,132.80096
7.6290727,273.76965,120.52145
2.1443331,1163.7456,125.91881
1.0808197,353.97644,117.6484
26.12002,615.43616,130.25818
11.9619,576.6118,125.251656
1.9645141,683.4148,124.7691
17.66091,464.37436,131.27238
10.018843,387.01846,124.27708
2.7263153,1475.1138,127.281654
313.11728,1309.2377,133.08809
3.0872502,2038.7549,129.07494
8.57412,907.54596,134.38388
9.1052685,335.83212,119.67728
1.9512599,248.70074,128.62514
1.3748393,665.53973,127.95874
1.5961475,318.69244,130.30437
2.3853805,1773.3384,130.46678
1.3508986,390.1332,128.68202
1.3300775,838.0946,124.79097
4.977333,288.47162,132.1629
2.155403,932.4428,122.77166
3.9792292,1267.5929,131.2542
46.58248,2540.5896,126.19305
9.134577,385.02866,120.42712
3.549257,1756.2699,130.64987
23.155613,897.01965,126.48497
11.323861,220.42654,120.95168
2.5214057,2471.9417,131.03389
1.0235363,383.3926,127.16369
1.2176728,846.342,122.179085
3.291122,1112.3746,126.52852
1.3481181,876.7737,124.43437
1.4067112,1012.63275,129.04315
2.2216861,262.98544,119.493484
20.732393,1362.4237,126.27518
1.761648,586.7324,124.69099
1.0135437,765.51697,125.22741
57.417233,281.03375,126.27139
3.8102102,100.8446,117.84518
5.795303,1409.1088,127.68164
276.19,2498.874,133.69473
111.163795,1317.7649,123.182495
0.87009555,788.19257,124.85348
4.289772,754.17377,121.80367
1.7510234,1342.1422,128.02116
7.174,1345.0428,119.632324
1.083816,103.13335,120.958046
2.9611523,1366.7045,134.20404
1.3931613,1444.4253,126.663315
13.701432,809.2988,127.45354
5.431285,1530.3424,126.773964
0.6210834,98.226906,115.93596
2.2900527,744.2623,126.08163
2.2660022,1302.4829,131.87617
5.550535,753.283,132.41205
1.9628007,209.25113,122.875175
1.986261,750.574,130.87933
6.464792,431.6263,130.19318
2.6377478,361.0864,118.71955
2.8050954,814.55927,126.656265
65.87003,554.8789,127.57544
6.7535133,1616.0148,127.11191
6.31537,550.39276,123.09708
471.43707,1989.9209,126.91289
2.1740983,926.8107,123.69821
35.075386,766.7656,130.07703
1.1714228,465.99484,127.76972
2.2055042,823.32745,130.13832
10.865938,1177.0732,126.643715
1.6698483,652.62195,124.43685
4.5920334,1095.3153,127.01823
15.213202,485.46442,121.11261
13.610353,518.3371,129.18677
1.3797107,1714.4698,127.34844
2.2881572,132.25449,120.643
2.4991193,1833.2407,126.56765
7.105625,628.6992,126.91866
12.666374,1068.3981,121.74138
2.672155,904.3179,133.91452
222.56657,135.00406,120.30464
266.76285,1926.9098,126.8012
4.481964,2326.6375,129.21977
2.180399,1951.6609,127.04861
3.3635495,591.65796,123.521965
1.5838821,563.85974,122.68106
0.95224243,575.005,123.579926
2.4416833,767.6277,121.23885
14.1132145,150.61194,117.52991
1.3453659,1154.4587,127.66263
10.870548,191.9026,125.205986
2.220581,685.90643,127.18486
0.78821176,675.8607,124.55373
230.51202,808.4533,120.54569
4.4874396,1113.194,129.26276
42.99542,430.52734,128.69487
1.6343994,226.02066,119.98621
2.3022532,1158.2418,130.67825
4.26546,337.4839,118.482765
1.7446345,532.39465,123.399414
92.87142,1379.4819,133.975
203.95288,507.35858,132.1248
1.2012919,663.82117,123.64192
2.3081818,334.17026,122.09239
10.491109,1152.8646,130.99799
2.4848683,1022.91846,124.0194
6.8404083,122.58569,120.977104
14.554827,752.94574,130.89651
3.9511983,949.1981,130.14319
3.3726015,2710.716,133.23453
1.2778276,158.4107,121.26974
4.735222,953.84,132.1131
13.497766,1806.1124,131.08226
3.6553884,1931.8933,128.33153
1.0353384,412.02255,123.715904
2.6122584,70.34089,121.714516
1.7089777,1009.1469,123.64596
12.393529,1145.5037,127.5914
1.0356495,238.27213,122.18245
5.7818146,819.5383,122.361694
1.0003083,217.91437,124.36176
13.12594,1453.2545,124.201614
437.72852,1171.5653,125.948784
24.346218,629.3744,126.53688
2.0937967,1001.9801,130.61292
3.667054,1196.5424,129.12051
103.64903,1998.3121,129.07469
4.7452536,699.0264,134.05492
8.330839,890.97327,132.35503
1.9235853,535.02167,121.611595
17.172703,622.37146,131.8769
16.391611,641.6944,132.95164
1.6866987,486.96017,129.21017
0.58526665,178.57812,121.39617
56.979965,115.02341,123.09321
26.553946,1225.6553,134.15295
1.2456039,316.6515,122.63519
9.102916,299.01282,127.71334
1.93027,1278.4979,128.6105
7.2604585,1313.1088,125.314064
1.3302877,878.61884,129.73831
30.031343,326.24496,128.28313
2.4635718,1806.0883,133.8207
7.8610816,1031.6555,129.89212
11.636829,1154.3529,128.9388
2.250775,753.42346,129.6539
1.2062339,513.4354,120.18876
3.4431374,1515.2423,129.68724
0.83798033,125.59677,115.71186
72.3506,1574.1049,123.48542
9.151046,762.77814,122.97088
5.0618076,935.23505,121.65306
1.5609987,1047.9271,128.73622
0.5071107,315.54727,122.85804
1.6254531,475.01627,130.32115
1.9869968,197.88353,123.12525
7.2361617,702.43475,126.31334
151.45648,728.81494,134.70111
9.476754,682.26556,131.42087
6.9706583,920.7122,125.489235
28.925016,709.90857,126.68979
0.8723215,586.7957,121.073975
7.0932584,817.82715,126.53287
0.8269671,187.04686,121.01178
4.3277764,181.35634,121.10725
81.82836,1942.3542,132.03493
4.0464153,1919.8795,130.19135
49.93577,1271.0076,130.7354
0.9761629,458.78824,126.61924
0.76754814,366.6457,122.932
21.478003,897.5937,132.10324
7.9010286,950.81195,124.11431
62.164825,207.95692,124.691734
1.504326,506.85974,120.6257
3.5181012,359.32092,123.78452
2.8014677,908.4592,123.691315
7.0536366,291.69485,127.14538
3.4085026,1421.1683,132.3421
23.747036,1785.6605,126.720276
3.5159392,2733.2314,133.82446
5.0395327,542.3553,124.19324
2.523764,812.90283,132.4028
1.3623128,313.07834,119.113106
16.250063,386.1181,123.140236
2.0192478,1624.2098,131.48802
7.238471,773.02997,128.52475
3.928342,1239.7695,124.44196
1.5955575,1173.577,127.645134
61.158756,913.93787,131.29187
8.706975,1440.1141,130.28702
210.41397,163.89197,120.384224
3.2584395,687.3443,119.967415
12.919443,502.22546,127.02995
30.180012,272.87988,124.38426
1.9619124,286.12228,132.0305
1.0447705,1003.11426,124.38583
39.11545,977.38525,131.15018
0.7190377,135.9282,114.196915
0.87160033,448.8566,117.2065
1.6224767,1333.8151,131.51924
1.0566549,285.9686,126.704185
0.5470781,684.769,116.261444
0.86239916,450.09335,124.47762
38.420406,379.88846,119.30939
2.3570433,2178.9436,132.82584
1.8130268,644.6557,126.86703
2.1661928,871.0468,131.61104
2.7475808,1321.3856,124.22621
6.5104012,372.67154,131.57416
17.524164,265.34375,125.62156
7.622757,1551.2671,128.39508
3.1886556,942.7745,131.58513
0.8911029,872.09265,122.88773
1.5984825,1860.581,132.29327
1.4960268,781.8185,129.60152
0.99448234,578.67285,120.04129
72.9104,362.51013,127.42438
32.551918,261.36502,125.875984
5.198993,1711.8727,131.50064
0.55808604,167.0813,117.907745
1.5192397,909.58813,129.87125
2.4021163,956.9643,130.94308
20.266644,237.29228,126.99542
1.7887855,473.63992,121.64919
4.192905,542.37354,128.4536
1.3134499,458.6677,129.3397
0.89600927,518.4021,123.768906
6.337942,1791.5476,125.369255
1.6701025,1084.7794,120.40628
2.3710349,276.82315,119.83356
1.7288413,711.41547,126.874306
6.6601,1979.9683,129.91638
16.060116,568.1017,128.96397
1.6059074,533.8136,125.37121
0.9278662,193.21309,124.520485
3.8957715,1455.1178,132.34721
2.21163,358.03787,117.332184
3.9954307,923.1929,123.45904
9.602226,2473.254,125.219894
3.4086928,2411.401,133.48735
123.62961,1055.6016,129.01442
2.7095733,650.63666,127.391975
2.1465223,314.17944,131.6157
5.856374,337.53308,131.88686
130.30759,691.5624,127.6536
1.1715962,497.96713,121.7418
4.107919,1148.9064,132.03065
1.462008,285.31644,125.65277
1.9565026,1344.464,127.29493
6.1905985,461.9785,128.11227
1.409418,951.30585,126.12354
2.4832966,164.9002,121.093216
4.541732,482.01163,121.30943
0.737972,783.8775,121.84097
0.822699,524.5047,115.607315
2.9513402,1944.5663,133.1308
10.914995,734.589,130.96878
0.71619314,369.79013,113.9339
5.641851,752.17633,125.12231
6.766721,691.1847,129.12544
2.364707,1818.8716,130.67014
2.5209742,380.18,123.76411
2.7963684,367.2806,133.817
2.1848729,378.1233,122.40805
8.715207,981.6555,124.10965
2.8206239,240.16507,124.6455
1.6694424,659.90985,129.14885
15.298332,1032.1411,128.35062
3.149967,954.24023,134.91992
82.71754,1750.6743,128.85153
2.8179603,1337.7444,133.65118
80.439575,797.3014,128.44923
3.5799277,2160.8818,126.42133
0.9372974,511.93094,124.31068
12.177924,511.66223,125.427895
2.2811184,2426.8403,129.8946
3.4100864,358.26178,126.69141
1.846333,2362.875,133.40796
6.2971983,490.341,130.65929
1.693564,2130.8896,127.26568
20.63133,511.49808,132.22588
1.9023211,738.30566,125.19721
1.3620422,1139.8569,128.55399
3.5596616,2095.198,132.15335
1.1831764,861.63135,127.26448
3.4946017,362.32013,130.3815
0.55194545,475.90115,105.07338
161.60286,1453.2808,128.39563
0.9531529,1101.4078,125.64081
2.0548816,412.51953,128.75385
0.6510023,496.23663,116.751335
8.345462,586.48346,129.10239
56.66372,187.88037,128.38126
5.9984965,1199.6812,129.3309
2.7854156,933.67834,132.41565
2.8488164,398.6353,128.83327
9.044425,2594.9792,130.76091
0.6508391,344.2647,120.55545
0.763994,236.48103,121.46877
1.0499582,175.24684,122.13341
6.89713,261.07788,126.75304
10.087187,1659.9313,130.7646
9.846703,1134.8757,128.48294
2.2508461,979.74677,123.93029
2.5446775,436.65924,125.05912
2.65422,1864.4514,129.92804
1.9512053,1608.7233,132.68903
3.7896369,581.5861,116.49721
3.9137197,928.7061,134.47728
8.9120245,2189.2317,130.00055
3.8182359,1756.0382,133.17007
1.2610302,1141.0088,128.7395
0.8713109,459.27863,119.51837
23.301767,1398.7261,128.86249
144.96953,1266.6694,129.04816
1.5720539,914.2891,130.77525
3.331017,799.2316,127.44328
0.99745476,461.64383,119.35492
4.879524,1415.4423,134.69223
4.7865386,735.0646,133.06105
7.5242596,630.3934,132.22978
14.872686,735.47986,130.70586
4.148893,359.69397,130.50739
1.9721248,1747.5532,131.09966
3.4267535,995.74005,132.31201
2.4600625,917.28986,127.763664
6.1960626,1170.7329,128.18985
0.9317877,557.17993,115.56525
95.60536,1627.4128,127.40063
8.043112,2169.766,126.07686
1.3741025,266.58664,122.84544
9.868488,492.30264,128.69759
1.3859707,671.1449,122.96012
2.1007986,342.30276,122.78201
2.634263,1515.9962,131.06255
1.6085855,368.72537,128.34383
1.222344,378.51297,123.57917
1.6179138,115.43593,123.60758
2.005033,1089.0535,131.50494
3.5465088,136.26398,126.98701
27.024982,89.68952,113.79801
15.053495,684.4081,130.58704
1.1906288,72.02926,122.12978
1.5163802,593.62286,129.80545
4.203508,542.0301,121.14838
14.029661,2144.724,131.29668
1.9787403,1919.961,131.28632
6.5007715,371.02814,120.995056
9.507334,1358.2643,132.9944
18.571445,646.2807,120.846436
200.37906,635.09656,131.4941
2.1916513,2010.3363,129.74963
3.0686855,1148.9012,131.70448
2.8747754,455.33585,131.09668
1.7389605,545.95886,127.182175
22.044983,2086.407,126.9763
3.8697677,2130.2964,131.90233
4.6987023,130.71605,127.619804
5.7486544,285.60513,121.044975
1.2585043,759.9467,126.74429
1.8611034,520.8453,125.91949
3.092054,846.1374,122.1911
3.350549,1636.4354,134.40604
7.021578,395.11026,130.85405
18.415266,1169.4305,126.78824
24.832504,1194.6272,127.60785
11.000038,810.2823,132.31183
1.6749833,154.46178,128.4861
4.1023765,1016.67426,126.41621
3.4705288,415.51367,126.34335
48.570724,418.12277,131.76845
111.62999,838.9293,132.44046
205.36012,1243.2668,126.584496
1.3280795,685.1331,122.096924
1.8904519,1108.4637,123.393654
7.767306,223.17436,131.94849
5.129238,1989.1886,133.3167
27.293745,1647.2292,131.25421
12.25945,613.8551,118.77856
0.94482625,665.9899,126.61902
133.298,228.35538,122.56509
1.3520601,1386.8313,127.61444
2.6319697,623.1716,128.02711
10.278597,1552.3071,135.70953
145.8311,1818.3442,133.41228
61.558567,2637.503,129.20209
191.06296,343.8452,124.51257
0.8786833,496.43805,118.05587
15.142665,534.357,121.52659
2.4665515,1433.8036,127.29472
4.0148754,789.8326,132.78912
2.6741505,504.05832,123.254715
1.2304198,458.35925,128.60088
3.2632592,302.33994,121.01494
0.8777005,492.23163,122.1566
1.6834897,654.56866,131.38106
3.5879862,1089.3986,129.08263
8.123373,1014.8662,121.344505
1.1332886,251.62668,124.67332
8.376218,322.52206,126.41499
8.426321,1154.998,132.10536
13.727411,856.9929,129.48837
1.7765872,1306.0713,129.35884
1.2707111,1296.5585,125.93252
4.9092054,460.98563,133.92705
29.556469,295.98645,131.74365
76.81539,1167.85,130.24057
9.801504,457.71423,127.010574
13.5564165,1049.0051,128.30571
14.3128195,793.0493,129.15549
1.3766601,307.54147,121.99181
1.5075619,764.7542,129.33345
2.041927,797.4388,125.63478
0.89389414,670.11584,121.07658
1.2109014,392.73297,126.16699
1.8334653,479.27917,123.92334
3.251049,718.2308,115.16611
1.622054,671.90765,129.89215
79.2058,641.7304,133.71393
3.4568565,1362.2343,126.31282
5.831038,665.26324,122.72271
3.8252046,1392.6675,130.91946
1.776747,608.167,121.01985
9.199899,440.88403,127.48923
1.551862,370.8492,126.02953
1.7766174,507.31003,130.72401
2.224918,1476.0977,126.19616
11.790536,692.5371,130.96155
3.193156,445.10175,122.881966
0.54939216,612.35876,114.29564
19.128204,2474.5679,135.29388
1.1543181,242.27231,128.61412
12.202013,604.3816,126.117645
1.5986316,1464.3853,130.32242
7.466355,178.7882,132.632
2.5267787,1556.5781,127.586945
1.9237834,1012.43884,129.90877
1.6561409,574.0429,130.99333
0.70214933,738.6306,123.34143
2.6470437,731.8549,131.24724
11.226874,1352.0165,129.73581
10.775049,572.48846,121.75451
2.667129,800.9836,131.75371
3.0703588,1557.6561,127.52992
0.9100584,176.63101,122.155846
2.6458182,712.72473,131.4874
5.119939,666.8798,131.52623
1.446232,1222.1553,120.3131
2.0814297,1394.0549,127.65039
9.2568245,266.76202,128.17981
0.70495415,323.03976,121.78106
10.781926,737.2326,129.97191
1.8331363,175.23502,125.84177
443.37634,768.57166,129.10988
10.040505,1888.5209,127.45338
7.616517,1466.5839,130.82913
0.5372561,231.78801,114.7026
3.0744843,152.51805,125.25246
223.12065,1606.2584,134.62878
4.3117895,1796.3455,134.31041
2.2987845,476.88733,123.306725
1.9008733,390.53207,124.985504
2.282657,359.65085,126.008156
5.920994,1213.7522,128.55464
20.825565,649.4837,129.61423
1.8762171,223.69797,125.117065
2.715884,1490.7047,129.7466
2.0716498,495.46103,127.4845
17.59574,1270.2545,129.40025
36.704468,1246.9712,134.68925
2.2307036,1781.5779,134.69362
1.9937799,863.875,124.87976
1.0966264,446.37076,129.44337
32.577988,1348.9326,126.58044
4.3682017,817.2083,124.20326
1.4243616,1240.6694,131.1146
5.169531,1603.477,130.20795
1.7609348,1333.8744,128.42879
14.284552,1007.26514,130.70282
3.435711,1293.4359,123.91519
25.45243,173.2747,127.28394
2.063849,1043.9823,129.2842
14.501244,637.1108,132.42921
17.616459,1038.6971,124.51352
13.487418,2561.342,129.14594
0.9346436,288.39563,122.773224
133.47539,235.0475,120.082535
2.4380171,1026.6547,133.77666
3.1056983,547.9672,133.02681
2.2003016,875.0766,135.53822
0.7342523,348.45578,124.6816
2.1909287,1005.95264,133.33926
1.099467,560.7059,126.436325
2.2547047,551.1793,125.516
5.6558743,1221.8585,128.3589
1.3130577,697.16724,125.64788
151.08826,660.06494,126.029175
1.7740213,760.1649,133.34819
123.284065,1840.58,132.67372
12.908163,493.45776,124.39067
7.563815,1498.5935,131.5404
1.1522789,956.44995,128.58507
0.56330675,205.29861,119.70632
1.8280596,869.4858,131.4425
2.746615,791.4759,123.9776
2.2284114,1550.2996,129.72882
0.8030395,512.30347,126.2053
3.1442976,2154.2437,130.74774
33.27943,834.3555,130.76808
1.8780024,570.99255,131.84695
2.5577857,888.07336,130.41386
5.442598,1310.4551,133.13742
1.7750323,1086.8127,129.40015
15.325919,1394.3148,124.43187
1.0559686,224.61908,117.042274
3.780903,315.74515,131.75578
6.5705447,2310.1387,134.95834
9.912053,282.9557,125.16779
1.0179305,438.89606,123.986244
3.0898325,1140.4202,125.70866
2.381623,802.7916,119.67849
0.80774885,553.6787,124.05031
1.724837,267.72156,118.461006
6.650491,467.43893,135.34262
5.2560844,958.2454,135.0789
1.4434887,1501.9111,127.10802
1.3824382,796.92084,122.89137
5.8024297,1043.3145,128.7305
10.470252,1398.7927,129.38463
3.181144,530.3985,126.12314
2.3510797,2265.0527,128.9009
1.0143467,245.72241,125.327095
150.08858,743.6936,130.22527
1.791783,1018.54297,126.57748
2.2043383,652.4816,127.34025
2.9198008,1798.9379,128.91902
201.04007,1704.9282,130.21475
2.4996932,1582.338,133.74652
2.8249185,557.81213,122.18091
90.4349,517.24927,123.25608
1.4005182,844.6756,124.98794
1.884255,1707.7399,131.49074
2.0536504,386.59436,125.54022
4.0991855,1034.3162,132.71184
60.06022,666.53284,132.51125
6.467868,797.68445,130.07878
2.9142303,627.8754,125.81848
7.7848735,346.1042,129.97406
24.36949,1469.012,131.54906
2.1168892,1017.8682,130.51447
2.2242517,713.4672,125.06864
6.696926,440.39636,131.48302
277.31488,525.08246,133.38478
30.05011,1671.8972,128.97993
1.8521723,302.4382,124.14282
18.382055,349.20938,122.57512
8.173258,315.63846,122.08304
18.83914,662.94244,128.8199
1.9053333,577.2681,126.85146
2.3055832,1479.0524,133.19458
3.7969937,1749.1399,136.99048
6.032093,583.5708,128.92114
1.9154558,618.8844,130.45319
1.4456033,1060.444,128.13338
1.1434712,671.4436,124.7408
20.462418,597.92194,125.43462
137.2946,2171.738,129.75519
1.8266549,705.09235,131.73663
16.434546,1943.0641,133.61322
172.99702,947.7866,129.2293
2.9206777,503.6055,126.06657
8.836306,1366.757,135.72853
2.6413574,1402.8356,129.52995
40.654842,284.03534,123.300064
239.24963,1144.2294,125.05728
202.82346,2450.0007,129.4862
1.7395384,603.4928,120.84071
3.3248,1297.7694,130.4659
2.5838957,631.4735,131.27965
3.2272449,1145.2737,130.98178
0.94147867,758.0835,124.043915
2.9371364,1681.7074,133.06158
1.5394032,1346.2479,127.4818
2.1591222,756.07336,122.03447
1.9302438,212.8428,125.879395
1.6058524,281.31696,128.2402
1.6792926,67.26323,117.43208
4.4210615,362.36328,117.05291
2.770942,191.73189,120.82503
2.1474397,377.25293,131.89427
0.9410274,104.18162,123.01257
2.8127058,682.31195,128.00674
3.7069979,1415.3179,126.23098
64.95047,939.67816,132.30865
2.4057055,379.62436,126.54378
0.76623774,278.52744,123.55592
6.0571833,2197.7708,126.99446
0.89532286,562.7152,126.39458
136.14821,384.93356,126.9825
0.82103133,725.8676,126.87674
5.300605,864.0627,130.90869
1.4100423,773.6198,120.81064
26.520811,1045.2458,124.8922
1.4862773,510.21564,124.050575
1.3142512,755.774,127.547714
4.605684,270.79117,122.59666
50.15401,1657.1901,131.04022
1.4913902,420.97888,126.06681
2.4077094,807.46094,131.73607
9.868645,378.77936,123.990776
0.73454666,277.9297,124.22739
1.8770663,1347.9783,125.71448
1.7700541,1635.1255,127.34433
3.8504415,672.28015,131.79915
2.187633,1187.8672,131.96481
1.3657525,511.1309,113.233444
8.510927,334.19678,116.10164
5.66127,383.1816,125.00331
1.4902296,175.62033,129.67491
1.5343982,221.50313,126.28394
1.670591,320.20563,131.29172
1.4721547,723.7445,123.72604
1.0727108,581.6143,119.470695
1.999593,1336.5164,128.16469
0.76264673,302.05048,122.53877
1.5992763,335.40887,122.69197
14.719602,655.5905,122.89184
1.0058026,846.33264,118.65592
2.3920038,1080.4624,134.94756
6.803273,479.65558,128.9957
1.1193751,717.61426,124.79764
5.3413043,925.6144,130.72125
17.264051,1464.023,127.57304
3.3766403,2377.8206,133.99345
1.2267213,273.2472,119.91963
153.02322,1887.9263,132.86182
17.645304,822.0725,131.26172
0.79298025,782.9463,118.21793
1.8243985,137.28218,126.21565
2.5199301,1253.9216,131.82632
2.232237,466.5701,132.61664
57.017498,224.93172,122.81578
0.61650366,460.6573,117.37926
9.291037,1243.9598,130.50179
4.7403646,1064.3208,126.00137
4.2080717,1853.7552,132.01364
10.065241,349.69476,132.35718
1.8549787,1686.2699,132.63756
5.905474,112.23764,121.56925
5.6932883,307.0726,128.34148
96.40528,785.3057,120.66183
2.2905428,1086.1495,132.23367
2.2472668,1401.9025,127.58334
3.0760655,789.93866,131.37743
2.0651078,800.42444,130.71436
7.1305094,256.14462,122.76996
1.2810726,593.86957,118.982254
2.5367541,373.17374,131.10692
9.123909,1072.1012,135.4335
1.5882283,484.2137,119.8566
18.61673,571.0736,133.59692
1.8265092,1531.5227,132.624
3.7169273,258.16934,124.81188
55.236645,1138.2351,127.647736
2.742217,1134.7422,121.45103
2.3010154,1176.2269,132.32184
1.0478497,513.54944,123.64071
2.8387856,944.18604,125.62973
0.78145593,711.67053,112.96969
0.598682,247.24875,114.81624
8.724052,377.7133,126.71501
196.47942,144.29494,126.44365
3.413688,1138.922,128.79097
1.5056531,787.0968,126.19295
9.760088,892.25183,126.11384
1.2255003,262.91055,121.796036
1.8760993,1256.6752,123.95122
1.886871,309.20645,127.11055
3.2532592,163.58617,125.793945
1.7394552,161.98657,120.55688
3.3629742,260.45374,124.41471
2.0698984,1607.1528,129.47668
1.5786394,743.5225,131.06815
13.047675,637.9586,128.10277
3.8058834,687.33716,125.95912
22.23573,2902.3828,128.40334
7.360775,2413.7578,132.37117
29.183016,277.90927,118.5288
9.301137,600.15967,113.54528
0.9870073,671.548,127.95551
1.7066004,290.77847,129.1862
2.6042469,1742.6088,130.48044
1.8480743,877.8269,130.96022
128.85835,1113.223,127.65417
10.729654,320.99026,128.99594
39.725136,2010.2987,125.71508
7.1689506,826.9094,130.60594
6.88399,633.48236,132.95322
1.2093418,542.72626,127.29578
1.6726605,484.987,131.18309
5.176595,626.41656,129.56386
2.3634143,1544.7638,129.66563
21.39518,1616.4745,128.31981
120.30895,207.89201,121.56413
22.816711,162.91798,125.37804
2.124811,460.14386,129.1141
2.042106,1670.7585,127.332794
17.81917,486.48853,130.23788
66.29976,1008.2314,120.52181
0.86784536,267.77744,125.123955
16.616892,591.1134,122.37809
1.4690108,438.114,123.844345
2.8220417,897.55023,134.97827
2.226518,284.96692,129.40488
53.594597,919.46405,131.38141
0.46591058,306.55826,120.48241
2.503371,841.6537,126.43691
2.3033304,1296.9025,130.1774
77.7421,762.95184,130.90118
12.189376,888.3525,129.82983
128.7296,300.98892,128.12152
1.2549827,308.407,118.405594
0.8208845,222.35025,121.96699
8.903032,780.04456,128.03215
1.7589198,1598.0602,130.15054
8.1517725,1671.1447,128.51587
2.0694313,1341.5425,126.53048
0.6683424,228.63649,120.684944
2.1838236,897.5813,130.64291
0.5664655,406.50046,122.38714
3.1850932,653.9258,134.7664
9.322421,593.948,125.866165
2.5414343,1323.9377,121.328575
2.6510856,196.12904,127.11778
6.2286983,845.6448,130.18178
5.262748,1114.6505,133.15877
215.61806,940.16486,132.42879
14.221051,533.1037,131.7395
1.1537751,1049.6952,123.12891
3.7536483,101.4105,118.12834
3.4715416,868.3539,117.51806
1.9842987,2039.7052,129.19136
1.9399288,1307.8877,130.52466
4.273494,1731.1903,132.74106
1.65554,1721.2487,128.17972
337.5733,1070.1757,128.43056
3.3935912,532.70087,131.53108
1.333981,1007.0379,124.490074
1.2517198,885.828,128.42473
116.45101,172.91312,126.37481
1.3479646,927.4227,121.78607
167.608,1106.1989,130.11273
2.164321,974.2931,134.29152
2.0118449,926.8802,133.61061
8.926969,449.4108,129.30275
1.3899117,223.29462,127.45574
7.8501825,1682.522,133.87268
2.3633473,380.30533,126.64758
0.98437315,766.2392,121.4422
4.1467824,200.07883,120.694275
2.8524227,1223.7842,132.3603
0.8070867,43.83571,121.94534
4.6370306,616.2175,120.508194
129.57446,933.21576,123.15737
48.233677,358.1075,123.083115
39.82481,1205.8905,130.6659
9.079483,586.33545,126.456215
12.18578,263.299,124.21281
12.522211,1045.0045,125.28995
10.490025,1275.4946,130.04948
3.1842647,155.64711,125.78697
2.5116131,2054.953,125.81988
141.12231,785.2485,128.76729
2.6052115,850.8457,132.71617
5.7536883,698.8912,119.74574
1.4773808,447.43762,116.86094
0.7957083,97.825645,120.85996
16.947264,1685.4946,130.85612
1.3367808,313.03552,120.70889
3.5834107,238.80923,126.58219
1.5012387,303.14066,130.4811
1.3776296,462.1861,128.1927
1.5619189,561.7273,125.10808
2.6298199,1307.9465,132.3233
2.6256785,2192.7747,132.20908
1.5978143,418.34253,123.35092
8.219717,826.66455,128.0924
2.488624,264.84027,119.19349
2.2311888,559.2085,127.256065
1.5830162,1320.1538,128.23726
1.7062238,193.02473,117.34482
1.398275,663.81366,128.8363
2.081684,1761.1707,128.88184
7.0571666,1827.928,128.77605
2.0752392,767.8222,119.59662
1.5436258,648.1077,123.39928
1.391441,293.54477,119.926025
1.7475564,1766.0186,126.19723
63.101498,1676.8958,136.14096
4.8589416,291.13388,122.53183
2.814575,431.85156,127.966934
44.1328,2562.3655,125.70296
1.368715,797.56366,124.92772
3.8864224,428.98767,128.0483
2.4729989,357.42767,127.49498
31.51802,675.8181,135.32617
1.1833628,324.26642,120.7949
102.02364,1609.2181,125.95095
7.338015,1310.3097,124.70084
77.908554,1536.5524,130.2923
2.699037,1680.0704,130.14961
1.1239166,226.8412,128.43777
41.03128,655.777,129.45157
4.025292,1802.6809,132.38809
7.1442585,851.1615,126.10656
0.7615669,171.77158,115.13781
2.676739,818.2629,130.20604
16.839373,377.86005,131.61745
1.9042814,219.34373,131.06432
1.5211757,990.39294,130.14449
2.4145033,586.7107,127.004616
33.09906,1054.4252,130.53606
4.944452,739.70636,131.36263
0.8758292,260.5146,122.201195
7.919763,429.78326,131.28099
0.6635166,405.7846,122.41507
2.12554,577.2714,121.03579
6.166965,576.77386,128.2981
0.5773103,503.48178,122.17164
2.2148318,853.56525,124.778984
15.615989,622.67847,131.01933
1.2129751,915.98804,126.17263
1.4597923,373.0245,122.1949
2.9155529,839.54034,125.63757
421.00003,1573.2654,129.19873
5.6340075,995.1179,124.59852
1.7557545,449.41946,121.2893
9.979983,363.46313,122.787964
1.5196391,636.1648,125.370895
20.802395,2218.2769,129.75636
11.487358,763.3893,129.72302
2.1459818,1699.5393,132.89691
5.3425045,1304.3676,129.8727
2.3590364,1310.8429,130.18831
7.2587223,670.8405,129.03075
1.9388832,654.5699,126.21354
2.4834578,1268.777,131.11838
2.2543347,257.83307,123.634476
2.4379692,227.42613,117.471306
0.86757994,965.2962,120.28802
3.6046095,748.0409,117.4014
46.467636,376.2554,128.51076
1.165834,847.2892,126.63604
2.8257542,1282.489,123.93226
18.095112,381.47675,126.73445
4.965489,739.56256,119.37952
2.0244875,828.5213,129.67548
17.378412,277.6842,127.47304
4.933118,1759.85,133.65765
7.9521313,380.6088,135.02496
8.720731,1231.8936,120.395645
0.91453904,629.92474,123.96838
1.2944853,1324.7181,127.68013
1.3117776,513.14764,121.32867
0.9548487,1285.334,128.1265
1.5540689,744.6736,126.81662
1.6389457,859.58636,127.21875
18.65087,1423.458,128.4928
13.167197,1712.7361,134.31847
0.65129906,258.52527,118.07485
10.973742,1554.4952,127.051956
1.6089127,707.2241,125.9107
6.332793,653.5418,126.27445
6.984925,411.71478,131.02583
3.3531399,177.87196,117.4073
2.1616936,867.29626,122.78708
1.8491769,1377.6045,123.84387
7.2743273,1502.6311,133.6202
2.1037138,488.4846,127.5728
1.6371455,610.1235,128.33424
2.1521387,1349.1991,128.67482
3.3875084,576.6014,128.51314
1.8371873,367.65253,128.93095
22.138126,697.15924,128.23282
15.279918,814.75836,128.96646
1.7825389,665.99176,131.46007
0.9371912,625.7795,117.96236
1.2253724,82.94029,121.39096
1.3177233,167.80496,121.364105
2.1513762,1096.345,135.01875
10.102613,191.2836,126.42388
1.8393936,291.9442,126.72297
5.682354,1227.7001,130.7686
0.8833344,391.58203,117.05024
119.735504,277.7968,124.62027
6.271193,549.0055,134.49223
1.3896494,263.1233,122.07633
4.120302,1860.9199,127.50421
1.7096151,586.9725,124.24664
10.824703,943.0888,134.59554
3.7610083,373.86682,130.78076
0.76727897,276.31415,122.05185
25.182936,319.4341,125.13435
2.0657678,1948.3176,132.36176
6.1105,1084.8191,125.85195
30.284664,2423.8699,134.76476
4.328637,2005.5386,129.28404
1.0246801,510.60388,122.96465
1.6327059,1072.1771,131.34476
1.6290121,1520.1417,130.40932
3.3561082,925.1421,121.395935
3.406402,2100.5837,127.21495
3.8353925,1073.4436,125.59331
0.80215657,157.03581,114.802185
3.6622465,727.0777,132.53595
1.1114398,568.5512,124.39533
11.305009,135.4145,124.200806
7.8568506,361.40857,129.25562
1.954717,88.76757,120.86074
5.3205843,1327.1813,128.05191
19.935188,779.08295,129.93999
1.2637359,164.17958,119.33337
3.6679845,1422.3274,132.45583
0.85131615,76.40923,117.09046
2.6945739,842.783,127.974365
5.96266,372.80896,132.76059
13.127379,793.43463,126.55627
5.094601,1043.6321,131.47368
0.50186735,150.3983,117.2445
12.766654,355.47928,130.76146
2.178219,135.91861,124.12645
101.422485,408.66602,130.33731
1.5630541,1250.334,124.396126
9.894215,445.41687,126.719376
2.2890744,2022.0776,132.6246
14.649063,690.9632,118.55258
2.0428648,377.8114,119.42147
4.785298,799.3185,123.38462
0.8007932,206.8972,119.47657
3.906076,1257.5193,123.74578
2.6215107,2861.7844,133.01578
10.53183,153.5149,130.03085
2.33216,877.1433,123.68778
8.09518,545.67,131.00142
1.3396231,1276.3923,124.66129
0.9765268,279.29465,122.13249
3.204111,389.5765,124.2751
7.0540934,487.9709,129.22318
9.144624,421.2023,119.651855
2.2627206,1679.996,124.771065
2.8902137,1391.266,135.05833
0.9648214,780.6663,128.01772
4.7782507,214.21371,122.71148
1.1521902,449.59363,127.133385
1.9354371,895.48016,124.33354
1.5417349,606.0784,122.825806
8.025056,1079.4626,128.60963
0.86474097,370.30783,121.320145
389.45334,1850.9738,131.33049
0.8237181,411.27454,124.06544
28.077482,257.3108,117.59895
3.255645,368.2563,125.69272
5.016992,874.9485,133.63393
3.875821,823.98553,127.90272
5.827879,1021.2936,129.68108
4.6600246,137.69278,127.550385
6.049228,485.49017,125.687256
19.98232,726.0862,128.69919
1.4415416,1021.8932,122.971466
0.610919,491.75058,122.42094
0.86205554,419.6667,123.50548
54.225124,1184.3956,134.42973
80.44028,321.71753,124.19654
1.6687602,348.8564,122.17544
4.4755726,178.00847,121.50229
2.0403614,993.89355,126.027245
6.0884023,1241.7426,136.0356
1.299865,1201.4646,123.725876
1.8656278,1042.6349,127.05701
0.88216823,957.8082,127.22666
9.114912,1704.7018,128.68904
1.21733,183.9198,127.19508
4.3321486,2282.8528,134.36069
6.9545774,1646.0537,129.86714
22.086884,1418.8964,130.65367
2.6700466,1083.8292,124.50479
217.04117,1547.4337,126.31793
1.2757281,1005.57404,126.3554
1.9283715,752.31177,119.8754
1.3277789,741.0371,123.47101
19.444525,73.18999,130.9013
4.471748,2297.5793,132.80302
0.7270305,453.27606,122.538734
7.9562697,414.7636,127.870605
1.7776324,560.0987,122.491234
3.4306555,417.88177,129.10574
13.3864,306.21817,117.67744
1.3491329,211.74756,124.115906
0.6498712,848.71747,122.372086
14.731146,2012.0898,127.791336
1.5870104,597.6847,130.17186
17.907825,452.44025,128.84903
4.258488,678.2254,132.2801
6.096464,421.41132,133.95918
1.9572219,369.50354,132.39037
1.4042294,621.40247,125.70574
2.0929713,1154.2338,129.57106
1.2817663,1013.086,126.19045
2.4677997,2099.5261,135.47081
2.3110943,1602.8892,131.40607
21.389494,488.6226,119.98318
8.237113,2131.3884,130.77657
16.559248,1939.7103,130.01073
3.3984792,496.472,129.22452
1.0777218,369.30206,122.227974
1.0942187,323.32947,127.23231
3.3018622,360.0589,134.16193
0.7424101,397.34903,121.72241
7.0144496,843.9184,129.65704
0.50466293,464.4391,121.86988
3.6291678,453.71832,126.31752
2.3848543,534.2228,133.87457
4.0719013,272.38782,131.69714
1.214055,385.9701,128.2917
2.898018,1033.7402,136.84406
1.8089987,959.5509,126.694626
233.00786,255.55664,117.2219
7.1620135,1147.2683,130.56535
3.4047,1501.5742,126.17972
3.058974,803.9845,129.0785
85.981,838.58234,128.28474
7.870737,1786.682,131.94025
4.921498,644.8129,127.49802
16.340902,1241.663,132.4504
3.557052,928.73914,128.1155
0.63254154,386.24255,115.283195
14.472579,713.7601,129.87796
2.652145,1425.9362,166.96683
2.000981,846.5197,133.86234
1.1894693,634.8711,126.96843
2.3407881,978.23505,132.77968
3.3534899,348.63382,128.43634
13.942753,548.4603,127.51616
1.2716218,357.98297,122.28099
0.86299473,678.6639,124.06043
2.552919,1263.2994,131.34457
2.2895572,300.7889,127.64808
88.762184,372.51782,126.77149
28.476662,2680.0347,131.172
1.567747,177.22643,122.48359
0.54758,578.82715,120.14455
3.5306964,254.75456,123.28917
1.4584714,199.69263,115.88024
2.1788685,1439.4978,134.17635
1.8451784,1857.1996,127.02407
1.0471611,127.46985,126.80683
0.6797356,606.492,120.34797
2.3053691,373.66797,117.79549
2.9293337,225.78918,124.7311
9.168745,839.68695,122.36942
4.508898,514.57446,128.6529
2.393001,966.79315,130.99329
0.65410286,195.92747,122.749565
2.2727225,764.8514,125.46546
1.100593,532.4691,123.5998
0.5200967,380.16827,116.47568
3.3276343,377.1822,130.19551
1.6041281,532.38257,131.85599
1.8246053,1525.0898,125.333405
6.200137,362.4529,122.24017
1.4706758,1334.2935,131.19684
12.520154,1325.4432,128.92313
6.0148516,279.97867,123.288216
3.3012476,1048.2913,130.7418
2.8190308,269.93005,122.44819
2.3560174,570.8803,120.107086
1.8529847,1037.0824,122.11723
2.7242332,1147.633,130.11444
81.96746,247.07698,123.09865
8.334571,1948.8237,125.350296
45.65609,347.78748,118.43044
1.9950469,1661.553,131.47195
1.2394025,559.414,120.761604
7.879757,1154.6134,130.17464
2.2760017,267.20316,125.28052
2.6971297,1122.7051,131.5433
1.9903848,2104.7507,135.06036
5.004617,1349.8872,124.76237
1.0895139,1010.1419,127.74751
1.5620571,235.50359,124.77443
11.894873,576.2739,118.09046
8.888445,763.31396,126.56684
1.7679375,964.2089,121.63997
2.6799686,446.99854,126.54845
74.181786,1783.347,127.522224
3.2198455,669.8372,130.76477
14.0874,675.3086,127.49343
0.49957335,95.7122,121.547905
1.6851641,1019.1439,130.16515
9.30521,752.8831,129.56252
1.7931466,559.7811,130.75406
2.0542054,844.6828,127.98806
6.597359,1356.7039,122.0629
1.8970296,592.7053,126.58895
38.573025,633.1617,129.08856
2.6186247,427.00278,125.398254
3.611037,2256.8093,124.99999
42.495373,656.961,132.36601
12.221403,956.56274,127.626816
2.0483499,775.36774,130.27003
2.0807812,235.04346,132.64366
2.690569,956.0316,126.73748
5.5735636,984.37006,124.95893
21.774137,149.23576,121.29792
1.4419124,1029.7911,126.472
3.214553,756.5601,132.31538
13.873242,271.9726,125.428215
1.1322627,339.00003,122.9674
109.46425,1346.0148,127.93995
171.67427,515.1987,133.16719
0.91335005,166.62573,125.6386
2.3278596,633.2591,128.07054
1.4180624,187.70724,124.484116
0.68934554,92.22586,123.84861
5.2957687,1427.7108,120.97756
243.52464,247.59688,124.98607
17.439587,756.8655,130.12175
9.5374565,1145.9546,130.22398
3.3043132,386.51675,127.130035
154.10216,611.51355,129.35736
4.530149,1325.7151,129.79318
2.1663744,1028.2277,131.1965
1.2144576,1498.526,122.39545
2.1617217,897.37445,119.87859
9.265143,584.39545,127.47702
2.7099125,682.42316,128.65855
2.8596592,102.15275,120.11405
2.0528448,1318.3987,131.44655
7.7834334,232.5047,121.85402
1.3587798,197.19237,116.50778
4.91504,615.71204,125.89863
1.8172373,611.82,123.9633
2.8469152,636.8697,135.21303
22.73207,2177.422,131.00029
9.188228,378.4136,130.4092
1.2385962,543.2092,125.466385
1.5557762,872.0727,128.35632
3.388411,352.73526,117.47131
4.9014325,1420.9171,133.85767
107.426636,780.9539,123.79252
290.6477,1155.3484,129.56104
15.432461,187.12656,128.72902
2.9129736,341.78226,126.052826
1.8225105,895.5457,126.62163
168.33478,1217.4218,127.71589
3.378114,425.35883,135.22723
9.143199,345.0285,130.30609
6.968575,697.80566,126.20886
32.777214,1272.041,123.507866
3.8454027,1477.5801,129.69958
5.788651,99.0485,117.80021
1.6844355,1646.2354,128.58849
2.3109636,926.9185,130.7222
4.0027704,305.99234,117.81716
14.171685,1251.9443,131.20227
7.682733,709.26044,131.66096
1.3237913,336.95892,125.16859
1.6287706,163.40489,117.6746
1.2147223,553.25446,127.911674
1.8585768,288.25937,122.15249
2.405981,446.93484,132.68121
4.232541,625.65045,124.0639
3.8107853,1802.682,130.16219
1.7658365,1292.472,128.17125
2.5681632,1791.5077,134.7044
6.624656,1638.9711,133.17422
0.7316413,102.13979,119.70054
0.9755562,79.25236,120.75957
3.625422,240.43568,118.46185
0.6841897,175.9699,124.67756
3.5653882,637.8911,132.00383
13.3741,1036.9142,131.24435
1.6337012,968.3531,124.70723
2.269002,1820.3892,132.4545
3.0637708,371.08105,123.38314
4.967665,366.579,128.67734
4.7666535,412.42743,129.65524
1.7307248,727.7222,127.5355
2.0130072,916.3989,132.116
6.6449337,1810.4993,127.74435
13.878209,830.0141,126.9033
1.1899809,927.478,128.21893
6.5894184,1268.1313,123.737564
2.4754405,575.78436,133.3002
0.9527512,378.86118,117.55608
26.537483,928.9412,128.27946
1.005882,1090.6682,118.799484
50.264717,100.3743,124.92271
1.556998,430.19016,125.47849
102.32323,746.51025,126.55542
33.71163,460.9086,124.47466
2.8873377,1761.9657,136.03748
2.3842456,498.47122,127.695496
3.0752683,1197.0066,127.455246
5.8897204,1336.39,131.73686
2.8052123,2864.989,133.37071
0.8576913,309.90552,120.98131
9.521983,823.9813,133.01357
1.5853535,326.67795,127.00945
5.94791,599.18384,128.1949
2.3485181,637.61774,130.47023
42.76057,2738.782,131.76001
5.1027374,199.64827,126.816635
3.9999003,848.96216,119.71837
3.250634,1480.5642,134.16164
3.2694001,1513.0425,133.73247
1.1253527,474.8905,125.918884
2.231654,1366.9066,130.52922
1.7937859,1067.5934,131.09985
9.00455,1550.2834,131.89017
1.3994981,450.79355,113.1403
9.517196,2156.3088,135.59784
2.0445762,1638.4648,123.94631
1.7738305,518.01636,123.61673
2.3843596,2132.5127,129.13986
33.069,546.3215,126.39873
2.859597,403.39044,135.37822
17.409918,1305.5162,129.30766
1.7606473,1369.739,127.10309
1.8778707,1882.6589,131.20676
3.1385138,587.44196,130.44305
3.2023337,406.06436,123.89288
1.6695025,1319.7722,127.9982
5.664012,1200.0505,133.0007
2.651431,805.3547,129.18443
90.59475,665.4248,123.90345
5.7079425,2093.0752,133.66359
1.8760382,619.886,125.83951
71.17267,444.25314,126.87522
2.513253,851.8562,129.92105
2.1379542,2046.7689,133.85062
4.6157956,343.31958,116.91702
1.4091017,860.4208,125.62499
0.71760535,193.1783,123.46533
49.241867,222.55205,118.55846
1.9719152,501.39154,131.05472
1.6914397,977.27124,126.28661
1.3828129,1089.6896,130.96696
1.3451004,733.0509,124.71687
0.9204251,601.7509,120.92523
4.762797,2227.6016,127.38995
3.286851,368.10345,127.629364
3.1393163,2024.443,133.8413
3.6866379,61.09561,116.52809
2.0220253,1909.3967,128.6067
1.4269658,331.8998,123.92611
1.0073273,362.23242,121.187675
1.2102427,93.496475,122.863174
0.7913991,341.7872,119.02753
7.227515,969.6967,119.05233
0.8434843,790.6763,125.2106
4.59618,501.95065,132.12956
1.8548403,1118.0905,133.23117
67.298225,754.3275,129.14758
2.2342606,1098.1412,128.63347
1.7601049,466.10068,124.39455
6.557993,731.5852,131.76633
3.1685438,1914.6719,134.63202
1.2898026,451.89185,123.288124
18.469336,1402.0891,134.27493
4.0867996,330.1749,127.419754
2.370782,477.76062,125.154076
2.5489993,1073.8744,132.0565
12.865853,398.49667,120.23376
3.111327,2248.609,123.48203
1.1241516,541.2926,125.938385
5.263831,1638.5024,134.39685
204.17091,1980.6042,125.33528
3.1992228,561.3091,119.343834
4.5519304,399.53812,122.79781
13.266102,154.8417,128.08902
1.9636116,384.16052,134.44052
1.8911716,1442.7695,127.19243
3.0302677,967.6236,133.83005
125.14232,572.80096,120.962105
3.8617785,848.94525,128.22992
2.2747936,280.0942,128.36491
1.0641572,125.38979,120.513664
2.159972,569.899,128.96745
1.8860806,1344.5842,133.51274
3.1373332,1759.4698,133.3412
33.565502,720.6402,126.33458
1.6722428,720.1879,119.88743
3.7449114,1962.4943,134.89662
1.4730595,328.45123,123.79315
1.2043282,324.7207,122.6442
15.561079,2235.5925,130.59242
4.8774133,549.7886,129.56973
2.1832976,260.6752,124.51607
23.80575,700.27875,125.65238
1.5822216,2258.1912,132.11272
4.5636444,541.0846,126.354065
6.053317,465.14078,128.5799
7.4257717,426.7917,132.11722
1.3335495,562.7796,127.22206
0.48193216,389.92734,121.54905
1.244563,1364.2982,123.34486
2.1306648,961.4055,132.10364
2.6630604,806.72125,130.21861
3.91914,932.28973,123.53633
5.663408,358.27444,125.92285
0.7053772,680.6862,117.86873
5.661171,1482.358,133.051
4.9298534,655.8897,130.80939
35.2195,1669.2029,126.23011
0.84217685,283.45663,118.0523
1.3584961,361.73676,121.22514
1.8812366,525.2109,132.60062
1.5942377,601.6361,130.24376
0.83211946,268.51886,120.43612
1.7522963,1214.5953,126.4733
2.5509999,1584.8705,132.61726
3.0773025,1372.2416,129.71509
8.669475,454.09085,120.16048
3.5316782,359.79395,128.73805
63.308796,1822.0181,129.74466
12.780382,2050.3462,131.83467
2.7606087,1848.2051,130.33154
1.8874403,975.5232,121.89565
7.095838,863.51544,124.670456
1.4414015,1597.472,129.94667
7.673549,568.1075,122.73701
2.3811424,892.4891,126.64146
2.006394,1333.1082,132.92026
0.9267802,363.50122,119.37984
8.759889,1065.563,129.54858
52.8,1172.7396,127.86723
3.1417012,1141.0686,131.29158
5.153421,649.9847,116.28134
3.3936622,471.24042,129.34642
1.7087177,1413.7373,125.94709
9.558546,1002.2363,126.592224
15.139375,1653.3157,127.57029
2.4339068,1015.3514,131.13058
20.420137,507.38516,114.86987
7.041543,1086.0739,132.72581
4.9247165,292.00397,130.07994
2.2842643,488.27182,122.279274
2.7727227,1636.578,124.70388
6.184392,403.08957,121.497055
5.3010225,1617.5679,131.68849
4.8760996,838.7351,121.63826
7.7613482,556.6262,127.26734
2.3912375,1849.8245,133.58463
3.3685338,1227.1523,128.24796
1.9100249,2632.6357,126.6438
4.62424,886.4758,130.0081
1.7351544,1108.6392,131.34424
8.448014,1297.4042,125.59143
1.7386504,600.64,126.16281
7.899967,1048.397,130.60695
3.7284565,635.10767,132.6164
6.4131584,783.5626,131.20471
4.9459395,951.5653,122.55305
6.464364,1240.5696,131.46767
2.152486,978.6464,128.98865
48.746246,342.1409,122.488014
3.1284828,744.2245,130.60442
15.049732,1183.342,128.25108
1.7289999,280.75946,124.943085
2.5210118,263.8158,123.22154
188.27003,932.4336,132.30107
2.068525,390.4383,132.09622
2.155416,1166.276,128.89491
2.1056075,1383.1582,131.04663
1.040262,199.80794,119.7814
22.62827,1501.7885,128.97049
0.72698563,492.68216,116.72203
3.0868359,488.40826,127.79224
0.6797893,697.53815,122.1975
1.5804317,1320.9785,126.38788
4.2994137,1878.8186,130.15924
1.4052745,406.25064,123.07671
0.8335178,387.2867,123.63054
2.009768,1023.12396,127.88737
15.220738,686.72516,129.85133
20.70085,1889.2556,133.70145
3.5236387,1734.1692,129.93407
6.591488,352.22974,123.22082
1.7041935,390.65176,125.30357
16.790476,901.80054,135.20961
2.4846783,2019.6289,129.07721
0.5456571,271.70056,119.91705
1.6970599,1245.9592,125.99197
5.792076,430.59192,123.82965
6.3484325,625.88904,128.0046
1.8423259,1713.3794,128.48407
8.676654,1035.5715,135.07477
8.59364,470.52905,128.35043
2.7821324,1363.6603,126.568
0.72781384,263.52084,120.217674
2.5068345,536.2555,127.889244
1.146464,965.482,121.608635
2.7477043,1116.6378,123.54424
0.87780166,176.56146,114.62608
19.558443,740.58,122.730675
3.009347,456.71365,131.42923
19.21426,188.47446,118.76237
0.9119235,322.3432,124.57518
1.37315,403.17194,126.653885
0.61653227,648.9023,115.11791
0.66833144,207.58215,119.05905
2.3262851,600.57916,127.9157
2.3594704,737.389,124.08638
5.6622,1596.4872,132.13023
8.347551,817.50214,130.66676
6.829195,447.90433,122.21721
0.88417,310.6687,127.689384
2.6684303,730.99426,126.46365
2.0634322,1253.459,130.48053
11.647812,652.0228,129.6022
2.052828,1297.2538,123.35837
0.8823844,596.0753,124.13984
8.671137,1627.8817,132.59572
0.45314202,311.75134,118.7205
3.3487186,1004.4454,130.98808
1.5286887,524.5818,121.3654
2.8032975,1304.6108,133.00273
1.3808221,1211.3391,127.46946
2.5569987,1037.7836,126.38711
7.494519,384.29633,129.73987
3.717167,1653.037,134.15538
0.8676112,580.0875,116.290596
5.5935936,1184.8677,131.98265
2.1676881,1395.561,128.48724
4.932428,947.5738,128.85667
4.995182,622.497,120.196205
2.5739827,1467.5634,133.15947
2.5732286,459.41647,127.41517
2.601536,1576.851,131.59464
2.454212,2385.8835,134.15485
3.1113715,838.7043,127.14591
1.8969833,861.44006,132.12263
1.0314022,618.6752,119.67914
3.213861,2322.2092,133.03131
3.2079287,1224.6377,133.57545
1.3840035,550.51373,122.01805
30.351242,362.24417,116.30658
1.425302,1530.3325,126.57582
34.89221,1193.8287,129.06311
2.2180274,1689.8945,129.8511
7.276369,911.8425,130.6186
1.5720398,204.54623,122.35245
11.179698,1212.7329,130.14311
1.9268605,1629.1462,132.50397
4.4157405,1296.4741,125.36224
324.9085,1471.9756,131.85858
1.3197979,179.16054,118.011635
3.5636537,1651.3326,128.8786
4.701383,1349.1292,126.11127
7.553189,311.66937,120.86712
2.1988804,1376.3771,133.69214
13.39574,1821.2717,124.849556
1.6355051,402.68152,125.87056
17.852898,113.77017,129.05084
1.2842363,1219.7616,123.228195
424.69717,1118.0593,134.23273
3.5249734,1085.6047,128.47012
1.1583165,172.2869,123.291435
2.5084255,810.39716,132.3933
4.631741,152.38191,132.22757
1.0874819,867.5851,121.61424
2.216525,735.14923,134.94435
4.5158463,2126.9485,133.32661
7.2032375,1603.7728,127.03813
2.0592775,300.47263,116.42397
4.055869,621.58276,128.78067
3.9418938,310.1671,130.4141
2.1994586,667.9709,123.25773
34.850754,136.47404,116.81698
2.5907853,1483.0233,127.81048
4.9127765,442.13345,128.23848
8.165822,500.186,120.31004
1.1103765,986.2734,124.1705
0.6054692,461.20547,114.79543
2.6358185,823.65936,133.35449
2.2869725,462.62335,113.93191
0.6878666,184.63365,122.34003
3.6638732,820.6847,131.16042
10.256483,880.4541,126.80566
4.8085394,789.6554,128.333
5.366594,1917.2842,132.89062
172.12631,1873.6862,133.62599
1.3080652,602.98737,121.68482
3.1850727,369.25656,122.07109
5.0502095,985.65936,129.92026
3.573803,407.39313,120.1662
4.5821934,561.64966,121.52122
1.2693883,907.8602,127.67728
3.329881,684.58466,121.30912
1.2341129,195.98917,128.38347
2.0651822,2117.1992,131.4812
2.3499048,822.6702,128.72227
1.6492792,203.52734,124.01242
2.1332374,2353.6929,134.78404
4.7484035,635.39886,132.9688
1.0108446,165.946,116.92602
0.98005086,166.15076,122.716805
7.3225117,393.21313,128.11958
0.98179847,334.24408,122.9382
8.926883,967.99286,132.7549
9.04779,1575.5457,129.51526
13.51107,752.6163,122.78478
5.535493,718.25824,131.04178
4.1119018,527.22784,133.91261
1.0268667,1044.8148,123.243385
12.927661,778.9587,131.0724
3.7929711,554.96356,127.055435
6.2497497,563.66943,121.22033
2.9389963,496.617,134.51546
2.8155982,1702.1062,129.76431
0.8475546,225.76938,122.64994
2.6286626,1904.2153,125.73227
0.72105795,428.38434,122.59908
9.693392,2143.9185,127.77354
12.792214,2435.388,133.8038
3.5123215,489.1752,129.86243
1.2003634,454.59192,127.54407
1.240559,452.4648,122.344604
5.561062,111.85761,134.21997
3.7549632,448.47137,129.58925
6.3521094,1024.1095,132.42294
2.2495296,748.1346,124.34206
1.2588415,139.56642,121.9457
0.69056636,442.47638,120.184204
35.066032,642.3505,119.72971
0.90304285,366.37253,122.16034
1.7043811,198.90448,129.4117
1.44726,607.8976,126.19598
2.3474667,492.36078,127.35257
2.2753866,786.22516,132.9054
4.802584,287.25714,124.17478
9.990719,1404.4448,127.63626
2.5380888,967.7909,133.20454
1.9124418,546.02576,131.11868
4.0177207,1349.8038,130.69315
7.294733,806.1219,130.04298
31.258057,168.27065,127.26413
35.320034,610.32715,134.38971
1.8608371,684.5205,131.5121
24.829119,1848.8398,133.0035
2.2982578,496.1177,130.15651
9.907067,1591.21,129.14435
7.275732,972.1696,134.34328
1.7704154,1545.0719,130.63884
0.94483596,913.3656,120.18324
0.84034765,1092.6738,121.28108
1.0446064,386.95184,121.70523
1.0684733,439.2116,119.54208
10.74989,643.9281,128.16864
5.159751,551.06323,126.92299
3.1125407,1290.3063,128.79156
165.33379,518.8048,124.85401
8.461063,1709.2952,134.06882
1.4057821,976.7873,124.997345
5.179921,275.93265,128.19109
1.7074633,1075.4839,127.79168
2.0935993,466.04108,127.39728
130.10027,255.37642,126.62093
4.7962265,657.8253,127.72031
1.1497005,355.03354,119.16875
43.744793,914.5775,122.18718
2.0727189,855.7474,128.49281
2.2398021,2643.295,128.31651
1.9925961,1816.3757,130.77722
0.700027,339.86856,124.273865
1.8902863,141.63383,130.74442
2.112833,416.1392,131.34721
7.411699,1867.7292,122.282814
7.2892013,693.76483,130.18112
13.761017,955.4336,129.68546
2.6637135,1082.3016,132.13182
8.51128,815.4604,126.05142
1.8694311,938.68835,125.23313
1.3772954,260.7422,122.95012
13.489338,425.3411,131.75858
2.248032,626.0662,129.1817
1.3416438,479.1869,122.08195
1.3109348,209.6993,122.229294
31.07622,2561.4915,133.0826
1.3507282,208.50528,121.5452
8.327466,146.63264,124.12781
24.403059,748.39874,127.98336
45.26181,1281.9474,130.54724
1.1018714,372.49576,120.63086
1.5275414,253.06853,132.21759
10.425673,1272.196,132.62003
7.063383,1126.5067,130.67915
2.244292,1027.0815,133.35461
4.948642,450.5052,124.14044
3.2320387,339.89825,126.67435
1.4414443,995.2682,129.18436
5.6781173,509.42224,126.14584
2.7128358,2390.5654,132.58255
8.2166815,135.01929,120.94706
2.4455714,1332.6656,131.05122
9.732992,398.2709,130.31075
6.1895895,1725.9802,132.15472
1.8312823,892.19354,131.24255
1.6772654,752.964,124.30948
7.956658,1041.6205,125.903015
18.121626,851.6577,126.32235
6.6409774,464.77402,126.248566
11.6826935,1777.107,133.50967
10.461639,364.10202,121.74172
1.379356,1462.5884,128.53036
1.3385264,1103.2628,128.92389
141.64934,1285.2799,131.92592
9.656991,2403.5952,133.34239
1.2608018,92.95334,129.93353
0.6956686,412.42487,120.0467
1.8080573,1114.023,128.04657
10.870482,1407.9384,131.20131
1.7465922,1110.4601,126.461105
4.947067,630.589,117.66354
3.2067666,2019.1792,133.21321
0.95453316,885.2751,126.835846
1.130124,768.6288,123.1203
2.2702372,544.59735,127.75647
5.265512,238.86993,125.6142
4.385656,1074.7712,132.523
0.9951495,335.91867,121.52182
1.8043139,687.8364,125.71587
2.4732244,390.31516,131.78755
8.654352,1165.2665,129.36354
2.3573458,444.9138,123.97395
17.087969,519.0842,127.449135
5.0674186,2264.154,127.73456
1.4183078,1349.2998,127.82861
0.7864641,194.52956,127.97262
160.14938,1050.6362,128.6358
0.7764354,582.2528,122.82047
4.7817807,1154.2198,129.50761
3.510693,692.62616,130.23398
2.996848,1148.964,127.23413
2.2169943,222.8629,125.51536
0.64880556,312.90283,118.084595
1.7579956,315.58566,120.5416
1.2566978,449.75327,117.927574
2.187984,637.2078,133.59837
3.1449964,1889.6027,125.72466
38.019352,2662.8984,131.63515
1.0894902,345.61407,127.33515
2.16333,1518.5406,126.21336
4.0548577,117.38568,123.45322
4.707561,488.67792,124.09124
2.084036,196.17278,131.80519
7.394148,1243.7043,132.7097
2.5620112,228.51367,131.41978
0.95727414,459.2267,118.51711
12.598216,288.17795,123.536385
2.061263,1210.6378,130.31944
117.65709,1267.1276,127.32824
4.9211664,2348.9126,133.81943
2.9134636,727.23865,128.71928
2.2177994,383.14734,130.23317
5.316983,186.0619,125.44501
5.5596495,939.7625,125.5101
3.0766466,671.36017,133.46921
2.2315843,308.29193,125.226814
2.8677645,1879.9473,133.78009
1.4481531,962.5886,129.94719
0.7358866,127.95571,122.49128
35.07829,1314.5854,131.84207
2.410283,671.2966,133.00839
2.5060093,672.50793,133.90594
4.110471,998.6834,123.74777
10.699333,569.1294,124.75562
0.66474813,170.81784,119.27381
4.3766503,834.47705,130.8868
1.9083285,199.43034,118.970146
0.49645415,325.95764,118.31101
2.2561479,1081.2745,127.573616
5.754231,376.54355,120.30151
2.1858578,1398.3096,132.1979
7.758021,1370.4326,129.52814
9.558794,864.31836,119.28809
14.009876,743.9865,133.24124
4.147011,512.8187,122.30463
7.0243454,1161.9285,121.37776
1.2520859,614.3744,127.10671
10.067838,751.5512,122.327354
3.1372344,1153.8463,129.5189
1.3110322,409.79324,123.924065
1.2595419,1173.2778,125.39249
3.1173902,985.9579,130.31607
4.673791,1981.578,129.98247
2.2716591,1282.9695,133.26654
3.156677,1770.4554,135.00629
9.699261,873.91766,125.34361
2.7562745,710.256,130.12154
42.17023,1600.4716,133.87685
54.483643,286.01218,116.57854
2.0653856,662.8844,123.25509
2.0421784,1499.8203,126.90696
4.279544,1063.2653,121.37534
5.6126757,248.67952,121.56471
0.8574914,593.4328,119.56469
10.5200405,1186.9425,131.1055
2.158188,1995.3967,134.13123
1.3983102,871.52515,129.48508
1.9480983,1712.8357,127.91424
3.5605493,835.91724,134.14969
1.7598552,334.28937,124.668465
1.4344367,619.6337,128.81828
2.97427,936.3079,132.55585
1.258778,133.56343,128.72539
0.6217787,559.48474,120.40113
3.8301623,2869.1824,131.6274
1.9980818,704.55835,132.20686
1.2792287,308.71326,121.98705
2.2481384,486.7127,126.43825
4.9769216,551.5119,114.385315
2.9449105,534.913,129.2087
2.0631077,2063.9734,129.52472
2.6505873,214.27171,127.03356
226.33165,1012.2813,127.25076
1.7954892,1482.0061,129.94891
8.943289,471.18146,121.733315
19.957777,562.4244,133.34161
2.6783307,694.04443,128.05609
1.1045247,330.45123,128.3027
20.220057,1776.9565,133.2543
3.9250588,184.87541,117.86993
16.076176,535.2367,128.72205
30.247637,1199.4143,127.40621
2.9828024,734.64307,130.80368
14.672468,314.61224,125.82098
25.176998,120.40345,130.50958
2.4141595,1322.6301,123.30165
43.152462,489.5092,126.019554
0.5341328,454.7555,114.59462
5.2138143,576.36755,130.92352
0.92423207,664.0775,122.42572
0.57722574,286.49994,121.87793
2.6902106,1008.2283,128.48854
10.449297,454.5965,132.27232
5.2251444,664.18567,135.19836
3.3481457,466.96088,126.91299
1.7888205,344.84344,130.66338
3.1438265,1302.102,127.40049
1.2497107,1286.6495,130.48639
0.7254772,490.26086,118.89447
1.4877412,822.9162,130.25687
2.3984728,1777.6581,130.94066
3.747244,234.29152,121.356316
2.0649912,1325.4191,127.53326
11.127946,1847.4028,125.92853
23.116005,1536.5801,129.92259
3.0031202,642.1328,128.10915
0.8812029,310.63602,120.142876
2.3012311,919.3754,-76.83592
2.0342472,689.8897,125.89111
3.4834404,43.80768,121.365814
278.1434,682.0389,128.40775
14.024977,550.60376,131.24098
41.03049,804.1402,131.96614
6.6666694,1121.33,130.46979
2.0158,769.072,130.40186
58.800938,160.21106,118.53358
1.8137122,1315.9917,128.21298
4.152911,804.91516,123.446815
1.5250378,917.35004,125.41252
2.0184345,1641.1147,133.35689
6.3419933,464.21558,126.011665
1.657911,134.66797,121.728
1.350231,410.3076,127.42945
6.7101374,1096.2817,128.82016
37.57161,1950.0217,133.16281
4.5973525,676.4141,120.66664
2.239389,857.1818,130.24368
10.779674,1332.635,133.53606
4.392164,595.1894,132.3679
0.82473195,182.81746,116.037155
5.302586,1472.3193,131.3764
1.0933322,1135.1154,120.35502
2.215192,2234.1833,131.07715
4.3644276,1852.6195,133.47278
4.6501713,420.98468,129.92894
35.586517,289.3398,123.70059
293.40445,237.46486,123.8795
0.9560541,573.69086,126.15541
10.736841,481.37552,125.831924
2.7013128,2032.7086,130.40337
1.5652941,849.55725,122.3643
6.9507337,1287.9653,129.33876
3.9487464,1075.0449,124.843575
1.8716009,456.43613,125.8675
4.412694,2084.5496,131.99417
19.74487,1282.7618,130.3897
1.1046488,650.4973,126.22344
6.4869304,1001.5672,130.91403
1.5554814,165.74895,126.82317
3.1749413,1095.748,128.4462
4.468468,1620.1992,126.768776
10.156545,388.59415,129.61658
1.9855549,65.31534,116.014305
4.060672,1090.4498,124.22762
2.0345826,1686.7645,131.29834
5.4331827,499.91205,121.16655
0.8387836,498.32922,119.74021
6.1268444,1138.0375,133.16524
1.0402668,305.9365,123.07463
1.9639829,364.27625,123.16823
1.074511,262.26816,125.0484
2.8041947,2074.0305,128.09525
4.329604,1882.211,126.76563
7.813488,731.6511,123.186424
1.8090593,240.29193,120.57766
0.83795696,253.26135,119.24991
6.029405,1247.2114,129.6584
8.909627,60.468517,121.63292
2.1051898,1894.9918,130.77145
2.9842868,2244.8057,136.16919
0.9765265,255.02075,127.87096
0.6144802,261.1563,123.86341
2.3904119,920.43915,126.35643
4.435697,2036.1736,133.19617
2.340025,800.9488,127.14084
4.894057,160.41306,116.9614
1.7911149,759.14465,126.13511
10.080032,1125.4788,134.13914
1.4540347,513.2211,127.252335
7.0817146,2186.342,134.42537
5.887117,478.31046,117.95657
1.3075286,780.71405,122.69432
2.6758127,1034.7163,131.98398
1.6793491,607.5336,123.26758
3.4502568,375.07205,133.02753
3.7501955,1992.8817,129.52924
0.8003229,91.042076,120.18218
22.137444,962.50073,130.03267
3.1706452,1586.0199,133.40503
2.2686975,899.63617,127.74574
2.3246992,2123.1306,134.22136
27.155933,1526.8796,133.02335
0.88020974,586.331,121.09545
1.4756805,140.46336,121.67502
2.4931436,269.57666,125.070335
2.3094585,1129.211,134.1402
2.4264212,1382.3494,130.33932
2.2093012,1006.28876,129.3994
1.2028636,727.453,118.124626
18.707954,530.27795,130.87802
14.258081,355.586,125.72385
1.615134,346.81152,129.39316
13.07007,892.00543,127.29159
1.2150472,803.16724,123.70366
4.0432076,910.16113,129.28877
9.43265,404.6209,124.70298
39.503864,488.54202,134.7707
4.213707,397.87683,129.44469
2.5825868,345.71393,117.88829
86.78046,1731.322,132.90892
16.857023,59.567894,119.45996
12.408092,1735.5839,130.1652
0.69254094,109.04171,119.20188
4.2291784,613.87897,124.14157
3.150595,1259.2224,132.35098
3.0777743,1945.8901,134.07524
21.90208,1373.0836,134.48575
3.2483454,1151.1597,134.71552
5.218753,414.92545,128.20099
41.930283,2522.8313,134.47612
26.757755,2611.4224,133.97017
27.733875,1436.909,131.9331
34.054146,1782.9462,126.719696
0.7615101,289.46255,123.42388
2.1192763,924.1648,127.371544
2.533218,326.5716,121.362114
4.167055,499.48502,126.79619
1.8794444,1379.7249,126.72362
154.8953,1425.8839,124.87489
0.86948025,361.7611,117.159035
1.5157517,1098.287,130.18074
19.51815,803.665,127.96432
1.490519,881.91174,131.91693
1.611617,593.1964,128.90039
4.0021234,938.3006,127.134155
15.627092,1193.8728,124.73223
28.68133,1902.3304,134.01053
8.175509,1733.2064,132.64795
2.688176,386.19553,119.1241
6.436262,1148.4874,130.84235
1.9757859,1030.6631,137.50972
3.470247,391.40872,129.50815
1.2188653,1544.0302,128.6673
2.9309764,1662.9113,133.31752
6.119043,866.3915,123.873085
2.1540716,2963.1926,129.2819
1.7364308,388.3247,118.12301
9.097766,710.1762,126.83861
26.772572,1401.232,132.36105
79.70161,623.1458,127.80307
675.9616,1158.6967,125.94022
3.7545218,921.14813,127.954056
1.7602345,219.47981,114.14191
2.6464164,429.3478,123.298584
1.6192312,370.0694,123.02036
1.3247626,436.32544,117.987564
5.4127545,1004.01764,128.3713
3.457688,550.5878,121.437294
0.94348925,244.27739,113.394554
0.925566,647.63245,122.371666
3.2778065,365.71494,124.28355
19.883425,777.4533,125.679756
642.1568,1423.6251,132.64536
8.546388,1459.816,127.03439
3.023639,607.03845,121.85706
0.84863335,462.1082,119.38475
5.4697056,771.913,125.6503
2.3924017,980.20996,129.56972
11.375793,1586.935,133.42119
3.2136338,901.5273,129.18738
4.6302423,602.9538,132.21512
3.1429758,216.73015,124.8028
1.8231804,870.59875,125.16992
26.835264,814.5539,131.78
2.823095,235.30864,121.219894
2.599861,1301.7961,123.18805
2.7638614,1237.0148,131.78105
1.6723434,643.4901,122.68037
0.9357451,534.9172,122.877014
3.0740445,2229.0608,128.49236
5.7376018,1212.6998,132.24449
31.69034,51.508015,120.42285
4.109598,2067.282,126.59612
2.4452717,174.5995,118.41158
5.0013328,91.19891,121.26231
1.3977588,450.923,129.37552
4.2572145,1042.5654,124.45618
2.9406753,2060.6108,131.4406
3.9686987,444.25647,125.536606
2.402085,1128.2759,124.78217
5.3043904,569.0673,123.566414
8.651394,1016.2338,120.23342
0.99933285,772.7537,126.32679
12.720365,214.7511,118.71485
0.84074277,627.3789,122.26358
84.22077,942.49493,132.23994
2.2397237,1999.257,129.89174
4.8190866,373.9036,129.83423
1.6537163,1012.4832,128.43153
14.257149,1714.969,134.36769
1.9146441,410.60602,130.57938
1.3230011,532.0896,122.03043
7.1943192,2201.919,128.78352
4.900501,773.63605,129.01917
5.4219604,2006.9617,126.58845
9.3886175,2000.4098,131.67255
30.906013,778.9945,126.37032
0.86552906,341.7923,125.25546
1.2503914,1112.3969,126.924385
7.432889,1652.0686,128.69675
30.17762,1751.0854,131.70596
0.92294055,710.44806,124.12792
4.3785543,1715.8016,125.961784
1.3200165,547.84766,124.88064
2.1003163,580.0574,134.79842
1.6521363,1533.4363,123.64569
320.68622,1419.7743,127.69757
31.009922,512.1744,134.62126
2.6457562,286.40945,125.128685
4.744283,2145.7485,132.64981
1.930786,147.80798,123.4857
15.521887,203.23718,121.26166
28.928713,661.4311,129.54526
1.6570714,365.00842,125.98711
2.2062633,1165.1664,130.69405
3.2509792,2159.5715,131.2808
10.766305,1130.9944,130.39177
1.5938296,552.7623,127.02583
2.250399,834.8133,133.99693
27.753923,865.4985,133.49355
15.596069,190.22198,125.88399
31.17865,1516.7819,134.02982
0.56872374,648.59283,122.438255
2.8365285,430.42236,124.86952
4.4237623,357.04037,123.81053
115.17732,655.9115,120.23607
0.94542474,235.04071,124.49083
1.5069672,576.60474,114.43727
2.6182659,960.8912,124.506645
22.069834,307.13425,118.99698
11.358581,649.1606,119.76151
2.3694158,901.6723,133.68039
6.460366,793.7708,134.76973
4.982524,221.95084,123.78834
0.9433237,120.3426,125.4628
26.384365,236.21954,119.0231
11.356253,420.3716,125.11551
6.1496296,816.4822,126.38366
0.9401926,68.96431,120.57126
9.970812,2048.1917,127.72869
1.537989,472.67432,130.16527
2.1332123,1270.5491,131.27084
8.009929,331.41458,124.10359
4.7450547,641.80963,133.29556
3.2088246,1358.3319,132.60837
2.1173873,343.99792,127.00944
0.6337489,174.8822,113.99958
0.99291676,485.20267,120.528984
3.1224818,920.1747,127.5277
32.792587,179.22899,122.7713
3.2143595,960.59875,124.280174
1.3952662,432.2798,115.17889
1.1781639,282.40137,122.06664
3.913953,1185.6433,119.8163
4.8307204,580.73914,125.63892
0.8733818,758.0402,122.558075
0.87326723,673.4484,124.06232
1.9248786,1239.8352,125.28561
6.379264,782.78033,126.65879
0.8745033,724.2371,125.09003
3.7724864,1890.9574,133.30937
0.9249141,280.4012,121.9996
28.622087,1316.5754,131.23946
3.8107288,494.48962,128.8519
1.8009386,1146.995,129.15427
0.88841885,521.36755,122.20154
2.1218054,312.64014,120.915596
7.2610598,1305.5448,131.7859
1.7475832,593.38806,127.11116
15.938594,1057.889,130.42833
3.5318334,382.33585,128.17378
2.6364207,492.93478,124.16966
2.501609,516.8767,129.64763
13.628805,2060.9333,130.26662
0.71590954,297.75635,116.97479
92.022705,745.48004,126.39052
231.69955,1224.2153,129.62415
1.6686256,292.73328,117.65152
9.929306,748.628,125.11188
2.677961,1233.8019,133.7402
2.7750661,1542.8313,131.65266
34.062187,1021.76526,125.3858
3.34126,846.24176,130.28363
2.3214142,794.0539,125.995255
1.362823,1101.0005,128.22446
19.009779,153.47662,114.51685
2.7434735,287.40543,125.078995
1.009871,548.18335,122.20989
2.2771454,145.6889,116.75595
1.2858677,294.39844,120.81855
2.3577485,373.79773,130.66524
5.113069,2427.0676,129.72076
4.000653,462.78232,132.54419
5.37908,716.28754,129.3365
2.3802252,1409.2244,132.10045
115.64803,693.4934,122.13086
1.4706122,1343.5679,128.30623
7.8320875,1658.741,127.65029
176.99286,674.11395,126.56255
1.7947454,594.0799,128.26884
3.0129323,1091.2517,130.93297
5.1812387,554.86426,128.17952
6.893767,198.36105,119.737495
8.538479,782.4327,134.29724
1.8919443,1716.9257,129.70549
586.4341,1805.424,127.789566
13.622237,918.68976,125.71065
2.0950518,425.14807,124.06098
15.565548,1408.1293,132.46559
0.97006416,380.0731,121.529335
13.474648,883.4983,131.92769
2.2013717,2875.2612,134.1776
7.2751455,629.74725,126.670654
3.8401616,1386.253,132.36055
8.500984,2000.1364,128.2386
7.0096784,891.1042,126.31748
10.889058,272.70935,124.95133
4.716779,711.9149,122.89306
1.4544035,972.8448,127.28809
16.158539,517.8947,126.55493
2.3841333,786.1026,132.00421
0.6336759,101.11763,115.15378
201.13828,750.7835,131.75372
2.3906243,161.63701,120.44204
1.8048861,540.4121,129.54208
32.12097,136.15044,122.28964
2.1867585,562.5762,132.93297
2.6820383,334.85956,124.81895
2.5808463,1926.9443,128.60718
2.7189155,1554.3187,132.77635
6.5544147,2827.4512,134.20467
5.2341485,283.84662,126.51373
20.838509,2502.913,133.70084
2.4609811,1722.2266,133.04105
9.172359,782.2852,127.54705
2.9888399,1168.0087,131.86855
47.741673,1069.2594,129.00697
4.0822816,876.9032,128.74477
1.194233,853.65326,124.81607
0.9992714,349.09323,120.697
7.274906,1546.4183,133.08394
2.944445,1452.3047,130.51971
1.899917,1060.8763,127.88634
4.2978387,415.7413,128.03934
0.8228909,499.63083,124.26055
2.713266,1305.1172,126.38103
3.2591298,1338.6353,123.31284
0.5723779,348.1936,119.72976
17.58552,242.38264,128.28229
2.366464,2686.5303,132.9864
9.958081,339.96323,124.86579
21.316956,1310.753,130.35303
1.5835949,1519.365,127.52207
331.57562,963.0477,124.59642
207.81572,220.71988,128.37703
2.60579,913.7225,133.64183
0.57600003,164.43047,121.97884
28.277037,1764.1394,135.73198
0.59283173,85.77198,118.81127
63.31337,1344.4158,123.9032
2.1607604,414.3971,129.31602
0.71720976,535.5004,119.19222
9.128174,2123.0947,133.11526
0.89653295,379.15802,123.890686
2.098217,372.93692,122.8101
5.9158335,2412.559,132.94402
3.3466434,1765.7898,131.86732
3.6911094,972.9176,133.77153
70.68919,433.69244,130.61035
50.40404,1066.8802,121.53571
1.6464353,1008.2976,122.03518
1.8160942,1525.2411,121.488396
2.1369224,1042.0592,128.5094
2.5631647,826.9341,131.56157
2.3837132,272.65726,114.08518
2.057838,213.62698,131.81174
9.302655,716.5026,125.94102
1.813337,215.82121,124.37636
17.105522,1259.3436,128.41084
21.614468,750.0258,125.59544
10.6741295,437.65247,125.610016
2.2080889,287.49902,130.04585
207.24855,443.0614,125.206635
2.962609,796.6026,134.81105
5.302578,1347.1431,134.51672
12.595167,1230.8323,127.05922
2.2672462,784.8306,132.87212
7.3251457,498.25,127.9393
2.9068928,631.4567,125.32552
1.6634679,1951.9587,127.7444
0.8289101,53.08014,118.66535
11.811046,859.4907,131.59091
0.75495917,582.38837,117.502975
80.52459,1922.5157,126.71722
5.854571,92.81917,120.02985
0.81539464,876.4279,122.93848
1.8976116,311.6745,120.09743
1.3598226,273.5972,128.32584
2.5314224,497.5844,120.55898
6.0923343,469.54257,121.86929
45.64713,2706.992,134.12477
6.9078636,1001.1824,126.960556
4.8609786,641.70636,133.10432
2.0624957,1897.3616,129.4725
12.966223,975.3141,126.77006
1.6514196,580.0674,129.04626
4.8779283,892.3627,126.1236
2.7939582,672.59247,134.2617
132.04567,1200.9003,129.90938
11.95282,232.49908,129.17793
0.96571356,383.43103,120.51549
54.70252,287.95837,126.26848
26.64327,644.32196,127.191696
10.715531,2610.9353,122.47787
4.271232,749.60345,127.79766
8.347191,1090.6938,130.84682
146.16228,2018.1455,136.50394
118.18095,1354.8406,129.85446
0.8699672,494.87906,120.88602
2.6087182,837.30475,131.91197
1.8375001,1647.9327,125.65675
12.165441,362.4187,127.06714
2.674122,791.4479,132.16177
7.846085,1082.4235,130.42451
5.954424,775.5486,124.91215
3.849663,1845.502,133.50706
1.042261,485.0981,116.03363
2.0569894,518.53986,127.16449
1.0122573,149.09059,116.96404
1.4952805,1111.12,125.934364
1.6256794,482.9653,125.32782
15.896262,1307.7954,122.14025
1.2981622,611.97095,125.050934
0.66608834,98.66462,118.76495
2.1390574,1153.4308,130.47342
0.5849093,270.52426,116.294945
4.900015,241.38123,129.39395
1.6006643,399.4069,123.7586
2.570064,538.2622,128.67812
6.7828865,718.79126,132.13853
1.3402393,84.51715,118.20098
2.7113998,1135.722,130.89638
3.387039,639.97687,135.40698
4.6672473,968.43005,124.1083
1.6954217,242.24614,126.332825
1.7338117,1809.3558,127.74772
3.314436,1098.3446,128.04167
2.651932,313.22778,126.85947
1.5735313,938.18396,127.07293
151.58061,1193.5286,126.09758
76.942795,1202.1982,124.46964
1.1131335,472.0537,124.539856
0.7172874,242.55374,118.96589
5.8134604,1386.3134,129.72519
10.934845,1407.1665,133.12909
108.77552,2693.5056,129.62549
2.3355873,527.38727,131.3675
9.719005,1180.4161,131.51031
20.034925,61.434513,120.13691
4.1149025,940.6653,129.65366
1.3863245,1032.4413,126.11108
1.4705049,885.6859,130.25113
9.141182,372.54547,130.52486
1.1307245,686.1313,126.58608
1.9977137,1785.135,129.97646
1.100298,227.02866,118.44202
1.8413174,582.93005,121.76115
0.60870945,652.61365,124.307915
0.6246472,641.6623,117.683235
5.3528976,1261.3359,133.72044
22.910772,1196.7336,131.7744
2.0018072,879.6184,130.81363
4.800465,756.83514,128.77971
0.5970736,338.51996,114.98993
87.922874,563.5983,132.724
1.0502195,1112.2252,120.815674
8.20919,900.7148,130.33658
2.3950243,302.1259,126.60763
11.210637,1342.4133,123.56029
0.929842,781.7779,126.34486
20.934124,732.8658,134.42122
1.687803,370.0681,129.64003
9.003935,644.71436,132.28891
4.4289927,1749.5897,129.91743
1.85035,675.15826,126.81162
1.3903283,405.59436,127.848175
3.3154182,582.24194,126.13639
10.019812,240.73918,132.67584
7.6437097,1526.9392,126.848625
0.7337169,424.06036,120.61231
14.038489,1270.85,126.069275
1.0766094,351.0607,125.44103
1.7040255,691.6856,124.41265
1.9138513,534.4899,132.21498
1.8560008,370.81857,128.84184
2.7154465,748.59106,126.46501
5.1961613,1792.5125,133.91644
6.5475974,900.54443,120.97657
2.354271,463.151,132.67119
5.603641,915.4084,127.31338
3.1849704,926.5665,126.22383
1.9158374,798.69507,122.9019
1.6280439,1681.0258,128.9482
3.1554334,513.0475,133.31165
2.8141272,2512.8403,133.76549
2.0903964,400.73364,127.20624
1.1563133,350.93265,120.128395
8.919148,143.52135,127.72143
20.083286,532.94104,122.39551
20.089018,2772.5552,133.37419
1.6330029,660.54614,129.46338
5.9358587,1029.7881,131.57536
4.207193,931.5151,124.07947
4.8002763,920.9995,127.96994
1.6924201,724.1216,127.40645
77.51842,1905.3267,124.17441
2.604783,1376.9474,130.03868
5.18759,778.2091,133.06987
7.02564,1955.4216,135.2565
125.04755,625.7753,120.94999
1.368142,826.27795,128.47232
7.424204,2138.9678,133.17271
9.763279,921.42596,127.83844
136.05318,1236.2627,127.60135
2.1752398,2382.9626,131.18018
21.905396,437.70682,129.33084
6.3754306,379.0097,128.68771
29.587803,573.5397,125.592514
62.63499,1551.2709,133.49141
1.271145,151.18092,116.35428
2.4434052,1001.0741,125.601524
2.3281708,475.8992,118.364525
4.550304,1983.6112,129.50958
1.6851845,447.3845,125.017296
5.126284,535.88654,129.30688
1.1169007,254.93358,119.057724
542.17834,1377.5865,133.35431
0.8211302,371.12454,115.704834
0.9306274,301.6873,124.512634
5.2329373,193.99869,128.2591
2.2260396,709.10443,123.7394
24.697403,464.62494,129.18022
10.210367,131.55249,119.55625
3.4071555,310.2094,130.57278
2.6010406,661.0512,127.11196
1.2816485,549.4798,126.25058
2.785793,195.11845,127.34901
1.2873485,331.14948,118.27382
4.3095183,263.3077,118.54039
2.9911938,787.42664,126.92056
78.0427,1283.5303,128.92154
1.8977126,1171.4933,131.57666
11.627135,325.12875,123.954575
1.0093776,245.17683,128.10695
1.3872789,522.066,130.03969
64.1648,2216.7466,128.08597
130.15532,1248.7573,126.068245
0.74332476,193.38031,123.29511
9.457339,519.6478,132.73734
2.329624,2447.655,131.0881
0.53188646,264.7884,120.64915
32.569374,731.3357,116.561295
2.1899033,1444.9204,123.38668
1.688454,1358.0192,129.34398
2.0660474,442.7937,128.77023
11.814433,1386.1527,134.38347
27.876007,1713.222,131.37946
11.332046,368.37137,132.73154
0.94079185,165.05508,120.74458
45.00498,663.46716,124.841515
4.896757,1488.8951,131.65692
209.57593,1501.4933,133.14278
0.8262139,212.27864,118.44422
2.9040613,1388.1019,122.9662
2.9865408,908.8397,128.02483
1.6086596,407.3782,124.40084
10.923442,2552.3328,134.84102
74.93104,663.1597,131.94627
2.452961,266.4018,133.22745
12.820979,500.73135,126.4593
78.57927,831.76715,123.89294
0.96372485,949.211,119.221405
2.8295488,1030.4963,131.42188
2.25806,1034.198,132.69208
2.7808297,726.80975,124.33271
6.087091,431.452,127.33065
11.306916,2463.5276,127.88255
6.5789456,457.48816,125.82153
2.019666,1100.3213,123.32913
1.7842886,400.9257,125.03602
2.8827727,638.4593,127.23376
5.193719,304.5172,126.78504
1.4408127,397.2987,123.835724
24.981573,674.7564,129.165
12.374063,2003.0077,130.02301
4.8652353,2218.8035,131.45294
0.81168264,315.76678,119.53811
66.3209,177.84416,126.756775
3.7407253,963.3391,129.62428
1.9703531,921.4986,129.02316
8.084156,711.2945,133.6723
3.7094402,2291.3306,129.90198
15.925574,732.7663,127.77742
3.04212,2531.2708,128.86336
29.418196,834.3848,123.73657
1.8241473,1542.6946,122.27944
1.1280817,450.37714,127.00095
1.7984253,370.84073,129.67311
9.535822,884.5347,122.073845
1.6312789,721.4524,125.54327
17.200653,866.2573,127.894485
24.286509,1538.8738,129.25937
15.774478,1634.2501,131.70097
9.500581,1166.614,136.01212
1.2662922,622.02045,129.25014
44.863213,196.79555,127.26098
3.726494,988.9806,132.57793
7.085806,423.14645,127.10365
2.466269,2001.9999,132.52724
3.8243885,1378.0818,126.067444
8.2558155,2259.533,125.13508
2.600791,1366.4448,131.81548
2.6021495,1442.4196,126.69196
2.4306123,1156.015,128.90529
1.3243071,952.3843,125.31457
7.2307982,1163.5802,128.75153
6.3720293,1400.0474,127.05839
4.794132,212.89157,124.12851
1.7874597,1450.9958,133.38751
6.9580984,904.42175,135.44809
0.47969833,81.066246,115.46036
6.704754,1058.1022,128.48213
0.94148403,995.8694,126.927734
1.2902389,667.16437,128.27849
4.921546,254.75179,130.97191
7.1704054,264.40076,118.447266
2.3322089,1965.4763,127.766136
1.4192413,307.6739,126.25543
1.732998,815.3269,124.03351
2.6816967,349.15164,131.43616
7.056629,647.8843,127.38294
21.84636,679.3096,131.10135
1.5926074,591.4946,127.8401
6.3053484,1051.7305,129.58305
8.39034,1220.7734,128.61829
33.76659,630.8342,120.21714
3.2963383,778.91064,124.78688
0.61734986,284.81705,122.64539
2.359954,1036.3425,126.43412
2.0770202,258.95776,122.43878
2.2469554,986.62616,133.47252
2.874576,796.58685,134.34148
91.01427,489.06677,128.28067
1.8485148,540.47546,128.04295
1.8406718,1737.2803,131.09064
8.675822,1209.0834,123.65731
7.85172,145.26192,119.63422
3.2330644,251.56712,125.172585
162.32262,362.21155,120.84041
32.2186,638.9248,125.31846
9.803655,1662.1714,131.09413
21.780472,678.7713,131.75697
8.514215,1486.8286,130.73264
7.9644322,224.92697,125.579605
77.84378,1130.7063,122.83908
6.931299,258.49338,117.881454
106.117195,1585.1263,132.45221
9.880669,516.5422,118.06965
6.953119,1096.606,131.75047
2.366212,877.22266,125.034485
0.96785444,524.10077,124.55044
1.1114638,586.632,122.334915
2.5996234,545.43494,129.6811
10.64223,1330.9138,128.89125
15.083418,894.92395,124.205605
1.7619197,1267.8567,128.35931
1.552081,265.13083,115.23236
3.67749,1020.1888,123.19165
2.92366,667.8522,135.01572
2.0386627,1658.1158,129.54398
2.5575275,221.06157,124.815125
0.5767982,344.9205,116.691536
23.839148,858.6087,130.62643
4.9219146,826.0601,132.43187
11.369001,342.28125,121.47739
11.3063345,780.15576,120.63087
32.97334,247.57812,125.792175
1.4373969,1068.3799,129.26608
48.823917,980.8639,135.45108
1.7907497,803.89374,129.15254
8.153511,2616.5315,132.41089
22.307898,1613.0137,128.78333
3.331658,457.49042,125.467094
1.8164914,469.09546,128.7636
1.3015062,442.91898,126.97853
1.0453521,150.90668,124.52512
2.188948,921.3899,135.59804
1.7350527,462.61176,123.21734
1.3416538,201.62819,127.994736
82.59182,201.11833,124.961235
3.6151445,665.5603,119.61071
0.986636,526.5728,119.240715
2.2507298,1380.727,125.89825
2.1975026,1921.2151,129.46098
58.35563,836.1642,127.34422
1.5744363,949.4087,123.87272
262.47852,975.6938,127.717445
1.6077081,1894.0757,128.60742
2.1981747,674.7489,130.9678
7.164655,2151.2815,131.41393
6.9125113,2382.3274,127.18118
2.5589042,1219.093,125.754684
8.544689,515.11505,129.04433
21.180435,132.99608,123.39177
286.51352,1108.7717,131.69882
2.9129188,1081.8706,126.75083
2.9996555,1132.9845,134.30637
3.481347,2283.832,132.10672
1.3252314,397.50247,121.52705
1.184206,623.9018,123.691
2.3411164,1339.7782,131.86389
2.0790935,561.8067,131.98007
1.9268216,213.7431,116.55
3.5053308,1563.9242,130.05417
74.521484,118.2677,120.87513
3.0714228,357.18008,126.36174
1.440793,534.4753,123.230484
2.026767,286.89966,129.41187
9.341917,422.5689,125.21841
2.6570375,712.64233,125.20752
4.3459277,1579.8348,137.25575
1.2243717,856.0947,124.06633
1.5150926,461.35226,131.44238
1.9141573,1344.3219,133.85489
4.475452,1985.604,127.45949
7.0166306,949.548,128.15987
2.8017275,1168.657,132.01433
0.8248086,616.7913,122.59571
14.464797,1000.0016,117.27508
2.3353117,2391.0737,126.80744
0.88258797,441.5958,122.04979
212.19043,2044.3121,132.52596
1.0748272,522.9226,124.6267
8.025209,403.66293,123.887024
1.7866285,418.6324,125.55695
0.8547751,286.96344,121.9691
0.75801176,203.94829,118.658005
2.105676,329.10342,129.6467
1.2329711,568.6967,125.720566
8.569181,508.70862,131.27533
3.2309673,990.1489,126.87004
4.1300645,1161.0138,128.11925
0.83270234,252.89282,124.86604
35.30345,1354.0713,128.30731
1.110308,534.824,124.07253
8.150796,554.1681,122.9698
46.167374,1249.3805,132.87938
3.0370426,420.26514,131.63933
1.0492911,697.5524,119.00653
8.602175,2479.9592,130.2837
15.594947,958.945,126.73577
1.3111912,538.6217,128.56865
1.2057627,1051.0944,124.13996
44.33962,1049.7056,127.91998
8.075438,2352.6653,134.79974
3.346277,993.07886,131.18782
1.5084758,953.3846,128.95522
7.275641,532.09375,117.09066
0.8023602,485.81635,120.91929
0.7378707,128.35197,121.26758
16.29462,1959.9508,129.69447
2.9364989,175.05081,114.70252
3.7240524,589.9505,129.5181
0.88954747,197.73238,123.6149
29.4795,1466.7369,131.51001
3.5862343,1160.7893,126.33852
3.173791,598.0343,124.748245
5.968114,315.93964,121.09329
1.5250876,1182.2626,122.103676
6.7066665,868.8661,125.50843
2.0109072,359.15976,122.9246
1.9205598,819.7517,124.28606
2.6009755,2763.6956,132.77838
1.0033954,393.26697,123.4457
5.4724064,1257.8037,127.77462
1.9204627,578.5946,126.45413
5.973462,667.0722,132.63931
2.5751004,703.31036,126.25297
0.7738511,314.10696,126.06793
12.949298,324.84216,126.142044
5.8363047,376.30225,114.19268
294.5431,2768.2385,129.59328
2.0483797,928.48047,126.630646
1.2956722,514.80396,124.06273
0.87152815,611.6473,119.15537
50.095844,1198.8064,134.12843
2.8208683,1899.8962,119.99408
60.380608,1144.4144,122.82197
73.14107,794.1662,128.79732
3.099362,2643.6743,133.7332
1.5934473,1074.2966,130.99307
74.66194,437.1165,124.189026
23.170368,452.97867,130.51527
0.5790503,566.0903,115.436745
223.32343,1355.0446,134.06227
6.7699957,925.9177,128.5013
14.490168,622.71216,123.206894
3.9812174,582.0475,122.905075
2.2626266,1960.6241,136.24257
5.3612323,1241.532,132.80562
4.2837315,410.27487,126.69016
1.2529804,342.46683,123.68898
13.652982,1246.1497,134.64754
2.2019525,2305.2139,129.4186
0.93578815,681.1164,123.225494
1.4215529,1014.344,129.8905
1.5689487,698.64856,125.96349
2.293626,704.314,130.73865
0.8621896,433.86093,121.683914
33.288486,781.751,135.27342
2.0191753,702.5722,130.80992
1.1948823,165.68779,115.17653
420.75903,1067.9949,133.15347
4.3632994,1652.4297,132.5521
2.007541,528.6201,128.21178
48.400837,330.12045,115.121025
0.56253546,387.40146,116.0798
5.1851974,206.74704,123.85302
12.433523,917.98566,131.33008
2.7103546,145.98643,129.78603
5.58614,815.20355,118.897156
11.46289,1902.8716,132.6436
3.5464642,1126.133,122.94924
1.1595163,1116.0801,124.36256
488.48462,580.00354,132.67148
2.2329733,562.5341,134.77411
9.688408,434.4464,121.09183
0.732754,665.93964,119.88601
1.5350126,266.00528,117.758316
1.0290809,637.5447,125.99433
9.4760685,755.77484,127.845116
7.7648163,593.5113,122.96095
2.1302035,229.0638,119.43287
1.508439,754.12555,115.7203
0.6277656,720.367,121.76816
9.542794,519.5245,128.45856
3.4741087,513.2515,127.04388
13.987132,618.0626,127.72859
14.841295,335.77292,119.836655
3.6190705,3043.063,135.11708
9.949527,555.5641,129.88322
4.3542686,1813.2977,133.86734
3.6027803,725.88165,129.76137
19.726679,732.1079,120.2124
36.329266,753.8352,130.66132
4.8950944,797.26733,127.00391
2.5043883,1495.4491,127.15722
2.115377,208.30447,119.02826
2.6774638,909.9059,128.21965
2.573856,2305.315,125.70237
0.86309373,200.25845,122.91892
2.1266148,375.35815,120.80616
9.756444,1004.49835,125.555084
140.39638,1389.3671,126.90425
80.42543,1453.6139,127.11828
24.109129,527.5696,128.1154
2.7619023,1528.4445,126.44224
1.1118476,366.20795,125.49766
2.7364378,532.9802,120.62248
2.3826413,1418.7969,135.23549
1.0520593,1115.6255,127.0829
5.8493004,476.78128,120.56548
1.8926594,2439.1038,128.09866
2.0882008,1369.792,129.76031
2.1469412,1491.7031,123.60286
9.484083,1748.5188,131.89832
5.0118375,1166.6229,126.66307
4.02586,1154.4834,128.3303
6.2520566,639.1579,119.50132
2.7117288,1064.5094,132.43207
4.865572,414.6944,133.79562
1.412087,518.9918,123.656555
2.9208753,847.7811,129.9726
1.5411625,736.1295,129.2932
3.5194442,728.5067,126.29257
1.7671068,1736.5878,125.106895
0.895236,586.27997,121.52625
1.2324185,360.11002,124.85684
1.3104584,402.72266,126.82625
0.71773595,95.78971,121.89707
23.88841,930.3467,121.880424
3.6141922,2031.7458,132.37088
1.6913441,1787.4141,125.82152
2.1352623,1587.6235,127.0833
2.3176725,740.4355,134.56778
3.788934,290.35443,120.80278
2.4502583,204.05003,124.613014
3.4092553,1867.5055,131.8114
2.8615284,732.19824,122.59432
1.0025699,1224.7926,122.08778
3.1049724,2821.3743,135.11966
0.6508541,286.5593,120.15638
11.019015,728.8038,133.97456
1.726396,1004.50165,122.95058
55.99373,440.43063,128.69574
2.7198973,338.80432,126.574234
7.7176356,844.0366,118.836205
461.70172,1048.7236,131.24411
4.370654,448.67703,126.60505
1.7389117,1223.1985,131.61987
143.39304,579.4783,132.93628
18.976833,408.86218,122.44511
3.85618,981.0875,132.71838
11.9051285,980.2384,133.69075
21.503586,2411.2866,129.89192
2.2423055,1905.5806,133.64319
16.66571,230.10706,117.4495
54.755016,1152.8687,128.21225
3.0343485,1938.0376,128.62833
44.603237,358.33948,133.96071
1.2604067,366.9552,121.5603
0.9164181,1162.6381,122.777756
3.17579,2606.7202,135.80574
4.8946834,827.0097,130.29439
27.32755,979.6257,127.75082
6.003026,1254.597,135.58833
11.685326,432.77277,128.82674
2.4753447,664.37317,132.99586
5.8090587,1810.8811,126.34866
2.1305149,846.1977,129.05634
6.9984365,1440.9965,129.14557
3.296734,1231.5059,123.99898
7.547979,2249.2458,133.15117
4.1845884,538.3731,131.38348
2.675382,1847.3984,131.49898
4.3084774,1068.1348,131.30243
3.1362379,1539.3969,130.50423
1.874726,493.20743,130.59773
1.2282561,441.3278,120.08897
22.397648,1190.0461,131.36494
1.6923145,1617.2686,126.38618
4.6187954,313.4426,128.08434
10.74621,297.44012,122.059425
180.7274,1455.7136,130.7182
1.5147663,713.83185,129.47507
2.6325898,335.64957,127.96655
2.9515252,1690.8544,133.55936
6.220573,368.92084,123.35128
2.594389,1042.9108,126.27749
7.520313,877.75745,131.27162
6.2170553,382.95483,127.69115
11.001066,602.0933,122.43361
150.42316,1137.8362,135.2762
0.77782375,340.94028,117.042244
4.273532,787.9947,123.43685
0.9277191,529.5882,124.76193
2.6661098,425.33685,121.901344
7.9357266,2095.3877,130.02936
4.63111,112.73099,119.986374
11.94962,733.8314,129.08861
6.0055985,646.8658,130.99403
7.0922904,828.0196,122.632866
8.545326,297.65222,122.35201
1.9837662,792.2719,125.20428
1.3864014,250.36519,125.99816
2.2624307,1927.0143,128.6411
0.7342432,161.48204,119.28614
40.697582,138.14203,122.82815
1.6060303,301.99637,119.207855
2.161552,823.35565,133.90005
4.3670983,204.03934,126.09522
1.4204715,711.731,120.70131
1.3982311,408.55475,128.8773
9.242221,841.2552,129.41609
1.4168326,591.0241,125.5511
1.4518733,1411.0151,131.2771
2.113161,2301.0417,128.86082
2.1675746,603.80597,129.09015
4.1947317,634.031,127.83893
0.64737624,214.94688,121.28484
4.068632,888.9936,131.81853
2.8512692,243.26776,123.972374
5.799838,1429.4995,125.35325
9.221134,1123.3341,129.93188
34.546432,1207.0806,131.45848
33.21744,1578.4011,132.85812
1.7775991,1118.652,131.5706
2.804045,2148.8704,135.59055
28.974968,1330.179,132.46284
10.444039,276.83124,122.94152
0.6895866,281.0152,120.94928
5.3146405,3171.5334,131.91415
22.41805,754.605,124.62181
4.9672246,697.5544,129.7024
7.3954444,243.7464,124.62451
7.6565127,183.23468,127.025764
1.056968,614.8214,124.83806
6.2063193,1242.0422,135.06308
9.615634,893.5675,128.1378
31.431013,2230.8955,125.91826
9.405747,1133.3923,126.585945
2.0114865,1133.0055,131.09119
2.9261088,1068.7633,124.512695
34.357616,1450.7843,128.4885
1.4408476,290.6976,124.54447
22.38903,1588.9056,130.26328
2.119359,693.742,127.75862
8.998039,704.3554,132.80766
2.0110939,1014.44165,124.177826
14.346958,393.09787,130.43837
21.173445,1525.6088,131.43509
10.635684,171.05106,120.15199
33.741116,1072.0847,131.28253
4.0722733,1026.7687,122.06604
1.7726442,1366.1614,122.7577
9.97578,372.43982,134.03374
11.676425,1909.198,132.74718
1.7459115,1893.5525,127.02743
0.4785464,233.69458,119.2487
3.0616825,2849.2139,133.85358
6.3294344,268.35107,120.219765
2.214527,653.56055,126.058075
1.3468311,223.39471,128.56435
1.3621695,625.31433,120.96432
2.2954657,360.16284,127.627365
1.8456857,239.24384,127.38011
3.608859,622.8112,129.73653
0.77413905,107.434814,124.08757
25.250975,424.8001,124.47749
2.8483763,402.18597,121.93319
0.637826,58.70485,113.01983
1.7622548,931.8564,130.4105
1.5309861,478.00528,126.2555
25.365257,1631.2379,130.37477
1.8648977,948.98615,130.54573
18.809372,536.0319,126.43743
3.1636386,299.18726,121.15556
4.9722476,1551.1776,126.96974
77.594925,425.81448,128.10913
4.2977552,707.70795,130.7291
1.9151138,419.16232,128.7425
0.5920704,96.693115,121.760185
3.0643418,946.70355,238.68166
29.238441,900.8935,122.76964
1.2806599,479.2793,130.32523
1.098779,762.9302,122.1436
22.848457,951.17816,128.45636
2.7036111,652.0009,128.29987
1.1479031,260.19934,119.810135
10.55762,474.91864,130.82907
25.460936,441.14188,125.917305
7.365702,1301.4185,133.71062
2.963717,649.33496,132.49976
6.751894,761.7059,130.71736
5.0466866,1885.7755,131.07614
297.0738,790.5338,133.08273
10.452657,452.7987,130.98575
1.0279944,491.02496,123.84361
2.247241,657.79315,113.76664
1.3798306,300.86755,123.13315
13.085488,988.8275,123.19676
2.5765224,2322.7363,122.88722
7.3244777,982.1122,123.83699
4.5016193,1874.6672,128.0995
9.145145,1632.7963,128.69164
0.86258674,200.71718,118.95036
1.5482343,571.2813,129.64085
2.0573528,478.41028,130.03595
1.9798386,464.40466,129.4499
4.2692957,288.15152,132.34007
10.4050455,412.13205,129.45828
3.7615397,579.06036,132.92827
235.17015,1121.417,129.2065
4.3740005,572.82355,121.821754
241.79747,496.26968,133.696
7.310482,1181.8883,131.05115
2.1651223,172.05049,129.63312
1.5393832,336.7072,123.64285
5.044723,1183.439,117.241745
1.6291364,1786.1656,125.97398
2.3618245,228.56342,128.11467
1.3509704,1010.0799,130.13277
8.218708,1480.2257,133.11938
2.5258539,581.99664,119.39385
1.2602569,143.90903,126.80885
4.9019146,701.3696,124.0983
66.64875,450.9282,123.39938
0.80565184,530.21576,118.475044
3.6164963,401.94403,131.07982
10.610777,1205.7393,127.63153
1.6942405,1391.6488,122.379295
5.747078,809.6268,125.357605
2.2312965,1693.9331,129.72319
2.9220266,2576.3276,127.02428
8.46724,158.87502,116.21299
2.1785424,287.6502,127.7496
0.7615773,280.30798,123.639824
8.928428,890.61707,120.98613
0.8242787,618.8963,125.02847
48.157543,2244.5537,127.60224
1.3330226,699.4131,116.383514
7.3637457,660.9486,132.0402
25.114105,473.616,130.8071
1.5551753,419.08466,122.83989
4.566539,54.118412,123.02466
2.70948,2041.8899,133.22432
12.068531,1845.9175,130.23763
6.726977,277.82407,122.07408
9.548784,578.0167,126.70096
2.6213298,1357.5103,132.40869
2.1743693,667.3261,124.80646
3.9033878,367.1757,126.20052
2.9374957,775.04645,131.58662
1.2514153,517.35474,128.32603
1.7539372,814.25867,128.11932
4.2614903,390.6782,117.91241
16.9667,522.0063,129.99445
4.720518,1228.2424,131.21217
36.6008,277.9887,123.32594
6.687225,1595.3501,128.05577
0.7149477,261.33365,116.98833
1.7358667,695.5314,119.52038
2.633272,1575.4745,128.65102
13.402635,1048.4735,129.12495
0.6072113,345.80835,122.70566
1.6924038,1289.5719,131.92294
4.578222,223.59195,124.31714
6.6443524,793.0685,127.21692
14.1323185,379.1833,131.26729
2.028457,199.89336,127.26469
2.1179066,1493.4976,130.87361
2.1315668,821.9578,131.98985
1.9224793,2154.3213,127.57713
193.11894,968.4518,123.449
10.665217,481.71283,131.82402
5.5107207,1362.637,122.32458
1.7499322,984.75916,124.93584
66.97359,612.7876,128.70949
10.09724,980.6669,125.20463
16.154188,1184.3555,129.99332
4.5741816,229.44308,121.84783
2.9742427,127.558365,129.4219
21.172432,1346.051,133.31012
0.6662335,562.6041,118.80902
12.048776,855.47626,128.88606
0.9379273,386.74026,124.53436
2.1570218,1326.788,133.14641
2.7553177,1589.7979,126.80912
3.692566,503.2268,121.602516
2.187922,1725.1685,130.93393
0.85022366,288.86572,121.08075
3.6546295,885.7153,132.7905
14.829832,1642.2319,129.40471
2.8678312,1022.96625,128.35107
5.0711603,587.47546,124.974655
1.2236006,140.46645,119.95411
38.44813,1596.3085,131.51062
2.215022,841.6223,122.395775
2.7436473,1022.61847,127.70028
1.1501753,234.23044,121.99583
1.7979684,1966.0308,129.15527
10.113969,1526.6471,128.3871
11.3682785,1288.8396,129.77211
4.279422,370.9861,123.66895
1.5127661,576.2608,126.99574
1.9675726,1611.6793,128.49498
2.6268775,1680.7106,129.31635
9.670353,1476.0828,130.82689
11.860459,331.3627,128.78818
1.1823187,614.58527,124.98622
2.3021939,706.7111,131.65977
2.1266944,1673.9417,124.55319
6.470472,544.28,119.5923
2.0743566,811.3528,131.20059
1.9086258,480.43906,127.06353
37.192757,368.38083,129.9225
1.5394533,656.07214,118.91274
9.3553095,504.34814,127.39557
2.3026285,692.77295,122.93646
2.3512607,1544.8444,124.14735
1.4755373,206.24696,126.92801
0.8053749,162.76361,122.82853
2.4243765,881.36536,128.60345
1.8461757,364.5142,122.625404
29.358099,798.2858,132.96767
22.863665,1204.6464,131.83148
117.42828,1359.8556,126.171745
2.7719693,537.30585,122.229645
3.6300228,274.4938,122.3883
1.8095018,288.45462,124.32375
1.9007008,769.5128,122.152245
1.5506718,580.2467,131.3472
2.9807663,648.9929,119.40291
0.67007804,284.69745,120.32635
2.1744602,326.21713,130.2397
5.1771073,657.1658,125.71313
4.489749,862.0335,128.22227
11.647392,1565.3368,130.93962
4.192252,1562.0815,132.09146
1.8304347,854.01917,127.77595
10.393786,252.4659,124.967155
9.446752,454.02173,129.95657
1.9356664,576.406,121.44792
1.4023782,260.77014,122.01684
137.61372,475.33966,121.36618
4.6848454,519.61237,129.10611
2.714355,524.053,130.67574
2.0864344,2537.8691,131.81961
22.566704,2406.4424,135.19034
9.906957,2180.5083,126.164215
16.168089,1301.6805,130.75299
30.690008,627.50653,121.75239
176.41263,702.21954,130.04025
2.8531542,406.47678,123.795876
3.5426025,125.31642,117.26338
1.268104,1192.9521,125.18964
4.8119135,550.51886,120.83754
3.1936517,1395.1504,128.78404
5.783267,625.61395,126.82787
12.31554,465.23944,123.046524
5.268027,433.7586,123.07291
122.950516,614.96155,129.54463
10.596491,2265.6343,129.56343
3.2749267,138.55547,120.31133
3.907409,1106.3475,131.75145
2.7291827,2169.5579,129.21396
3.286886,1246.4991,126.48898
1.6616135,719.82434,123.121155
1.9537215,226.04707,127.97291
1.7343363,377.3286,125.992775
1.169716,974.77075,125.802895
80.39718,1520.1417,126.05715
26.86819,1562.1898,130.11055
0.85060215,619.85345,121.3978
2.8171184,1284.0865,128.11177
14.266567,671.007,128.59521
1.0407174,272.19684,122.6783
41.493584,990.2382,132.68102
11.802346,1207.0768,125.48139
11.220244,133.8842,133.67177
55.59098,771.12146,127.87545
2.2439532,299.29807,120.82822
1.8921274,1147.6951,126.516594
1.1960241,336.12036,127.408195
5.4566736,1937.8539,134.33249
12.794499,906.2087,130.86813
1.4901831,280.59885,126.768036
243.81566,990.68195,121.78763
241.15828,1257.8585,125.778015
4.6597757,448.29532,121.552025
7.1560416,780.7459,132.2579
1.1885595,733.1515,124.47784
31.072142,284.1286,115.11175
1.8738734,252.4966,120.30461
2.3310003,536.0921,131.10468
3.6572251,672.6425,131.17241
3.008705,208.25963,127.82192
5.0576262,1375.3456,130.79677
2.460342,282.0402,127.846535
151.91655,1260.609,125.00115
5.4916625,917.889,132.38708
3.2935464,1107.7853,129.02289
2.1300406,1198.8457,132.70526
0.7289086,535.11224,123.0559
1.9683816,1580.9435,132.25044
10.933562,331.91577,131.40067
12.1210985,412.8615,128.6535
23.536217,2155.021,130.0934
7.708499,786.55914,123.90979
236.04843,504.43973,126.420555
6.752471,1389.8673,130.50337
1.8141348,1328.3722,132.4799
20.154799,772.13025,127.41707
2.6664307,307.64362,124.747894
1.8822815,1709.248,130.7117
1.8336855,1158.6045,127.585884
2.0104606,894.6474,130.203
1.6761917,688.51215,124.691864
4.5116935,1895.3048,134.66022
1.5467292,1119.1278,129.73438
1.0688108,720.3368,125.89941
13.94894,361.694,122.86416
0.9620243,372.27383,126.506615
289.7747,376.64716,119.544235
17.776556,371.5038,129.41896
1.3803647,1109.4233,125.28799
0.8176279,160.77805,118.96689
4.316881,1131.6321,130.90663
313.52402,481.38678,133.01031
4.293982,644.45557,129.75455
13.598384,466.34317,130.95299
0.5527179,379.65973,121.14324
5.856016,1588.8961,133.0654
8.123599,921.7299,129.5546
15.019849,436.33768,120.01063
5.811926,1285.1648,124.26548
7.9410853,1729.4661,123.91177
3.2322989,978.2049,134.20418
4.745321,642.60974,128.2681
1.2011129,938.00604,127.65792
5.707912,439.5164,131.49501
2.0780528,655.7962,127.40069
1.4796562,257.10803,126.99966
1.4228444,532.5879,125.03142
1.250195,514.02,127.156906
107.53039,282.47794,129.83206
2.2590694,2217.7068,135.94162
3.0642767,1919.94,129.73499
0.598517,257.80756,122.30183
4.5460987,1239.3696,127.90044
20.86122,1449.4266,127.93037
1.9288045,794.8743,124.97879
2.2342591,567.92163,128.3064
1.5222614,953.5254,128.93745
0.71606296,240.96774,120.19789
0.87852955,92.31535,119.56312
3.8139505,698.55145,129.45311
20.843132,786.78455,127.33158
14.890535,489.0473,126.357925
13.04141,792.14734,129.89526
1.7122184,2096.845,131.62773
25.407167,1589.3466,130.15575
1.9442371,1069.5563,128.94894
8.02282,658.974,124.74946
206.75977,678.3563,124.790955
3.498436,605.42316,121.22781
301.65573,255.56148,130.87654
8.947633,904.77985,125.997826
1.3813406,1366.2391,129.84088
7.5928297,615.8963,127.23657
4.4722476,436.47986,123.39439
1.0529014,775.90643,128.15024
76.05444,1154.509,128.1094
23.928177,497.64658,130.97064
2.0496097,852.8605,124.559425
1.9058008,1196.558,124.48637
2.7776363,2325.4521,126.09869
1.3749654,116.54584,125.60866
0.6278306,384.24072,121.73182
9.19009,351.06918,129.10762
2.1650538,697.44867,129.76543
21.270823,430.84525,123.23417
136.88367,634.7456,122.96743
40.733517,1196.2848,134.27704
1.2104198,1032.141,125.7025
2.2029886,2183.5159,126.73515
7.943026,594.48444,128.59528
259.95096,357.4853,133.32831
2.5445802,623.14514,133.44449
5.7868595,447.54828,121.673744
2.192924,1081.9817,129.3619
3.1575682,964.0735,129.5917
3.2478368,1861.4609,127.6487
0.52583194,546.16144,118.72029
0.83542997,378.06735,117.99167
1.4579159,421.4761,128.23308
2.0650437,464.34204,121.108826
6.3700457,1071.26,130.80789
2.796161,348.091,117.6196
2.9577136,1524.1195,132.2907
2.742729,1635.2018,125.768394
8.123042,1350.8613,133.91318
2.3200934,1832.8007,132.99245
2.7127051,415.85583,125.260666
7.2711825,1427.7566,124.166794
17.622755,2724.8926,130.92159
2.0132113,1519.4077,127.68887
3.6375434,624.86975,116.60007
2.94054,1636.2584,123.59537
50.778954,1092.9901,131.194
82.69595,228.24484,121.1421
6.7398524,1868.017,131.4877
12.8218355,351.3955,131.96832
193.55092,674.2659,125.59639
0.80838394,466.71918,120.503006
1.5880858,808.24176,130.30432
155.7302,1128.6998,127.77978
3.3320172,438.20114,121.39766
6.462188,123.90704,123.07681
0.6312671,93.59148,121.83168
2.703739,1327.4773,134.70029
78.32867,774.6177,124.9044
4.3248916,2297.9543,126.14332
4.5889177,861.5368,128.95523
1.9645032,452.91135,130.49562
1.9871557,511.2949,129.02673
19.008106,1418.6008,128.42354
1.2496407,862.3439,125.43953
16.83819,1075.0812,128.45609
162.58307,508.30353,116.34555
0.6769963,389.32904,121.2579
7.3712378,2043.9174,135.61584
1.7663395,1010.39703,129.76772
1.6984415,646.4201,122.45268
7.279404,1296.868,128.65642
7.508505,436.29266,125.48319
1.9484617,314.24213,124.81088
2.2552807,893.5896,123.9193
13.510872,1730.2336,128.13506
3.0836217,301.59192,129.64339
2.011742,425.0577,132.67674
1.1243503,248.3319,115.34164
1.9352294,1132.3087,130.28525
117.43026,1282.1545,126.34901
9.375058,212.88634,131.83919
1.9094485,1647.534,133.32162
0.7651878,208.89449,119.05612
27.86417,427.3834,123.612366
2.7555442,288.75247,129.64632
1.3431484,245.21487,121.20208
1.912073,976.4179,128.39351
14.079172,810.2608,122.26826
38.311565,435.65048,129.92921
2.9180584,645.39844,131.41994
1.8000175,505.65814,123.50581
3.4825704,145.01894,125.474464
0.79850835,319.30365,125.98408
1.6452557,448.39505,127.36582
7.3631363,113.36553,118.78176
3.984821,692.63306,125.239914
30.41232,547.03827,130.0368
1.1615518,903.018,129.08604
2.8978608,131.18259,122.00936
2.841637,704.6857,132.27583
2.6853569,1526.6532,131.13184
7.5380282,403.24313,120.7249
1.2167925,488.72974,123.616745
3.7770984,552.0274,128.7072
258.21826,781.6976,120.64948
9.018542,939.7744,127.20196
10.476636,253.39066,132.29659
2.045488,448.32928,115.20032
4.333602,807.487,125.84608
30.834265,95.281525,114.693474
31.57731,1668.9987,131.09372
1.0608412,598.334,127.527145
62.689312,2430.9512,131.48582
2.7802823,197.47392,131.1653
1.805796,1138.0209,131.64961
2.9761484,1630.5837,127.45114
11.615997,213.50624,123.559456
3.040967,630.47327,123.25733
0.846612,800.3711,120.09183
21.681509,2192.336,134.70625
13.642129,1092.3225,127.57764
2.7281256,957.35736,132.14891
0.66786057,346.93118,117.36548
3.095692,599.4168,120.97643
19.592709,1209.3237,134.47559
2.0210335,579.77423,125.55359
2.3159218,130.09322,135.59592
1.6517314,231.24648,128.81938
2.003201,1530.6791,131.55437
3.4794695,1429.4073,122.058044
1.4049389,1138.2228,127.00385
0.6662173,516.0972,119.95469
4.793035,489.9215,133.32147
1.5976834,1356.2404,129.9548
3.7138815,2042.5776,132.95546
170.81808,575.63586,132.67355
2.013965,1809.5485,134.54404
1.2427628,266.25836,125.1782
1.14074,545.3137,124.93186
39.15878,247.26314,126.95049
3.7967045,849.3617,122.66767
5.580699,1719.7334,130.06868
1.9126827,1606.6172,129.67569
134.85652,1121.533,127.58043
93.8093,405.68652,117.255005
1.9775865,517.3388,124.94983
129.38206,921.5989,124.21539
35.78883,338.82516,129.28912
2.0590444,901.5135,134.79509
33.51564,391.31232,127.45246
1.1938761,274.26996,123.841095
55.62305,752.99567,125.21907
4.22986,468.81058,121.563
2.8845885,963.1643,129.5103
0.5935424,702.6795,121.71615
1.370961,976.539,125.51415
1.7305664,798.8329,134.2568
130.51091,1645.5924,128.61562
1.5299176,342.83212,123.933716
1.0417027,566.1814,121.57391
6.8747845,919.5938,133.69797
1.6014781,1405.2666,131.11224
0.80788153,495.89386,124.91751
4.6516237,501.3825,124.07105
279.90155,1881.2064,129.83923
202.65787,1726.3064,129.31636
0.96842265,577.56366,115.65294
17.569054,842.0785,132.32253
2.4734178,969.9567,128.66159
2.4164495,1728.798,132.91339
1.4432653,998.86743,132.01077
18.596767,489.4563,127.02158
12.322183,1571.3531,128.21432
22.836048,1349.5609,127.57178
10.220727,193.45358,125.93481
5.0311947,586.1655,131.84523
1.6979576,1494.9012,130.72067
3.3809342,1541.0201,132.83638
5.812289,493.5723,120.48705
7.0357056,556.4118,125.69307
3.3557506,1069.8672,128.49976
23.51432,535.78613,125.48918
1.989813,500.99506,129.29654
1.5984594,1188.6029,127.844376
0.72073066,769.45013,123.540215
0.75599843,368.7877,120.106606
4.344888,378.74756,123.45347
3.1852536,371.4715,128.32523
2.5530243,1691.9948,134.82458
5.375201,949.2099,127.87946
19.986752,1773.0736,128.34938
20.879189,944.76074,131.1455
6.986446,770.5113,120.83015
1.9870192,754.76117,131.44566
2.622052,527.085,127.39634
1.1428952,618.6896,127.45463
5.405218,96.2635,125.10423
5.9817815,305.75192,122.868225
3.0353203,453.77167,124.083405
1.9655792,521.2366,132.44585
1.2674593,140.05763,125.46215
12.578948,1247.84,130.3282
2.3691761,2489.6826,125.26488
0.9567001,541.5214,123.148254
6.923649,231.33546,125.26192
5.493725,863.3734,133.51228
1.0196826,972.32684,120.308624
11.263534,663.12463,129.18501
6.1567416,886.26953,133.66954
2.3602445,452.8589,130.94504
5.020831,1488.4282,135.3986
2.1495287,585.6463,132.04872
3.587632,427.3021,123.96991
6.4526467,1401.6178,129.01277
4.7080436,1079.8981,129.92416
2.6019437,643.1627,124.937584
53.239925,1931.6959,132.32281
11.604935,702.7526,132.04361
3.3474805,829.8076,128.98306
8.345406,1039.1636,132.61784
303.2323,534.02814,126.13637
2.1573422,136.34534,129.87415
3.84905,1128.2754,132.51537
2.7766955,502.11478,130.8439
59.370518,452.90268,129.69029
2.6729326,517.65,123.85398
3.402151,315.55002,129.5141
1.9390227,1064.1787,129.33719
2.2559118,532.72144,127.58617
19.137245,394.0702,127.7541
15.689386,312.24905,129.74585
2.0488033,684.2975,132.74583
11.118527,733.4872,127.70976
12.850805,486.19595,132.73279
20.602451,262.86337,121.36701
3.434321,987.72546,126.74729
1.7328268,371.40945,131.23929
4.804493,2263.7678,128.988
2.1853838,756.26434,125.54002
7.517737,438.31784,122.23028
3.763058,766.5681,125.07899
2.4037943,1648.3331,131.29558
2.2652843,209.90414,128.24109
2.2207325,253.09038,131.09645
4.2546306,1138.3334,122.20054
3.3801708,1138.9788,131.85948
1.1764177,331.9374,117.1132
7.118499,483.30637,117.932205
11.6621,463.4723,131.93477
2.016557,1181.5103,123.47064
2.4273582,233.37508,130.95506
6.8703823,984.23724,130.30048
2.9716005,2058.03,132.44106
108.517136,2042.1599,131.2588
2.429551,635.0972,125.6568
2.4780252,410.54706,134.42618
0.74122834,42.170208,120.156944
14.73998,478.9145,134.34001
3.202977,220.36652,119.579865
3.410056,1752.4851,131.57578
4.723094,777.7374,134.15408
27.30197,424.65854,130.31589
0.88089937,762.75934,117.54806
1.7803715,684.91693,122.111664
4.06098,1549.0745,132.1211
3.3577921,407.1851,120.77583
2.1312332,2392.8662,132.1493
8.909914,468.91882,126.02277
1.183113,1212.7152,120.57781
7.503947,1518.8324,133.62137
1.1125689,148.96512,126.844444
2.5782301,418.14725,133.57533
7.89888,214.03613,127.45289
14.680775,1605.4128,133.47418
2.9786575,654.8895,127.73383
2.2190692,134.58095,127.90281
2.4130425,721.4887,118.69016
0.88497883,613.38104,117.35192
0.957547,481.92108,120.001396
1.755179,1149.5347,125.77541
0.6125185,347.21198,123.2567
1.01184,201.67665,113.83638
3.169632,563.4895,121.24233
17.091137,1706.9834,133.61688
0.8497797,223.49536,123.33997
2.2672997,420.63385,134.72891
2.0661833,967.01276,126.37302
27.576221,1025.9486,126.254395
2.8059711,1552.1414,132.83852
0.87708145,187.2649,123.3631
12.650928,225.54314,128.12079
1.1852207,294.6728,121.529976
5.8010564,761.65436,126.06298
5.7940793,1431.1014,125.20387
5.7114925,488.7165,127.51314
6.137321,912.6241,124.315544
1.2602819,218.7657,122.71362
1.6663194,1117.7295,126.63511
205.43689,578.3238,120.83897
33.24881,310.72256,129.35458
52.13956,381.28033,120.968994
25.58541,2599.6255,129.84538
0.94345397,357.3702,119.05968
5.00386,1006.91846,117.646034
0.98471963,332.13104,121.747696
0.8755119,1025.9877,126.18807
0.5122562,141.9643,119.5209
2.0729523,504.55045,122.36364
0.7996867,154.48648,117.270294
0.7733146,355.21268,122.690254
0.7629969,180.6092,116.763756
13.223961,1504.4185,134.1657
0.90745974,191.67386,117.20554
21.799173,502.49396,133.88617
2.0336366,834.7772,128.90044
3.0191684,281.01758,121.74675
5.7160864,679.8453,131.52321
305.40488,1007.15857,130.75227
4.2507486,1020.3553,129.1123
1.0074302,325.1125,125.02922
0.7286791,115.66574,123.148636
3.121279,776.55634,121.46866
3.2475176,999.76495,125.340324
9.030635,481.29227,133.70929
92.52917,552.36835,131.39697
1.5799167,1100.4961,127.131325
7.1567073,704.9977,120.395035
1.827138,881.45483,125.492645
21.39194,330.70462,120.03097
51.66934,660.6143,125.02152
12.841974,867.6689,126.55688
16.149502,1700.616,128.69957
12.978487,1154.1708,131.5089
2.3326564,1542.0614,133.65135
3.1092346,392.10712,133.57309
2.964724,666.00653,131.95914
1.3635772,174.76828,121.50484
1.5330133,423.06393,120.2125
0.84493685,429.2016,122.20222
1.0446925,613.8849,121.332466
1.771885,1640.8096,131.32452
14.693082,1091.3083,128.44531
1.9211067,828.15814,123.53485
10.228439,558.4763,132.21852
0.81390524,161.35437,121.95824
2.2349796,475.07864,130.7729
2.1631584,1209.2183,124.00536
9.248063,761.4521,130.5643
2.5301054,729.90533,133.64034
2.0867863,538.16095,124.17068
153.81488,1516.4315,130.17831
2.09489,691.4069,127.92708
4.877201,612.8629,127.66371
3.3340008,1891.8962,129.70201
3.8483617,368.77264,119.89256
1.0851812,630.7866,123.270935
50.8979,251.87854,125.90152
33.061424,1563.1963,133.68631
2.4990742,633.3545,119.79567
1.5779313,377.82944,123.288666
13.372237,1423.3818,128.45302
15.282109,161.25859,128.33553
1.7839869,614.79755,131.94688
0.7709876,689.8255,118.90405
2.0988662,1212.571,125.380775
1.8906187,242.82007,124.31458
0.6218065,424.38022,118.21509
2.3522036,557.3172,127.39081
508.6248,779.6427,130.21527
18.882513,1177.2677,123.647964
15.721092,707.969,130.6911
8.699054,1986.874,128.10658
1.5897421,661.96124,125.94547
1.9603581,1592.6842,128.0044
0.57795966,316.80206,119.76563
42.882965,1242.9126,128.69748
1.4191145,1317.8177,131.07652
4.5670667,528.28864,127.797005
1.6754876,1014.1877,121.04231
3.5364463,2132.3853,136.37624
144.37115,480.90128,119.36179
1.916081,469.53534,126.436386
2.1710997,1238.0295,128.36282
1.3864473,294.16287,126.55801
2.2333865,1256.3966,130.83086
2.8921235,438.57523,127.46901
2.1670012,640.62366,125.46991
1.3562707,185.25209,125.1822
2.8530831,502.5895,133.03194
0.99573267,291.7579,120.17964
26.716022,805.446,128.67944
2.0065181,670.0432,127.7377
11.962858,519.5106,133.13548
1.1549802,409.86975,124.69866
0.9801368,270.3439,123.301575
8.376839,2043.8696,133.62904
1.3861054,110.21629,121.01797
2.3710117,335.48996,127.15498
21.449974,1599.1013,131.71829
0.9672707,427.0439,118.90546
2.2056992,964.204,125.25884
1.644552,1671.0354,130.9059
2.3494272,350.68774,120.95038
12.773023,2637.4263,129.62694
2.0387878,790.47705,129.91469
1.5326658,1372.8252,128.4686
1.6149476,186.24818,123.7938
9.919112,235.61028,123.528
2.0239496,1003.5733,130.45575
20.576464,1224.555,132.1535
7.851442,501.23212,124.44643
2.9857838,869.2534,123.29917
29.73506,1088.3347,131.02795
2.7190278,387.05185,130.28755
3.4178133,1007.13837,130.5084
5.8763914,975.56177,134.41167
4.7841587,1287.7545,125.38208
2.129384,491.81934,132.922
1.9136705,482.6924,127.41608
1.8719791,1942.7915,130.74496
1.0372992,623.6753,126.22671
5.1311874,621.77155,119.56647
14.688766,2131.5237,131.65868
1.4804916,1539.4249,125.30893
3.0905373,708.50867,123.471664
10.744596,710.0963,128.9632
8.151408,349.4051,127.21145
16.268908,579.51776,128.4755
56.849762,1133.8965,126.77282
44.529903,1295.266,125.04795
10.640311,2496.8152,133.15994
5.4774218,1719.6687,131.75955
7.4353805,1006.65906,127.49642
4.2721543,479.7159,131.96722
15.060917,984.0114,132.14156
3.0973365,777.2371,132.81595
6.1303973,139.49316,125.40548
1.2429414,1053.974,123.766914
6.8932114,1465.3188,128.08806
32.5067,925.03033,129.04164
1.2007518,991.3709,122.04472
1.723034,1750.1216,124.84812
1.4453688,450.6821,124.50721
4.406707,2239.4885,134.66318
2.4819424,64.85165,118.19393
6.178257,590.3253,118.21257
50.304657,1886.011,128.06375
1.4813336,575.6402,127.60857
2.1425834,544.6919,130.14282
1.2634993,386.89148,126.26814
10.769014,1119.978,130.1714
2.3483994,715.1481,127.888855
5.9372783,1924.3468,130.9694
1.111458,326.49057,124.238716
2.3522022,439.2105,127.10595
3.8622217,971.68,129.60599
2.0333862,522.1151,118.041046
3.0824475,195.87047,127.61622
1.58575,1428.5695,126.12974
5.220528,1572.7466,132.36772
3.3934877,2123.9504,131.08589
3.0964725,1749.1011,133.4752
1.5165703,1633.1069,123.703735
162.20177,625.6222,117.01356
3.0397918,1886.4136,134.68546
1.9271203,617.8987,123.82628
67.140144,370.02594,127.834755
16.128368,927.9753,133.26588
2.37587,977.6184,128.29366
3.612998,1333.0596,127.2551
37.681824,562.4065,127.67654
1.6219325,1246.6564,127.345474
1.3943824,681.01587,121.051155
47.350185,382.69897,125.274086
16.956488,1463.9757,132.59561
1.1106731,669.199,125.55725
1.8708189,1790.4641,132.61963
1.9250485,1052.3677,126.93596
7.9004664,740.4244,118.13331
26.181208,1992.2234,130.64488
2.5592372,736.1192,134.35283
4.4375834,856.22845,127.59529
299.6546,584.67804,131.72047
0.6311001,188.79141,114.54291
1.8268155,1149.4419,126.27523
1.2382367,478.64804,122.042496
152.40175,257.46402,116.749405
3.3818266,2084.4172,132.5084
70.60541,1284.5176,126.65444
22.231243,707.9659,131.82584
1.2319678,165.59137,120.89477
18.100418,333.3392,125.653564
70.39403,462.44977,127.72739
3.054338,1572.1113,129.39021
10.992189,346.74127,128.59933
1.3374134,767.15576,129.53899
1.8032932,519.141,126.780594
2.1882973,471.114,124.67465
1.7666988,283.3729,128.56845
10.255516,800.4537,133.04568
13.855879,876.2436,131.34851
3.1068573,585.2543,125.76121
1.8044019,1213.3167,127.04545
131.9252,703.28845,128.57834
1.408992,190.35094,124.53946
0.79335934,350.46457,125.857155
5.5213017,436.05698,127.91946
1.274746,1484.7284,124.52307
1.8877007,682.0105,125.11718
9.147996,308.71957,127.17082
18.746649,1706.75,131.40976
3.7888029,422.401,132.69508
3.3239062,1511.432,131.4206
1.5877755,1122.4448,130.1933
8.359184,207.49554,126.42294
8.75781,300.82657,120.3724
4.6124578,482.05753,127.19817
4.6505437,1061.8086,130.71912
6.2522206,1084.5802,125.31549
1.6671088,398.32684,115.03814
1.0571415,982.9502,125.89496
10.236732,729.7128,130.87892
39.480648,580.35846,132.60484
1.3694911,941.9871,125.354034
1.7818301,640.615,130.25691
2.0264432,298.0192,131.86911
13.233894,253.43423,125.44953
5.54794,720.09973,125.01725
3.336553,243.29787,117.32868
45.170692,1878.8495,126.6648
2.2823617,1656.6954,127.180984
0.7673765,512.86224,124.681
18.603455,244.7587,132.00914
1.3635378,254.76607,127.524216
2.6661742,742.1674,126.44025
10.455766,502.39648,126.7035
1.698191,1498.425,131.7088
4.2802997,620.49915,132.09984
2.2876868,908.03516,127.58609
1.8835576,346.09122,127.343735
8.724822,838.1835,131.00969
59.081894,687.30475,134.76807
214.96704,1901.4469,132.7088
1.0073857,539.69135,126.917755
0.79623663,547.31177,113.50002
1.3897243,549.1755,126.58313
29.586908,662.44916,126.80467
1.4776205,358.8969,120.793205
0.9412393,448.83218,124.20716
1.1809485,428.02466,121.46824
5.4993362,1900.6217,131.28577
4.234583,165.12686,125.13302
3.2071204,909.08704,126.728035
12.6752205,385.29535,132.57066
1.9217889,1768.8871,130.17876
16.763672,454.78394,132.41821
20.022682,969.07166,133.39473
1.6102633,1128.7069,131.99019
1.8951886,1148.2084,127.869225
5.283468,1448.5796,133.28168
1.5878404,1734.9603,129.44417
4.4294376,1482.8142,126.92985
2.5512836,622.62427,113.825775
6.1101656,1126.6624,125.25553
4.4148316,1005.5573,124.13452
2.3136232,1232.1956,127.140114
2.1110086,1162.2449,132.16281
2.9329834,822.09564,126.17654
1.4407446,168.75157,126.35021
3.7406967,437.78763,127.36413
2.3944485,629.73846,132.61162
2.2236507,1767.1969,130.90271
1.7436558,1669.5293,125.65109
3.0931413,1002.50964,121.16353
4.246986,1393.283,134.86696
0.85994774,780.7852,124.34235
1.7530807,402.90497,127.08054
2.4840465,773.09436,130.85591
2.5543134,509.301,128.09785
22.834236,741.1382,129.33405
3.8812652,767.12146,127.26524
4.8548875,1088.3877,128.6525
3.9091322,1785.2637,132.43457
5.899464,371.99295,129.7797
2.0391643,1056.9504,126.88091
13.706034,1361.1293,132.96638
2.626357,787.18427,127.30559
3.3951004,1646.1681,129.46223
16.656717,567.0206,129.9755
0.98822796,670.75946,123.52613
9.166608,1793.8188,131.0762
9.258572,1414.043,128.16916
7.34825,1089.139,133.61505
1.8110477,726.8142,122.52393
2.9970915,188.69267,118.28481
0.9174601,450.38776,124.59685
4.246972,530.7077,119.32985
3.005712,1014.0677,131.05219
1.513458,151.50368,114.93984
9.448154,428.12814,130.0332
3.3887122,775.48224,132.515
2.2345843,201.29376,126.31952
7.544067,380.3062,131.99194
85.43191,604.4358,118.75429
0.9475703,451.5976,122.15798
5.615171,732.71484,131.22748
1.3164445,237.59479,122.92043
4.380491,1093.6144,132.21289
1.0248995,360.97992,123.557915
3.2879262,2269.7153,129.1811
236.05058,797.21423,126.379486
2.0351908,373.73856,129.89523
2.2652378,541.34326,120.22493
6.2892914,1206.8008,124.135765
1.4346409,990.40466,126.963455
3.0249152,1020.0537,135.34514
2.5298977,608.8533,125.03673
40.311535,584.3101,132.26733
3.1061249,852.46063,131.72263
3.5242462,994.7836,135.15091
1.5887462,1010.4548,131.20477
6.359964,291.5401,125.6654
12.893682,1338.5211,130.40417
0.48745823,354.74057,121.584496
22.536993,1659.0411,130.77373
9.929375,987.171,134.1291
21.894716,440.5516,129.7387
1.385471,1057.8928,127.15543
2.1872327,1411.437,125.11221
11.458269,974.0381,126.28289
2.0514028,378.0677,124.08484
34.51536,1902.664,130.15767
4.727288,1554.2882,126.63309
3.8708942,660.75934,132.29764
12.273042,2045.0964,131.78468
2.1852612,1082.5596,132.24059
9.891449,529.45807,128.52458
138.18723,2925.8342,134.0566
3.9979403,829.9857,124.7589
20.085773,1335.8811,129.84969
5.897127,715.37164,125.270454
5.0922456,1238.8723,133.47612
2.6105876,2043.8154,125.03941
0.5308279,656.406,121.60972
43.086864,602.08124,131.53291
2.2739995,1585.2612,132.79897
44.646053,1408.7557,127.691956
3.015036,1406.067,129.59734
4.3631315,213.22754,126.19448
1.6781483,209.01306,123.3024
13.965198,643.35596,121.85943
11.164732,2460.717,128.47942
171.37251,634.1356,125.8737
1.9812899,2242.7915,135.42853
178.02823,817.1404,127.76431
1.3201251,623.02527,124.2652
0.91947913,534.6304,123.54475
6.969097,710.3198,130.17944
5.426279,838.6824,132.66818
0.7694326,209.74187,117.27739
8.254869,650.4452,131.7499
2.0486226,538.7697,132.0661
1.9436454,1637.8289,130.50958
6.196037,779.24585,125.80096
2.3731108,503.5215,129.12021
4.2760477,311.0225,130.55763
5.8543315,609.3081,114.58076
5.1932254,635.8728,121.19307
2.1219723,437.95584,127.68123
8.270771,290.47073,131.21222
17.076674,1281.6267,133.86824
3.5167644,1611.4293,131.2702
0.8458371,364.6006,121.505875
2.6540883,365.19955,123.482864
0.8219452,545.4906,117.84993
10.73587,1783.316,124.93448
2.7475767,882.803,134.94872
225.29884,1896.0774,135.0745
1.8253847,598.2399,127.365204
1.358634,331.80637,123.30906
12.282677,1565.167,130.53671
134.81857,1415.6122,133.79657
1.2178547,811.69965,126.10132
112.5235,798.0264,130.63
5.303532,270.07736,132.76627
0.816465,503.47778,122.693245
130.48447,666.1842,123.68544
6.623472,777.13586,123.73751
0.82032037,646.87274,119.502396
113.12252,1310.4392,129.13312
1.4232103,598.9444,124.796455
1.5606463,381.46274,120.81544
1.5678387,891.6935,128.26096
16.793396,226.65027,121.75619
10.0374775,494.75674,123.33792
15.377475,551.49335,122.46286
5.6627903,1197.7177,126.74476
1.6779469,984.589,127.30859
1.7548817,1122.8079,124.840355
1.8830957,627.1106,125.97667
1.9817369,1205.2037,136.99731
4.585706,145.7032,128.31876
3.0234833,692.64124,129.06264
1.6828183,363.3932,131.87115
10.538242,798.7947,129.86798
2.5931463,209.96332,127.547
2.53769,1518.3934,124.938835
11.753752,1928.6155,131.49716
2.6848326,638.85803,134.32092
1.1563891,1060.5524,122.97518
0.4967306,302.9183,121.97603
0.52546674,328.38602,114.75564
21.41029,296.52762,122.49112
4.497943,304.15988,121.554726
8.362928,405.6564,123.75423
2.041924,1273.5823,133.46024
3.9887333,578.2112,132.25697
3.1365776,1458.4336,129.91425
16.311668,769.30444,118.83728
131.14754,418.4286,124.03895
2.767156,910.99744,128.90063
1.2570381,285.58972,121.89519
1.6598705,423.0697,118.974976
1.7990412,86.27693,119.250404
1.8257505,366.1053,125.56499
0.926329,135.29857,125.01455
4.126644,1638.681,126.84763
5.706857,2183.937,129.11731
6.265688,1057.9001,126.13241
2.708835,747.3149,122.0665
4.302793,966.5035,120.85906
1.5622405,896.15564,127.57773
6.2100825,1014.7969,133.67998
88.547806,684.1714,134.10483
6.065968,745.0956,130.08801
1.5277462,822.4832,127.90597
12.411977,1575.7487,132.7227
1.5018065,1305.6969,129.28178
0.9599237,548.929,123.31997
3.0734475,1331.0258,129.62587
9.84323,1124.822,134.95271
0.7671147,408.05594,124.64329
2.5171797,2134.6213,135.01006
290.21094,1565.2502,133.55133
2.2578137,411.87222,132.81908
2.533725,1449.3362,133.94832
1.6387556,529.69196,132.7034
3.2940674,168.20766,118.18629
1.9178835,671.7761,133.06233
5.652588,135.37537,119.29175
2.1095095,319.07205,127.063675
1.6033427,213.82921,129.29863
1.4917219,613.11975,125.83602
285.7875,1810.1866,132.77322
1.9289389,449.61465,130.67786
0.9989522,791.9253,120.08455
1.7680168,308.71454,124.97807
4.9915414,929.89594,134.54514
41.8807,261.8412,122.580894
142.27591,1318.0663,126.55242
2.2067413,996.3009,129.09808
1.7169398,314.53528,129.43742
4.952007,188.8862,123.00794
1.351864,635.146,118.69096
2.431775,1611.8309,129.97786
1.0873092,351.11603,122.415
0.66220707,317.71313,123.58565
1.9377159,791.56946,127.825874
2.980445,544.3115,114.0787
6.382588,1287.2496,127.73158
10.454457,2218.6892,134.97513
0.7947907,363.942,123.663506
0.8628289,543.6045,121.741585
25.83519,1236.148,128.15277
1.7939839,981.43726,127.37272
2.0816336,1084.9471,132.58765
1.0823399,362.82922,127.5923
1.742413,1048.8623,131.9813
8.258395,1842.6932,134.49968
2.4153214,815.7701,126.14255
28.433598,1628.6635,130.7323
5.3592744,756.93854,118.651184
8.9416485,513.9049,121.25073
0.6738127,90.27572,119.271
1.7488533,736.8121,128.49268
2.6724885,1252.0615,125.97539
16.97883,798.60645,125.83093
2.7775555,952.12756,132.76003
32.11222,2423.3457,132.66005
1.7646976,380.08124,129.81346
6.9861617,507.88898,130.51158
1.1585631,330.5671,127.70533
3.3914607,402.52335,127.88499
2.2477083,2071.0918,132.28223
91.84973,991.37146,127.55523
2.5716045,1240.3499,133.72276
4.6767797,890.486,132.74147
1.1036582,432.3139,128.42404
62.84465,595.1517,119.69127
1.0768679,707.8051,116.95795
0.59104013,377.39456,118.330956
1.4369376,865.7923,128.46246
1.2072163,1114.3918,124.85982
1.0714343,506.10812,123.44404
2.6628451,1081.3499,126.77702
1.057098,498.52228,128.31523
0.8467177,425.29834,124.25097
2.2185028,2223.4114,125.51698
5.611122,1729.951,127.05751
2.2446992,1337.6033,130.83188
3.561148,230.81183,130.77219
1.9935802,239.76389,126.6587
2.2820356,851.959,129.57132
22.436644,794.4607,124.99781
5.7169027,895.2503,130.95049
2.6978939,555.1743,127.96175
2.3827085,1738.4553,127.19049
13.018759,343.96774,126.44144
0.97833824,595.27716,120.109215
15.795194,511.73663,116.813446
6.112205,610.37286,132.34296
4.144716,245.9588,128.6084
5.349516,403.8232,120.487686
14.835957,1439.2449,129.68079
2.0018759,1283.2069,134.192
2.4137115,424.8578,132.74971
3.1839383,1518.1537,133.17043
1.0367944,148.0483,122.46954
4.517372,2422.051,126.22696
10.974533,188.47017,118.6471
6.069149,230.50613,127.89514
23.337395,892.16705,128.89479
2.3955526,2470.1956,132.8907
5.1680107,1801.2673,129.4571
2.0752075,214.63527,128.10504
75.2277,2589.9194,129.83894
2.9554243,256.17358,134.00424
32.35737,1126.9067,132.50383
1.5996834,580.5756,123.85068
4.7101774,426.8898,119.95688
1.3208259,761.9902,123.899254
3.5573351,1237.6489,130.77367
2.5260894,2561.151,135.25021
0.66952837,295.0933,123.87978
1.3498479,256.53848,123.093216
10.22805,2461.8232,131.8206
1.7621926,702.185,133.14304
2.6980102,220.36244,115.76715
2.3388746,661.75586,127.72486
4.891098,302.19156,118.265816
4.0796533,845.4623,128.25745
7.440282,447.8482,124.25698
0.81231976,214.02509,119.494225
100.49055,272.55292,124.262
15.430915,912.9565,131.07635
0.9830193,371.44733,119.35812
1.4669856,504.41977,125.98133
2.1479769,1374.2784,128.5251
2.8643441,978.8332,124.99941
1.0144949,544.54224,126.90102
19.589794,500.43903,129.82797
1.9442445,1014.7368,132.6752
2.5802488,525.3207,127.46956
19.512846,1142.0005,127.457146
0.80744,210.83487,122.38284
261.51422,334.19876,128.62604
11.238112,247.88403,118.82234
1.408877,555.11786,122.91418
2.6211126,345.0033,125.3221
8.171315,1523.8341,130.10971
20.335897,1042.1886,125.08927
6.308291,221.13315,119.06147
2.4086199,1768.3011,129.25412
1.0532978,64.90297,117.310356
1.7943776,356.63092,121.553375
8.688986,1563.3464,130.50104
5.182303,1681.9816,134.08772
4.207181,1666.3541,130.90266
1.4030315,1820.9242,126.15934
0.50141096,403.26804,119.957634
2.2494104,1721.9332,124.43184
3.1421983,384.43692,130.95728
2.8524098,509.99173,128.32895
3.5849621,1463.4518,128.45763
2.2278306,1697.3695,130.11995
0.7210348,335.49866,119.184845
2.5483716,1915.6428,133.81946
78.41611,936.3123,125.31957
2.4915586,449.60825,133.11833
1.886925,396.5706,120.47716
1.8267106,530.9748,126.60716
1.2672067,409.75217,122.0792
319.33853,678.1998,119.019035
6.791949,692.47723,126.33693
3.3577557,694.523,123.99921
8.955807,647.5985,125.69151
6.1179166,600.33594,131.5812
23.043354,1197.9872,135.0707
2.47887,1533.5599,125.305504
19.09645,311.75977,124.89103
2.2971597,196.42003,120.64829
1.6269886,1378.5576,131.78224
2.2071192,689.7674,134.31166
16.469133,465.23758,132.31462
2.2959464,1879.9768,132.51645
4.3089013,1268.2637,132.66962
4.902313,1068.0234,128.79512
4.2901807,536.7959,114.606224
178.95172,492.46426,126.76278
6.7646894,649.24286,128.73889
3.024922,1240.6704,125.745895
2.0391436,1424.8575,128.80785
10.952857,916.7566,131.31377
1.881018,530.29047,127.19915
1.6243316,372.9351,120.092575
2.57954,2835.9058,126.142075
2.357962,147.43825,119.42126
19.030293,1010.3437,128.95247
9.581811,1275.4149,124.93314
1.6443598,288.44498,120.302574
8.343128,1538.5294,136.40494
4.6088424,612.1944,129.76608
1.6449014,1068.0509,131.9786
7.4725294,390.19263,127.21874
0.62683225,695.49347,124.853584
3.3939764,484.0987,128.69676
2.3735175,1469.1533,126.68007
2.3647423,667.7786,125.201614
0.74498445,222.96342,123.25597
6.615173,475.29666,122.86468
3.27524,190.00076,129.63864
1.6860085,143.41191,124.02976
2.518018,522.66565,127.91131
7.5732803,735.52997,121.44158
3.7108476,1728.1141,134.2746
2.6279244,1223.9312,129.62251
8.983573,1597.6877,125.627914
2.065042,188.98146,128.88264
2.388202,153.63965,129.68365
4.7655277,400.91275,127.748314
7.5686727,940.3879,125.98054
13.205488,131.00517,125.11722
9.917201,660.9073,125.82356
1.5760481,393.71082,121.9245
2.0858047,2648.2131,130.45529
1.1505169,497.99225,125.539116
2.6028297,693.09937,128.2827
28.074436,258.30243,125.52736
2.4751704,367.19916,125.978676
126.11443,1546.7587,131.80782
1.505992,484.71542,119.15663
1.2450943,1268.078,127.75539
1.9717038,735.0941,129.01634
1.281588,285.9782,117.335785
19.57137,1327.169,127.820595
12.506086,2295.4502,133.52928
1.3822155,962.08563,123.02946
7.3224316,346.5561,129.42801
3.3776636,769.5107,124.17938
12.940849,783.7213,123.92313
1.7617996,709.3091,130.0251
10.740971,1060.5629,131.31499
3.9254024,2840.1309,126.701584
2.3713696,1367.4629,130.90396
13.948162,1387.2958,130.90346
1.4911522,332.08237,123.10898
8.233761,1488.6973,128.46457
1.5451627,1056.3953,123.3334
47.04424,478.71317,125.166
0.7957087,229.22949,123.83651
2.0523272,1798.989,125.96237
12.304492,593.28033,128.74945
6.3810205,328.55112,120.63639
1.3453691,392.12976,126.18493
8.415737,581.56506,122.660614
2.3851693,1305.0537,125.59897
3.2349813,1801.4152,136.06468
7.199888,1010.101,125.53079
97.43884,1279.1337,127.77664
5.0688944,233.93509,128.83861
1.115459,772.5193,124.630806
7.140616,578.04315,126.635345
8.455396,423.6216,117.67097
6.055784,963.4493,129.68224
5.180254,1110.0302,124.79169
1.425483,1017.35333,128.2063
6.1094556,902.69434,132.67252
2.5469568,696.5489,130.40105
70.458046,851.6725,127.49025
166.90393,549.278,125.75438
1.7072786,1380.7174,129.7514
3.3925354,431.15045,120.33872
0.97337836,534.9584,119.808655
0.9227842,411.13382,116.96838
3.9103415,680.1697,128.62994
1.2992028,976.6667,126.89032
2.1699958,1689.9462,128.53546
4.405594,848.6733,127.98525
50.63772,257.53403,130.4269
0.7069396,251.66805,116.26037
2.6641293,1354.9005,129.57974
1.9144588,642.16254,123.683784
1.1066208,350.479,121.93738
25.936869,713.34827,129.69954
5.5540934,490.49164,132.13292
1.7649165,2002.2036,129.86827
2.26832,405.18655,130.02518
0.6872097,587.9613,121.245346
1.784025,868.82336,129.07257
5.0255866,536.9478,122.3864
179.15727,374.03806,128.62386
5.0688567,306.47803,128.79256
568.1825,1079.9778,127.30017
1.7641996,677.8557,124.8495
2.87834,453.131,126.93018
2.4185188,200.96698,117.00294
1.1850473,631.7984,120.652115
2.8687441,392.07056,129.65453
1.5288935,617.0487,124.292984
9.384528,2412.9045,134.31972
23.49426,862.1276,131.84705
1.3377115,1137.512,128.14835
5.0864577,283.49426,114.67155
10.053018,1068.3068,130.16322
2.4019978,842.7995,119.639946
13.439196,1355.4662,128.39581
1.3305157,963.1193,126.318535
1.0931114,290.54196,121.10938
2.3377774,1179.4183,131.99144
1.984453,593.97675,122.2325
1.1817875,971.1655,127.58199
11.010557,1003.4575,128.9326
1.421439,781.6185,126.07503
14.846574,1042.1844,133.0751
2.6366775,371.95282,126.89776
1.9085108,1499.1882,128.57584
18.642756,421.62372,123.57543
1.7485667,311.08633,127.95484
14.621561,209.16417,124.91038
1.5128835,580.5832,121.816
23.228333,392.82404,130.53838
82.642555,1017.2181,127.31826
2.7883008,1024.695,127.69475
4.7873807,1314.6842,122.25008
2.413658,2086.163,128.2756
4.252259,1225.0126,132.72469
2.9477298,2090.488,127.46255
26.500137,1570.4425,130.95233
17.830875,939.91266,122.34291
1.5946995,1177.2152,132.03064
13.513771,390.58087,135.45656
3.0063176,391.488,119.825874
3.2686245,589.60425,123.85316
1.04015,219.41417,120.96563
1.137417,494.09973,122.368805
1.4018232,1198.1729,128.9758
18.36921,767.84174,134.71631
2.6934743,483.52762,122.097084
1.1427535,898.8775,128.59988
4.0682545,1300.8844,132.99388
1.2819723,1023.02704,129.74448
16.40244,1871.2045,125.07827
9.143342,618.03345,131.79034
3.9211648,271.67667,128.32623
3.796495,1309.014,133.08157
146.66211,873.1982,126.17905
1.1170324,108.48942,123.415665
1.71177,273.6682,116.56709
0.91844827,296.1134,118.32214
11.516673,254.22517,127.95875
8.935274,1427.1357,128.75356
6.8822665,597.2464,128.78404
1.7322413,874.4359,129.94835
0.593147,185.96095,119.43598
3.622556,693.0763,124.02917
1.6290483,551.3272,125.753815
0.7883577,645.0011,125.218994
2.096553,305.53897,124.30078
6.553381,539.9611,132.3016
97.36491,151.40796,116.53832
1.9030426,957.03326,131.19295
16.47607,679.6748,128.2529
7.124763,827.53424,127.50239
1.7190198,469.8874,130.1016
2.1608982,1878.2651,128.56117
0.45943037,412.50644,114.02652
3.62846,613.5454,123.88366
3.236236,512.3893,131.2977
28.689219,1282.1646,132.69608
4.5173163,884.4526,126.386314
167.73196,756.347,129.73016
1.8098948,408.2865,126.02035
2.2174118,369.7514,130.98587
2.3415644,1249.3468,126.34541
210.88528,1278.3997,129.97133
30.663303,1750.1006,133.19994
1.472672,372.84573,124.037094
7.0123634,757.0032,121.92964
6.4581413,1486.798,131.51996
52.60172,510.72833,124.33066
2.7147691,468.39865,117.09168
11.899505,557.0177,128.8604
12.517249,433.9497,125.647606
20.093603,627.85187,127.075356
6.322092,638.18335,127.59097
0.71612376,317.50983,125.74281
1.0220248,413.44016,126.25788
1.4560236,669.4655,125.44269
0.72218436,229.78014,121.74033
38.912704,785.14703,131.49191
0.541511,500.0084,114.63881
1.0555118,325.7389,125.38071
1.875984,741.36926,127.297
0.5805674,695.3351,119.20543
19.207281,375.3917,130.16862
0.46178946,188.55753,117.27871
37.479008,837.92926,122.529434
249.05928,1051.4875,131.53865
6.688124,410.41895,119.19795
4.752063,302.09048,133.32988
22.571617,988.20636,135.34079
19.708586,207.64842,122.494576
1.1311361,729.1369,123.69205
2.7618937,346.63812,133.62885
10.118524,1429.4171,135.22572
2.6591113,651.47485,125.79732
1.1160086,340.7503,125.6671
9.2000885,614.25006,129.29442
58.96132,1894.7986,130.77806
20.571484,1985.5662,133.26315
4.8345385,1290.8939,130.14525
6.0627112,1149.3688,123.23632
6.618662,225.17342,128.9283
1.2980984,207.8597,126.19355
2.0628884,1212.2139,127.93575
1.8494643,1525.8215,129.50702
2.1359744,862.62286,128.48038
1.0121675,770.3063,123.36782
0.9261363,299.56006,120.91017
7.2029,988.2855,129.47232
1.8369054,1421.8423,125.365135
2.7027159,166.44095,126.06879
2.024918,732.35516,127.015785
7.3944497,264.51685,124.44458
7.34342,1286.3269,125.93367
1.9658264,442.9489,129.54091
2.231807,440.7569,126.153595
1.6193547,225.33678,129.10173
6.514116,508.1854,120.927925
2.3414712,495.68408,124.60423
4.3599815,1940.5767,134.05537
2.6209404,555.84,130.04654
2.0238833,518.8213,126.08691
1.4359815,545.50366,126.63636
2.1356163,1374.9426,132.83664
1.2018713,644.038,126.48592
2.400344,2370.394,132.9236
2.3484225,546.5061,121.909195
138.50774,592.6861,124.14677
18.031902,1772.8042,125.871574
3.1164846,1065.4628,135.23149
6.81711,396.60986,126.014534
2.562188,1600.7484,132.49052
1.9642031,892.8912,130.31908
0.7013221,307.44327,119.298355
3.2154953,186.76598,120.57522
6.2807837,2753.0322,131.17896
2.7175465,813.9952,122.61721
0.7405603,901.31476,117.221565
2.3195832,629.4618,127.91149
2.534192,770.52637,124.288086
9.77398,731.7068,126.32649
2.198985,611.8694,127.4487
17.778973,475.4808,119.692444
2.3087056,1779.2725,126.38157
16.308249,1696.7839,130.0396
1.3432715,520.9727,120.69294
6.5182724,531.1455,125.64434
1.5859568,386.69058,130.71696
8.892494,1042.9033,132.46552
2.0958269,1878.334,131.94545
0.8781186,483.5433,121.17111
12.088969,655.26166,128.0992
3.69666,464.77774,132.69864
1.3566313,312.43234,123.630264
7.0633755,1766.4819,131.60191
1.7157471,954.3221,133.00856
2.3687491,633.25385,121.07078
10.155796,2895.6543,127.469765
8.880463,2022.4254,130.81015
2.3882506,849.83844,129.09567
9.242417,119.45174,127.011024
353.38065,1707.3169,130.97928
0.57233584,223.11667,114.26534
3.3544376,2256.04,128.0354
5.1629705,514.38257,123.8109
1.6750737,199.41624,122.354454
2.705574,585.7371,125.99382
9.3526745,1663.2662,133.7724
4.690424,392.22235,124.05476
18.59246,640.2642,128.59277
0.5295972,413.68826,118.89789
2.0029655,1240.4484,131.77902
1.7882413,1538.177,129.0505
133.77303,550.4913,134.3143
0.4788531,166.4887,115.393166
1.6214246,68.41769,118.20611
15.990629,246.39722,116.07852
3.389604,1327.5734,126.23264
4.5093403,1139.438,126.82534
0.6832848,252.69427,121.0128
65.87108,1442.5332,129.75471
0.711971,455.78143,118.13728
1.3642638,100.47417,114.256004
3.048518,425.63647,116.22932
16.815735,530.9248,130.44904
1.3465759,679.8347,127.44678
6.2352138,1557.0192,126.12736
19.641716,532.12396,127.516495
17.787392,2317.5906,133.86682
14.782479,418.21173,124.612175
4.537542,543.78217,133.88768
1.946178,1328.7717,131.864
3.485349,1200.0652,124.60406
1.4258051,1381.8641,123.9286
0.6978003,260.2306,123.69215
9.201779,620.3993,126.499054
4.4156356,961.57367,130.09265
1.9223003,45.826782,121.1054
172.60878,266.53275,126.1629
2.4823425,1119.8203,131.57286
1.7495497,1148.3346,131.10216
28.142023,130.20715,130.0915
569.25476,949.7834,131.07602
50.028095,1338.7482,121.5475
1.0929694,669.89734,118.91973
6.4802313,922.8287,123.39266
4.881059,242.83983,119.17707
2.3113666,468.9582,123.36943
2.55348,1790.8545,131.74036
16.84706,1478.8435,131.76259
2.5762749,1898.3604,127.63896
1.6695073,178.69873,128.92207
1.4913503,411.4403,120.05449
1.6008778,345.0489,126.38395
2.3089023,1480.9897,126.132256
1.1712564,472.71875,126.8936
0.6143085,172.3393,123.229225
6.3945327,259.0389,120.59437
1.3308386,500.67264,127.33957
13.985941,1397.0374,135.41049
0.54381406,238.0628,115.15706
41.22865,1022.44916,133.94658
1.0272733,431.92575,128.31906
3.3385255,361.73132,129.24675
1.837518,1866.8785,130.17429
7.244035,2028.1875,133.22708
6.327546,1553.305,132.53314
1.2005068,532.72766,125.76108
1.8693807,520.7262,130.0452
38.49599,1169.9358,124.39927
10.6922245,2073.9407,130.10782
3.0653117,556.6822,130.3321
2.195544,466.99585,128.68266
91.40636,1671.9696,129.06224
3.3730693,724.51746,132.5129
1.6518238,513.3235,127.07389
0.7694605,657.27985,121.86919
109.47744,1476.9739,125.83587
24.118923,2875.3743,127.07213
1.4695007,1692.0436,129.49187
4.653881,1054.0167,132.0333
4.3096685,745.53076,124.83792
2.3809502,1772.3094,132.8108
4.685789,2894.7634,133.12985
4.928992,859.63007,129.07025
0.99294174,574.5698,124.969475
1.1311202,974.66595,127.92963
2.9517205,219.52757,124.24154
1.1930008,330.08408,128.35753
2.5785558,193.53407,124.06517
0.6038901,679.19653,119.51741
12.819636,1957.8,141.54614
2.4219475,709.97015,127.591385
0.5501402,168.68527,121.179436
2.2115734,1044.709,132.8159
3.0016353,466.52612,132.94528
1.3677987,134.01653,123.36571
5.3339834,527.8282,118.98212
1.5236975,519.3617,128.54805
0.640192,85.61315,118.09003
2.8854105,684.2417,131.27356
5.7301903,384.6571,121.939186
10.774202,237.04814,123.458755
11.928129,1011.46594,128.47476
13.298349,2060.1355,132.22406
0.7657007,436.6449,123.1934
1.9366878,1808.5668,130.6084
9.259918,685.40356,119.2989
3.0476203,1886.932,126.05329
3.071266,476.51312,128.16104
8.731114,513.80743,126.56226
4.4972024,414.31583,119.104675
9.139544,974.8678,131.11032
2.0730693,616.6905,131.2221
2.1574416,2133.253,133.95485
0.81240934,188.54555,120.75768
1.0775601,212.18626,120.117355
49.06937,593.664,128.63354
9.550819,1706.5317,133.01764
1.216622,856.7406,121.88431
1.8178624,429.64917,123.87855
532.19135,717.27655,129.91956
77.90139,588.4551,131.99756
0.8150997,522.83356,125.33346
2.9813488,562.70776,131.58957
47.45357,1620.1465,125.71945
2.192343,1780.0199,135.52402
1.8146333,1908.3352,131.56406
14.386967,2527.7493,134.14006
1.6316094,555.2177,128.94702
4.152904,276.5217,132.04436
2.2678413,259.82925,124.185684
156.47179,629.11914,127.011795
2.5406692,2333.153,135.28357
0.7966441,306.26038,121.664955
1.8752202,737.1228,125.67633
15.519914,1030.9418,136.55359
1.5279108,589.7023,128.6058
1.51928,721.14056,128.88455
4.1698933,265.4958,129.26477
4.057112,1930.0338,129.23306
5.7351604,278.39218,123.49549
7.1110845,1913.2517,131.19136
0.9257421,532.86383,125.021965
1.7928872,331.3184,118.836105
4.648712,943.9897,122.98839
1.5538617,940.34814,129.79866
19.495863,448.71957,124.13122
1.4941295,1672.0931,128.6159
1.155343,842.42303,127.013885
7.354016,2418.4873,129.3988
2.664612,1266.6619,130.8439
13.95228,339.9903,120.51931
0.7429521,254.65459,115.006294
5.798649,1777.6661,128.2545
1.245875,409.31934,125.937675
3.050336,959.9469,131.98051
2.381721,1632.748,134.04439
21.69072,161.18384,124.961296
0.8893209,375.59897,117.81504
7.8525515,511.876,134.6197
4.357628,447.7878,118.73013
3.4182837,807.4687,124.02374
3.3059032,2107.2825,133.92796
18.393303,501.5393,129.61473
2.1795778,489.14746,125.78682
0.95367956,421.97635,124.56486
2.7996607,1142.3821,141.65051
18.451143,1145.9474,128.57834
27.753906,1919.3932,129.13202
2.2074387,1559.5901,123.99814
2.9334662,1158.6355,133.26585
51.861256,943.32513,131.32903
26.215698,474.29114,134.51208
4.4412985,1035.0045,128.89284
0.7570533,483.1278,116.48246
6.975418,607.3901,133.81956
20.316397,236.69963,130.90137
0.9175676,149.39722,121.3249
3.1722906,208.15382,119.76086
1.8918425,1186.6831,124.22996
12.95514,309.15222,124.55672
6.4285645,1248.126,128.64557
2.2917857,1600.7234,130.05922
8.387529,534.3323,125.05092
2.2059646,1413.7002,133.91432
1.8252897,1860.7871,130.67506
2.9954536,1275.0591,127.783134
16.854502,1001.2383,125.719345
8.357223,1151.642,131.63846
14.173349,303.02332,123.0693
12.809466,2391.6155,132.07333
1.7741808,670.6206,126.665535
110.7342,709.55493,124.03234
35.521072,1763.7103,127.67354
1.6313411,212.09235,123.86183
1.781951,1649.856,128.42307
120.0539,877.495,126.422226
4.393911,583.75,123.01444
3.8527744,1113.8911,124.84906
112.82735,977.603,125.30324
2.074358,2597.1592,131.87312
1.5795869,1158.7668,121.77936
14.334296,870.70026,134.31035
3.663444,235.23517,121.3231
2.6693304,845.457,124.718315
5.317108,1009.1595,133.44022
1.9612345,1294.8878,134.37527
1.9165021,518.5689,128.05933
10.089861,502.2347,117.33875
190.81981,1677.8654,133.64047
0.86908114,99.4738,124.29389
0.70057166,203.80351,120.801315
1.8250811,1247.0088,124.53453
3.350402,1374.0638,128.37387
3.9176111,2383.088,131.6878
5.2068696,409.84982,129.07735
10.743575,527.34534,129.91551
35.210747,1023.4208,131.44946
12.529859,372.8477,119.95037
1.7749319,2252.9226,127.31244
14.373523,848.1805,125.03213
2.2483451,287.65875,122.34667
1.6052444,1123.5498,125.749054
0.5482031,337.19815,116.00941
26.40161,1669.8392,129.54414
25.324799,827.4749,120.61393
1.6294531,820.7343,128.67189
2.0906422,1301.9366,126.200966
19.823088,597.2475,128.33061
57.98313,1063.1858,131.03893
1.9077632,638.13574,130.53973
1.8011916,309.51904,126.24386
157.6853,846.87244,133.71329
11.145137,429.40707,129.30728
5.6376824,731.3334,134.05215
1.25455,297.33286,122.51381
3.102113,2109.9143,131.9558
0.96914154,1112.078,123.58895
2.4706233,3197.53,130.22783
1.5956606,507.9915,129.77657
5.0798764,1479.3636,130.56813
2.730947,1462.3198,135.4856
1.4533162,1559.6158,128.7039
1.7456245,1300.7137,131.0957
0.81561977,241.17342,118.10104
2.3743846,853.61194,126.33871
5.694712,803.8442,128.90964
1.5291046,166.31306,120.25077
11.104942,400.56607,131.50423
11.418888,191.55904,129.06772
2.2468047,930.2642,127.39563
1.8071135,1562.6194,132.59888
1.3751593,357.48883,128.03215
2.5340273,1886.8315,126.891785
11.2562475,663.5261,132.03984
2.1475253,1716.2504,131.92812
1.2464797,256.32236,121.82482
27.065094,660.3099,127.67783
7.030373,794.0131,123.163
1.2931554,501.55942,126.201004
8.122524,114.33118,122.01017
2.5447829,295.2141,123.36381
11.738198,1094.6327,126.18043
2.2118018,543.08057,128.48624
2.4025497,100.15872,121.0521
2.9592311,916.8073,130.83174
14.3230715,2735.7388,127.459564
7.169944,291.30823,134.78691
1.339973,627.8053,123.91843
1.6376213,895.94977,129.42758
20.497284,227.04984,120.39864
1.5972507,590.75977,126.177124
3.942542,636.4085,120.77033
6.891718,424.93875,128.40727
2.5932724,1116.0938,134.81248
47.270283,118.56341,124.16101
1.746818,390.39343,125.64666
14.972022,718.56995,128.284
11.65861,1040.2762,127.57414
4.2962146,496.17627,128.93025
36.174995,552.1335,123.92787
5.193525,1944.8184,134.61581
1.5266476,948.36505,123.6152
10.392987,416.13394,124.9851
6.375424,266.75635,127.38021
2.1681497,2172.1404,128.00517
0.9506694,291.96457,123.124214
15.984392,563.63715,123.837036
2.2770405,419.53256,122.425514
11.132839,827.6441,123.96357
2.6771693,916.63074,127.30699
1.797755,1116.9008,127.970085
3.826694,483.5926,115.610825
0.7673394,258.33014,122.11568
0.626702,335.39755,118.15029
236.8113,1472.3909,132.15192
1.3999165,575.59595,128.7723
1.0837122,596.9709,124.6083
2.8506622,702.4428,133.07094
16.5527,1190.4764,127.528336
1.9326979,119.221405,124.11592
6.490946,582.31036,128.12498
1.7166821,1371.633,122.85616
11.042648,384.9951,125.66746
12.019264,2216.1272,129.09247
2.5574782,425.13873,125.935646
2.7036717,1746.0375,128.61797
177.9961,185.50359,126.11681
0.56913793,230.4032,122.04444
9.422849,68.742744,119.8479
6.6584578,552.82764,124.14647
1.1068571,211.1303,115.10329
30.53044,1091.7593,133.96574
12.519705,403.32397,116.96319
2.2422113,1282.668,127.22224
1.3782382,1585.2535,126.77608
2.1660302,1445.7528,131.49736
520.4555,1272.1398,128.68752
2.199141,225.14168,126.86251
3.7083743,1456.9082,125.579414
1.3341558,755.83905,127.628784
188.25551,358.27087,119.06232
4.0749407,413.7747,129.48564
27.573437,654.0854,133.08089
1.5711162,824.4195,120.346565
1.4039369,743.1513,126.86744
5.7341294,732.7691,132.26277
1.3131491,870.393,123.23221
2.7771943,283.7689,127.67828
1.709473,330.83392,133.3632
4.616796,934.9292,128.9406
1.858333,261.34976,131.05348
9.429231,425.43973,124.30022
2.708179,313.04715,132.16908
2.1024907,911.9288,131.27054
2.858595,129.4761,125.44488
31.921492,1053.6643,129.23705
207.351,445.32047,128.8197
6.992672,1738.6794,133.9263
6.3061247,526.4875,128.72069
0.62290305,145.1711,122.36887
25.488968,1090.9486,122.65915
1.446563,591.31885,125.698906
1.313243,267.40298,124.864235
2.8422186,302.4697,132.8722
1.1429876,635.4822,128.50653
89.61441,549.5208,123.62549
12.869788,568.0952,131.4546
2.232394,2216.8694,129.50883
1.1478397,770.07074,122.21829
2.1398711,1028.7535,129.76936
4.860338,1076.0132,130.43971
6.3176503,666.14435,120.33141
2.7278137,895.9411,127.215576
1.9213203,770.7435,124.14797
3.657901,271.07068,126.54361
76.84612,345.92935,129.0974
1.15043,319.15802,116.2334
1.3454354,155.29153,119.13426
0.548696,151.69617,121.872765
1.7868705,645.0733,127.63778
4.7596483,2349.948,135.23909
23.567162,726.73895,136.28282
10.230769,1696.3607,134.37444
46.117096,452.12228,128.6288
2.9209418,1450.8799,130.78378
1.4683926,1776.2792,123.35428
2.2644448,1866.3811,135.59958
6.031555,1098.361,125.64795
0.7317884,268.36728,124.45412
3.324034,1173.0856,127.064674
3.1364515,527.6874,123.31029
30.556923,1111.4977,133.24385
3.9304163,1049.8372,126.34175
1.3536321,417.84158,124.528404
1.689364,1138.7274,121.4766
1.7737616,393.44632,117.94246
2.1089823,1694.2842,127.91635
0.9313821,103.68116,118.93088
3.1933432,603.7948,124.08439
0.9919565,550.02435,124.568565
2.4918206,403.6148,133.91223
2.3787553,1990.1969,131.36362
3.8734837,641.66895,127.422585
17.327824,310.85193,120.353355
14.908055,243.41023,122.978905
4.0331106,1702.3003,134.60558
8.014945,192.45467,125.41891
3.0299122,386.00848,129.64459
2.0145464,1027.3287,129.19725
2.1842766,659.4336,124.548676
1.8328862,364.67758,125.22363
2.8544726,657.51764,122.736206
12.562831,1142.9948,130.41577
2.247827,930.02673,130.14368
20.949306,500.4401,123.43705
7.5263853,228.6729,122.67671
7.7292438,1293.8253,126.88291
17.999485,2200.3184,135.45522
10.206421,546.2906,120.89435
386.35587,2384.1318,132.06673
36.196545,1012.92316,128.57445
4.22568,877.51886,134.39278
2.8878138,1435.6498,124.26497
7.796625,811.6092,121.70805
23.056284,1878.434,131.86743
1.001576,367.3776,124.50718
1.2019258,1108.3512,120.49778
0.59281194,632.30237,116.75464
1.0748698,443.63184,126.836555
2.3181694,216.89644,119.34804
3.454104,458.1991,125.75564
2.2242181,929.3733,128.52802
1.7834548,707.31915,130.91025
9.391648,452.97192,126.62182
10.619362,967.346,133.70126
1.5116026,590.0686,123.39469
6.6061954,687.45044,128.84824
17.008999,183.60416,120.694855
4.3705115,1267.3828,121.73491
6.023111,1589.2065,127.527824
0.8315032,508.16602,126.363144
14.362756,1199.3505,135.5627
1.1864293,978.3151,124.55037
0.7970712,77.71981,118.67886
34.257652,1416.238,132.74501
2.2047238,859.5706,129.76826
2.7242324,1715.0637,130.57199
5.4144216,1278.599,128.6811
2.4585707,536.178,131.38524
0.88037455,398.18167,121.52112
2.778506,2872.3857,132.32108
10.699914,751.3093,122.5002
2.4441874,293.05292,133.20937
4.030037,628.7201,128.20482
1.635145,1345.7938,130.52063
2.969596,241.54541,122.86576
1.8644886,2243.2744,131.87372
8.472584,1206.0723,132.1072
1.3878272,772.3327,127.97109
15.638521,1647.636,132.8857
22.260668,734.6214,126.21845
2.5159655,994.99,119.93681
11.548432,1163.7375,127.40158
34.158325,408.1844,124.5432
2.556862,316.6754,121.48812
3.6802852,931.36017,124.41184
1.5752802,153.45692,124.26842
2.1308382,480.38977,131.62651
0.7557074,534.38153,121.34643
189.3281,353.31888,133.23741
1.0439919,366.9224,123.10004
4.724116,405.00452,124.06586
1.0024078,518.1098,118.86165
21.867317,580.804,121.66565
18.953022,1287.1345,124.69678
4.360892,644.95337,117.849815
9.19319,895.6624,131.17317
1.5819825,528.8954,128.59271
1.8452288,253.68495,125.08243
3.04383,331.18167,125.81566
1.91515,981.7412,132.00735
1.6191707,371.57822,123.59639
3.245927,182.32701,120.20692
0.8812991,184.54614,123.59166
1.267609,733.2765,123.668976
1.843117,1016.67865,126.01089
5.6080127,608.7638,134.72609
1.2076226,1408.9447,128.26318
0.6792467,275.83667,121.20215
20.281181,1584.0912,130.92972
1.9115345,1438.3689,129.96478
4.550891,738.53955,129.45447
3.6695278,1694.2184,125.1722
76.995285,2112.4895,128.10867
0.8303957,894.02234,125.60055
1.1717384,136.29346,122.790306
2.2514946,691.6445,123.46841
1.2780218,891.4918,122.07137
18.734715,1848.2865,133.28185
2.8868563,729.5895,127.084335
1.7260708,727.1257,126.709984
3.7909522,667.67615,125.760345
297.33466,1238.3779,130.54639
3.0111673,976.52106,127.76598
22.19161,192.50507,128.95259
2.260206,770.64856,128.98836
2.1098313,852.3144,132.11456
1.9426343,1627.1617,126.159325
2.3374298,919.2603,129.02995
3.9802678,529.7262,123.2455
1.4532467,551.16846,126.039024
13.764098,1177.388,125.78281
1.6193211,886.3242,130.78163
1.4175416,1521.5127,132.04318
1.9857475,447.64456,124.71872
1.2663041,1015.90356,119.05632
1.9297795,238.80385,120.92374
1.4075943,1148.7606,123.34714
6.1352887,650.6409,131.28703
3.0026293,1898.0822,133.97897
8.312084,800.4235,134.46414
27.658852,624.6216,132.23232
2.0774002,799.6025,132.35706
52.039963,1332.994,131.46016
2.3148265,347.84668,132.07379
2.4088457,426.31644,132.82487
4.8006167,1326.7928,121.829926
8.787556,1255.876,128.30283
1.7352455,454.69708,125.50452
10.189866,310.81992,127.11718
29.505028,173.31624,117.13222
1.913226,514.67267,132.41621
2.5158393,1108.9053,125.3782
0.9512326,704.9635,117.41344
2.1846712,757.9925,132.22038
6.928817,489.1678,124.149796
2.2758114,1920.7834,132.7631
2.5501592,717.15955,132.8647
1.4922363,774.7876,121.79708
5.4071712,2047.2045,128.10094
1.2247716,849.10236,128.94597
22.07837,1989.9733,129.11945
26.741312,775.27496,131.20045
6.2979836,769.7646,123.751335
1.2852699,635.21246,127.27613
8.219306,813.6848,126.228485
0.64303094,328.52832,116.87981
20.396606,644.5004,119.60852
2.1869168,428.39343,129.5641
1.0884032,268.07642,118.60759
2.631862,604.5943,126.80128
1.0627857,444.50543,124.88211
3.18048,1386.5641,131.82951
2.043074,962.1905,125.32397
1.3169295,230.11847,123.05816
7.315241,621.60046,127.2488
3.4226573,1275.9125,126.96706
3.207971,1537.9125,131.6828
1.3850933,1202.2426,127.246124
2.8479185,441.13992,133.4879
2.2518563,502.30435,131.43703
1.0945545,386.39084,119.199745
28.239988,2574.524,129.59929
1.5828257,506.25452,128.8334
10.210508,294.8585,130.2863
13.835401,606.0071,133.91154
1.4612954,1072.4215,129.31386
3.8042321,154.85306,121.585655
5.242408,1198.5792,132.91437
2.592693,586.352,116.02802
2.7247324,1410.9984,129.00595
9.052755,890.41565,130.02802
2.9123611,1949.4253,127.73478
2.832942,139.04716,127.26527
20.27965,304.11624,122.126724
2.3654892,344.14203,122.42901
6.370733,1143.6196,133.49788
1.4490367,507.48807,124.15144
2.4267373,172.9483,122.73069
3.4500675,682.60583,118.7568
17.595808,1395.0,129.4332
25.864597,1108.3352,130.1487
9.028401,519.4295,129.15607
23.80692,302.35983,134.93051
2.0508091,544.36615,132.72641
2.8124056,229.57236,120.65351
5.536107,972.6134,124.969734
12.02023,432.9652,126.11913
2.6041267,1357.9181,134.47482
12.294276,361.91144,125.47849
2.3505595,1805.5043,125.55976
1.5300981,364.42786,121.57955
12.961229,538.05914,120.71917
1.8272309,958.04114,127.13004
9.551506,660.9695,124.38308
1.453233,1271.8331,129.81177
14.879805,514.605,125.006226
3.134084,845.0557,130.23456
1.0826834,888.4645,121.77033
57.537495,761.99274,132.67998
4.0458226,1450.5337,131.99492
2.6632001,394.6799,128.2027
1.5183532,876.73334,124.14125
4.4397936,862.8041,125.24334
10.221802,856.2586,122.32335
7.62436,890.222,132.68315
1.5822626,1163.7157,121.765
0.57361275,67.75835,117.82975
7.584511,253.42725,123.746475
137.75029,2689.2751,126.17243
1.3020241,361.43637,121.347015
0.76448137,549.65,117.50775
1.9755095,1099.9612,133.27206
1.6296299,916.9007,119.633316
2.0275757,1957.5078,125.376236
2.47904,391.91327,132.6998
2.9495203,2115.2263,129.26949
0.6923914,148.07487,121.425995
1.884264,757.37573,130.52542
15.372538,2268.4246,122.833984
60.775787,1040.7983,135.01523
2.740177,652.2099,131.02173
12.66511,1444.0739,121.446236
4.0992174,568.28064,130.67604
0.5990559,365.6926,122.15578
4.5928035,420.7349,126.76912
376.9745,2535.7917,131.98167
1.7464422,701.3214,127.314545
5.2588,909.1591,125.02553
1.7132907,1457.2625,118.30498
3.3885603,728.6113,118.53931
3.5494614,319.65964,126.18845
1.8450067,239.70662,121.33328
99.65332,558.2157,121.72785
1.7593478,865.3416,130.32027
1.9013563,873.33856,128.34152
5.1858954,2612.34,130.65761
1.7993776,1569.1423,126.62918
5.0831943,492.45822,131.168
1.1757336,519.3289,125.30824
1.755984,990.6995,123.6811
2.1404803,2304.8577,127.05435
432.10965,1068.226,132.17781
1.7580198,1773.5918,128.70937
0.56339794,496.91025,116.16893
2.1329997,492.367,125.920845
29.045282,310.1147,117.86961
18.037632,374.9634,132.03867
13.45512,568.99365,134.2573
0.9358563,355.08145,120.47873
6.9668684,425.58496,118.12103
2.4751961,334.55685,116.72376
1.4937879,141.24867,115.787674
2.1337638,1350.8047,127.417
80.76641,610.1381,126.19527
5.5951405,1110.3192,133.68216
1.4793098,342.0624,120.323555
1.3716574,140.48523,122.797745
12.122234,2206.516,134.20702
44.764038,1485.9917,133.95917
2.9715958,412.69812,116.909
3.5734265,475.87814,120.43929
12.059977,1210.1167,132.56172
1.9469004,1353.4165,125.83381
41.353935,566.4091,135.66808
2.5074742,2166.3665,134.49362
0.8618598,437.90244,125.83312
1.7426921,497.2372,131.18204
8.069925,695.4989,124.27714
13.021173,1040.9205,120.00431
10.488114,410.03302,126.69956
147.61714,342.80676,128.37202
3.5196586,1210.9397,132.2412
15.759301,832.84576,123.55864
1.2905188,514.6533,121.45902
3.9074316,1480.7145,125.64478
8.729012,955.3037,129.1792
335.63214,1106.8784,131.08427
1.6695561,337.74396,121.76837
1.7855893,814.0254,128.21468
2.5681949,151.43318,119.456245
1.4756806,213.42474,122.72324
1.9650577,392.90082,124.08801
3.4831915,268.68576,125.01694
3.5306387,702.63385,123.14305
8.1952915,1047.4462,129.69174
1.0813509,335.58914,117.81678
0.5684198,515.83386,115.47118
1.5485153,106.650314,124.11017
16.172348,2913.3455,134.8407
1.2476293,1316.613,128.81053
7.5877657,1029.856,133.31015
0.8915074,191.8573,118.79694
1.057734,243.98637,121.19821
2.2699199,622.8307,132.24956
1.1945909,204.77658,116.66925
1.9318254,911.52405,128.43831
15.24288,358.16653,129.55833
2.8517685,739.12103,130.83292
1.0739747,129.91534,124.534225
1.7749848,1313.141,126.48338
1.5586663,336.5805,129.37024
16.28043,584.4881,126.68244
3.7502432,590.2234,135.02046
1.3507653,594.1677,128.64867
1.0563927,694.21295,124.97394
1.9059384,294.36996,119.57656
3.632456,994.63336,132.66185
1.9405711,1289.5156,133.49396
1.4542985,207.61693,122.965935
2.8478034,438.2248,129.48634
33.740063,1276.9652,129.55698
11.732415,308.54932,115.52662
1.3477287,821.2777,122.72942
1.1352398,1084.3746,117.65474
26.25661,455.1839,124.40523
7.3244386,874.4712,121.235916
1.6133066,1511.7881,127.04399
1.5203822,1768.8046,128.85965
5.173806,937.88947,127.93555
1.4231911,506.80362,129.654
23.542929,1170.3698,131.01251
18.813862,1551.2644,130.69707
0.7293777,131.32787,119.51576
1.5852733,843.67993,123.20437
1.3685682,337.4864,124.97462
2.9699502,610.43396,126.14634
36.16501,319.73447,118.685745
4.345345,1798.8492,129.74586
18.35716,491.20032,133.44084
1.4090534,870.64954,125.43742
7.0040164,1367.5226,129.75919
1.3987439,1146.0061,128.38116
68.09157,629.2374,115.07397
1.3009714,294.6485,119.431274
4.5398054,1775.9639,130.89522
26.239359,439.13904,127.81053
2.171082,470.58688,133.8432
3.0969486,2223.7402,134.49486
222.87785,1679.6443,124.9594
5.045678,950.5852,132.49335
6.971573,775.1454,121.01493
10.713152,1136.2904,124.56113
25.706615,683.29865,131.13734
1.6618446,305.34665,129.51245
2.387499,323.08444,133.48111
1.7840999,158.63713,120.37806
2.768028,158.81839,128.97389
0.789774,148.99829,121.92279
2.0832822,838.9225,127.3333
2.809905,1679.3932,125.23421
1.8733381,1645.9797,123.55315
23.082512,1382.3275,132.8982
2.6350887,1253.5305,127.85389
22.927084,845.89886,130.76096
3.3167398,526.6971,129.44159
1.8410864,1556.9211,131.40393
23.470762,688.8948,130.07347
1.9820399,1845.5182,124.49401
2.7530935,238.1435,123.74628
1.6272284,745.7496,132.63083
3.1411989,343.89252,125.82729
11.21621,856.75543,127.917854
2.8501997,1130.5283,127.10002
0.9755306,598.7925,124.87744
12.838204,2129.2715,134.73305
2.5056338,1075.7681,125.69824
21.256683,410.09747,127.85775
23.367716,1219.8778,130.52222
2.123329,1151.598,125.94534
2.7951438,2168.484,133.25786
15.432059,722.1396,125.84359
1.395306,711.18256,125.96558
2.702138,814.8936,127.75268
3.2585156,1409.1979,132.08118
1.5526259,684.6481,120.46696
6.2709007,1398.6823,133.27477
5.3076153,477.01584,129.4064
2.2281432,1146.6588,131.18895
2.951787,616.7856,126.56121
55.314396,652.67,125.8282
52.38595,1145.7574,124.27609
1.4831692,1064.014,125.32365
0.8021264,136.2403,119.20609
0.9434058,336.7377,120.39859
46.79037,322.6613,129.27692
1.3267236,513.558,125.96149
590.6992,1243.896,131.92575
3.0790424,2358.2954,127.17002
1.7469901,703.4357,118.951164
2.7783253,1982.1315,126.57647
1.6369779,1599.8079,127.37147
6.440821,1122.6127,121.63109
2.5093284,1559.2047,131.8183
1.4357924,1286.807,131.04492
7.4066367,1714.4636,127.5861
2.7120075,860.63165,133.30482
1.5832833,1334.4955,126.540726
15.071276,995.8864,127.84937
2.2649446,1154.4508,129.15456
6.2667336,1268.8804,124.90054
8.982779,818.01556,132.18755
0.7889414,603.02606,121.80473
5.0040956,555.8349,126.66118
2.5374472,1575.5555,132.148
59.032223,1986.8723,135.3401
108.74038,867.6336,127.22289
3.7118382,2272.937,133.58153
0.940011,236.33559,123.15754
3.5021467,629.38617,123.74671
1.526977,756.57263,123.37404
2.5574715,1371.8391,130.09624
5.6424494,1410.9827,133.69484
3.6891704,1195.7563,134.49266
2.1608553,1378.5542,133.92738
1.7260247,854.56744,127.4808
5.8348746,884.96356,127.98867
1.4871458,990.5542,128.87624
21.849226,1322.2069,128.17926
2.2713826,1814.1244,136.46777
2.3426678,546.79407,127.852936
1.5162542,1477.7843,128.89241
67.85421,568.8601,127.98133
2.7987573,1453.6442,134.84447
1.4994344,486.52728,123.365295
9.991788,2363.9268,133.2504
1.7279847,171.3525,121.34936
22.638859,778.0269,128.67871
1.0156903,265.81702,122.0636
3.061817,464.42798,115.73563
4.38965,1524.4236,123.5857
14.148834,721.43195,122.71701
1.5024445,167.1238,124.46434
6.6763716,1364.8915,131.15201
4.5939245,2087.3582,134.4906
2.5786822,1454.4147,134.38235
0.6735173,222.04138,122.851974
2.5820444,1337.0988,128.25757
0.6303709,284.8119,120.13743
1.7974488,1071.2896,131.97833
7.6291084,1032.0134,133.4688
27.615847,736.64667,123.417534
7.37813,677.14026,131.03491
281.66418,1503.7128,133.82495
1.8017733,575.821,130.28674
1.6626179,1294.8239,128.87505
60.945034,735.5462,131.43478
1.9584228,286.19278,121.157074
2.2323277,487.58435,127.97244
12.834869,1347.3809,123.43785
163.655,321.43082,126.193695
4.128558,276.85995,126.91728
1.7447152,1353.8252,127.97446
8.916203,910.90546,125.52112
1.6667808,559.2792,127.14056
4.4382005,516.4081,133.99991
2.8302484,1787.9792,127.53681
241.68178,424.6212,128.85394
2.1827636,148.01297,128.40202
2.0523252,576.7765,127.725204
158.92876,421.69855,123.59144
15.13402,1978.1034,134.03082
2.2385104,1251.6667,131.0148
51.160114,1186.7201,123.022766
38.01993,1108.2832,128.99565
3.8139029,677.6369,129.5527
0.9949596,262.35107,116.456764
13.744863,819.1496,126.45595
226.88466,1037.2811,123.66749
1.3119619,564.2916,125.93555
90.83904,246.05936,130.93973
2.0111473,629.7251,132.31644
3.6956918,434.93497,123.49091
2.1851032,1266.4412,125.05423
2.0826812,748.93976,129.6277
6.557966,994.13403,125.77109
62.5512,2004.3282,130.3002
2.475991,874.1743,129.89096
243.97397,297.97424,134.1275
2.764999,460.13123,129.60098
7.5600996,366.78864,128.6328
6.1646824,1263.3606,127.004425
15.87617,1408.694,130.58784
3.6664307,205.2959,129.44595
2.4903271,861.49445,120.27755
2.260401,326.08698,123.05106
2.2828515,670.6109,131.79784
0.60990477,601.2693,118.286446
0.547995,432.1805,122.859856
55.51434,1759.7814,133.70984
7.269865,639.49713,127.28056
1.7284721,403.67828,125.20749
2.2620506,185.088,121.84018
1.3097585,414.78323,123.49945
1.1389413,598.98553,125.83048
1.5795712,116.35429,123.25281
0.7714415,601.9556,123.91316
97.23297,620.3588,129.03035
11.599912,2630.234,133.37206
9.715489,619.98395,128.61185
7.475215,415.20288,127.178986
1.2878892,921.3963,125.364586
2.8773112,1281.8633,128.54874
1.0629989,849.44165,125.98122
3.3005958,922.4608,133.70506
7.5047865,1106.466,132.74461
1.1124594,141.82231,127.35633
4.182416,642.6602,127.085976
17.593678,1217.5554,131.52312
6.3891096,1118.0706,127.32615
0.909746,288.9556,123.333824
7.7840075,263.06345,128.10838
4.409737,1679.4622,129.0284
3.4088514,431.4378,119.70328
9.91019,120.026115,125.12672
9.873489,461.8163,123.419945
426.4207,2305.4175,131.89767
3.1872823,811.7682,122.47346
1.2960124,179.27151,126.00875
1.2063879,838.23157,118.26374
2.3192163,504.58026,130.25238
1.8388209,528.3497,133.83035
1.4108592,1670.4309,129.24475
3.1653016,962.3612,126.17354
3.2304971,1297.8546,127.87866
3.766451,1832.8098,131.84453
4.906852,428.13287,125.47228
1.8650625,2114.8584,130.30101
4.241039,274.4422,124.1272
2.0149968,817.5715,134.07184
502.06293,793.0747,129.10078
7.777302,264.1629,131.74132
1.0653017,446.75653,121.93064
0.9278293,91.61843,120.77521
3.2940946,257.53317,126.80175
3.1962216,2015.7123,134.54529
1.2788476,709.8162,124.76333
15.578633,345.0596,121.96222
3.0829206,1258.338,134.67708
0.84275097,650.8355,124.90135
5.3384395,1075.6932,132.51736
2.5119462,326.33304,124.45966
1.5274446,1191.3615,121.46569
1.8589846,506.34344,129.92117
11.677887,2169.5571,127.910484
9.246929,1154.4847,133.4705
15.260812,1676.1085,133.70639
8.15067,1635.3837,129.66986
2.8665054,517.6816,127.958885
44.33427,288.9686,120.55844
1.651453,243.22234,122.25958
21.401451,382.85773,120.51794
3.2322164,1408.5543,134.58002
0.5936011,458.8182,116.210075
2.0713098,647.10767,114.2239
2.2258883,506.10342,127.614235
2.0552862,489.90088,133.75906
106.90092,1156.5173,133.4023
2.0062234,1450.1626,131.21332
5.170685,1655.6636,131.9544
2.182209,350.6732,130.14037
5.20309,1676.8352,130.93854
58.100033,980.5926,127.40521
1.8826754,947.17487,129.31772
2.1274486,1641.9474,130.59222
6.6311874,1837.2872,133.15967
3.151515,175.80884,117.42628
5.7282248,744.45355,133.19951
11.415687,998.86707,126.04663
79.1674,618.9831,125.86931
518.43414,1369.876,129.56395
3.1323645,911.97906,133.68288
5.2049017,1119.2424,129.04309
1.0124961,417.233,127.64942
206.59508,1180.1222,128.95967
1.2147173,352.92313,122.41811
2.540238,1237.766,132.27016
5.6597824,1355.0763,130.80692
2.763675,295.4728,130.32597
4.109172,1329.087,126.49858
2.070667,1359.1235,126.757095
7.3804703,1812.0743,130.5032
3.0870564,588.384,126.98188
2.283883,707.8875,128.96857
9.565917,208.42783,117.27244
15.04392,96.91595,122.68909
8.247472,1071.4905,133.10733
1.566887,259.047,124.47406
9.96865,148.30566,123.954094
2.4135916,641.76526,132.7792
1.1672755,991.34033,118.13675
1.441723,1359.3849,126.34743
1.6365311,1191.4806,130.27562
2.4917235,1015.74225,129.84052
1.7015676,238.21097,123.55145
2.1358633,1063.3635,130.1875
1.0995955,851.627,129.4787
11.800461,1358.1619,127.834564
4.3143773,647.1416,122.70057
209.1332,913.67084,130.78986
129.22984,432.68423,128.3212
3.154055,170.28773,118.157326
2.4743254,458.41214,125.10804
2.151574,981.7205,123.07943
2.5453076,333.32294,121.046104
6.4697595,1819.2836,130.56868
6.343263,1697.0485,133.98161
4.3836417,1044.8826,131.73969
1.8975737,482.54446,126.91335
3.5901225,1187.6658,127.806755
6.770959,311.7985,120.04306
8.089595,999.8521,131.87595
2.205115,231.5072,121.01769
1.4042664,722.85345,127.052956
1.8316153,263.1987,115.36997
12.454416,402.1622,115.492485
2.3768265,368.15845,131.65277
1.2288729,991.2384,119.91868
6.184168,488.7223,127.4177
30.166525,1393.0406,129.323
5.2168126,729.29193,120.44025
7.941125,1073.0454,126.03465
2.4748764,1329.9038,128.78183
0.8802497,211.13997,121.56574
14.551004,1446.3892,129.83037
8.124012,306.28806,123.197174
1.5675737,218.39967,121.14702
3.4930172,1194.8601,124.31021
11.730771,578.3339,129.08891
2.2976575,1049.2098,130.92824
10.132491,1453.0487,129.28766
1.1704612,211.08954,128.37447
2.8716207,584.9647,126.90348
7.9878945,458.28516,125.65787
0.59568155,760.5691,117.01136
2.6161273,1419.3138,127.16647
19.193605,2306.5618,129.21988
4.845824,596.6912,128.08676
1.6360291,582.0422,125.03067
4.9469624,352.8448,128.16026
11.221423,847.57306,121.05897
2.6488042,175.29507,122.56389
1.3617055,712.4514,124.33961
0.9803625,661.4367,126.90123
4.0232067,1875.1467,128.18582
0.9151918,358.493,122.31019
2.8154151,1708.3282,127.05813
150.9779,1088.0826,126.80849
68.80837,1395.6399,128.06906
4.0029073,472.12836,129.38353
155.15395,766.26685,125.097534
2.016466,1207.6008,131.83862
2.8932106,2154.661,133.07741
72.0108,599.2804,132.58215
47.659245,580.311,125.11518
1.2161728,1171.3247,125.42613
24.219395,1537.6302,129.35603
26.561636,3063.2302,132.09283
2.4595487,218.5882,117.58871
1.1740857,657.1878,126.61421
1.6642575,371.89478,121.033676
6.4419794,1177.5911,127.19252
1.3915346,409.63644,123.57659
50.868294,422.45383,118.2295
12.64722,794.6446,131.20166
22.269081,741.68317,123.1744
10.274679,161.85028,127.54203
5.978358,1853.6562,128.57599
17.280466,550.6806,131.36484
19.873875,482.50778,127.5664
3.5539098,491.63834,119.01196
1.1065906,1262.0282,127.38631
0.9547582,199.92825,125.011406
2.3020678,568.17175,122.54551
3.3323376,539.62994,123.270805
11.972724,590.54144,133.59981
1.5947134,555.6956,120.58683
0.834792,321.9791,121.325584
4.2495346,702.8949,129.44107
4.8584423,789.34186,125.47681
4.245911,348.27878,117.36984
6.090426,1551.2611,126.60726
40.814545,689.18463,132.77217
1.2611514,344.41254,124.915054
16.672894,631.95325,122.229225
10.36293,1977.7197,132.49005
0.9667865,236.00708,122.248566
2.3325522,431.75433,117.062096
3.3129113,1272.1665,131.67566
1.9839622,1232.2783,128.70708
0.8932128,712.32416,116.83427
2.9087076,1045.5549,128.60838
3.844834,197.01425,127.36818
4.125305,1557.4514,124.313225
4.1060967,322.73407,130.42973
3.0101004,1360.1913,126.37388
0.99599135,527.4763,119.82192
8.8888035,2625.6472,135.05046
6.1728306,1111.8582,123.73207
4.6391582,1286.1025,131.52083
1.4364457,988.9044,122.86676
2.1392057,187.6679,117.214615
3.3798285,1482.5598,126.784775
2.2949092,457.743,130.23306
8.308898,1100.2518,129.4228
0.51558506,134.80728,120.626274
0.75080913,123.67796,118.348946
2.4288998,246.46478,132.10349
2.0664926,674.31995,124.42236
316.17368,136.35481,126.14752
22.102722,662.2497,134.14749
129.37106,1892.84,127.03309
4.04214,1209.7345,126.56168
1.899272,470.6555,131.53151
3.5311453,1106.5035,120.50762
2.1791148,347.3799,127.737366
7.9839177,913.86615,133.76399
1.0139089,1092.346,123.14813
2.8352513,252.44164,128.11536
4.740163,365.78842,122.55785
11.103475,799.4903,123.855446
36.796192,987.156,120.58738
21.007994,313.29102,127.14101
0.76591724,674.403,126.076744
3.870568,2127.6648,132.76923
395.78815,1099.212,124.561
458.69687,1377.8253,126.69804
8.062743,1570.9431,135.82864
41.78265,803.6637,136.06459
5.1165547,659.82263,131.37256
3.744968,581.25214,122.671974
20.600813,2956.3787,127.32229
2.421966,930.9951,127.95222
8.252671,1220.6073,127.640724
3.5069852,803.54205,132.00676
1.2835716,1107.3378,129.4211
1.1987839,762.44403,126.13576
1.8394594,816.74176,130.46654
1.5976671,910.8097,123.02818
0.766502,595.2576,125.447495
6.490085,1425.9246,131.55846
2.6936324,1742.4542,132.7143
1.5483441,76.01596,119.133934
97.43034,1068.8425,123.28991
2.44365,374.5865,128.6385
3.1797721,521.22705,125.41866
3.1317527,305.95117,134.01112
3.968453,1018.6058,128.01924
12.670467,1494.9384,129.6945
1.1588453,396.1737,125.6881
2.1594396,1810.2871,130.96773
9.824532,496.12018,126.93111
3.1087692,1847.2451,132.45049
16.991806,189.67471,126.23492
14.577968,769.6697,129.70522
1.6534196,555.2887,129.36829
2.6085517,948.57556,132.1323
34.139244,1598.2866,132.84148
0.9012518,273.71204,123.891045
0.6106612,207.8593,118.29292
22.680761,481.81827,116.98642
1.6068051,1209.6254,124.32624
2.753677,163.81252,125.92157
1.6691625,342.0852,125.3533
1.9674066,756.3855,133.55916
133.31087,1027.8596,126.11281
2.0697675,1717.5302,130.90555
2.7943068,1029.2468,128.4615
1.9417664,942.1747,126.43876
1.5821562,1160.1161,126.05876
21.055532,899.49316,123.22525
0.9386127,509.4831,122.11791
1.9621915,1666.7365,130.91641
0.81784445,528.34204,122.98625
1.6041168,588.4964,125.79162
2.4497564,1416.4244,131.42314
1.409234,847.99023,127.263794
1.1323553,1162.6589,126.50325
81.726395,1772.7743,130.65025
74.58426,1688.7622,129.05096
4.468486,1235.4084,126.933975
2.9103823,358.6807,133.92216
0.7799321,277.5445,116.04947
8.264822,537.5617,128.11371
136.0979,381.47107,125.15412
6.8232107,965.4234,133.60435
2.9734516,568.59216,120.27058
3.125542,1314.2665,126.08666
3.007142,2204.0044,129.25563
2.638234,365.64697,125.91926
1.6720911,169.3544,132.81204
0.6489608,441.7839,119.44178
0.94934255,551.6042,123.33659
2.0354397,1234.9348,131.96477
10.301113,1018.568,127.94868
9.841762,1541.3652,132.36708
6.2022576,440.69803,121.506546
4.96777,1142.8773,126.32094
0.44980192,411.15033,120.00504
1.8880818,716.86285,133.09984
4.222423,655.9516,126.813416
2.4461818,777.8202,133.25612
1.6732192,1179.8873,123.660095
1.6862653,421.389,131.85773
171.11952,616.4879,130.94026
3.2570095,2333.396,134.07777
23.227856,217.6695,122.3431
4.4213743,1879.8809,129.97923
3.0056279,878.67786,127.29062
5.678013,656.5617,129.87093
2.140063,1123.8695,127.26542
4.5016375,900.1804,132.59552
10.005008,2194.1785,127.60749
3.599397,706.30505,123.96016
2.5377665,659.3652,133.84706
1.8706285,990.5992,130.42186
1.9846687,697.60114,127.913284
2.9862602,2000.5166,133.24435
114.95897,1024.3157,130.01355
27.778576,757.8909,135.9538
1.8261003,749.2907,131.61427
54.738476,975.156,123.81634
4.640583,782.2141,133.50613
3.6416097,653.2972,129.5465
8.32326,952.60913,125.360664
2.1198132,1857.8778,134.2591
0.9487721,129.20218,117.66706
2.524912,438.28372,129.03629
29.700552,761.51385,131.70355
1.3821125,661.20337,130.2426
1.1640589,609.02014,121.18131
5.5419717,201.96643,129.0118
9.178401,1694.5718,134.50652
31.3972,753.2372,132.00093
1.0315276,135.7045,122.82976
18.294374,137.92142,118.53158
2.396176,1076.4025,123.83376
41.31553,490.1294,123.440475
0.95358175,458.48734,121.61375
2.6522713,158.51239,124.22423
21.322546,1171.8202,126.917305
0.59777164,228.87762,117.681114
5.1647463,584.64667,129.18704
31.51986,163.23668,124.64446
7.0389805,2379.906,123.33495
1.4851985,1148.0887,125.45604
11.024496,928.24255,132.58147
1.0677816,1138.8308,118.20055
13.093533,999.9502,134.17717
1.323871,1427.9832,129.03052
4.3734307,620.48517,124.7095
8.849377,206.32527,116.29919
14.303211,536.0594,130.4436
1.3899348,769.1717,124.632126
1.4839542,1272.0072,130.25467
2.3903635,664.82,133.65486
5.094551,571.84863,121.91788
11.910728,781.43536,126.90955
7.6049767,1274.9149,130.5783
6.249278,164.24823,125.20239
5.6170473,599.4316,126.865776
26.971146,1019.7774,129.6105
1.8896767,703.5899,126.359955
2.1570306,1369.7764,132.23961
2.2877238,1417.9417,130.3914
1.1473348,888.0244,126.003746
9.826858,1491.8889,131.90091
2.8199759,673.71423,121.78468
3.5205126,2390.5186,129.23282
1.8021934,400.19904,128.04085
1.3668747,988.2621,129.28123
0.8435212,539.32764,116.86292
13.579588,1143.8955,125.12471
5.4103813,1426.1777,127.01439
188.24567,1374.4043,130.55804
5.621369,151.7907,122.19085
2.1336274,1070.4818,130.57442
7.377932,294.6947,123.83595
40.21133,304.6631,120.15068
1.6341745,1356.4442,128.06114
4.519574,609.55115,123.2414
1.4276137,1054.5626,127.66179
5.7872853,1331.5155,131.839
5.368737,1031.7661,130.87575
222.55043,214.81155,126.13661
10.807672,592.6929,126.934204
2.4466882,2494.0774,124.19475
19.4258,1381.8414,124.85817
9.249424,817.09155,130.75073
1.0975615,493.8599,119.725426
25.549406,543.2263,128.23863
1.8310785,957.73535,128.82019
2.8481135,482.13358,131.80615
16.136133,2313.7544,129.41023
5.7880125,1374.9985,129.44884
6.1721473,583.4575,123.85261
5.299178,582.67175,129.39668
12.796497,1076.907,131.86964
3.6678174,775.41016,122.555374
5.3566694,735.2229,125.63741
0.7477647,351.17163,122.320625
5.4247813,1189.6493,125.82176
1.4286939,923.4718,126.03776
28.95695,809.905,132.21703
0.776641,287.60312,115.8836
30.10386,1429.41,131.5121
1.8996958,979.694,131.64497
17.903818,2044.2378,131.31165
3.4532104,439.0438,122.057
1.6973903,929.0097,125.74014
7.1632833,855.59735,129.44498
14.397456,326.98886,122.663345
3.8265088,1319.7522,131.39256
1.9625132,924.62695,130.63052
1.3688595,719.8505,122.088524
1.2268622,311.96664,126.0875
0.6865697,182.09883,121.536736
36.90259,875.9863,124.54912
5.643582,323.6459,122.24782
2.0538127,541.30676,127.095726
0.7741269,114.05197,118.77598
36.53257,968.08075,132.12129
12.007199,685.4608,127.026726
2.7934074,1059.6592,126.82309
3.1222756,1764.6095,129.41364
2.8351262,1282.0991,129.15915
12.060292,884.90796,133.5924
2.359632,1258.9696,125.28566
1.0420717,320.57394,118.683624
2.0653389,163.00253,131.30864
237.95879,719.46173,120.96291
1.4208359,329.9125,130.28726
15.581235,2572.9233,133.19547
10.589578,617.7395,122.45406
11.97023,982.3338,121.455574
2.1794703,1599.64,130.10951
2.263151,335.9255,131.83054
1.3213122,430.351,124.192726
0.6856135,247.75024,125.28305
1.7124555,1130.2145,130.57416
2.1533947,534.2678,124.72534
37.72288,809.16,124.79199
1.301192,588.68506,128.32004
1.0207105,900.55884,119.82672
3.7443235,447.10016,121.49556
11.530333,2317.7407,128.12961
9.071795,1369.0642,127.78359
0.781468,726.19226,115.431496
8.969161,767.88385,123.31883
2.032191,717.9175,127.59114
1.3754435,1276.2223,130.71198
3.257935,1120.0548,134.18121
0.6647349,94.476585,117.388535
2.1794772,1768.2466,131.1627
2.4898925,1029.3751,130.47372
2.645077,662.5144,127.93084
1.6152987,428.77112,131.3619
5.528206,695.03174,131.86624
1.3261722,445.7815,125.04994
1.7763584,1032.7017,126.91696
11.952289,299.85468,127.586494
1.8834507,701.8383,125.143364
23.872093,1239.876,123.36466
27.697971,344.84607,122.68676
52.336357,2232.8948,132.06052
4.9420385,1600.7655,135.91934
1.2455707,1742.8948,124.26544
184.96974,833.2333,129.85481
2.4366057,321.4946,125.3251
0.6952614,693.8712,119.20035
105.31429,395.45493,131.66371
11.958738,418.41632,120.321785
94.82228,156.07843,121.651215
3.359419,855.24164,128.8158
3.4854517,1137.357,129.29214
7.805028,626.8593,125.66293
2.9597268,1053.9502,127.29476
4.366345,531.7087,133.85992
1.2112838,180.29955,122.80542
7.9071264,322.9143,129.46109
0.8682309,493.41428,125.09736
2.3910942,2353.259,132.01466
1.8488737,1322.5679,132.47542
2.2615664,862.09454,129.76128
0.7620735,373.02774,120.71908
49.025063,2552.6165,126.56596
0.8829669,678.4444,120.33474
74.31027,581.3971,116.99664
1.281629,255.33453,117.97608
2.624788,1727.5001,131.54024
33.935387,472.29538,124.79139
117.03447,545.326,120.737686
9.037805,470.62625,127.94492
32.97886,598.42847,125.114456
43.766678,359.2845,135.07596
4.779609,867.0649,119.449684
3.1166282,269.82434,121.80577
10.061728,709.4087,121.538956
25.006544,966.7101,130.99037
4.005911,578.1591,132.09381
12.949204,658.30066,126.14219
10.930626,1611.8884,125.84769
3.2318254,1642.4355,125.262085
1.5360852,1158.2554,125.91921
16.920269,1467.5836,130.39763
6.402152,1034.8434,130.96346
8.785388,528.1702,120.22883
2.2314775,1474.7701,128.91364
2.4294803,1159.9167,127.8462
4.7070146,449.98825,118.92446
43.078705,225.39908,127.48451
2.4060135,1164.7743,125.89946
2.573881,1468.7892,131.78767
1.559386,280.31616,123.95959
3.7306955,626.28217,128.242
2.2608752,748.49133,130.21832
1.7446318,109.67483,121.67465
1.9087687,744.9794,117.44209
1.7090347,731.2014,122.2066
13.15726,505.2176,133.09528
2.303063,414.8797,122.61141
2.813614,2484.4417,130.93373
2.8987048,1693.3778,122.084595
246.54845,822.76776,133.33627
1.0646759,1162.0988,128.30568
9.071095,1309.4983,135.01495
2.2332356,1481.3926,131.02924
3.6874092,601.36487,127.234764
29.38782,614.852,136.21815
2.429506,1346.2904,133.00633
7.682873,766.93896,126.620384
2.2232103,2239.6724,125.54491
2.3783703,470.7601,127.54993
4.1040316,1947.874,131.23676
2.5190098,2034.123,136.1245
1.214218,1557.2527,124.99399
1.4100182,471.28003,125.71804
10.87863,332.15344,126.96277
1.2563951,286.48682,120.670006
12.891173,1239.6204,126.15494
30.382889,1232.1052,129.79637
19.371855,311.9035,125.79973
1.5334079,580.1529,127.62377
26.439873,636.1664,125.80057
1.2105063,364.86703,120.972374
1.2197057,382.94666,121.60159
1.2152156,359.7957,128.08873
3.365789,1747.6952,133.24411
2.116034,687.0936,121.32089
7.930199,1879.1854,127.32498
2.0356817,502.54486,123.90602
0.8933308,251.27525,123.586945
2.6546123,2027.2085,124.70519
0.8821529,485.6344,124.50419
3.6589024,542.87976,120.37191
1.9316643,1905.9297,130.14502
5.929392,804.0829,125.51725
1.535738,837.8015,130.0101
2.543175,2094.4692,134.34732
13.838023,393.489,131.62358
2.3980165,2214.3906,134.69292
2.581384,390.90704,127.44513
15.056991,2595.9514,129.33897
8.918961,781.58716,132.51431
54.327755,555.1068,131.2722
25.885105,486.1518,118.6937
11.689494,1627.422,127.274414
2.781336,494.96097,127.835915
119.384705,1083.244,133.1089
2.112785,638.76843,126.61763
2.424995,763.87463,130.26028
0.9917954,797.9002,122.59705
5.6598616,137.58228,122.97306
1.1057532,789.83276,128.96973
3.9401088,1120.0505,132.21664
0.8586154,300.7395,117.727234
3.1112747,1559.2532,135.48941
10.679771,1366.019,133.5881
1.3633441,107.460175,120.12272
109.04402,1046.0729,131.47043
3.041908,298.3163,127.45006
85.93075,419.6048,130.24481
7.347582,334.01862,114.736115
6.7011423,943.33624,125.41447
4.4040227,1576.6611,125.8747
2.0802188,1093.6351,133.14311
0.8948159,515.7739,116.96412
6.591667,1270.217,132.62062
1.8183544,2376.5398,131.26498
0.62616235,315.90146,118.69366
10.054034,829.2802,129.83315
4.0460095,1798.9255,130.41261
0.8688843,139.70886,125.496826
3.7165449,1023.4354,128.20625
2.0596428,1227.7,129.6981
19.919006,547.6521,134.69702
9.07591,2711.5408,127.32492
0.6491115,391.97327,122.399376
3.4456174,840.9288,128.71788
1.6399424,734.2815,116.57008
2.1576352,981.76776,129.10356
1.6013316,373.44818,127.81097
4.2279944,1489.5813,131.52544
27.78566,411.93832,126.46067
11.266077,126.300446,125.43288
2.7984488,890.14636,129.2766
4.179949,339.77637,133.1545
1.6373143,816.2635,126.592575
2.1103227,1061.2865,132.76892
1.6899918,104.47977,123.99986
1.9648551,1379.6577,127.28433
12.180353,193.78235,122.42409
6.4526095,710.3608,122.57545
2.4276395,612.50836,125.781975
1.53481,1632.9825,126.89126
14.803733,2336.594,133.43808
258.7886,223.48604,135.23604
1.9376087,1828.5007,130.7205
2.319697,133.14706,119.477264
10.127497,512.43604,129.33325
17.807056,1077.2354,126.073135
5.091046,341.11282,131.80673
1.4167727,222.66626,126.25752
3.2824357,408.4634,131.15282
2.9927692,2121.2092,134.10393
0.90247476,216.00067,125.46221
28.891584,587.0138,122.82273
1.8420664,1519.2446,129.90878
2.7006633,594.21564,128.80948
1.4159452,990.1067,119.91249
142.04059,666.2707,121.23834
3.611492,2182.5632,128.5061
14.639696,2191.365,128.14319
3.4831228,128.72629,131.59233
1.1785357,405.87225,120.60032
9.468116,440.84186,128.80109
1.9587735,527.71826,131.03139
9.865119,640.25275,130.7198
2.6811438,746.57227,132.29947
23.01956,2108.5408,130.13266
1.2304763,1364.8097,130.6639
19.26324,887.3174,130.7646
11.6000805,595.69476,125.741394
673.76245,1907.3308,127.50144
1.220468,488.85568,127.42379
0.5963522,363.81522,122.66265
3.0596611,426.99084,131.60403
3.1000662,1428.0278,126.98742
3.8112793,1332.2798,124.619255
19.750954,702.30164,125.616684
166.59352,439.74677,130.09756
13.790151,1195.6982,132.68636
10.323185,1117.5393,124.903114
23.425705,938.9555,128.64209
5.1874447,983.03937,127.672386
0.8653926,299.0304,120.62773
214.84843,615.5242,123.50192
3.5469642,1014.1742,130.12596
2.8242204,1975.2821,134.2086
1.0557736,363.03247,119.5357
0.6039075,366.01,119.811226
6.17853,1294.8253,132.83043
9.841548,1499.5552,126.224205
1.8063682,426.7186,127.30555
0.97530055,273.62094,117.54926
1.5621,459.4342,122.6721
3.7490308,551.6041,128.32571
5.304539,1261.8656,130.59906
5.8394723,915.8632,128.70564
3.3408566,600.9973,132.17323
0.7040897,168.36864,116.22859
12.617144,1547.2817,129.36632
7.5305777,385.62192,121.86255
9.726157,1360.8563,129.9803
1.5482099,1732.6051,131.04507
4.3749237,1485.6335,130.72981
2.3643236,797.3762,131.83205
0.84677684,295.23123,115.754364
1.058569,1059.5226,128.07762
31.636436,1131.6758,126.687386
2.9842951,458.8824,120.00058
1.6432703,1091.058,126.76937
1.1676122,84.09538,116.98868
10.764646,2163.4844,134.50296
9.908262,421.44177,132.42294
1.860788,1430.534,127.37193
3.3056426,814.4311,133.63264
3.5227146,925.27203,134.17368
2.1969903,647.7013,127.98558
0.6560307,122.18505,121.45357
4.85551,241.81659,120.2296
19.752542,646.04987,129.40187
5.0015106,404.0017,125.09248
0.90998244,421.5793,126.63429
4.603006,1117.2991,125.676895
1.5036709,1578.2267,129.17807
13.164961,478.4456,120.304146
1.2735415,580.8429,121.61285
15.949365,618.03784,125.51956
2.3666556,1268.9314,129.84435
1.791858,1324.634,127.35418
3.4962642,1487.7714,128.44122
2.508907,774.29114,130.31856
6.9410005,897.6185,131.45146
2.694741,332.62405,128.25005
2.1263468,1714.834,131.60023
2.7519157,1170.5636,124.6924
3.1575994,2225.4546,130.73445
1.6653559,704.6239,127.44267
544.6344,1774.014,133.19006
12.621354,727.48016,126.02885
9.92067,1589.3749,134.75528
1.8896999,186.00471,129.23863
11.245276,1188.8241,118.959694
601.49695,978.7184,135.37515
2.6433082,769.28815,133.63272
2.3028288,1424.3857,132.2004
5.1352053,1482.0381,131.3601
1.9971191,588.7039,118.33594
5.1239414,1737.5227,128.9337
11.941574,484.2815,119.05494
5.2607813,1328.5712,130.81723
35.73818,899.0594,125.51664
29.196579,111.64839,119.42871
7.9732094,314.40454,122.42704
2.7393985,373.3168,127.80299
1.8432285,1718.9355,129.93008
70.4937,1365.0131,131.64636
28.833652,241.15392,123.04644
3.2137818,312.96176,122.53316
0.6929778,77.47267,123.22227
2.822018,1465.0669,132.94904
3.31038,903.55237,130.44624
14.508067,930.53644,124.62306
0.6038746,625.7328,117.95952
3.060804,139.55304,124.20919
2.5518909,352.62427,133.06508
1.7780426,472.58044,126.44521
0.7622186,261.76996,122.31779
1.4861695,1666.1174,127.30876
1.535469,680.5197,119.89224
58.372086,853.502,130.24692
67.90557,740.85297,129.79872
13.542821,729.9054,127.08091
5.2261467,1053.7328,131.61409
2.017871,352.87323,131.50912
2.4793172,1616.599,126.44918
21.877096,567.0452,129.20053
3.0082254,546.2972,126.19387
2.2812426,656.6021,133.76334
5.12678,816.38837,131.0247
2.4668279,2072.674,135.19142
22.258337,2479.9358,133.19006
1.3999598,279.45468,125.7296
2.8575656,1157.7838,132.02228
4.8491874,1692.3867,132.71248
1.1516052,335.32675,126.00044
9.188049,1473.2864,134.42586
2.3244693,1650.6168,135.89267
15.788363,1153.9302,128.49983
3.2938128,314.95078,124.733734
0.68632364,493.47583,125.08288
12.835502,330.62265,128.1259
2.1960993,697.2018,128.91219
2.1078339,1106.9818,127.402176
1.6347911,902.6461,126.837585
1.4807404,431.4344,126.03908
1.9680494,2115.2053,131.78188
3.0593705,1449.128,130.1174
0.6186916,495.5353,121.86071
1.92761,1257.6661,132.35036
32.203262,407.02545,127.88516
2.225668,289.19778,126.75315
338.90805,698.0353,129.08145
1.3962731,773.5134,127.06405
4.785896,147.97182,124.24449
2.6893313,1116.9996,130.50555
1.8912383,298.8493,116.16403
2.6646686,1601.1559,126.091064
1.8325682,264.22113,132.24377
1.294607,458.35223,128.27168
7.1968884,736.25366,124.04579
310.97754,2987.9673,134.44974
1.5191175,144.88118,122.71928
5.2076635,296.46375,134.67783
12.929479,530.1314,121.28874
2.7230139,2479.8499,135.47191
64.21052,1158.1147,130.79945
6.5268283,1320.0532,129.1355
5.997051,246.88263,133.75412
16.039137,678.054,129.49274
5.5656643,1606.2783,121.87013
2.2612703,216.95105,118.790215
1.1502303,216.57648,123.49711
2.0047596,521.8672,122.07615
2.9934118,757.94904,128.36024
1.4000812,1256.7461,130.39133
3.6265771,252.45326,129.00883
2.095654,425.84268,132.34003
8.2738285,989.8064,127.88965
1.3057573,601.9445,120.10126
7.04918,355.16583,133.92105
2.552496,2797.8372,131.61452
0.7179898,150.29742,115.788994
28.423506,438.31305,128.50145
2.678728,650.1284,120.20917
0.7023478,523.00165,121.148735
1.3026434,788.5728,123.840164
2.1327484,1207.9323,126.81225
19.074165,815.4788,122.19174
1.7198303,946.2633,129.84944
1.6833845,544.45764,127.20072
2.8333826,1285.466,135.50925
17.735659,1177.9614,122.960106
3.3382413,1758.5966,129.23378
1.3533016,788.9833,127.92592
2.5702114,1319.1398,136.73334
24.209003,1036.0675,125.16793
7.8964505,1270.0609,129.25354
46.87063,2852.6987,130.31575
38.30802,557.7457,134.58255
12.135295,994.9252,128.64792
1.2719021,270.7844,121.735794
1.3007996,1004.15466,128.68024
9.144231,206.24911,115.22006
14.50064,1689.4724,127.24889
0.99065065,1012.0166,126.8234
2.1498652,95.7942,118.79266
1.4102923,201.46135,124.084526
2.6331823,902.9049,128.79199
33.047268,548.58936,124.60645
1.1925185,682.79895,127.71164
1.504955,642.3198,128.19672
9.936929,2271.5168,131.80067
3.81931,809.52246,131.3848
1.7639792,815.05945,129.55908
2.487629,2593.203,124.90644
6.7708683,592.5218,121.02805
1.9774436,924.2094,132.58466
2.3732872,395.43384,132.93347
2.267811,1082.0613,135.94058
1.1018854,1146.1621,119.71516
7.6694045,126.233376,116.698685
8.512934,1478.9751,130.56451
67.06707,798.8983,120.93071
26.576551,1194.5809,128.74188
73.36162,282.10654,124.447235
2.3155737,2169.4124,127.123604
6.053179,1689.0875,132.23225
2.1903052,1267.7963,126.69518
1.1191522,978.6938,126.47965
1.8495666,1834.0612,128.9498
3.3583832,598.97424,126.26482
2.6096554,1030.2872,126.679634
0.8051025,271.87866,116.38618
7.3399963,368.16223,134.70042
2.1296659,862.5581,126.04284
1.3432628,577.7907,124.94966
26.050827,1305.5162,130.94403
2.8657165,199.23898,126.98873
3.8947523,1424.9755,130.55322
3.6857576,502.54526,120.282745
0.98079,568.14996,118.95661
5.626721,1243.7877,127.17199
2.7427518,1210.0018,129.14607
13.993517,2298.4683,134.58542
1.5199077,929.2159,130.03505
3.3280394,479.6111,125.28864
155.37889,552.1366,117.695946
0.8728088,422.7662,112.95001
1.3690299,1133.3794,120.63798
46.76956,1141.2393,134.6385
0.9565834,302.60645,125.25017
2.5447807,643.296,127.297615
2.3843553,1691.3488,131.53339
3.4771237,2191.856,130.91556
12.818533,198.76431,123.27747
1.7340579,348.01724,128.2645
3.355255,2275.6846,133.49115
3.5025945,934.90186,130.40918
8.283684,1017.9833,125.413956
0.744172,420.4624,120.76497
1.0512899,309.30444,121.77532
1.9292186,129.36546,116.26574
1.6957157,701.96,128.57797
1.7176623,465.3454,130.93338
2.3171418,517.8605,127.21062
2.0193624,995.16565,130.31413
4.7276626,502.20197,133.45465
17.283773,1942.9817,132.58096
0.74744666,344.74182,119.962204
20.401476,2020.8972,134.45322
10.447668,1427.4305,131.07632
3.6787357,1687.029,125.81843
0.6771689,405.6943,121.97714
2.230145,1890.1929,128.95784
1.7404969,1646.9453,126.80358
1.0651716,1046.3928,124.42718
0.93485373,267.6597,124.128296
7.37335,1443.6322,134.45937
8.861414,505.68918,122.70186
2.321657,829.6067,128.03587
1.7071347,1526.2603,130.21432
2.9583917,210.52863,121.29158
348.55573,1223.6058,126.90369
1.3394573,1046.589,123.66792
0.8437351,853.0382,119.82498
1.6773355,247.99725,121.709595
56.83087,217.21742,130.0983
1.8661863,1716.2406,134.146
2.8532274,687.50275,130.20795
2.1310518,1396.1575,132.44409
2.4268694,1280.3942,132.84439
0.6690566,568.6978,115.53671
11.036946,653.5892,125.96149
12.030955,406.12158,121.18343
2.6300242,1114.8407,131.05867
2.5830832,882.36346,129.16368
4.11057,312.28354,125.48623
3.3644364,421.79105,121.17385
2.4135723,269.27927,121.041374
87.50103,664.3537,126.790634
4.481607,1478.7593,130.01862
9.036364,890.0661,128.42355
1.620137,868.6561,126.02351
1.4521202,452.80283,130.69293
0.64488995,222.39084,117.19951
4.058682,463.18365,118.74485
1.3828495,561.46234,125.9153
1.5839732,388.12527,122.79439
108.616356,1615.5712,127.22782
1.2513359,1290.2137,129.7735
51.22751,1450.1139,131.6345
1.7918837,262.34854,119.60887
1.2939545,339.70496,122.922455
3.8925884,300.82382,120.11296
1.24234,265.1811,123.73788
1.6242223,183.73381,129.82434
2.9811332,649.81616,132.47795
1.40632,225.86035,128.35318
1.0474923,129.64421,120.172646
3.7514803,1917.3291,135.12947
4.442909,548.7549,117.861496
9.354904,782.8473,131.66066
3.5911205,2068.1047,124.76481
3.062225,630.2924,124.75131
3.3586514,1777.4814,130.0039
2.9881148,2759.6917,132.39552
8.690187,1192.3994,126.21239
6.741412,803.9633,128.59615
38.488472,1317.0953,127.67544
2.4306989,2023.3064,132.21236
17.5944,642.10315,125.75094
1.7203621,276.52316,123.55631
182.07983,1803.806,132.71693
1.8831791,1171.1631,130.11629
5.73927,758.30695,120.459435
40.77728,1947.9436,134.56564
2.7344892,952.2774,127.85694
3.0724638,1602.3331,121.0089
1.9367329,742.05225,120.82205
1.9947045,986.1317,119.67268
1.8215672,1168.0232,133.62024
8.627982,482.34167,129.57736
3.939141,1267.6038,127.510765
6.309923,272.54425,124.723145
1.6160259,1310.4323,127.02154
2.4029636,333.8222,130.61809
15.277985,1344.3883,125.487465
6.3635178,783.4536,129.34291
2.9595695,1348.6295,128.66193
7.4087496,688.64453,128.6402
2.9933283,878.05505,125.2629
5.298049,968.05383,120.28832
0.77650696,120.02571,125.15353
4.438294,295.05298,126.16288
2.6810477,430.6921,123.2807
3.4611545,625.1487,129.83818
79.064575,2883.7627,133.69414
4.171135,1459.8215,128.70271
3.9676077,509.61514,115.47746
2.05724,964.99744,126.05887
5.1475596,1939.7086,130.3608
78.21289,261.64932,118.685165
2.3219304,1277.3774,127.78068
6.143292,569.44006,129.77043
13.567183,466.00992,124.969475
1.6886305,803.22125,131.03546
2.192071,1404.6511,125.68501
11.264798,319.30768,126.43001
1.8682718,1130.1855,126.23611
2.6571534,552.83075,128.77888
7.2729807,442.7637,124.11067
1.9921806,763.0672,128.3119
2.6173882,1442.8492,129.11644
18.300095,475.0616,122.85851
0.65169436,297.98706,113.94779
1.3653063,532.53015,126.273384
5.6804314,878.497,127.40543
1.0089142,1152.7372,121.2264
7.1593986,1870.4515,130.81375
4.555629,387.98734,119.31553
2.7239628,1280.4872,126.01755
3.3062801,478.20578,121.39968
2.8685024,1624.6036,134.13881
127.99554,452.19067,123.96661
12.481223,848.57477,127.862434
0.92082304,1010.3837,124.36525
1.9224523,245.43323,128.83496
18.544466,900.63446,133.28938
11.989943,296.06262,118.00365
10.8145485,587.08636,127.47555
1.2704704,890.85693,124.05276
2.0898237,454.71808,130.55542
5.5532813,666.37634,117.993935
2.473797,468.52234,130.15523
1.4912454,373.1865,128.4354
4.715229,1450.5227,128.18146
33.43146,194.53639,126.72096
1.2439636,275.80704,122.33206
2.3275664,1344.7194,126.06862
13.694824,923.1278,131.17041
4.454078,99.4912,127.89201
0.66609716,190.96805,116.36581
1.9733121,170.92937,123.7695
1.1385831,1367.6608,127.96731
2.0708795,541.2642,128.78134
2.469656,980.1816,131.57277
1.5659546,510.4965,123.53697
5.7873025,1480.7017,132.1806
10.402607,550.9816,124.10074
0.57743084,357.7278,120.707016
2.3392353,568.9859,132.8007
93.443344,2033.0741,130.02647
2.857482,502.82816,127.16994
3.5363686,2072.5847,135.58684
2.4771328,769.18774,124.301346
2.4039211,625.25964,126.09627
5.764431,1319.1097,128.4619
5.0648885,766.25903,126.575424
2.7057586,1101.1243,129.38991
13.079665,301.53995,121.54662
2.0279388,794.9502,131.8118
1.2444388,1144.4636,128.68553
32.296715,630.4636,129.21361
33.159588,537.97925,129.2377
2.4718478,248.54425,120.57674
1.0569857,399.18918,127.45854
4.4724374,1277.71,131.23785
7.343205,449.3438,119.46399
1.8619199,1125.6356,124.25869
7.4839616,1882.5267,130.70985
2.451906,2778.196,129.61748
8.98157,2627.957,125.762764
1.3690693,157.42282,125.00722
9.34671,1626.7932,130.36162
2.6455395,1837.9552,129.6637
2.2514637,427.92728,120.79167
1.6480819,585.38586,123.075455
9.907357,648.9996,129.22745
2.9351943,1191.5876,133.9087
2.4648259,2212.1062,133.34663
36.605633,366.6752,128.66788
10.962808,568.4115,130.955
1.9745498,967.3636,125.81133
1.2214382,185.41608,120.67605
6.6563272,694.5024,130.343
15.333935,569.7458,123.12042
4.320917,773.9045,130.89786
4.2656536,858.7577,132.25003
2.419589,337.568,117.22151
1.6985224,1405.327,128.15173
0.5055022,56.272915,122.272224
1.1560636,923.7123,118.22674
5.807043,2058.61,132.44513
2.714182,1369.2556,126.72717
6.775922,318.79822,128.5247
1.4502424,1048.767,125.57112
11.870109,921.87604,128.2163
0.8234023,258.48538,117.90477
14.841073,555.56824,133.27701
1.9600673,160.1649,132.7262
151.50677,754.6769,126.72828
2.6574326,655.6371,129.91666
4.3625546,955.7692,127.571686
20.19804,1129.7898,133.93416
3.6572063,705.4979,131.60637
3.0219002,1159.5269,134.87279
3.5143394,1357.3273,130.49173
4.125007,649.441,124.93512
3.2121933,976.83887,129.4874
3.400816,1510.4965,127.68558
2.2920525,1115.3002,133.37973
176.17343,397.59692,129.09448
11.677879,1310.8436,126.31645
2.363228,755.7664,116.34277
1.105258,635.68604,129.11237
1.6132367,1378.9731,131.89206
5.1950364,885.3752,131.32895
1.5278798,1722.555,125.58024
19.37242,519.6816,131.66228
1.9992926,636.18646,120.369545
2.3934312,1221.5647,130.85362
1.9801356,587.3575,130.65338
1.3850846,1504.8213,127.324936
6.3751707,532.08936,123.53978
3.1167517,465.95142,123.44036
27.199505,585.13055,126.52754
40.63479,392.28763,124.28785
2.642564,634.6489,129.85982
2.7135623,217.32176,125.81809
429.35962,594.69165,125.42551
1.6012614,733.88934,127.87793
1.3298737,952.91785,124.744934
6.7293234,1333.6652,133.07407
5.328135,1933.713,133.79669
1.7017567,612.3033,117.24648
1.6737119,445.65598,124.924934
44.218338,1063.0536,132.13112
2.5572975,193.64291,125.38031
1.9044063,1065.4495,130.14684
5.033228,728.95966,133.49998
2.2739902,1569.181,133.06822
0.8503847,550.0642,119.99541
13.998729,248.35724,129.47852
10.535131,256.88177,132.99239
2.4941182,409.6094,122.68683
0.54599184,234.06406,114.8482
11.301402,1457.977,130.78296
2.5664647,150.29253,132.57964
1.8409514,379.7246,130.46135
1.8226027,935.2909,124.29546
1.9458897,676.0285,129.01993
4.708252,994.4471,132.22435
6.899558,581.115,129.84302
1.0334775,851.3195,117.91755
0.64325565,268.5754,123.02268
0.9075757,223.85883,121.42083
3.5578117,991.7847,127.574394
16.204458,866.6762,128.12949
16.81213,1521.4258,125.12499
2.371839,2199.0806,133.01309
69.74719,1199.0499,134.35608
2.951048,653.4897,130.90474
6.404852,476.831,123.803825
0.92469335,735.35406,126.32262
21.885798,2204.7002,127.64246
15.812739,1687.1621,126.92011
2.1751285,1835.1567,130.76395
2.4699981,854.0365,128.44414
6.9543796,1652.3754,134.06242
1.5979091,745.8464,126.777115
2.814211,652.5605,130.14447
2.7231603,1775.455,129.68103
3.173784,486.71628,128.46358
2.9003892,285.3328,121.68738
2.7680657,1061.0505,131.24005
14.737836,684.7488,132.45863
2.3647454,534.87317,139.14616
1.8538115,197.35657,123.29689
1.4053828,708.12933,131.13289
0.7160316,337.17282,117.66635
2.0324106,1500.7471,128.45866
0.5521604,272.10626,120.31425
7.4889693,424.0115,121.53738
5.119471,1407.8729,131.64726
1.191253,374.1623,123.065926
1.1888322,325.787,121.644485
5.291509,325.5885,128.71666
1.3494558,578.1739,123.16821
0.85758585,569.0514,125.2146
2.4439588,470.84213,134.28328
53.774323,779.0931,122.870804
1.6712234,1360.7347,132.42726
2.4582355,278.0742,128.31195
6.1686034,808.14874,131.61525
3.2175052,546.6227,133.5933
43.135223,324.74487,125.17622
2.3664894,670.28394,132.47752
26.293152,993.1549,133.13339
0.66939646,242.79837,116.696
3.0336847,356.83163,122.16817
3.0791028,486.83304,117.92313
6.690615,378.81854,126.3765
3.0514755,282.55798,131.66806
0.9202634,733.74817,124.33265
5.2768526,982.93713,127.34416
1.4786166,892.855,129.13231
45.911045,583.583,121.86196
33.858105,1257.1465,126.5692
2.1996393,83.871956,119.8465
2.9142768,1150.2637,128.7565
1.3745182,588.728,125.14948
21.011028,304.5443,134.4957
7.0423927,253.97604,126.25712
10.226351,272.49738,127.463326
2.0364163,1003.95624,134.92267
4.568761,1410.8247,125.895256
3.7641706,666.07367,117.73755
1.9138834,686.85785,125.47362
1.3347403,1350.4573,119.60576
1.7188956,597.1782,130.05025
84.023834,1024.9865,131.49008
84.08553,924.07043,122.83498
1.0501169,925.8713,123.39096
1.6338135,1344.9155,132.4404
2.1782906,424.18002,125.01221
1.9354818,253.1787,117.26297
17.00328,859.6801,125.24119
2.0991485,2201.7458,130.43304
0.63432294,633.5509,118.765076
2.669626,2333.7612,131.84222
2.1859431,546.634,134.60486
3.1974611,1496.1658,135.61023
2.0525224,232.61368,129.00197
178.06363,839.61707,134.51613
1.4801346,1052.1161,126.43631
2.8911781,1376.7567,131.84778
1.2525033,907.821,122.92875
1.5313021,318.32394,131.09035
2.4892416,839.26135,127.16135
6.900488,976.46686,131.33066
5.376097,295.6662,132.88556
1.8873161,843.7764,123.7717
1.0268035,266.1403,125.61024
4.9485264,580.2441,121.73986
3.9484117,2054.4841,132.11636
10.110809,1939.1636,132.69351
2.4534664,1961.4337,142.87703
8.726638,418.2661,121.47261
1.1646007,1218.6104,129.15327
2.802808,432.12817,129.85391
9.982472,753.4494,124.2676
1.0038487,256.2764,122.940155
7.6225653,365.8686,133.8827
1.7807622,202.28777,124.82006
0.7334163,470.94565,118.251236
2.4253416,671.98364,131.6229
3.1047168,342.94067,130.41899
79.13463,1533.257,129.8066
1.7956107,550.6053,131.8078
1.8529612,1237.1344,123.71656
5.2816305,1041.0243,132.6893
0.8305518,191.74097,126.41764
3.3093855,193.43027,124.85452
3.5031621,289.59106,119.48536
5.093262,835.6,122.68825
3.9685507,548.8016,123.083984
5.476146,490.90817,126.38321
1.8898729,1421.5804,130.91438
6.0171266,864.01495,124.803734
2.8069074,248.25842,130.22774
18.193495,712.9141,117.26204
1.3799361,187.68398,121.54475
2.0001895,375.42462,129.62938
1.6850214,48.423607,124.826904
11.593283,1261.0131,128.2419
48.56849,1014.4095,128.6716
2.1410697,715.1811,130.34784
1.8687226,1431.1075,126.20629
2.03325,756.84766,128.84576
0.6641585,151.35825,122.0789
0.8595182,985.5107,123.01138
8.246188,483.97495,130.04764
2.455491,624.7492,120.70684
1.2614003,240.36069,121.76725
16.533575,371.47833,130.48961
1.97808,1124.1272,123.69546
0.7804298,209.18567,116.461716
1.2728062,88.633095,118.709885
10.222388,1290.526,131.63203
3.3165562,1808.1825,130.51546
2.901143,442.4159,127.97146
4.264041,325.6156,127.37558
2.3427398,637.9028,128.94656
3.1814647,844.99054,121.591415
10.339498,841.7331,132.01027
1.5788784,362.88715,129.46143
8.903659,1502.9609,127.88192
1.3991886,238.81313,122.95493
3.8758829,1480.3635,129.55672
251.8065,894.0057,126.076324
9.19309,521.33606,132.76459
7.133901,1112.4742,131.79929
224.20079,1144.0205,128.6213
31.180843,982.649,129.1987
1.1304035,527.9146,119.87059
2.3816998,1727.3552,133.7244
1.0629326,257.17157,121.421295
2.961741,2632.5032,131.17015
5.225555,445.098,121.34962
2.0079718,1698.7498,132.10031
0.84703505,672.9456,123.2716
7.565911,1654.989,131.14354
1.8763648,698.29144,131.71135
2.1004105,672.8772,125.497826
1.2189562,865.6381,127.364784
56.78822,867.7079,132.15654
1.1091466,612.7859,123.16365
4.3183417,518.99005,129.34705
3.8666992,1249.3191,131.0819
1.7890215,431.66827,119.88448
2.7483912,937.329,127.986885
2.0399556,1072.0403,127.692024
1.3661793,343.77234,123.44521
0.76013786,470.09283,122.70956
159.27081,992.30035,122.84039
2.2882338,227.1983,118.320206
12.994444,735.53705,130.33443
2.6946378,412.73093,118.55643
0.8199889,685.92065,121.93395
6.096318,132.38405,116.649574
1.1182568,304.6509,126.94183
29.705706,842.06946,130.03749
74.249016,419.21796,130.43936
5.323265,1550.8392,130.30159
0.95798624,389.75266,122.32703
0.93060136,158.1509,116.73058
8.326892,811.99744,131.73232
0.5298564,599.6781,121.74667
4.374132,213.06664,127.87932
4.563386,1467.269,122.12065
1.1566372,700.16187,125.40979
2.2680283,753.73047,127.09746
7.8621826,1205.5459,129.41527
3.4638474,1154.3813,134.56248
3.2580495,145.40367,122.98847
73.07689,595.30597,123.54175
3.722562,724.07526,129.3248
3.248395,750.63043,128.82922
1.0949801,751.31824,127.874695
2.5323155,1354.211,129.84373
17.351748,628.17004,127.4148
0.8675581,202.9005,121.82744
5.650429,644.40894,133.08533
1.6596835,453.13788,125.515594
13.557364,1517.9115,127.526
2.5847743,989.4068,131.1291
0.8571808,623.41614,124.17785
1.4750292,356.73135,126.61772
3.48773,75.115944,118.39664
8.449786,656.2429,132.6752
2.7783647,1441.0118,131.05893
3.1711123,729.5772,130.89505
1.8996422,431.21204,125.56997
1.2859569,540.54785,122.41974
1.7144399,622.0597,126.1495
33.35102,229.85175,123.549576
1.7264959,1072.3844,130.06633
1.5310376,690.9377,127.898735
1.8887935,1055.377,131.69449
1.3293805,1154.7753,128.28926
12.18717,1040.5238,127.06105
0.7948086,803.4181,123.173744
1.7827313,1620.6876,131.85535
2.2021153,2198.1345,133.23859
1.7646952,500.84906,118.25832
2.3186224,1115.1969,130.79826
6.755688,842.93976,119.953865
30.904661,842.1136,134.1059
1.4842987,535.93585,122.37127
10.337219,452.6876,124.420944
1.7165273,123.019905,124.92419
1.6745042,871.02484,129.0523
1.9289156,243.08044,114.36051
1.8202744,313.4828,122.89708
5.6145306,415.81424,119.83519
2.2668138,448.95093,131.12985
1.8430127,1698.4666,131.95253
1.6038508,1674.4031,124.61474
0.96435547,574.20465,124.51148
1.2599791,603.1556,118.62514
1.709527,565.50385,123.664894
1.413948,165.55176,128.3057
0.63959926,356.5225,120.360535
555.9,1424.0713,127.3677
53.61686,675.7276,126.53582
13.431169,1210.6431,129.77832
0.5220787,169.17009,122.08957
10.260109,1784.8132,129.38248
5.163137,334.13962,116.40772
10.9295,1309.0256,127.89287
5.529251,778.3293,130.2643
4.211317,180.7851,113.81114
1.41912,459.82367,129.1352
0.7504364,512.04803,125.193985
2.3299572,414.6071,126.75952
11.792909,969.85583,133.35007
0.9692949,226.59196,121.7169
1.7227708,885.2877,125.819176
1.981492,1899.2141,132.47704
6.7341223,2073.752,131.0337
3.2830563,736.611,126.01709
1.0855196,243.88078,122.17585
7.100724,616.06903,129.34372
2.0110812,226.72432,118.01839
1.9314125,706.95746,129.21281
130.07256,1078.2009,123.75734
12.887245,1457.7294,126.18075
2.2262886,504.70212,124.15242
2.9206948,710.78174,121.50585
1.5898954,599.4437,128.69843
2.1127074,2166.7544,134.85439
8.485636,279.86884,130.36087
5.824685,226.78696,127.57346
2.676264,582.03406,126.74508
22.274223,1124.4589,128.2189
2.1007092,354.1756,131.87422
219.7244,793.32794,129.69249
9.487101,227.5316,129.51619
2.8519251,1175.1838,127.51804
1.0374591,336.1216,115.56055
34.653095,318.4862,129.9382
2.1268318,1205.6985,129.88274
9.372487,177.98286,123.154564
0.9340942,445.9076,126.224556
4.0348964,1312.8258,132.30186
17.77261,1361.0791,130.75397
1.5502303,790.0874,130.64888
43.43079,1803.2734,133.17038
0.97396266,358.98175,122.211876
0.47648868,328.04736,118.37145
18.275305,1829.29,132.42616
178.64241,490.3873,131.2991
1.1168276,665.84705,118.805855
6.6086445,1105.3884,161.6813
5.0715427,1007.84534,128.61615
1.4224955,418.1776,119.70266
2.5725644,755.63885,133.35028
1.0324888,483.9225,119.97444
2.969939,1694.9114,129.00235
1.039819,558.70465,121.18893
189.35452,1496.3455,134.89018
2.763064,596.3389,126.13173
34.911736,423.47992,121.48974
2.4147215,113.786026,120.40236
11.211936,452.36948,124.48809
0.8216726,650.0915,122.332664
2.9943037,999.6032,127.66188
18.772024,1023.4874,126.25776
3.529574,967.03406,129.25018
16.007387,1219.0684,133.34627
5.229795,237.4837,122.36288
0.9775032,132.43575,119.237274
3.121294,641.8952,132.90839
8.272298,1068.5812,124.52703
2.6037672,196.96587,122.43992
13.381373,1128.6478,128.85707
3.818766,1142.8693,130.32419
5.103271,1474.1417,129.0337
2.3946898,1219.3752,122.97158
2.1395326,1070.3752,132.3581
1.9187995,1188.6704,129.553
7.9254513,905.4234,132.25151
1.364534,680.2349,129.9788
2.5098493,688.4308,133.56393
4.216223,320.63535,119.80419
1.1350006,481.17926,124.99707
20.28455,689.9973,125.694176
4.515614,1099.8893,128.38495
5.574017,365.8092,127.807304
6.5698185,430.8994,125.49228
5.796385,1504.1299,128.97804
4.8475857,669.1819,123.18072
1.991713,1100.3442,131.05981
6.883888,1326.2994,124.87611
2.0093555,665.0563,131.99632
0.8854116,57.52491,118.081566
1.9426087,325.71988,131.55998
19.04246,494.8369,121.34055
6.934397,419.2573,123.44759
0.8279337,593.6655,122.79743
1.4643602,659.9525,123.21722
29.700924,351.41495,131.09163
1.8780668,1673.1101,130.15497
1.8847812,900.5685,125.43652
1.7771046,494.94046,120.86393
12.656083,690.4019,131.3212
606.98834,879.33417,126.21576
0.9420898,302.96655,124.51467
2.1772025,1700.4786,133.16971
5.010032,521.6003,124.19309
1.5463512,490.89413,129.93224
1.6035553,789.79034,132.74948
1.0502361,1293.723,125.427414
5.4390826,1391.8668,130.72897
6.020685,822.36035,131.51305
3.5360527,614.7098,132.23785
1.2830541,325.75372,126.43168
20.628094,1434.9487,132.31384
2.0606241,1221.8235,134.47087
2.0918152,864.3371,121.771935
0.7522158,568.6884,123.38863
144.36743,1271.3234,126.89762
2.9636374,1392.4108,123.71448
0.9002653,152.48457,122.85984
1.9372349,432.19443,127.46619
3.7552412,932.2484,133.53333
8.159721,848.18933,131.60371
0.6411179,499.37497,121.57306
18.017923,672.9439,126.08914
0.65407497,872.0221,125.50108
8.36348,365.21982,131.45499
1.4894633,815.60297,126.96025
8.951167,1322.3463,127.02911
2.0318496,887.22894,131.47485
1.5102245,603.4902,131.13458
87.74744,1407.2579,125.30016
4.9907675,2837.259,126.70915
0.71517426,593.3539,124.691895
380.43042,1306.8104,131.16612
2.016931,1034.9708,133.0815
0.68901753,331.7721,122.486946
0.9246386,99.61662,120.98858
2.1644306,1403.2078,129.37111
1.9171528,951.35516,127.71869
1.401813,662.1414,121.96864
18.592232,1564.5132,132.87276
2.6505313,1510.4569,130.30873
2.4427137,743.3805,130.8853
5.825586,198.51079,125.646385
36.54673,746.43274,129.88159
1.0405037,731.90076,120.48653
1.6945033,575.02625,127.374664
34.165794,587.3235,122.670265
4.7435584,2472.9033,130.74149
4.507105,1021.3602,129.91864
15.329889,2071.1814,131.0406
1.1428753,654.9805,125.01908
2.7383828,1241.9885,126.24461
0.71379924,289.59543,118.684616
12.880289,391.98868,122.63733
8.409576,224.91965,122.35939
1.3199712,983.66583,129.34962
171.52495,2980.5154,134.71477
3.0459154,1085.8112,128.99539
240.78986,566.3293,135.30669
11.481337,472.93628,129.05846
11.371365,1297.417,128.68565
3.2658088,414.03836,132.61443
5.653612,1645.9634,127.330635
5.162895,573.7834,123.78035
2.3737676,1344.1248,127.79824
36.94398,1582.1335,134.52449
6.105232,443.87418,121.541565
3.8417168,874.95795,124.27465
4.4738326,812.5594,131.52441
0.8371647,323.7373,122.08301
1.3476909,99.7415,118.660904
7.1544676,1501.3202,132.02675
13.037353,971.17053,136.15399
5.702699,719.11304,131.4322
9.928497,641.72595,126.81491
2.0452886,1038.3428,133.14859
9.7094965,876.5433,129.2578
2.6320302,290.31644,126.70357
1.5237287,324.02234,128.05835
1.3374977,581.76794,126.58171
1.2001582,674.19464,127.838036
1.2909714,564.4769,124.56718
2.0027182,760.6249,133.19188
2.1123114,1051.655,130.10239
2.6424756,394.71057,121.315506
2.8405151,940.45825,123.96985
1.6843765,1598.5619,129.12177
2.4987378,669.89856,132.68813
2.4252257,1112.7625,131.2607
160.88586,882.3082,132.05537
5.3441315,462.67844,129.71939
11.435128,2274.6978,131.02989
0.85731655,424.7835,117.76947
0.8965513,573.1828,122.53291
1.6915153,753.3904,119.08919
13.478789,2415.5972,132.11275
1.7525889,750.4967,128.56805
1.5120449,523.8432,131.67464
8.03139,389.06458,126.47136
2.1617186,390.887,119.21483
1.9032494,1062.5679,123.723015
2.8501217,1366.147,131.49658
3.9936678,712.9867,130.3557
3.5957034,632.0153,125.89935
11.57816,690.68524,130.70393
5.7047114,324.11194,127.9125
7.153405,1189.2632,134.49202
1.6514822,1359.6259,132.53543
0.6522349,97.93331,124.95302
17.06883,319.90686,127.48072
3.5736444,259.66852,115.93619
1.7161566,726.12085,128.91617
1.15719,378.68027,123.4615
1.0353482,1014.0326,119.69776
0.96541476,336.9286,113.51654
2.5004175,1058.4731,127.34986
1.3564149,975.0477,128.80315
1.7853856,675.7147,127.37619
84.60578,268.925,123.33108
1.5234298,437.39517,130.611
3.571969,995.2238,132.65927
1.8287331,1133.4491,129.38457
2.4871047,1059.5005,126.715004
1.1271374,896.06055,126.912094
288.443,516.9381,123.70987
37.12074,972.3038,126.69591
7.518919,865.0177,126.48465
0.5763641,667.29443,122.956955
2.325343,1678.9298,127.13274
1.2099168,193.67725,126.27895
0.87530303,397.13406,119.99013
1.896242,1672.2039,126.029724
0.88227755,298.75967,122.47275
9.420551,492.56152,127.50798
35.61042,900.2114,131.25583
2.8271508,953.1765,128.12572
6.7621913,797.3957,128.23137
1.3943523,884.3937,123.70634
54.62452,486.94135,129.53699
2.4214635,2928.7322,133.84999
0.749398,642.5911,122.80057
2.66785,210.97676,120.331894
1.9723183,1616.6722,128.27736
2.1785665,584.2831,132.28413
2.0683558,348.05054,131.23996
1.1422799,699.6663,123.801674
21.524326,797.65125,124.2026
2.8228135,2514.9417,133.83025
0.5158888,439.31683,120.54018
3.6448834,485.51407,125.318146
0.6645379,281.233,123.48256
1.0928735,581.4836,128.34496
1.0813569,1226.4858,129.61183
122.574265,903.7385,121.42644
1.697096,1133.789,131.7598
1.2225395,307.49808,123.23273
10.815673,665.69354,128.86327
3.8726525,543.49884,126.42775
2.9841151,1036.2861,131.5871
20.126543,1020.9917,128.05948
12.78744,660.94,130.1182
1.6668918,249.34557,121.76359
13.569454,720.26587,123.35203
9.69371,546.8346,124.90189
85.46837,341.77643,125.95407
3.5501401,113.6105,126.315346
1.304652,513.5475,120.06538
5.84001,603.6023,122.33778
6.406723,1646.9492,126.05462
7.1905303,2429.5933,130.27069
2.178244,817.545,131.37747
8.913284,608.5368,131.92726
1.0825021,377.81052,119.20347
6.535504,677.95135,127.13291
2.3326545,891.01666,123.921776
1.6681926,193.78246,129.64716
1.375293,715.36957,121.57182
3.8930361,169.51926,121.18091
1.2992295,144.98137,123.5993
6.8261104,825.68396,133.71207
1.6705843,317.0161,125.71899
1.3158827,793.66876,128.53477
11.424559,944.0412,126.542946
1.2553484,237.89651,127.01368
10.01606,964.4846,135.45453
11.406261,1114.032,128.13144
7.831629,730.9763,128.53609
155.95769,1461.4227,132.09384
4.4679904,385.4975,130.30249
0.9107085,673.59344,125.091064
9.421354,831.50574,131.70448
5.7478557,529.71014,128.99228
13.611684,344.08948,119.65912
6.378422,581.4394,132.48712
0.6350795,273.8921,118.43269
49.81098,738.5265,127.779
24.58028,696.50256,130.44954
2.744608,625.8953,123.432785
2.2360713,124.23745,129.14389
1.7845663,2020.577,131.07982
15.5683155,1682.0111,128.42465
1.9993734,1874.9384,133.26573
1.9854143,936.1678,122.885376
7.467646,2156.3103,133.1875
9.347765,692.4968,125.348526
2.0649745,525.9543,126.30216
2.1328297,1239.9753,126.44063
2.8150322,721.8642,130.29811
2.607182,136.69919,125.50435
2.2785628,629.44214,132.3148
4.1904435,280.44653,126.06747
3.956169,753.0131,132.28697
3.5266972,453.22043,130.36586
1.436911,624.59485,127.3507
1.4533453,587.0365,124.78559
0.6459488,396.80188,116.89488
6.557367,477.2802,129.53366
293.70352,980.6452,132.558
16.732832,867.0909,129.71388
1.700373,1278.9335,124.58963
35.530293,944.5208,128.26846
5.827522,513.5136,126.437485
14.604666,427.14502,126.61672
1.4986793,897.7223,124.74004
233.4474,847.21857,122.35266
3.0562894,853.62604,118.307274
2.038551,1630.2932,128.20314
10.657657,1205.2909,128.53053
2.7585459,552.08887,130.33897
66.67768,242.27246,131.70488
20.086405,530.7566,132.06827
8.248868,532.49585,129.76884
139.50764,2180.0684,134.87578
2.8817358,928.1314,128.53995
2.6159413,1669.6935,129.7906
2.4507294,2175.9158,131.95222
2.883653,921.7017,132.16481
21.592138,318.97464,132.51779
2.2460551,2534.0417,134.69939
57.672234,1673.474,130.15349
1.4614409,536.0387,120.13137
1.8776262,1111.9905,134.27336
3.0154235,1104.4142,133.96117
2.2571747,1209.0046,131.71014
168.13843,1822.1724,127.381645
4.289319,716.063,121.83531
0.7293399,523.7283,119.573006
0.7033747,614.2126,117.99878
1.1895298,493.40167,120.51142
2.2499187,759.10474,130.34583
8.367341,861.7511,126.82282
1.5158947,752.437,125.8014
0.98571104,643.64355,123.135544
14.945803,737.9862,120.05622
1.8562162,1866.4698,125.70016
2.9827993,873.91925,119.51913
2.0242689,1073.2251,129.88388
4.366801,721.1605,127.98386
30.395401,413.40634,130.15776
0.7338362,75.47791,121.48474
19.66462,511.22113,131.07422
1.2176845,314.06644,123.99579
27.436895,1063.0756,123.53041
20.760756,262.7986,126.74693
2.9222262,933.55176,122.62859
8.524885,326.85782,133.77194
0.5576181,79.21273,117.59057
0.5352021,489.84283,115.50771
2.8928914,203.9389,132.9944
0.9123042,682.42334,122.33056
1.3856664,705.5486,128.01309
236.19226,1651.841,126.987175
14.290773,1062.2664,133.08774
10.073817,1131.0378,134.58429
2.5321383,2550.9536,129.42908
2.4200728,701.39136,125.2699
243.49225,594.6743,132.55862
4.8517637,299.22205,121.22454
3.6084676,314.65744,121.10087
5.472788,1972.0792,127.220955
4.3742647,331.37552,127.09959
0.5207943,194.4027,117.570885
5.6712675,890.15234,127.51371
26.495354,486.52872,130.80069
8.346914,429.72852,127.895546
4.2196517,482.1373,131.34288
160.52315,1686.0999,128.01053
1.0483013,349.53333,120.33148
43.947613,819.8612,128.89722
1.6110684,829.8346,126.29113
163.40646,1711.7275,136.05035
14.718657,925.9502,126.06656
1.4033135,1002.53735,125.42573
2.603344,544.3461,131.57375
1.8712068,145.54729,121.320274
1.9578177,764.7902,122.47585
34.605755,2072.1143,133.78006
2.5596135,1633.9521,132.59613
2.8870208,1475.9015,131.5322
6.8162475,964.75586,124.22677
2.5391393,269.61887,125.380905
4.9460278,994.062,127.44096
2.106486,419.7031,125.86918
0.59280694,283.6243,120.30941
170.87718,537.6077,124.15272
1.5631218,738.9887,130.32896
18.733704,698.8037,125.37593
2.1926522,514.6745,129.88719
1.7405441,1478.654,127.457405
1.9006479,328.89658,129.95424
0.8093358,392.661,117.01097
0.76709044,431.0475,113.881584
5.362852,616.6001,129.52904
7.7245965,1433.1112,127.10923
9.409824,1610.0294,127.140686
1.9544904,583.92645,131.40227
1.2160989,1275.4933,124.24086
4.156025,187.3364,120.92034
2.7576041,273.2658,120.35328
10.222908,845.0495,133.87637
3.349355,856.78613,125.27635
16.837027,1402.1813,128.34686
1.365005,375.79504,127.50503
1.8514171,383.79132,118.043846
1.7073089,213.19435,127.35592
16.61642,2855.9512,133.79033
19.082966,1157.4055,132.22032
2.108731,365.9619,126.66115
144.53433,746.05524,134.9603
74.81806,528.9515,132.582
2.2574415,1694.0553,125.97244
1.9503906,749.482,124.404686
1.8150797,302.7482,124.29682
2.2154477,1169.7881,131.28946
205.91566,1411.7721,123.59899
3.1594775,238.33195,121.43266
18.433628,476.26456,131.69322
0.54304165,170.41443,121.20523
2.0978048,1409.1864,130.15752
10.8474455,724.0944,122.89671
2.3302014,1490.6003,122.78807
2.078061,706.2297,123.4323
1.83047,675.8287,127.93838
2.0510962,1417.758,125.258354
8.421931,505.09933,124.46431
10.829212,808.66705,132.74612
95.49304,483.10342,125.08294
6.396598,584.18616,135.13872
1.696561,973.1565,126.81023
22.36334,596.60925,122.83765
1.1799245,976.9021,120.89784
7.507952,402.88223,133.21353
3.0465932,2853.1584,133.80211
2.2085154,763.0675,132.58827
7.0192204,264.2671,126.6148
2.7205346,316.30707,130.28754
201.97247,913.8668,128.37437
1.6055952,142.07188,126.81231
3.2755048,855.9437,131.67996
4.787695,392.7647,127.8864
2.0785465,948.08905,122.56522
2.8076766,340.24945,121.12814
1.2603979,524.31836,128.61487
1.8807666,1286.358,129.7511
3.7497718,738.79956,122.384995
12.42044,2140.4805,130.41974
0.9509641,721.8136,123.28852
2.5646276,1132.9484,121.74543
0.8012629,462.9459,126.77622
2.6125777,1834.8097,128.1865
27.722775,450.37894,128.10362
0.95201653,265.67703,123.34347
2.9423978,652.0457,123.82535
1.7526551,634.0853,128.88062
2.3268385,1878.2458,132.82297
1.5075005,773.03455,123.72274
1.3583667,665.86426,126.85858
26.675505,352.71704,130.24063
8.590775,915.63605,126.839
2.6148002,645.4036,123.19624
4.1963496,772.82416,128.04822
1.709422,978.66296,121.452835
1.3090808,1231.3324,125.635605
9.1898575,856.65424,134.40044
0.9473455,365.8166,125.05158
12.554895,562.77625,121.49042
9.3486595,560.138,130.97536
1.3437334,1004.8601,121.97352
6.9502788,682.48145,123.59893
2.7848485,1288.4971,126.06252
274.10333,603.98267,132.09204
1.9982331,1308.1902,127.44706
76.357605,282.97104,128.66473
9.965733,297.96088,125.56169
1.2739558,1412.0183,125.09088
1.6850302,524.36365,124.30299
6.390114,1174.616,134.06496
1.5885756,1227.0631,123.93263
40.37258,1173.7272,132.23405
2.3673916,190.18385,128.45862
0.47092262,322.73666,119.54449
1.1605046,558.12146,118.990364
1.4128819,153.32568,124.69826
9.349191,994.6383,121.27143
21.889076,715.95264,129.68552
2.431629,620.5559,122.531944
0.84263766,378.6509,125.75488
21.873892,328.30133,133.22147
4.046513,496.9225,128.11365
250.62158,1784.5594,131.5741
1.898055,781.54535,126.90796
11.303462,576.43774,125.92557
4.648373,366.79477,128.54929
25.552324,1005.9015,126.574814
2.5732374,1252.6279,127.5098
1.597655,1329.7007,131.16476
0.6537943,374.46863,121.72673
14.304464,102.967445,120.55428
13.480179,1247.5458,134.20871
35.71625,1022.4801,127.314415
158.52434,2568.6707,133.148
1.2032923,172.12045,118.91599
0.94717747,247.27692,116.93167
16.98804,395.09518,128.9767
1.4115477,372.31955,114.73115
3.6700687,663.38116,126.10445
2.1379685,881.7823,123.70928
1.0422899,261.92075,120.734856
2.5401917,2182.3406,133.74268
2.3232741,1472.104,129.91237
2.677845,829.4437,128.73991
1.2132096,370.02502,124.697464
3.703338,912.1852,130.0593
150.00212,830.45105,126.398964
0.6710724,251.3433,116.995026
5.9792385,440.37274,131.2328
1.9595968,441.91846,127.616905
7.511236,468.85135,119.270546
0.6587546,519.5911,118.22988
6.071395,290.66003,122.5437
2.44716,921.56744,132.44717
1.4853437,770.9063,126.49822
29.05859,1412.6091,133.30339
33.96828,162.70097,121.278725
1.807743,587.1875,124.78818
2.6132956,1389.4612,126.33063
2.5567758,677.4173,130.32114
14.186808,186.88737,124.679634
1.4310014,505.7633,117.44474
7.2607045,260.36603,133.19365
0.96106434,773.20435,121.843185
0.7060398,692.1666,121.247574
2.9482434,1868.4694,135.94888
2.8769126,712.0661,127.0557
7.0145235,1281.6311,127.847374
2.0462363,115.673294,121.27283
5.0628667,885.61755,127.72164
1.1351335,316.6798,125.32452
5.3726006,1680.5015,133.15898
412.24884,1802.9816,133.34247
26.321468,358.6354,135.1304
21.563534,712.72485,125.77009
2.1368575,520.793,123.25656
9.521906,2168.4346,126.03578
1.8700445,659.4746,127.98276
3.991019,1694.4093,129.1426
1.0152472,459.97754,123.54482
32.436478,387.22852,125.870674
1.4096292,251.55925,128.90546
3.1092837,666.7515,133.4337
1.4748437,1329.582,128.59062
1.1945082,490.40427,120.486855
0.5582341,414.8474,120.519714
28.307585,1061.8765,126.41423
5.836911,791.47406,130.55017
28.459957,1384.4336,134.77545
71.222725,350.68402,126.40814
6.158566,540.89136,130.51302
1.1319121,473.35904,118.04507
2.9919345,515.1123,122.93215
3.626354,2639.9514,131.32288
3.8987226,1810.5905,134.19391
1.3509145,436.44867,120.182144
2.410868,671.4321,122.3726
1.8144594,526.5707,129.51918
1.4357953,1101.4365,129.22163
1.2717513,226.44203,126.13208
16.858458,1184.8453,130.56606
114.68754,556.5894,130.14938
5.510574,502.14584,128.54886
1.8591596,2066.9597,126.40425
0.73826927,815.0552,125.07461
2.7903016,846.7141,129.02728
1.7131361,899.8783,131.86086
33.70511,1249.0244,134.01279
1.7078812,453.56808,126.36358
10.190242,480.20654,124.88411
1.1696858,281.99277,122.19308
1.8231853,1199.9792,124.85809
3.8318923,921.00183,127.36953
1.4736629,612.83386,126.1633
41.83577,395.25092,127.154236
3.788703,1223.5228,127.82805
2.0102768,320.12497,122.949615
0.8521025,315.1689,119.77145
1.5680311,114.797226,130.53424
1.1275586,421.16904,126.32858
2.8074548,2882.4536,133.7503
1.7939204,135.96956,115.69194
1.554178,794.1883,124.426094
1.4751692,453.27386,129.18517
602.30756,1041.1664,132.97961
29.87499,831.1458,131.94333
1.1767256,764.4828,125.48897
3.0164287,708.6485,129.98297
3.2511027,930.0242,131.26921
3.0503643,419.87668,129.05641
2.300104,897.63727,131.31845
94.35939,1165.0708,131.05371
1.308057,259.86374,128.2934
39.04995,337.6969,124.73356
0.81148213,267.88934,119.42194
138.98029,118.446175,119.75703
0.6061341,235.49872,123.72919
0.8228378,355.23688,121.00593
3.3276951,317.80893,120.14289
2.399327,993.70074,133.64088
4.262017,747.5305,128.06941
63.992382,501.2421,125.04091
4.4943886,1005.49585,130.73071
2.7453907,1362.857,126.312256
4.6619973,1651.2671,127.05025
230.63159,277.3209,119.54294
25.402605,444.55377,127.857925
0.7889991,426.48364,115.61475
44.785942,457.6488,122.306625
3.4220426,130.52219,120.77679
1.2342324,966.18463,128.61856
2.7868805,1011.5967,121.901344
1.1193863,723.7376,126.02093
2.1830952,1312.8387,133.49176
2.2808542,1404.1351,123.893265
2.3453267,1474.7217,133.83464
2.0793712,339.6929,134.50136
1.2109109,646.941,125.19906
31.299229,157.04405,129.81892
9.599015,118.5936,123.34182
3.251379,1458.472,131.2277
5.2730536,1392.0767,126.47773
18.245697,382.09714,128.09349
2.1167579,1490.3125,133.62416
2.5631196,263.11203,127.422
182.84071,355.75803,127.43124
0.7151536,870.1008,124.07785
46.89284,503.0626,124.71967
186.60173,615.72076,122.79695
5.251485,1217.1904,130.9161
3.9395998,307.74686,122.20144
4.64192,679.3279,132.47523
2.3604941,470.78107,117.28698
2.3030627,1919.8488,133.11667
35.430332,358.64682,117.41884
7.1961284,545.33307,127.155556
1.6760987,1277.999,128.5592
6.3022404,262.57846,119.5265
1.554044,620.32825,131.48949
10.699215,331.7635,117.62186
6.0575547,1149.3578,119.33545
112.60083,792.65137,126.56395
9.006755,506.77255,121.50153
1.4779181,941.24493,129.4264
2.3134122,256.3769,127.05839
7.545382,2218.978,133.6304
17.490528,655.4019,130.98087
5.51765,1262.2904,123.170456
1.6362189,66.285706,118.15912
156.37105,724.1621,131.0338
19.938473,1605.1359,125.5054
1.36268,222.84564,120.732796
4.041985,2284.7725,124.79823
5.3451295,1365.4989,124.2505
2.5861256,679.42596,131.34041
2.5209825,806.6735,125.4822
6.412281,1330.3302,126.62947
1.4141515,681.56055,122.812126
151.16899,1972.9377,125.63946
1.4331673,310.67868,127.303604
5.8814373,53.60299,122.92425
29.83795,771.1022,126.85258
18.015644,1529.8579,130.73221
8.389859,534.5548,124.87142
3.5126061,1061.6534,134.31157
9.256546,587.2527,121.38383
1.9153417,1237.7534,131.41165
2.3512185,345.48083,129.87141
2.924032,748.6878,132.46884
1.9492635,1111.1957,133.11781
1.825925,267.8098,132.76451
84.26341,412.7668,125.17654
11.268819,593.4139,128.37134
4.870493,1622.4365,135.34608
33.1064,1562.7646,129.46205
149.46725,1220.6246,127.35283
3.3554976,1921.2177,131.7946
59.410847,468.6469,120.32756
3.0445054,1616.1194,123.09112
1.5817239,815.8663,127.15722
8.077238,897.80853,127.91164
2.7895417,572.24115,121.97873
6.6549625,806.0934,123.83206
21.030989,922.6211,134.66998
3.9162433,311.3656,118.50849
1.4666773,614.667,114.52187
1.4816648,478.44666,122.81293
2.3358877,1048.3948,127.78654
1.1605848,534.2713,116.614044
42.825397,986.3093,127.93093
2.1897342,1751.0173,127.7114
1.4271967,1093.1443,122.40101
4.5872273,1974.5018,122.01555
1.7427212,1646.534,126.83658
3.7779667,656.0499,134.23239
5.4330482,717.00354,131.5156
0.55662227,396.98492,112.44803
2.5119324,132.49922,124.66948
2.5428078,1849.6565,133.85599
18.078537,566.1019,123.844765
1.6054398,707.2767,124.54441
1.454765,907.8115,123.33447
12.350763,948.0954,126.28932
37.76251,1775.3915,131.10797
7.2503767,969.10876,130.5972
5.3022213,2569.1272,134.95625
1.4904861,698.58124,123.501915
1.2948216,410.54968,123.24582
36.649204,612.605,124.29568
0.99884075,405.17288,124.23676
3.0188515,549.83527,124.78186
30.082607,1099.1307,131.31235
4.674372,2588.2815,130.44464
1.9141128,661.3165,128.16805
1.9453322,498.77484,122.38562
2.189975,1130.9889,128.85172
6.0365186,475.28604,126.25492
14.451395,379.6151,134.59856
4.913329,1846.7899,132.00282
0.72724265,133.10912,116.21431
11.338379,1629.1012,126.552795
7.456677,408.81738,124.480774
2.6432357,182.55843,124.462746
1.3763189,556.435,121.82172
20.745398,263.85834,130.23149
2.9058905,1234.7397,129.4101
2.854496,836.1248,135.04295
0.86389196,252.89943,120.87642
2.6290028,1720.5702,127.307556
14.102759,154.478,119.88624
3.0973642,501.26987,130.1994
2.4819193,2033.5505,130.54459
7.591953,1630.3042,134.04007
1.4774209,506.13223,120.67809
0.76995116,361.415,116.8079
29.96838,787.3416,131.79478
1.1830901,516.5932,127.52427
1.8074692,1262.4196,130.62529
10.80421,551.10175,124.66781
1.9472893,2328.2915,129.2118
2.4242365,829.39923,125.81392
13.801876,236.70695,120.50924
2.348847,702.20825,117.10152
4.284512,314.31406,128.05821
6.9206877,852.90576,133.19696
0.98681045,922.9413,127.97708
1.5187157,491.38324,130.39421
22.455427,158.43517,121.63904
7.7925997,1627.0955,130.89136
1.381524,856.53296,128.94566
8.484714,1193.5515,131.5364
2.2142434,592.18396,128.9922
0.6835291,367.08984,115.06168
17.9464,1357.0577,131.10599
3.0665708,833.59,120.33255
1.7868766,890.01514,129.164
17.93145,926.16315,122.35315
1.4323891,310.65195,121.95881
2.0341213,1646.4587,131.47273
2.1268923,2622.4968,133.08176
4.8004947,340.21274,121.201935
30.457933,1599.8187,131.08955
1.900999,628.1612,121.828186
2.4876199,1265.0581,122.41401
1.7602366,276.9491,124.78923
2.1412022,2773.0461,131.6231
1.6352818,177.5497,124.69543
2.2483115,1958.2849,130.96494
61.22346,515.88116,130.7137
0.6968119,509.07657,116.55165
3.373143,1284.8971,129.50677
2.2775831,1086.2109,131.12631
3.2465549,1075.2261,126.763176
1.2584211,1553.617,130.32956
27.974798,1552.6383,129.72102
66.845276,1292.4381,123.073586
2.1980343,1913.7667,131.50394
1.3642242,875.65393,127.53409
3.560667,705.64484,124.66498
1.711592,472.80167,119.98304
2.288334,1697.5742,128.77406
25.970127,2146.686,130.71028
1.3028748,283.31683,121.22113
3.3556573,503.54944,130.82384
2.599221,835.77057,127.38541
8.535361,818.9875,126.48163
0.6980671,338.20163,122.69669
44.421722,111.20307,119.34433
1.8489566,1042.2123,125.5707
1.2035308,74.00471,125.03226
0.78603345,400.94153,122.034355
4.6439447,845.63086,125.40118
6.5524874,618.1789,123.18392
62.365154,1380.854,131.86168
1.6273901,487.13855,128.33183
27.914598,1441.2731,132.90417
0.9150274,629.2013,121.0401
4.6266856,858.22406,129.50818
3.5641642,952.8922,131.94243
1.2569804,1400.3136,121.77565
10.953056,962.3718,133.7809
1.8714333,309.74875,125.342705
6.310954,654.78925,119.02563
3.4906964,409.3732,115.423515
2.7522418,155.35753,123.568214
8.642569,492.9749,133.54189
3.9220319,715.7963,123.338005
2.3996267,1456.2944,124.56547
19.90087,1625.9808,130.08846
3.0156262,2124.3442,127.34094
3.2794802,726.51624,122.36646
1.8459845,237.07268,119.83644
4.6575546,215.01247,129.73271
10.351383,590.6668,124.47932
2.1849792,1109.912,135.17996
1.2260473,693.6323,123.31147
5.265819,828.7307,130.0372
0.80031633,356.17624,124.853264
4.245687,726.28235,122.24196
175.78792,2462.063,131.63461
4.3905973,927.2917,128.91896
6.1847305,522.9899,123.67452
182.06606,2186.0461,133.89618
59.814808,1706.673,124.57167
3.3352914,440.0931,124.437485
1.2605172,382.94632,123.70592
1.8802614,753.9964,125.94864
1.4505972,355.94403,120.21897
115.95647,579.80396,125.06788
44.07413,658.18286,134.25562
4.6514034,1933.0771,132.13136
4.1842113,455.05966,130.06346
4.3889036,1400.2905,131.18877
3.5821853,888.7494,128.96608
14.81992,689.84,131.32715
0.8030614,685.4263,119.13994
0.96440613,599.68787,121.97628
3.1801813,556.90265,128.34776
13.874855,747.12213,129.08337
2.414719,1338.1791,124.126625
3.225595,1456.5858,132.29674
4.383172,938.13727,127.85739
1.5216295,685.6452,124.04652
1.3453677,366.07465,119.47258
571.871,1017.21387,130.93965
3.2388458,786.0782,127.64137
2.6395347,1219.9192,134.81805
72.46858,1508.3518,127.15297
21.005032,415.80835,125.02747
9.949363,603.9746,128.24324
24.906902,849.8427,135.05824
7.137737,732.2232,130.01971
1.6942027,1796.8757,132.70753
8.467568,2178.4143,129.66191
9.376145,363.55453,116.04669
60.520744,654.45605,123.507065
6.1110687,636.9419,127.21781
72.55991,466.27957,132.89186
5.3335443,520.82294,131.14354
1.4867314,727.8821,129.65633
2.8478453,1471.938,134.65262
1.3466777,923.0484,129.49161
1.0313472,310.50766,125.40653
0.75534934,410.33527,123.60229
94.27425,650.7743,130.50545
1.7755113,995.3623,131.65288
4.63326,519.20605,128.21089
1.5824872,930.0313,132.8673
10.005851,655.58417,126.35687
14.983761,1233.6619,128.93665
20.471193,764.03174,134.07639
11.036123,875.40283,134.94748
12.82966,1102.5698,127.339516
1.5402709,915.2845,131.55644
1.6704872,1239.6663,129.83957
15.894368,2029.6896,133.16846
3.0344434,756.05096,125.7724
9.3464155,704.07654,128.9193
1.2936879,1429.4639,124.137054
3.9902906,848.5572,121.18732
2.0977995,161.63383,130.37143
0.7215229,278.5,120.62274
14.38851,328.28284,115.47254
2.4658778,319.62604,122.74264
1.6761794,1741.8071,131.30638
1.3195542,516.82477,120.58558
8.59101,524.101,119.88643
3.7532194,408.93024,124.30971
0.5386542,612.90283,115.83427
1.8650717,915.8022,132.27238
13.793212,822.00226,128.404
2.719973,232.70076,132.19469
1.3779845,243.003,124.732124
145.39247,252.83157,127.41437
3.210922,883.3615,133.53477
121.27111,1046.5931,130.74242
13.706292,1067.6484,126.919655
2.2036617,1790.3629,133.0609
23.776344,1356.0934,131.33063
1.0149269,314.03348,125.52561
5.7035313,1283.0461,133.37717
1.341128,374.6713,126.21636
4.989103,331.68176,129.22119
3.3174114,943.07495,123.99981
0.7340374,235.03159,124.41765
2.9247324,382.63852,123.79159
2.1714892,1633.182,132.12407
22.744223,1986.9087,125.544525
4.0301533,1254.5679,133.32161
2.4873955,611.29724,133.26233
2.1307807,111.049805,120.49273
29.669804,378.688,117.41145
8.496986,1979.5778,132.28773
21.44166,767.49976,127.509026
5.5102496,1032.424,125.348694
1.6440163,334.10635,130.45593
1.1232268,647.95764,123.0496
151.73323,605.8529,129.4851
9.8195715,2298.6255,120.84483
12.087875,1638.8505,133.0224
246.60654,1351.1633,128.64299
11.613677,543.0217,122.048874
5.582747,747.4478,126.533646
7.7161317,1345.2759,127.65584
1.1588063,109.356926,121.7634
4.081386,1034.5172,125.48979
2.4001322,573.73773,126.77183
5.785842,519.2462,129.23795
2.1584153,482.4293,133.81638
2.9941936,476.37143,114.38928
0.7756869,958.1337,126.23032
437.88367,1234.3235,126.15718
442.77054,212.53096,129.06676
1.5044427,460.3428,121.71963
6.7643943,935.1954,128.39531
0.5846291,161.89095,122.079575
73.59769,610.374,124.00543
1.1360115,859.0856,118.858055
2.5150132,567.44214,130.4695
10.071899,609.84924,128.2248
200.33743,2105.9998,134.54608
3.13064,1397.6495,128.32628
1.4358807,821.52966,128.27208
1.2312881,353.6233,116.80053
1.3216528,561.6515,126.37146
14.571773,459.34457,123.29664
18.406164,1095.5549,134.93895
11.705479,1370.4589,130.89978
2.1660903,1296.1276,132.30528
1.3842232,770.5414,120.08476
1.7053214,766.2103,128.99698
36.217518,540.5692,127.30842
8.369675,411.79272,134.93204
2.3629072,780.60876,134.25584
1.2584393,313.20456,116.77968
1.5638072,326.42953,129.57727
45.948074,619.8879,127.4864
0.9727334,321.07196,123.85792
1.605439,276.71378,116.86035
2.521015,440.42917,126.379616
6.536515,1340.4498,130.56662
15.6870775,1011.5518,128.31218
79.242714,1158.9258,129.85753
14.785444,775.31116,134.33188
8.812781,531.2292,120.7204
1.8596364,640.6977,118.90064
7.132892,1897.1139,123.994354
0.80370647,364.7079,120.77935
1.0644064,529.2869,119.4083
2.8489416,353.15747,122.48523
1.373728,562.6598,118.70753
2.473004,1552.785,131.54053
3.774099,1587.0442,131.29205
24.860016,1295.9365,125.021866
29.84581,1697.1143,132.00037
1.4756616,1069.0707,127.00184
33.71246,1041.4917,126.14698
1.490407,201.72365,125.27923
1.8098915,1446.3884,131.68942
