FSO_Attenuation_Visibility_dB,FSO_Attenuation_Cloud_Model_dB,RF_Total_Attenuation_dB
-51.53275,-738.27075,147.98936
-556.8553,-8059.4565,114.09187
1.1644278,139.14262,165.56078
-85.106316,-2193.7327,131.68987
-138.13657,-2538.321,109.56817
-126.33145,-2949.1106,115.919655
-169.81665,-1212.6609,151.80846
-168.7775,-2054.5,127.15023
-345.64398,-4741.565,120.27757
-96.36513,43.33854,163.17392
-98.52241,-469.25076,137.83919
65.95239,-1624.0354,133.17726
19.637394,-350.44437,149.432
26.999094,716.23267,169.66556
-21.615294,364.69125,145.23097
1.2027254,-5736.745,135.33885
41.398277,1363.1987,147.55708
-286.49136,-3720.0715,137.5293
-182.23,-3360.451,131.64085
-178.19035,-963.9635,134.08975
45.54091,773.1391,153.24158
-330.8558,-4463.733,108.89993
-760.10187,-9423.083,124.72663
35.298416,-955.0831,127.00885
-249.91515,-2744.4485,130.10173
31.213848,-1014.9501,130.76338
-133.95692,-3268.9534,135.81732
-841.5908,-11965.01,99.25969
-229.20937,-4522.678,108.24308
-197.57652,-3552.6711,124.12449
-290.24414,-3449.8254,120.27372
-199.75037,-3468.5686,111.55158
144.75346,-989.1404,148.41853
-126.26558,-1516.2644,149.02663
-143.51949,-3750.1257,132.05017
-5.943225,-3339.7083,131.53345
-324.87152,-7022.691,104.79658
-422.27756,-5935.4307,105.22753
20.31317,-453.4346,162.88213
-197.1366,-5649.6553,112.105
-51.621365,-47.260094,163.51315
58.16259,-292.6564,159.12315
-225.82657,-5158.591,106.53091
24.842216,222.06297,126.99084
-43.179794,-2251.138,129.9171
-182.59799,-2873.9893,143.98395
52.313644,-640.0718,147.04457
-26.70352,-387.18497,143.45824
-252.47505,-3671.7708,145.77031
47.026463,726.4713,149.64545
-15.733575,-1401.386,146.89566
-89.22444,-3215.113,119.695076
-62.906498,244.91167,138.43814
-503.17996,-9230.895,130.53925
-462.46423,-6914.155,119.8366
-34.10221,-1678.563,148.98497
-196.4141,-3210.4016,141.71074
-275.53107,-3294.6194,128.64223
-347.04248,-3911.2527,127.98381
-87.21384,-1448.9038,141.82333
-113.08675,-1842.3796,128.15445
-89.9794,-2084.3638,137.28282
-152.68866,-1566.9038,139.57323
-458.33438,-7216.019,113.52866
-140.46725,-1711.0327,111.65837
-149.79422,-458.31973,150.80278
-101.21749,-1020.66907,152.17497
-161.32797,-3147.921,120.39318
-240.39116,-2877.0837,145.935
-609.6109,-8361.935,110.199326
136.9231,2420.9426,166.59196
-249.07887,-3847.5286,136.82169
24.572594,-457.6315,159.49605
-252.86018,-3684.6785,129.99896
80.83827,-2278.8738,129.62195
57.997364,-479.33438,146.4842
-214.02617,-2984.4143,104.37333
-269.55356,-3506.825,132.03398
-174.06535,-1624.3928,133.62407
-100.77826,-1742.2332,131.2071
-62.05067,-579.67236,149.48463
-12.634929,-999.1233,137.49384
-110.95552,-3874.843,127.437645
-114.12758,-494.95816,152.22652
-35.66154,-1149.6034,141.27036
-177.9545,-3698.283,130.59901
-475.734,-6419.3574,119.96919
-236.50317,-5344.5063,130.34828
-7.344825,599.8673,165.99184
-69.79871,-2266.6284,134.0735
-126.48526,-1514.855,149.01868
-49.560467,653.54846,153.4713
-572.2174,-6970.6387,136.81718
-156.61317,-1527.2305,138.94247
-173.04268,-3340.078,147.56198
-293.743,-4430.4004,147.97153
-281.32693,-2591.3347,142.39577
-320.84308,-2711.9502,121.386185
20.906876,-433.0186,148.5664
-63.51311,-867.728,156.41805
-229.16606,-4349.848,121.958115
-257.82657,-4328.308,103.13026
-301.70557,-3354.4797,115.23703
-77.94612,-499.11905,139.47977
-56.265644,-48.514183,139.56128
-197.78716,-1675.0378,139.70679
92.46714,1404.3444,142.00934
-129.81708,-2051.422,133.83052
46.709892,-263.0198,130.65215
-201.70163,-2695.6355,116.089516
-83.47381,-624.5669,138.36833
-136.42668,-1741.1772,156.70253
-115.91585,-4046.223,133.06227
-14.9767885,88.90653,152.17859
-381.07245,-4389.328,123.560745
-192.8247,-2420.751,128.00597
-210.27556,-4134.817,143.13553
134.53365,276.85068,134.12758
-69.90291,-505.18448,146.91177
-177.78085,-3609.0999,131.58855
-133.12419,-2151.6792,126.849365
-295.83817,-3842.6433,120.67148
41.24983,813.8764,154.35829
-15.251805,-636.5386,131.30197
-123.39276,-1704.7866,138.7981
-280.69427,-4105.57,123.034836
-216.90594,-4692.354,109.54458
-101.19387,-1371.4084,158.63013
-160.43156,-5077.4746,129.74406
-214.29663,-2298.0718,129.84561
-128.97316,-1443.5723,163.31075
-18.546858,-1421.3806,123.613235
-227.0586,-3056.8083,126.230995
-26.630396,-751.2185,129.78386
43.447247,-492.36844,139.60297
-173.86981,-4042.91,136.1327
216.50305,1042.6997,156.12607
47.824024,-2017.8516,136.67383
-110.83886,-444.60257,149.88213
-9.350677,-944.4569,139.48209
-141.22762,-2420.8967,131.42824
-1.969285,779.9272,158.60544
-204.99457,-4004.0476,120.98442
-103.802345,32.01322,148.82994
-180.8204,-2717.5625,137.57796
-115.92525,-422.7377,159.71542
47.91611,-227.7217,164.813
-172.42259,-3918.4143,133.1266
-84.89697,-2021.2065,111.040375
-56.225956,-3650.1218,123.8198
-262.55725,-3791.5227,133.64133
-39.532005,-3865.799,110.93394
-494.41583,-8413.879,118.65079
-60.939487,-788.17114,162.65045
-177.96051,-1898.581,127.48278
-337.0251,-5634.745,115.77451
-179.50984,-1623.1858,127.96737
-570.9939,-7523.402,106.78009
16.359436,-1513.4507,158.38179
-87.61936,-3396.0178,120.95002
-60.14903,-541.6482,136.49011
-61.97949,-3272.3235,126.62515
122.48433,-259.288,130.09741
-309.586,-3438.653,154.87865
58.851322,-690.0073,148.46667
-93.77084,-1232.04,146.6516
49.426746,1576.3372,175.34763
-337.4405,-8163.307,102.56891
-438.55182,-5368.046,128.50424
143.72719,2123.98,151.91501
-476.36288,-6832.461,101.30492
134.55055,-52.28164,155.54092
2.4710178,-2177.5823,114.455475
-60.604595,-3652.596,124.18692
-167.12823,-3231.222,131.91125
-243.65077,-3120.5598,116.468834
5.9250097,192.56944,143.13007
-315.5591,-3744.8718,109.04655
-207.0845,-2992.8193,120.29876
-179.78743,-2365.8699,125.407585
-151.04947,-3972.8577,136.87732
6.0160055,-504.7814,140.39755
-138.05606,-3059.1738,121.56241
-496.22647,-6816.089,127.07762
-393.33182,-4283.6646,134.09941
15.385217,-1028.7389,127.5594
-44.130527,-701.38367,156.72113
-36.208473,-1520.4028,136.4871
78.47269,354.2185,148.3636
-166.27888,-2566.7666,138.92355
-452.40854,-7000.575,132.77557
-127.976166,-372.5862,141.61446
-9.560863,-1489.9126,130.01703
30.358418,-814.3876,145.51944
28.505035,-191.07314,136.4502
-1.5506525,17.594337,135.45683
-107.24985,-1081.6952,127.90585
-235.87341,-3362.095,124.0855
-28.951788,-1368.3196,116.78751
-478.5768,-8281.162,111.06297
-342.35223,-5696.6807,126.345856
-78.184006,-1055.6504,137.15155
-257.2087,-2935.1296,118.73394
-46.276302,-863.776,144.1588
-723.57324,-8565.021,102.07049
-9.26773,1323.8395,150.62766
-282.65054,-3305.0315,142.63823
-111.209465,-2082.0535,126.269844
-93.23034,-765.9596,127.92536
-43.595802,233.50371,153.2935
-185.23387,-2243.3916,133.7069
-33.256855,403.51657,186.46625
-208.55562,-3431.2966,131.70587
-43.60668,-2601.9348,135.11752
-277.23846,-2650.213,143.67122
-109.96336,-3319.0315,125.25908
-184.9087,-2552.931,135.0392
-235.7934,-4508.9453,127.51097
63.023727,132.69762,160.3607
-341.17154,-2569.3303,118.703804
-100.316055,-2363.1548,142.04878
-333.78262,-6291.3394,110.72178
-551.8676,-6675.4243,127.41392
43.31237,-725.4109,128.00496
-18.821024,-2300.779,126.54218
-411.05243,-6137.5933,133.47014
-205.6276,-2752.3042,128.09088
-50.181522,-168.3368,149.2183
-141.70644,-2904.014,134.49448
-59.372623,-3245.384,118.77923
-214.63159,-2615.2393,131.35263
-16.095514,-155.21474,136.38715
-233.20227,-2983.0598,123.37002
-146.61792,-2567.2139,125.91541
-427.06473,-6741.5566,129.60858
-69.08266,-2201.5566,140.60478
-198.15811,-2927.499,147.66173
13.826957,326.8752,145.84398
-192.91739,-3506.5017,122.1524
-48.9707,-707.2003,146.00502
-257.49017,-1968.5042,158.40561
-414.7386,-5537.41,126.746056
-147.61752,-1397.5566,150.26787
-210.20296,-1966.6465,156.44894
34.65086,613.935,151.57562
-15.911309,638.6594,140.42928
13.195647,526.78174,154.86118
-120.58284,-3477.6077,135.05342
175.26683,793.5713,156.21884
-303.32104,-5223.5625,130.19484
-227.12756,-3289.881,153.118
-59.235897,-261.6259,141.82547
-186.13506,-1850.8577,141.03893
13.84901,106.45933,152.5276
-60.39494,-688.4287,140.39229
-45.974144,-43.683983,166.47284
57.11823,-347.50015,135.5266
-412.55573,-4757.01,144.58716
-363.58975,-4764.881,124.19601
-285.85336,-5773.087,132.21582
55.113644,-158.76955,144.9249
-96.50463,-20.297752,162.06305
-5.901824,-577.7046,148.77425
101.79624,1652.5782,189.92429
-276.05994,-3583.8538,126.528465
-301.39316,-6695.8643,133.17834
-267.03555,-4962.573,106.97606
-77.34105,102.23118,158.33821
-12.67328,-47.863792,162.28015
-30.3287,-1134.6174,140.82306
-291.88547,-4852.529,128.10565
-8.800181,-726.39246,142.41963
-134.31837,-1259.7471,141.57
2.2590532,906.0444,126.588646
-252.65904,-1920.0664,136.69829
-96.243805,-1137.9764,119.14699
21.791986,-125.83761,147.09247
-174.80482,-1689.4607,135.82175
67.448425,-1465.394,144.94495
94.89138,822.4492,127.56071
-371.71347,-5665.8467,130.15355
-167.3362,-2915.6785,121.95976
-444.00208,-8019.273,133.36758
-286.32217,-2955.2793,141.97227
33.911533,-2377.6672,153.88857
-315.17526,-4990.4136,135.92584
-227.00052,-2477.4104,133.6184
-344.37747,-6985.5684,115.364685
-283.5273,-4344.282,158.75766
-252.38786,-3941.6956,153.98747
-286.86456,-3908.6775,130.31982
55.459713,436.09692,145.67636
-187.83516,-1982.9146,165.45667
-207.38873,-2898.1052,141.2821
43.054504,-208.23317,153.87433
-151.10002,-1991.2639,129.66586
-361.4497,-7428.6665,97.43417
-92.87931,-1915.2686,128.0435
-276.06476,-4963.7363,109.35591
-160.05656,-5465.3096,113.01631
-144.81255,-1686.9133,137.31203
-50.617268,-1445.2449,135.35243
-186.3818,-4005.6848,116.59437
-83.07889,-243.89516,150.96083
-202.00723,-3121.489,120.66244
-141.49298,-1447.6802,143.01703
-20.533197,594.95123,148.52231
-481.62802,-7860.943,110.87896
-209.97195,-3819.4822,139.2698
-105.11793,-2418.6472,133.80647
-216.40318,-3082.5603,133.1304
-61.22465,304.43015,136.13728
-270.73907,-3424.7937,125.94152
-468.94296,-6322.1567,135.93053
-125.93164,-481.0363,150.24469
132.33171,648.53107,161.56522
-290.55695,-4582.504,141.71245
35.83681,-276.47708,130.95909
-282.46912,-3108.447,147.4622
59.25232,1477.4667,147.05067
-42.141796,-1369.8306,135.58517
-160.1013,-634.8938,149.20607
-58.2607,-2060.312,132.17917
-526.3984,-6111.7534,141.41806
-27.602652,-344.74588,130.04572
-89.643486,-1413.551,133.66107
-514.8609,-8617.297,121.39168
-94.55345,-1533.7849,131.80632
-211.2416,-1344.3958,135.10219
-432.4027,-6077.598,125.42939
-175.76562,-3706.5042,119.51485
-89.634766,-968.3673,144.36606
-98.95528,-2286.3015,149.00096
-101.42786,-1193.8369,146.67299
-399.45898,-5937.921,106.90922
-20.557684,65.14353,140.25754
-249.80815,-3519.8235,139.48
-48.34136,-3274.3503,129.78564
-61.69559,-603.44336,143.84103
-101.79132,-2033.5098,142.27469
-200.37039,-2181.9802,130.3909
-236.7517,-4660.5713,97.40271
-96.556274,-1793.2129,123.683075
-166.3131,-2469.623,133.04402
32.100517,-306.72964,139.86116
-117.919205,-578.2999,147.48232
-444.62683,-4713.5767,117.661934
4.4503927,-204.42299,128.06387
-140.46696,-2932.2085,124.58086
-328.217,-4280.5073,106.12073
-325.38388,-4491.974,143.18712
-88.67407,-993.8755,138.58873
147.38876,1413.6772,176.82233
73.01208,605.3579,162.16747
76.70507,-326.83206,142.59941
-504.42325,-7050.037,100.036995
-167.18082,-538.71216,169.01366
-171.08289,-3091.0889,136.86864
-243.43996,-1967.0623,139.80753
-38.77545,-568.87427,130.77101
-22.34883,-1343.2632,136.5412
-151.64438,-1551.2085,133.61201
-109.2632,-745.2782,136.10796
-123.08644,-1876.7556,136.29591
-294.06982,-5470.964,128.896
-439.033,-6670.059,137.89325
-369.14874,-5908.397,129.7256
-74.79966,-2182.276,129.4811
-197.90721,-2581.2236,113.95706
-221.68234,-3316.1228,151.32463
-56.967213,-1240.8137,139.43388
40.916862,-271.12943,138.65932
-196.76907,-4607.2793,125.328865
76.72461,726.6072,163.43909
-266.8447,-3916.9363,138.81898
131.2874,-515.07947,121.89468
-78.92758,-1089.7568,143.5365
-189.12292,-2769.079,126.13921
-208.2815,-4010.1248,119.1776
-435.461,-4931.606,130.34514
-112.09001,-3125.1028,120.65074
127.92497,1655.3324,162.43716
23.115702,-302.2349,162.68414
-215.5406,-1877.1172,119.809135
105.557526,1585.6173,150.64316
-497.70657,-5915.8076,137.76633
-101.54138,-1899.1616,141.923
88.723465,572.14557,146.6625
-74.938644,-55.92147,142.71043
-452.86322,-4866.6533,113.8822
34.455063,-689.5353,141.19739
-200.68427,-3398.0427,135.04681
79.98681,939.2783,144.784
-26.50181,249.106,157.33319
-212.70673,-2469.2368,140.11798
-269.37695,-2547.043,159.64426
-157.0283,-2056.5237,145.05553
-114.41193,-1386.6753,138.63538
46.270424,96.00382,139.17996
-112.44275,-3184.964,138.18524
32.234062,-1418.5039,140.70578
-283.56247,-3909.638,114.41032
-276.60873,-5112.1113,147.36057
-104.71549,-101.5176,141.60675
-62.127483,-344.13602,132.49323
-173.82475,-4572.0977,145.99074
-32.09991,-733.56006,129.06349
-110.01306,-1736.123,145.12904
-88.014915,-1578.4019,133.26942
-77.79277,-1546.7405,147.91519
-358.1291,-6322.725,127.39843
-88.214005,-1280.8872,142.36047
-181.80965,-2024.7959,149.63637
-299.94397,-3455.6892,126.91352
-83.583694,-1310.2651,126.72469
-176.30031,-1589.6389,143.95496
-22.01468,-210.01479,143.85612
-114.43039,-2348.7437,121.92352
-13.77634,-500.7643,138.0056
-193.66826,-2483.3557,124.48427
-113.8857,-780.73303,152.85658
-209.27074,-2865.5042,115.00805
-275.3326,-3221.8,135.33423
-337.8119,-3962.1511,127.620285
19.111647,140.45287,161.5637
-352.84174,-5795.2827,126.780266
-246.16487,-4372.8433,123.16432
85.17343,1179.559,179.84209
96.168655,303.6957,150.76366
-98.954254,-1185.3582,123.16416
-125.16753,-2601.0322,131.67842
-153.66054,-3289.1882,124.48908
-259.06122,-2735.008,146.01903
-158.93355,-1456.242,142.97778
37.903984,975.398,150.28056
-212.51016,-2502.982,139.55673
-233.38774,-3854.9534,109.28824
24.863417,-716.4957,154.99092
-128.91226,-964.2554,149.47008
-132.12802,-2785.0107,139.38629
-46.911472,-1892.5854,140.22728
-10.082622,-1388.9473,126.42337
-196.65683,-3064.7058,152.17992
-249.27303,-1782.0979,140.2161
-123.92204,-1572.6841,193.596
-176.12444,-4716.0317,109.19766
-128.78694,-4116.5156,129.52434
-160.62514,-3555.8074,112.69969
-360.42813,-6410.638,104.47741
-91.13827,-1274.4878,154.65442
-3.065177,-310.07254,154.08699
-155.6471,-2150.655,129.14117
60.330616,-257.46573,140.14577
-185.35269,-3865.473,138.07611
43.344223,295.79385,159.16177
-257.46658,-3815.3484,161.14093
-164.1185,-2846.9417,132.2047
-224.33786,-3518.9656,139.9543
-235.95885,-2643.5632,130.27731
-147.57571,-2810.173,141.8792
-34.022324,-874.9253,132.9583
-234.1831,-2603.0308,147.48915
-515.8375,-7049.0166,124.80586
-177.34271,-2049.7625,140.57137
-109.66246,-2909.9856,134.77554
-91.08849,-1121.5227,143.50305
-180.92502,-2536.8157,134.51692
-533.46155,-6609.08,132.34903
76.841896,-23.017906,142.68292
-308.92746,-3443.7898,120.56248
4.067978,550.28906,154.31535
-47.86717,-210.4601,137.80635
-85.93368,-2043.9546,127.34488
-236.50842,-4431.1177,144.30327
-223.56955,-2682.483,128.61098
-473.74875,-7622.112,124.378815
52.889923,-217.36159,153.13766
-566.49335,-5242.3213,112.674095
-42.959614,-512.87036,146.35918
-0.28629783,367.03906,147.44225
-396.84036,-7174.0293,139.16066
-138.20337,-1933.406,149.82823
-268.02036,-3465.115,122.566025
-59.31425,-1949.0596,146.40399
-20.034433,-1748.9294,141.14816
11.013184,-46.21102,131.77426
-97.08438,-490.01834,138.701
-358.7702,-5571.6133,124.81375
-608.40106,-6986.6553,129.73933
-79.251114,-1467.3428,144.6633
-242.83852,-2945.187,132.57166
-288.7985,-2901.3743,127.95387
-54.031788,-1598.1658,133.8353
-481.82367,-6683.832,126.26319
-42.41863,-2897.2437,136.238
-138.55046,-3488.347,123.61656
191.76517,1666.2659,173.01201
-304.46918,-2887.6982,121.04283
-55.074314,-2574.8765,130.6358
-57.211567,-1104.0485,146.44795
60.297718,-397.63248,138.18971
-244.48634,-6455.8184,126.02258
-30.577837,-1034.7448,134.24013
-327.9571,-3162.775,140.29219
-41.879215,-771.853,140.6744
-77.686745,-1156.2543,135.49847
137.78622,1160.2385,142.20229
-24.354727,542.17834,135.89726
-153.72374,-2495.6406,132.6425
-245.97984,-4766.065,117.875114
-554.31494,-7357.93,97.113976
-170.4012,-3382.3357,133.72353
-267.81827,-2480.8762,140.4234
-571.46747,-9054.731,124.097305
-250.2011,-5148.461,112.044075
80.89449,-2058.939,126.54909
-140.66704,-1128.7522,146.79115
-264.4025,-4861.386,114.134926
-294.82993,-4484.2466,132.7511
-239.51091,-2537.0793,118.45719
4.801059,678.75446,129.88939
-268.67758,-3518.3093,135.1121
-21.841402,-677.4144,156.8872
-238.92117,-2590.0188,129.42502
-266.45792,-4651.127,116.841095
-145.24228,-2450.6218,132.09547
47.85476,-1051.9738,132.4148
88.95081,233.28575,143.78012
-165.3077,-2762.5288,146.13635
108.63243,-559.5144,146.37337
6.9227705,-592.0796,128.39735
74.131805,788.19257,159.40746
-90.78434,-147.99586,164.2983
-305.65417,-4582.3623,142.74852
-537.3787,-6979.6973,134.47086
-262.4557,-4924.8843,135.40413
172.28781,565.1415,140.91928
-66.41028,-1360.5566,140.93248
-125.665436,-2933.7507,139.41202
-175.96857,-3615.5354,139.32428
-344.3515,-5125.8726,115.91363
-4.619334,-2001.5466,125.93694
9.080469,-206.47523,134.90144
67.28954,595.181,156.96114
-189.39906,-4740.789,116.66428
-45.0927,-541.83997,139.98946
-142.82822,-3035.762,136.91373
133.50768,-175.44154,146.9842
74.27349,1076.7301,141.61627
-15.444612,-215.02272,135.23566
-42.877308,-159.32088,146.43254
63.16242,249.08629,140.39926
-257.02274,-5067.8506,124.91201
-176.79231,-4527.6436,106.37549
101.57603,1524.5168,145.73009
-439.40378,-6252.487,117.571686
-276.2422,-6215.087,99.997116
-44.288193,-15.751976,166.26688
40.104294,-1140.7108,135.00003
82.41891,1376.6771,146.97089
-174.74486,-1754.0896,169.91692
-220.9714,-1818.8301,131.3848
-283.08124,-4002.387,121.59679
-127.59338,-1809.9128,131.775
-333.55508,-3641.244,132.42352
-698.8573,-8820.284,109.29769
-9.977628,1072.9551,150.58275
-555.3365,-6324.915,126.348976
-187.51382,-3466.4436,146.85141
-50.03497,-2353.4102,130.71423
-123.386,-759.7224,158.85089
-41.772625,-425.29153,135.61707
131.81146,-362.47623,144.19179
-39.95347,-366.8876,119.92166
-254.93837,-3383.78,127.266
-284.0756,-3661.9333,130.29457
-8.544456,-424.52396,122.553635
-314.73294,-3764.2698,141.34227
-240.89095,-5774.813,131.14693
-14.24369,366.20142,153.08768
-186.88013,-2898.3203,148.69801
-189.68086,-2475.834,132.14258
-224.21812,-4619.732,137.13982
-41.506474,-902.45435,165.75194
-16.518705,-1569.4507,137.18587
-141.78462,-2094.5432,136.53848
-39.246586,-3911.3342,117.28955
-356.92566,-4455.3955,120.44512
-304.8852,-4787.813,130.10304
-418.29807,-6559.61,124.52422
-58.886272,-632.03467,148.50368
-208.76582,-4816.9326,129.5626
-387.12305,-5098.836,136.8132
-285.76126,-6241.5654,124.884224
-44.040844,25.719093,133.54184
-228.22081,-2126.687,133.1732
-271.74194,-5069.1904,127.30076
-414.89584,-5369.8916,137.09059
-273.57974,-5171.4185,137.4157
152.33684,266.46774,141.0204
-307.4999,-4695.073,131.17465
-67.38193,-2276.378,148.34186
-167.49883,-1510.4783,144.70714
-162.24115,-2454.5852,134.41568
2.47618,-680.01843,128.05603
-153.34573,-3856.5745,116.92622
-188.16963,-2277.6328,117.25502
23.0598,1154.2,157.05296
-332.6997,-7430.768,133.56712
-473.5962,-5875.961,123.07633
78.226234,-388.19144,127.201126
-394.0538,-5914.8726,138.71527
112.03362,-2060.717,144.13693
-274.06427,-1508.9792,134.24889
-239.43628,-3658.6184,142.42963
-36.49938,-1639.3552,156.39362
-87.00388,-980.2904,164.1492
51.213623,235.45506,144.23672
-286.04404,-6664.571,143.66994
-108.669395,-1068.0399,132.06271
-43.263084,508.48224,150.27774
-222.54834,-5137.6772,123.21974
-372.21716,-6554.8667,113.699196
-148.36082,-2573.9817,137.825
-92.66613,-1359.0667,141.70435
-12.0545435,238.26225,163.15315
-15.372916,-2976.205,141.51308
-56.298992,-2803.418,141.18495
-157.53969,-2336.9583,114.470314
-80.60946,-730.7999,141.2628
-188.89076,-1707.7048,149.88692
1.9511986,-593.35876,163.2595
-340.02383,-4907.509,121.15443
-92.224014,-3914.5295,131.87605
-393.3956,-4586.1753,105.64887
-159.38829,-4063.9783,128.5293
-89.33834,-3407.2434,128.88051
-38.845848,-812.2551,152.27885
-144.92708,-2562.2817,113.82701
-66.553444,-2794.3887,134.08862
-180.01765,-2494.263,116.683
-110.01003,-682.0669,136.27191
-146.34131,-225.71974,135.3521
-314.68738,-2814.1467,150.48734
-265.99982,-2815.1116,128.52313
-382.09555,-5678.7007,97.51453
-120.138,-3309.1687,146.26039
-24.948893,-1536.9622,154.65259
31.683601,-744.8047,140.80644
-99.65624,-2552.7095,137.02779
-103.65263,-3142.1914,146.14586
61.83136,463.62454,146.19975
26.699394,-953.72107,138.5073
28.996391,-5.66909,168.79396
-124.42566,-1111.0962,151.07474
-63.869778,-1476.3354,127.11515
-97.87986,-2048.6692,137.7376
91.52946,-482.9612,143.22142
-102.11878,-1313.0657,147.39302
-253.64488,-5293.3853,139.96017
-497.37076,-6877.05,123.96942
-189.7181,-4011.6316,121.81348
160.14694,900.1293,160.73532
-122.21895,-1800.4519,131.70338
-323.41263,-3569.097,142.10222
-288.36856,-4249.8223,120.46999
-70.739685,-296.75137,137.92976
94.72599,654.0858,156.87509
-198.96501,-2594.1558,151.34515
-864.61865,-11722.442,115.597145
50.71392,1146.9866,154.62137
102.51382,579.22046,155.1682
104.03606,439.7399,161.09703
-494.802,-7365.435,89.58872
45.71242,-871.3174,140.51074
-13.533559,-444.33133,136.63162
-192.77534,-2675.4312,138.28993
-153.16779,-2378.4956,132.00044
-67.3342,-2359.2095,167.6369
-99.433495,-485.95914,127.12118
-161.36687,-2077.637,143.35538
-396.08698,-4447.455,136.72556
23.61256,-437.92398,141.04169
55.26595,-48.5494,140.47668
-253.36339,-3652.2117,128.30453
-119.456345,-3050.2166,126.08264
-32.325764,-1794.8823,135.98148
-393.34598,-6275.739,117.234535
102.26683,638.0669,150.97069
75.709435,1383.5938,143.99622
-697.0717,-7723.3677,127.346924
-272.82004,-6137.0684,118.77718
9.713129,1256.073,165.59271
-184.74759,-2582.7136,150.11328
-55.800716,-189.81606,155.6471
-96.28748,-2224.6846,132.96803
-146.42207,-2604.248,106.98922
-32.247345,-1663.5381,113.425674
-283.70068,-5537.6885,145.55551
-127.38867,-3173.6567,125.5725
-102.87695,-4370.8564,130.11183
-138.94022,-1495.4702,137.93678
-173.55693,-1891.0552,157.34322
-36.648476,-3236.677,120.65885
-126.390625,-2287.217,136.16486
-12.828446,-282.6237,177.85625
-6.882205,-326.0342,154.33006
-444.5943,-5806.793,120.95136
1.1519995,158.26372,153.8524
45.216473,-735.45276,146.7878
82.684456,-418.03128,130.9053
3.4226246,-1496.7124,142.41356
-40.59674,-571.4509,141.55988
-256.42517,-2814.1577,149.01468
-119.025696,-2399.8677,139.84615
-63.919384,-439.8649,143.58774
-289.27997,-3781.1497,146.81331
-185.88066,-2207.109,119.61956
-124.86722,-1525.9312,162.8062
-368.7716,-6593.859,108.52369
-48.74191,-2659.1687,122.451836
-138.73112,-1255.9741,143.74358
-156.90756,-486.76627,146.39154
21.110067,383.39902,165.18744
-234.24164,-1665.4512,122.811134
-181.01035,-2080.3113,131.40141
-101.09925,-2352.154,133.48631
39.074455,-522.6251,140.12083
-22.061758,526.229,159.3764
-25.568674,-1679.3555,135.25836
-19.886778,-1251.3762,143.61908
-226.8732,-4878.147,108.41186
-189.46817,-1784.5681,163.76425
-6.7082644,-2183.907,116.79598
140.30212,918.5778,165.88995
-179.74078,-4531.9014,120.56098
-92.78756,-307.32584,163.00536
-458.53864,-4470.6323,114.82575
8.113987,612.5653,144.65544
-140.83807,-557.1134,148.57469
-112.77762,-837.02747,138.38121
-154.16154,-2269.8113,131.65463
-236.86838,-3768.449,119.58081
-181.03304,-1351.9841,135.29277
42.79029,146.2758,134.90189
-70.76817,-2168.3474,130.05339
-20.242624,-251.20277,146.81734
-144.22075,-1737.4519,146.36574
-99.39929,-2412.5637,137.2645
-102.42356,-2780.205,129.92201
-114.10861,-2267.0383,150.48503
-80.26503,-1807.6694,139.66191
-30.349962,-790.4192,137.58963
-83.80838,-1723.3999,118.64629
-171.79005,-3504.1365,132.19641
-121.51218,-1970.3618,143.29875
-79.83048,-1642.5327,140.66054
-2.5223875,-601.9071,140.8608
-18.409704,382.6208,145.89003
-79.60651,171.58403,145.32642
-123.28305,-1673.1248,137.72707
-235.29057,-5235.7637,138.42194
-78.957214,-1628.2148,126.41833
108.81721,2127.7944,156.16736
-391.2323,-7179.2114,107.22135
-203.9624,-2614.3762,156.31435
-382.87033,-5478.0806,101.265594
-416.6444,-5265.08,126.70348
-187.93398,-3764.3118,124.94009
-239.58766,-4853.517,109.04184
-6.81339,-1859.9775,144.18706
-25.183558,-795.7986,121.511665
8.475668,607.8587,150.46783
-190.87177,-5578.43,104.921974
29.062134,132.92381,126.47931
15.518732,-1075.3424,137.98526
-284.61978,-3726.675,127.27979
-468.77365,-5294.721,132.63924
-56.601475,-424.72635,132.19261
-290.55743,-3934.6687,134.19952
-92.89209,-2772.5037,132.18393
16.855015,-1414.2732,145.15088
-76.42947,-1215.6707,138.35529
-42.89544,-810.6907,143.18277
-202.90384,-3128.4177,150.71156
-135.02553,-3986.7048,115.33542
-50.552044,-631.6405,137.1405
-159.01653,-2010.1272,134.0108
-293.494,-4397.3496,110.72544
-97.567856,-187.72621,150.27487
157.51883,1597.3047,145.64381
128.68214,1104.1172,159.13019
31.803728,-859.53,123.83833
50.364967,-3565.9773,114.081566
-353.08533,-4981.5474,132.68909
-213.9726,-3407.3083,141.70413
-55.20843,288.8743,181.65431
-283.79398,-3571.1482,140.56575
-11.041772,-2328.453,128.12987
39.68149,-472.05667,152.02214
-130.06644,-4201.9253,125.97126
-2.377471,-1127.7903,134.67569
-528.77905,-7320.391,108.0168
-391.23227,-4463.5625,123.047775
147.81612,-1635.9619,124.148384
-129.62943,-3322.0623,140.00638
-39.678905,112.47233,133.64008
-304.64114,-4706.06,103.092735
-200.21808,-4640.7515,153.82478
-32.087,251.62407,145.98973
-254.33015,-4046.8005,129.8426
-111.88904,-3013.9763,138.50908
-301.512,-2272.0342,135.55261
45.647972,-1395.0481,124.577385
-185.40448,-1980.4963,140.30675
-146.95807,-3520.885,140.75578
-24.142885,-2189.3625,127.67399
-179.26573,-2575.3027,132.82861
-118.234055,-2408.977,141.45439
-206.69498,-2296.5298,124.3791
18.605028,371.05957,148.46095
-93.11243,-1218.3911,141.47633
-114.15796,-1624.3826,128.75594
-41.89631,-753.6384,169.94876
-183.62581,-3213.9658,121.048355
-35.785652,389.29315,149.01204
-262.6892,-1483.4612,129.14816
-70.31236,-2520.382,119.447205
-215.38756,-2853.8127,160.31183
-115.22572,-1507.7844,111.342155
44.657204,-227.88222,146.3109
-58.755596,477.20822,162.52492
-160.8677,-3791.5793,127.51814
-486.58292,-5111.9854,117.13972
-69.25356,-1956.5564,123.90897
-156.55537,-2571.8545,130.13455
28.484938,-805.84204,136.77353
-263.467,-4679.969,115.975464
70.20019,-285.3909,136.05894
-374.26663,-5337.318,124.7389
-170.55603,-1585.3579,137.47464
-592.04724,-9689.386,105.590614
87.05096,-119.72811,157.2242
-46.0612,462.09393,164.23175
-58.868732,-820.48474,136.31087
-11.121785,-1697.3074,141.12662
-467.82526,-7048.1714,112.85252
-579.09125,-7836.7075,125.42514
-166.51514,-2099.7346,118.42925
-11.634664,-1011.671,130.97777
-281.9559,-2530.5073,149.67993
-261.32202,-4894.195,117.27256
-82.78269,-1404.7161,141.26253
-29.05271,-24.78994,129.64699
-284.66397,-2291.3962,130.54774
-203.1131,-4859.5933,118.59277
-328.66138,-3366.5632,127.718
-135.29134,-1710.717,145.37862
-272.60046,-3091.509,134.22417
71.81088,466.02188,168.35391
-205.7751,-3871.7703,129.85114
-537.25555,-8194.87,110.13903
-11.919238,-1371.178,146.54977
-137.12651,-4627.363,131.85378
31.754885,-250.4192,149.53459
-30.96475,-863.73083,130.29959
-466.23212,-5210.11,128.82808
-256.8677,-5350.527,125.58973
-276.58585,-6527.5474,101.979004
-20.55903,-1192.6118,145.45752
-227.18028,-3114.4028,121.12809
-136.20891,-2029.7676,129.93333
-172.61702,-1853.8713,144.43713
-91.76288,-650.10974,142.2919
-300.7595,-7153.165,112.16222
31.10348,-763.9689,141.98598
-337.5114,-4966.3027,131.84163
140.41762,1596.7249,137.5023
-371.25058,-7105.5483,131.11197
15.650292,-3049.5605,124.42455
-37.021584,-1137.7426,138.62126
11.4766245,-429.29373,140.13243
-272.7905,-4669.4463,131.1393
-181.30046,-1204.8657,146.14624
32.99197,566.82623,153.01186
-75.90751,-3.532432,166.63412
-64.573746,-2643.9075,128.78003
-94.39013,-3221.8623,133.53624
-62.598766,-1855.1016,134.36746
-226.0638,-4454.9995,130.8885
-102.1419,-1871.387,125.43196
-199.48373,-2804.8208,121.94789
-298.04477,-4746.334,115.23445
-0.58344936,744.38947,153.93825
-357.10596,-5982.3076,122.7956
-411.3307,-3459.902,139.81816
-210.3335,-3651.1545,118.39985
-203.70692,-1725.4619,129.52977
-84.33642,-846.68384,130.10883
23.141348,285.17618,144.18939
-42.89785,-1696.4575,144.75136
-326.39618,-4456.5435,104.375595
102.42708,-833.26733,140.24522
-430.15533,-5136.572,148.84227
-270.34683,-3025.5444,139.34903
-162.43771,-2630.4653,115.64227
-338.2657,-4560.458,159.52437
-270.90747,-4487.0127,148.69995
-171.46837,-2969.3887,112.92257
-92.60756,-1135.3264,147.80557
-129.4476,-1153.2056,159.61769
-145.68227,-779.66064,175.00642
-190.74467,-3259.801,141.47421
-60.816067,-1725.7156,140.1741
-215.14871,-3111.448,121.38078
-182.4816,-1555.1514,120.13545
-90.64269,-1083.3524,148.23433
-66.35478,-2227.4949,119.8133
-115.46443,-2175.2698,146.46014
-253.72401,-5395.276,113.54094
-264.34998,-3941.3308,140.1694
-234.0919,-3210.3945,132.72827
-151.69156,-1619.4944,124.40172
-497.14255,-9510.605,116.627975
-2.8665895,-1353.7847,117.81289
30.6035,5.6858907,133.86977
-152.18176,-2173.7595,141.81732
-93.36925,-2108.8167,138.9865
57.851257,-1567.638,138.42477
-177.50992,-1824.9102,155.79222
-280.60242,-3537.2356,119.0289
127.38493,1555.4481,153.3144
-212.5479,-4992.4424,131.80527
-167.41417,-1802.3333,129.6921
-83.70009,-5009.9883,125.7535
-94.93911,-2499.0774,119.35505
1.3761759,-472.07974,135.02963
-338.87262,-4525.568,127.998825
-55.51241,-2409.5574,111.39888
-254.6379,-5341.7227,123.193085
-251.24522,-6638.9204,98.29747
-407.88998,-6046.3994,129.23625
-76.86968,-2514.0037,132.43497
-184.07642,-2876.1235,104.46285
-33.921886,-365.77396,131.98248
-113.06801,-826.7731,146.90579
-317.93753,-4874.824,117.31041
-8.004348,104.49937,163.26935
-431.23984,-5956.188,139.78099
-198.04077,-2893.0198,113.82942
-99.73472,-2601.006,127.90139
-246.53285,-5885.191,94.4524
-205.59642,-2788.8726,125.26466
0.49164864,-1634.2102,140.43092
72.18487,-220.15346,156.74901
15.187752,-2412.3193,150.07495
-83.487915,-1996.4863,131.93312
-218.94229,-3050.588,136.27528
-468.9597,-8837.474,128.84358
-135.46794,-2246.7468,112.887024
-268.21082,-3432.9104,127.45395
-63.612835,-2264.5208,149.86008
141.21822,1639.1946,155.7164
-184.6837,-2074.639,144.73895
-253.17113,-4688.887,112.193535
-180.70953,-2286.3357,135.1128
-35.80927,-269.55887,130.01016
84.02479,1820.5481,166.49902
-233.32425,-2260.3967,153.5373
-64.92112,1226.0114,139.57405
-313.55005,-4870.9175,133.06279
16.630272,422.75464,127.42784
-242.6682,-4055.4163,160.42677
-22.98937,-1799.7583,151.48279
-298.531,-5764.263,138.85873
48.393925,-786.42334,144.52478
-42.762417,-1840.0615,138.84813
47.3842,-656.3307,147.32611
-251.6877,-3447.7703,128.76884
-168.46506,-3411.1243,121.43031
-102.75846,-4197.7876,154.04558
-194.21288,-3385.943,140.6556
-184.07582,-1840.2856,156.83762
85.61427,-215.98878,145.02808
-81.67813,-1909.4395,144.79623
-321.2038,-4781.905,138.98378
-103.349945,-374.0789,156.40326
-60.86823,-1412.3252,114.225685
-158.90239,-1389.0127,149.65015
-175.2183,-1981.8486,121.38967
-171.98878,-425.61038,149.46048
-148.99538,-2438.6401,137.11194
-163.30609,-2074.9626,158.30437
-88.082954,-1685.4807,131.6347
-145.2532,-3802.845,117.285614
-296.92987,-4866.8774,116.70824
-99.845566,-1521.4529,148.94083
-27.440042,-355.4351,165.57436
-39.203503,-1764.0571,153.89923
20.15036,-29.116722,171.82903
-468.15704,-4583.2886,114.059875
-97.417816,-1672.5474,126.90776
57.49667,374.26385,152.36252
-121.34744,-1568.6887,151.10884
-21.445074,-3017.363,131.8501
-248.80257,-2169.4697,138.37653
-93.25574,-2360.143,118.00876
-409.33804,-6671.627,128.07077
-327.08185,-5267.6978,127.67327
-224.55547,-2110.873,146.90639
97.24341,-653.6422,126.31989
-21.091452,-1944.9412,141.12419
-194.28706,-2538.9475,136.42354
-126.60275,-2601.1885,128.98627
-53.409245,-1517.75,120.73966
-584.4047,-7824.14,100.463905
-67.07319,-1102.2388,140.19725
-120.9229,-2190.886,128.16153
-57.79585,-2553.0403,119.37987
-156.42996,-1509.6423,126.13562
-231.10036,-4148.1514,110.645676
-52.561337,-2168.8691,135.3249
-269.8265,-1847.6306,148.48909
-106.14666,-1704.8523,138.37445
-292.06866,-5348.564,123.499405
-197.01343,-6060.251,133.98425
43.63837,-237.68105,141.94159
-208.34462,-2830.0627,116.0376
-141.77515,-1800.2141,139.27411
-75.75411,-509.57034,137.72029
-379.6256,-4734.895,115.62644
-100.85576,-1806.8303,119.54908
-206.75647,-5053.6997,134.09955
-97.17598,-565.6603,127.91846
-10.2783785,-920.4529,135.99031
-348.04153,-6795.8354,104.453384
-426.45953,-7508.848,143.58125
-188.80524,-4633.5625,140.1317
-209.228,-2295.1995,162.97112
-224.81883,-3390.343,128.34013
-241.76524,-2352.5076,161.73799
47.525677,-690.3098,137.5998
-92.21554,-3340.1863,100.79504
1.7403231,-196.27113,127.7665
-189.64204,-2801.3171,122.273926
-358.30838,-4960.9336,151.56738
-53.9054,-4584.0703,132.52237
-167.04698,-3355.4329,135.74115
12.716785,-152.01405,156.03085
-142.61076,-3891.464,126.11386
-6.800227,338.60892,123.23592
-55.881214,-1463.6201,126.264465
-103.37432,-2465.587,121.12024
-67.86269,44.16062,130.35217
-86.47923,-58.01455,146.93416
67.065575,372.2297,164.45676
-98.5789,-3184.9866,137.82982
30.6432,-862.62024,130.35493
-450.05643,-5814.2324,158.03334
-63.92455,-3180.2117,114.782486
-183.30229,-3205.9487,131.05537
22.92958,1050.5908,135.85667
-52.31017,-3020.447,118.664635
83.5715,-595.21814,155.78679
-535.67645,-5873.9487,122.61205
-101.538025,-2744.123,128.18301
16.04869,-1996.7561,116.13799
4.840169,-3716.452,136.70055
-220.19283,-3936.8323,134.72093
-208.00084,-2086.4617,157.78433
-40.68973,-1284.9036,136.2662
-191.90956,-4075.2942,129.02855
52.27299,-561.9221,138.39902
-17.23538,-434.892,146.99191
-186.55511,-4134.7886,122.30703
-218.8949,-2366.0095,150.0822
-133.24385,-1836.0981,133.01834
-198.4114,-2327.0293,131.60316
-34.597122,-265.33,133.31488
-431.66235,-5290.688,126.644196
-112.79187,161.62608,140.28545
-6.7379103,-1687.5952,145.80893
69.17589,-758.4352,146.17987
21.813875,-7.170921,145.42697
-169.3769,-829.0221,162.59032
-62.73772,-1151.4355,149.63448
-471.85342,-6527.7827,119.91271
-101.75923,-1154.0531,142.07146
-61.76826,-320.87662,145.09297
-235.6965,-4840.2534,123.38042
-125.97862,-175.97023,143.62288
-158.0243,-3341.8723,133.31725
-234.52242,-3250.965,144.58607
-198.76929,-4493.002,129.10149
-306.49057,-5508.487,113.50612
55.715427,-519.7904,149.38861
-418.85065,-5225.734,139.24709
-476.65417,-6169.3516,122.76964
-132.77634,-666.324,132.57428
-424.06213,-4473.5024,117.588524
-245.62163,-3604.8376,129.38496
-55.96108,-1959.8491,153.73868
-46.097507,-174.57399,159.73114
-241.7607,-2917.5793,134.54268
-107.131386,-1050.5862,128.56203
-372.81863,-5925.01,130.30984
-167.47961,-963.4856,144.64775
58.191124,-1.2920147,152.58992
76.49312,-1537.5508,138.56891
-92.41364,-813.84607,143.72343
25.67104,402.03192,137.35426
-163.92868,-658.79346,154.81998
-212.76433,-4260.829,131.4447
-160.15356,-1689.2837,146.71461
-363.2687,-5745.7217,136.48256
-151.9074,-3548.5535,124.07081
-182.96263,-1819.637,137.83965
-65.86626,333.95596,153.17415
-214.92247,-2671.0364,165.08354
-149.8793,-2866.9949,120.99704
-115.349,-1897.217,136.42018
-283.22803,-4423.602,143.9921
-223.39606,-4766.7314,107.08078
-203.37589,-2449.298,171.77797
132.40575,-173.58742,139.39243
-230.62485,-2699.823,133.28708
-210.25089,-1854.7466,124.959755
-242.35854,-2825.484,151.454
-122.260315,-1442.4487,137.25655
-345.784,-4789.0776,143.78287
-188.32246,-3429.1633,122.04006
-466.29178,-5331.208,109.05113
-167.1497,-5476.6436,134.54716
-116.17227,-2996.4268,114.31533
-272.0471,-5009.032,121.372925
42.502525,-986.8214,158.07869
-246.86818,-3201.8018,115.04874
-61.31763,-1432.5173,132.05383
-159.54262,-4449.884,128.6412
-368.06747,-5124.7583,127.96466
35.93731,-1251.2759,116.816185
-132.31291,-2630.0757,143.20126
-154.51523,-4047.7068,118.01772
-63.555096,-542.6305,121.26542
17.776272,622.8264,153.31613
-247.77208,-3506.8318,128.00255
-336.03436,-4874.1655,122.63544
-60.087902,-1266.4053,138.82791
-248.97163,-5447.526,127.23644
-877.54254,-12381.824,135.44077
-230.0988,-5647.583,121.64671
-86.15625,-1406.0554,135.91768
-331.0599,-4999.0435,124.67999
-160.18478,-2321.392,113.1768
12.784381,614.85223,145.35823
-13.474517,-1032.855,118.0363
-211.58293,-1141.3456,161.848
59.276024,300.78763,140.96965
-232.23283,-2411.6956,132.86728
-205.79372,-3026.3296,104.19281
-186.50496,-3055.3208,148.55498
37.802975,-530.6759,151.13512
94.395355,2091.1123,160.48544
-6.190919,-540.197,128.49345
-372.58884,-5265.504,134.03548
-132.13399,-810.6074,144.81638
-166.06493,-1100.6794,125.00149
-210.32686,-3281.5002,119.38761
-39.625835,-1937.2886,141.10591
-36.107048,-842.4874,148.79411
-235.77055,-4244.3896,141.51929
-135.32048,-2221.925,143.92146
-93.58313,-4004.012,127.70363
-293.0685,-4059.5647,114.73852
-75.16021,-1632.0354,141.70972
-212.00734,-4105.5054,131.21666
-68.95173,-4900.9517,119.25988
-476.83325,-7022.441,136.20557
39.18788,521.9611,150.20692
-352.41745,-3450.5261,112.49455
26.078535,26.82975,159.67102
-108.74828,-1055.793,148.33246
-358.5871,-4359.813,122.6034
-127.561646,-3043.8467,125.19599
-357.9288,-4078.5105,140.58517
2.1126604,1171.5851,166.6606
-357.43042,-3320.297,125.91939
74.53919,-1569.9712,128.85216
-210.31934,-3918.5955,107.33842
-46.60898,-1833.0938,134.57385
-69.8911,-1711.447,118.67784
-367.7411,-5760.189,114.307686
-134.59843,-1866.1562,124.807625
-86.38648,-4234.362,122.0665
-142.94016,-3817.5955,129.33504
-336.3298,-6885.284,125.21407
-211.10545,-5991.1143,137.39784
7.448227,-311.77054,140.21808
-327.3979,-2957.7708,134.41258
-392.05737,-6142.2627,136.99435
-199.63387,-3195.4653,107.48572
-157.37679,-2911.929,136.61879
68.98687,58.87925,144.94373
36.653572,1043.828,185.69402
-363.1667,-5061.021,131.29745
-89.1834,-3899.7175,119.798676
7.4676094,352.547,165.09315
-76.351166,-1931.1226,141.1525
-298.9783,-4517.4736,129.7339
-29.933474,-92.69918,140.84294
67.616585,603.68756,156.50266
66.413345,-1.4043194,143.00966
-273.73874,-1793.8777,143.8655
-266.69308,-3622.0603,129.35968
15.051762,134.63707,125.53916
-355.14355,-6252.437,127.26483
-29.030622,-1491.8,142.12874
-86.156456,-1271.5352,127.57556
-395.83246,-4651.302,111.235115
-110.484375,-4307.5405,130.61754
-95.67069,-1560.4587,167.23012
-88.65826,-649.52515,140.92505
-210.61209,-1781.2893,135.23878
-333.16888,-3276.364,146.62994
5.3292036,-486.74857,150.78276
-109.86643,-2177.9792,124.44715
-149.6541,-2477.772,139.54504
-143.63211,-2260.9524,135.24565
-79.83666,-1395.6533,131.07481
-176.3369,-1707.013,140.91019
-217.53757,-2236.7468,137.04028
-30.917109,-823.27356,125.98162
-4.281514,432.88663,130.54022
-213.53918,-4154.402,121.44773
-136.28578,-907.45825,140.01376
-162.65965,-2174.838,135.58437
-14.781453,-2599.5332,104.58583
-235.85994,-3511.5251,124.2245
-193.62898,-2074.4421,136.57982
-50.447987,1165.0111,154.24397
-434.7505,-5612.0894,123.24157
-262.72614,-3278.3464,157.71997
-205.81055,-2850.2378,123.50717
-152.01352,-3487.6335,119.460724
-196.1046,-2384.2356,128.47354
104.169785,1464.4257,147.99329
-329.7081,-4132.936,154.85426
-428.8468,-4141.3926,133.89923
109.76713,732.5336,147.8373
7.7834625,313.34433,133.8711
-348.4266,-5416.221,123.28378
-285.32578,-4071.2708,140.78244
86.10663,309.8909,145.15422
53.735527,111.36082,156.22383
-80.507034,-3150.4595,129.98843
-184.37384,-3212.4932,114.15631
-51.386555,-1425.533,129.62302
-149.7546,-2330.6658,135.79346
-73.30111,-1516.8445,142.88228
-136.39896,-3166.2139,132.87108
-110.50041,-2696.5198,143.05458
-36.64589,-506.27933,125.72326
125.433495,1957.4224,145.7868
-96.70265,-1296.7544,136.75343
-142.42671,-1070.6444,142.74915
-1.5218554,-917.5161,155.26234
133.71259,74.319496,153.85855
-86.748825,-3102.1338,125.618385
-37.627075,-2594.524,115.03875
10.772491,108.584145,143.00223
40.725296,908.3859,156.7319
-22.091913,-980.49207,165.92596
-154.57849,-856.8248,134.45723
-268.85474,-3671.1863,130.24637
-50.756145,-916.4197,145.80833
21.899302,-1024.016,124.77479
-90.09916,-968.6553,138.6154
-204.21295,-2823.927,142.013
-89.08431,-1237.1929,135.52245
-430.56442,-4410.7725,132.97746
-223.75624,-3103.438,134.85725
-299.62286,-5499.3193,132.30414
-81.82716,-2007.623,195.20009
75.82488,861.509,165.5106
-186.24132,-2622.5925,145.50986
22.330057,-2790.3804,126.61947
-183.64102,-1208.5637,148.0137
-96.84733,-637.4094,149.70142
-191.10599,-2953.596,122.07542
170.91293,1511.3846,152.2333
86.74278,-951.572,128.64304
-196.31973,-1592.3513,135.05945
163.66316,603.93494,161.52585
-355.03375,-4001.1008,112.75211
-99.63388,-1108.1993,138.33101
-144.0503,-1779.6655,135.20099
49.0936,687.11676,162.28247
-159.59297,-1959.5249,133.37688
-312.87918,-3558.1072,147.76555
-221.1425,-4331.0864,135.80466
197.94609,1500.4922,145.50247
-386.45316,-5141.22,145.20407
-40.91962,242.96233,147.3697
-81.332726,-579.1039,154.80255
-88.47336,-428.4799,150.96687
26.995754,-1325.5544,119.73832
-309.13965,-3907.722,126.21574
-223.35529,-4384.231,123.4073
45.045288,-1162.3693,154.79903
-98.646126,-3313.6248,111.61278
-96.62836,-2947.9763,139.95184
-6.2086344,-2811.9783,134.57925
-69.69026,-640.67737,147.75244
-64.51886,-2924.9143,119.015236
-232.69685,-2626.7805,135.7289
3.336628,588.26855,125.11794
120.17798,-1336.448,131.2429
-67.98535,-795.21326,167.23883
-82.970505,-1450.717,144.09877
151.01851,-1193.5105,133.22899
-145.75208,-2429.264,144.50937
-266.66943,-3747.473,141.17163
75.61069,413.84067,137.52864
-49.688076,-933.7102,132.6249
87.45438,-1124.8887,129.04593
-95.387825,-2274.4111,129.46687
-230.54596,-2983.993,124.49859
-374.71936,-4491.125,118.16297
-342.24582,-2029.4453,154.50667
-704.98254,-8086.696,101.65206
-81.02174,-3367.552,107.175934
30.10338,180.88615,156.63449
-64.525536,-1047.4067,135.79657
13.585961,-3012.9197,120.16415
-468.63925,-6354.8477,93.29962
96.86768,1389.3994,147.61626
183.3901,1652.7208,155.45433
64.80677,633.2413,146.75352
-1.9594069,675.9384,163.38672
-38.20165,52.392372,160.55487
-274.09625,-5793.7617,127.31002
-244.55522,-2897.519,138.7459
-99.43519,-1494.8193,131.26114
-284.108,-3451.2605,127.39641
-134.90823,-1757.2295,140.16708
-206.05806,-3629.8708,120.11704
-314.24722,-3702.9495,120.19258
-353.82672,-4176.3765,143.25203
-337.42877,-5290.437,140.41937
-15.611863,-2770.8154,130.14888
-299.90588,-4086.9685,159.69379
-41.486877,-3326.2737,117.13687
-574.37646,-8102.5503,114.44733
-75.03117,-2942.6692,131.1462
-167.70422,-4935.9023,124.67794
-52.61832,-979.6467,129.7376
-340.8815,-4543.991,140.85577
-28.33019,-754.98254,123.87205
-89.97687,-2628.6067,141.88115
-24.098772,-1134.7363,126.89626
-8.352851,440.85742,150.17412
-93.93422,-1628.2905,141.71951
-229.61157,-3719.426,143.33228
-60.93765,-1341.7207,150.98672
-149.09795,-574.9475,149.64581
-155.48022,-2979.918,123.72309
-380.15604,-4141.678,113.616776
112.62654,1040.0402,135.40248
-38.072556,-501.39395,142.03897
-416.9421,-3533.6277,121.56274
-121.41672,-4173.1475,135.22293
-19.441553,78.286964,141.62859
-214.61989,-1972.5508,156.12314
-313.55234,-5588.4546,128.32327
-112.57721,-473.67154,148.3224
64.20954,1116.6982,162.61809
-96.44835,-2622.91,177.04799
-443.46088,-5878.3306,133.76527
-169.08598,-2699.5325,160.68867
-215.49013,-3165.5195,132.00417
-245.23555,-4927.899,116.02194
34.610516,-734.3013,146.06795
-161.00562,-3007.6548,152.40096
-39.50894,-115.907616,139.4119
32.58703,-1539.1418,145.85716
-132.97403,-2141.535,139.76099
135.50249,538.5242,149.9458
-3.4400282,226.90276,138.09723
-221.18303,-2134.7634,120.514435
-375.56226,-6237.1685,114.3923
-242.01112,-2461.1501,123.49808
12.985625,-282.33487,137.81688
-50.244106,-690.5598,196.65515
-71.18769,-2780.8455,132.34966
-41.251366,-1231.7957,132.86531
-151.1944,-4336.0913,106.03212
7.7095356,-1134.1339,141.2264
12.438833,41.762306,149.84407
-602.3966,-10058.781,136.05344
-291.18164,-2172.7344,150.36537
-60.87279,-953.99255,156.06937
-275.62393,-2975.3894,127.14861
-287.86526,-5098.844,101.31401
61.47548,1161.8461,159.39491
-107.38585,-1204.845,160.2431
62.003048,-2061.2273,138.16309
21.047832,-412.00394,145.40335
-101.226685,-2272.8694,143.25926
-449.2772,-6327.634,122.37031
-99.4289,-1933.4646,120.69802
-209.0654,-3332.3484,121.187996
198.50073,-1672.1953,137.7201
-23.609304,-1311.7036,129.2604
-182.10959,-3445.1545,136.42455
-173.59883,-1931.7283,133.92921
5.244664,-1244.2871,148.43127
-48.587795,-1920.5999,149.2902
-38.6938,-2951.6152,143.06456
-127.18382,-2703.1494,138.33418
-162.7761,-4380.7324,124.437645
-125.16676,-3150.9204,139.1898
-19.401098,-1335.9253,153.61592
-215.96461,-2560.306,121.89733
-72.65361,-1838.667,127.74195
16.063477,-953.3893,130.40578
-180.13617,-3008.5837,111.4782
-175.85063,-3232.8477,123.33344
45.47189,1021.3115,150.0255
-497.6213,-6014.456,129.82947
-202.23306,-2885.0828,140.59328
-25.742353,-1748.1157,112.0365
-226.91443,-4309.327,131.37491
226.22649,-852.71936,135.79077
136.74118,1965.0898,145.40855
-238.41101,-3785.1204,126.15082
57.956604,353.06915,148.29837
-62.476543,-195.45729,138.68974
-61.766277,-382.80032,131.83578
-313.28583,-3932.3489,131.74132
-240.20229,-3975.8816,130.97557
-266.0493,-5243.452,112.38502
85.66587,771.0383,146.12523
-84.25343,-3345.5798,117.36792
70.307915,72.83378,137.22092
-69.54713,-1647.5879,117.6982
54.33203,919.143,162.0159
-53.631153,-2553.7363,128.03798
-85.66552,-1720.9324,140.95537
-45.52598,-40.131126,155.27086
-243.6338,-3453.3923,153.47095
-230.28403,-4451.4517,114.04939
-287.3768,-2741.587,147.88222
-468.55142,-6759.3926,103.664215
-99.98644,-4188.2354,117.43357
-73.42896,-1166.3524,127.16176
-158.64171,-2971.0134,124.773315
-270.49127,-1746.7568,153.39311
127.24818,375.94122,150.81384
-22.235212,-3855.2175,134.2484
-138.03091,-2052.8872,139.05649
-439.14478,-5008.3545,109.73593
-40.01346,-753.0067,119.14557
-409.04056,-6922.1187,132.97263
-392.0271,-5479.721,122.15855
-55.27988,49.930397,151.32094
-6.2596426,-446.21317,134.74782
-397.43958,-9137.28,114.523964
-128.07074,-1911.8203,127.09989
-40.87348,-21.287132,153.9717
-62.875187,-1098.4171,149.3059
-71.767845,42.324745,167.5313
-64.26385,-2339.3633,126.0163
-4.1179914,-1655.7161,134.30775
-37.49434,-473.40506,160.72798
27.84776,90.51383,128.6326
5.997735,-596.4878,160.64513
-35.73259,-1026.6913,145.07283
-436.07858,-8352.912,114.431076
-152.6736,-2339.594,126.80092
-347.75577,-4788.048,119.535286
-188.95157,-2673.0303,127.58091
71.99578,730.2769,132.82127
-32.986065,-568.1448,129.33449
-49.534924,-76.37264,147.16125
-170.18608,-1241.6257,129.95018
-33.117985,-335.0065,159.60231
-79.86999,-3168.2979,111.0235
-565.4443,-9958.554,95.850464
-196.75179,-2760.0916,159.70494
-92.530846,-912.7561,158.04012
-117.04173,-2032.7356,138.39136
-143.57603,-1925.8933,146.21913
87.847404,1838.1913,160.65372
-418.3358,-5133.7725,107.49572
-254.76207,-2938.9214,131.67422
-512.18677,-6442.362,127.14388
2.164631,873.38904,151.41022
-256.46667,-3426.2766,142.75307
-559.2809,-7022.0938,150.0966
-289.7593,-3682.529,133.30676
-381.1921,-5051.959,115.79703
39.60874,-688.33777,139.55402
-186.91328,-3763.5085,133.29663
-21.200384,-1774.1289,142.08955
85.246475,-672.782,145.38858
-316.26483,-4611.044,125.91966
32.45075,246.0399,143.21786
-161.05751,-1685.8972,137.69725
-36.243805,40.179115,133.84831
-23.273504,-1170.3435,134.42062
-149.3666,-2181.2764,115.31909
-191.54489,-1584.5247,140.89066
-668.5976,-7318.704,115.09207
-306.87714,-4705.955,114.2675
-387.2895,-5522.5015,110.88174
-167.67683,-2072.2996,123.60044
-107.806725,-874.55835,123.641624
-223.94638,-3800.1174,108.80489
14.13005,-1514.1321,129.30603
-255.82112,-4040.161,137.19734
48.019794,569.5159,148.91405
-113.074265,-1294.9619,157.04662
-151.69775,-741.48914,182.48119
-379.6121,-3582.5608,115.11911
-211.28195,-2448.2095,114.73369
-62.73724,-3612.742,152.48125
4.79667,-904.0824,136.84631
-130.71843,-2105.3535,131.03844
-17.393461,-761.074,129.41255
-279.52972,-3013.6992,149.03719
-134.72087,-2772.123,137.95978
-23.61371,-1098.7438,122.7573
-62.787746,-3348.8123,118.406906
2.9577742,200.32658,144.2648
-195.37854,-2364.5503,123.485504
40.917576,-1121.9554,150.98201
-218.28085,-4846.9014,98.95313
-19.010706,-2102.6057,125.398834
11.259251,-205.20424,158.74673
-280.74417,-3754.681,124.49503
-30.169203,-569.23914,136.30386
-141.98982,-368.30728,136.46672
-222.58214,-3393.4167,124.3097
-42.941822,-1661.3657,129.60796
-7.6789083,-1754.6816,120.24837
-11.02629,-424.67252,146.86137
-240.9167,-1937.542,128.04765
-147.23413,-1652.4226,138.6362
-122.31291,-5175.594,132.42616
-314.50244,-2728.8782,126.66776
-132.55162,-2869.74,123.93487
-194.99039,-2458.1814,151.82431
-251.95143,-5757.8125,114.13754
-427.87604,-5103.886,124.91998
-25.673883,-2273.8938,122.67899
-111.0621,-2455.3533,130.63625
-139.0268,-3122.9585,136.24411
-24.802568,-511.32242,151.2109
-17.426653,-86.97256,147.97696
67.75642,256.8087,126.44274
-217.89885,-2601.2974,135.56438
-240.36037,-2469.63,143.42194
-17.787806,-2008.9207,137.37381
-248.26387,-2318.4082,130.74878
22.660826,-387.44705,152.36969
-126.28,-1080.0656,137.19818
-219.0409,-3044.111,139.5399
-76.71202,-529.5206,137.32559
-341.18762,-5534.661,119.56159
108.82656,1596.963,156.85161
-108.75386,-1209.3049,134.55096
-154.00783,-1497.2273,123.650024
-85.5849,-806.167,151.2571
-133.54597,-4441.334,142.387
-10.51414,-2637.6873,125.16024
-451.4832,-10261.536,99.937225
-65.393364,-1964.1177,126.141685
-107.456635,-3520.1023,147.14456
-472.7148,-5996.672,127.26717
-205.61656,-3049.2092,118.967445
-345.1584,-3665.341,133.40553
-233.948,-3747.5105,132.47241
-164.77658,-3989.3694,119.12782
168.4398,157.40446,143.15692
-173.6613,-2228.0137,114.55298
-330.6894,-5180.7773,120.85826
165.30832,1508.2106,157.3896
-5.7051706,342.88516,144.30319
-19.73329,-1660.969,131.59361
-68.208305,-1904.5396,149.80182
38.13829,-662.5377,135.86713
-93.21395,-2373.1597,129.83899
-361.65036,-5239.3115,134.78778
-230.20657,-4183.6733,115.15885
-82.69124,-794.43616,146.96086
-169.94714,-4297.154,109.80099
1.0879364,-573.5128,131.12827
-58.588,-525.7457,132.92259
52.72024,1602.9086,146.081
-220.0121,-2531.9688,132.42027
-399.85468,-8626.723,121.021
32.48248,-1988.6543,135.00688
167.52023,4.8744893,143.02592
-388.41092,-10608.084,121.92409
-31.611113,737.7529,159.86884
-48.20654,13.899574,146.27342
-99.35393,-2655.9946,118.79459
-259.12964,-4972.132,93.532616
-73.09879,-1190.7688,145.82918
-475.50992,-7664.026,116.729866
-7.366374,-630.89453,136.33118
-139.31192,-2391.5793,127.13097
100.833336,168.7382,141.6683
-189.75397,-3834.1096,138.75182
-418.21274,-5128.5713,104.744064
-131.55826,-1311.2451,143.28032
-190.21176,-2824.0835,139.2491
-171.96379,-2629.6152,140.99008
-76.34906,151.29088,139.06172
-450.19672,-4185.1606,128.38916
-127.841934,-2506.6394,132.7738
-26.402224,-701.80054,149.59654
-94.26418,-1576.6748,128.94246
-221.65202,-3372.5168,140.65631
-113.39714,-2769.9692,126.618744
-52.224247,458.14,171.69409
-65.886,-1038.9697,164.28436
-179.46169,-2319.5676,152.78595
50.77538,1726.7928,155.23518
-5.157069,490.33755,157.62036
-271.39005,-3875.1658,135.73225
30.247631,855.6206,150.38002
94.4492,995.0095,139.07025
-66.85027,-875.9696,124.817444
-84.17257,-966.0115,168.60344
128.43935,-1030.603,135.9927
-156.95157,-1449.3181,134.21118
-252.52983,-5240.484,103.25473
-374.40228,-5833.306,131.74844
-548.60254,-8685.957,109.72861
-145.30276,-1577.7815,119.85953
-157.3726,-1209.5718,140.11417
-37.7019,-945.49475,134.14027
-214.90277,-1237.5779,155.06685
42.75202,126.79948,141.12056
-17.130823,269.6185,166.04425
121.149734,419.0871,147.20413
-102.91857,-142.56184,153.54517
118.22629,1108.9016,168.74796
-225.0393,-3890.7644,126.27949
-304.98807,-3157.2607,144.07787
-84.97333,-1140.6536,152.69029
-393.78415,-5609.1514,110.80715
-342.26114,-5341.9663,111.423294
-218.82022,-3287.8762,127.86082
-286.50256,-5274.716,115.911995
-67.75739,-1949.1929,122.12521
-162.99483,-2353.6025,151.33803
-260.26892,-3501.3557,124.76835
208.5951,-1189.2124,142.88437
-234.4466,-3424.4114,131.74095
-8.488847,401.80972,154.44215
-383.27173,-4570.276,119.338875
-384.48584,-4340.3984,126.888435
-218.4608,-2489.1594,158.53807
-112.4494,-3767.6667,139.99152
10.259221,-937.0537,150.70227
-78.83134,-985.2749,144.30148
8.677894,-208.42409,140.70598
-268.97766,-2680.6282,132.32881
-210.11629,-3910.6418,135.02834
-330.3171,-4457.0854,125.392815
-137.80548,-3164.564,132.01216
-107.51036,-2214.3499,124.751236
-38.73532,30.530006,157.71802
70.85351,469.6906,134.03448
-305.34384,-3645.548,131.80875
-115.781906,-849.3651,136.38095
0.5604019,-2199.8691,144.86693
-65.04485,-470.85892,140.95578
-356.27798,-5068.478,130.8012
-34.920162,-1689.855,126.34761
-106.82013,-2270.4214,149.77176
-462.94974,-7385.598,108.30041
-142.0098,-1258.8811,158.05264
-232.12665,-4504.2427,97.0169
-545.28,-7127.6353,124.4866
-87.4889,516.15845,154.47714
-240.34398,-3539.4553,120.650925
-219.39159,-2331.8408,132.1788
-22.84984,-351.3572,145.61127
-49.59444,-947.90405,143.04883
-125.09543,-4170.578,130.4995
-110.989044,-1185.3481,133.19864
78.455536,-744.2449,136.81471
-161.17545,-2377.9072,150.16794
-53.62379,356.3128,169.69997
-22.206308,-390.82364,150.28592
-128.57507,-2652.7979,130.52264
-260.8358,-4111.1577,128.45232
-374.20215,-4799.581,117.19933
-235.93495,-3956.1418,145.3964
-896.772,-12132.585,132.81459
-66.25742,-1303.2073,139.45166
-272.27557,-4233.8325,129.14108
-10.941812,-1432.0466,140.20938
-174.0669,-2978.2117,130.54034
-103.642944,-1545.7368,132.63083
53.441013,1181.2166,148.2289
-456.7494,-8593.752,99.17919
104.70431,226.78258,145.39603
-417.97543,-5322.5366,147.69095
-12.243083,-208.86122,145.86816
72.493835,1387.0808,162.66815
-500.16055,-6201.495,135.34706
32.83377,-87.6863,144.73221
-227.07042,-3545.634,138.28922
-187.8304,-3134.9797,145.55171
-309.183,-4639.5747,122.8171
104.14531,1431.7604,146.80917
-277.88593,-6229.9727,99.9329
-45.9364,-2362.812,164.91785
-285.4784,-4602.098,108.540405
-292.126,-6137.457,116.145065
-125.25845,-1719.4282,151.51576
183.83716,1165.6097,147.44043
47.53426,-1698.2639,145.57436
-145.20404,-3254.1863,131.63608
-141.25247,-3587.4841,114.25128
-92.89904,-815.9888,166.89052
-107.96244,-2284.2002,134.51625
-338.15167,-6195.4604,145.23576
-200.7112,-3144.045,151.95406
-478.00696,-6643.949,131.78897
-244.10085,-3935.0032,116.0328
-166.7568,-2905.934,118.827286
-291.51193,-4527.415,137.73294
-82.46665,-1097.0962,153.94037
-348.99515,-4527.2734,103.75076
-76.562515,-728.14014,151.26703
-268.5845,-1881.1199,142.5947
-154.55446,-2803.6162,128.0363
-310.40894,-4347.72,165.07034
-44.320934,-2360.35,151.5638
-249.39061,-3198.1406,139.6964
109.399475,388.57846,161.98044
-317.98257,-6123.54,89.27091
-328.18546,-5010.272,134.20055
-45.660378,-388.85416,165.20428
77.778305,-888.63184,146.40305
-253.35643,-1560.1912,118.5216
-236.00522,-3209.2017,129.71048
-489.07663,-6897.6836,120.14892
-145.00116,-4461.1,123.714485
-329.7862,-4304.714,123.80029
38.263344,117.43888,153.23862
-161.82974,-2469.1008,143.61531
51.021435,-148.47005,151.25606
-291.50043,-3208.7446,132.02458
-222.23766,-3533.6575,128.41672
-94.050385,-833.0272,163.42757
-0.039076827,-887.50305,133.8894
-121.18799,-3131.6404,120.89487
-530.51404,-8367.539,155.22697
83.57812,-1202.9092,142.66191
-228.14886,-3635.573,140.94937
-179.94852,-2700.555,125.48405
-299.47534,-3565.011,121.355194
-70.640114,-2892.4702,135.64757
146.7382,1236.6953,161.23132
-118.56702,-1829.062,174.43344
-165.58005,-1921.1741,127.042915
-119.894165,-1488.0652,140.84354
37.131294,384.64288,146.27875
67.28514,434.6729,155.66568
-36.80835,290.6094,148.68498
-233.36742,-3990.4373,122.64681
-47.91067,61.787025,149.96725
-116.74292,-3379.2703,115.29523
-435.31976,-5076.996,147.32326
79.82634,1102.7124,161.30424
70.39239,922.7613,162.72495
47.008835,167.06181,150.97325
-338.76697,-4318.063,124.09593
-467.36688,-5505.4297,135.77875
-410.56006,-5899.9644,118.98421
-68.6205,-1532.0454,151.76366
-517.69867,-9040.685,115.56248
-208.24892,-3619.4495,136.89581
-15.396007,-943.48157,126.6534
-24.230349,-855.47485,142.4074
-165.09224,-983.0969,137.24617
-473.1812,-5265.9824,123.43532
-250.95418,-3767.807,116.28429
-64.75718,-4426.809,115.5848
-12.782685,-2069.2239,148.80206
-479.41428,-7265.625,106.866844
-222.64883,-2548.3806,156.088
-185.74158,-3219.6592,151.58632
-608.77466,-8528.2,130.29057
-186.97673,-4919.4033,112.03784
-118.99686,-2538.0186,124.06662
-92.27661,-1401.48,141.22992
87.25303,499.02127,141.90926
-65.355515,-947.67566,137.58159
-135.94301,-3805.6135,130.72662
115.86952,603.6482,149.65137
-346.75674,-3437.4963,167.33499
-162.60115,-2890.7996,152.29141
106.10406,1338.5574,157.92545
-170.88077,-3516.2488,129.05573
61.922234,-1124.4618,155.31534
75.72027,-702.27576,157.81133
-168.45494,-1332.6694,138.23262
-528.49286,-8119.932,129.10854
-106.17906,-4225.4097,133.38803
-156.55525,-6821.659,129.11522
-171.87146,-3011.265,144.78316
-66.64532,194.06517,151.0018
152.1558,1292.5718,140.88618
-76.964935,-2679.077,137.61469
-332.91205,-5813.493,102.20879
-103.532104,-551.8015,149.27466
29.008043,1051.6536,150.28816
38.150425,760.3211,134.85396
5.0127573,376.70557,162.64073
-54.477222,-741.99634,129.24402
-103.9297,-2198.302,133.25519
-65.13481,-1756.6558,158.23413
-211.2132,-3777.9944,104.33604
-48.84193,-1330.9436,134.85004
-139.96085,-699.0775,136.65236
-423.6733,-6331.995,117.0681
74.398674,1030.5173,164.0846
-292.88986,-3591.4402,130.9288
-110.34964,-2915.721,140.67511
-137.48312,-3843.8767,109.72336
-59.870197,-755.8601,168.75774
-183.07722,-2429.9111,128.33897
-235.04947,-1301.1921,133.891
-387.98346,-6568.9,109.94805
-12.988851,-335.481,160.32745
-47.05542,-1375.3015,150.46313
-116.35474,-1226.1152,151.67334
-84.46497,-1068.5641,144.03802
-367.0247,-5026.8447,123.435074
-180.86852,-2156.3352,144.59457
-397.9022,-7316.9673,106.05128
-82.29418,-633.6708,134.36697
-45.695602,-536.7079,150.78444
22.853582,-552.38,139.07494
-305.37994,-2533.9277,129.91951
-221.90788,-2883.656,131.19583
6.140568,352.9748,154.34167
-440.5609,-4910.209,112.50525
-175.51224,-2670.8916,133.07588
-212.6829,-2859.8398,129.16312
-220.33817,-2929.0408,123.19149
-15.801129,-40.812523,164.09703
-34.563946,-2036.9734,149.57086
-147.09317,-3208.692,171.62953
-42.56999,-1490.3394,113.54146
-58.827915,299.4869,135.64383
-382.65646,-5788.5674,119.027794
-469.48755,-7446.94,111.21397
-21.503237,-804.66296,134.70116
-610.1904,-8642.461,109.31113
-110.19483,-1152.5874,133.67781
-75.862015,-1633.5901,128.51996
-193.51755,-3383.3796,103.02182
-103.27396,-3528.6296,117.90024
-273.17642,-3493.904,131.95352
-235.5721,-3364.8582,144.74344
36.860023,-1706.7827,132.0342
-150.87396,-2301.8071,137.91081
41.433334,897.258,162.39502
-289.41458,-3061.3015,130.92549
12.005502,1.5118183,165.61694
-15.090407,216.95097,138.31508
-23.980608,-2494.1936,137.43958
-86.461945,-1045.8998,138.32071
-314.1111,-5191.911,128.83423
-239.41745,-3265.473,137.11932
-511.42593,-7140.759,96.68814
-76.43382,-501.35306,154.79124
-409.99716,-8868.031,108.87495
-131.07907,-2716.3604,125.38286
-108.28598,-1415.481,148.07094
-237.19492,-2416.0586,132.34785
139.37624,1507.2819,162.90672
67.11701,409.2101,149.54094
-293.146,-4062.4236,117.90646
102.71065,672.6814,142.38449
-135.35591,-1271.0898,134.79872
-63.141056,-121.68246,169.83449
-54.18749,-1835.158,124.99663
75.69965,-483.5977,155.13644
-197.48398,-1495.9624,170.59422
-59.818417,-1002.9059,138.6091
-47.13258,-1200.415,130.38002
-559.82385,-7437.482,133.93306
-271.1171,-4091.5369,136.7826
19.741457,-414.32437,134.61626
-38.298588,-64.90334,125.26024
50.858788,-136.83107,158.19699
-142.93153,-2170.3213,142.211
-188.28084,-2920.0403,127.233154
-224.76729,-2588.578,128.1396
191.99158,397.665,147.14053
-45.445423,138.61186,173.2609
-132.06706,-4375.0903,134.24023
41.88236,97.60001,137.54724
-144.10611,-3118.87,121.384285
-74.136246,-1222.7317,185.67088
-200.28223,-2399.1226,145.49593
-344.85364,-4143.023,126.44432
-324.54114,-2541.339,150.03421
-122.931046,-2188.7993,118.406296
-39.36211,161.03978,157.86316
-300.40405,-3272.321,134.23097
-261.2904,-2899.316,136.98096
-141.50735,-2684.825,110.72584
62.086388,765.23065,149.47617
-282.1186,-3448.6252,133.41228
-267.72928,-5139.596,144.20438
51.679787,-423.22525,138.29541
-467.2912,-6473.452,137.53781
-173.20021,-514.21826,132.22464
-138.8642,-3540.2244,116.25282
-172.28319,-4320.0264,140.28499
-434.5409,-7319.732,125.053246
111.95421,-547.8402,135.12779
-330.11957,-4553.4653,113.779106
-22.927748,-969.6239,148.85408
-8.43399,-785.6251,142.15227
-110.3064,-1317.4155,156.45897
-81.21417,273.79697,155.24434
-136.65549,-1506.6941,148.39407
-238.08997,-3067.3347,111.76062
-20.485872,-700.16736,156.61023
-354.3258,-3781.3743,141.56827
96.25474,-771.7345,140.96342
-244.06908,-4992.7163,119.38993
-494.52594,-7074.984,136.1036
-238.81076,-3711.4207,132.80376
-170.11128,-4147.791,134.00404
-280.87155,-5105.1084,108.01171
20.39471,634.46893,146.13248
37.21476,212.12273,129.43066
-205.66208,-3373.1199,132.06407
-27.646296,-854.2456,139.19464
-195.91013,-2058.4902,126.919
-342.78415,-4830.196,112.96814
-344.53577,-4290.3906,128.3097
52.885868,-399.14688,132.23685
-236.65753,-3886.1536,167.2273
-0.038043045,-2753.4092,129.50273
-119.39978,-2088.972,152.79321
8.406184,679.91724,156.00974
-195.95293,-2568.7395,138.22528
63.10701,143.94383,147.37447
-76.66406,-3177.0403,125.727036
-177.4646,-1808.2227,123.264046
-245.51042,-4674.253,120.68727
-24.736856,55.241127,147.89996
-257.38446,-2938.5103,141.3922
-213.96866,-2963.606,158.70222
-141.6411,-3662.1956,132.12877
-127.75745,-2187.7595,139.78406
80.062904,437.94064,140.91847
-416.05243,-5603.771,116.37883
-49.00555,-579.5635,146.23471
-369.2644,-4400.8564,144.44293
-129.61021,-1746.419,158.92586
-24.369768,440.67093,154.7262
-458.62537,-4764.969,122.708534
-390.7748,-5298.745,130.41936
-298.0985,-3568.3503,118.70801
-140.98598,-2142.8289,137.42351
-152.22197,-3137.9463,136.44336
-72.2207,-2306.0754,127.52771
-338.78253,-5111.822,122.04054
27.31896,-772.2904,121.97195
-2.7650824,1344.0822,150.31227
-227.47234,-2400.9822,134.37556
-166.81248,-2840.639,165.55542
-155.39166,-4541.8125,127.135315
-123.71657,-1249.352,134.00293
4.869876,-1115.2915,152.17299
-113.78932,-4459.8594,119.03903
-201.86,-4966.535,126.62324
-254.31194,-5235.0376,124.434906
-22.646097,-1834.3997,131.76596
-81.10749,-706.05505,137.08325
-153.41325,-2014.0549,132.8047
-249.71294,-3872.515,115.227974
-214.10484,-2232.0894,151.23175
-610.00586,-9220.463,99.65322
-129.96912,-1830.1782,139.63664
-254.17488,-3039.0627,162.03401
-127.522446,-587.11255,154.31168
-360.9838,-5905.3247,124.72453
-192.38435,-1757.1543,134.85443
10.904359,-936.8391,142.8817
-23.033121,-1066.862,146.14122
-460.668,-7153.373,101.52368
227.03151,546.5314,138.49097
-259.21506,-5381.251,145.10088
172.96565,1900.4335,159.96045
-246.78685,-4074.6462,136.66783
-119.812546,-2212.0884,142.33618
-54.20226,-1200.279,152.129
-57.00723,-377.9705,142.15562
29.311592,269.24106,153.29721
-22.70444,-662.9713,120.81043
-63.89694,-3207.1165,141.78773
47.24475,-1459.1133,132.42152
-166.26917,-2077.04,143.12666
-179.1729,-2623.6821,134.66808
-130.667,-3049.337,117.808846
-235.4731,-2256.201,171.15971
-28.01306,-1059.0668,147.73148
-642.1441,-8785.441,133.93312
63.39839,-2000.471,132.99907
-220.48671,-3841.1477,143.17943
-352.09262,-6082.6714,103.30115
-267.78464,-4719.805,105.54877
-138.99527,-1442.4724,126.713
-426.81985,-5979.7495,124.751915
-439.6251,-5809.7466,136.63646
-57.607525,-1891.4456,162.90942
-601.43396,-9664.343,122.08768
-438.09433,-4409.2227,116.25716
-29.194986,-3589.0793,123.42322
-401.32468,-5329.6533,112.85541
34.554028,394.22,155.28494
-107.79064,-148.5389,157.49513
-184.66669,-2132.7686,138.92264
93.10952,-23.516624,142.91629
-222.21918,-3673.0618,137.31323
15.62135,196.56248,139.0744
-437.329,-5554.0596,130.28378
36.74366,495.58508,160.15784
-248.23515,-1396.0789,159.26143
-257.96616,-4127.821,131.73264
117.84991,-136.62093,135.50264
-0.83770275,-117.06643,148.63902
-11.892785,277.34232,156.30708
28.763569,997.6656,155.10625
-189.706,-2916.5525,131.12271
-346.12653,-5500.2617,113.279686
-191.19139,-2534.4734,111.16488
28.758142,-3015.9487,127.880325
-38.11053,-1050.6987,133.68816
40.838024,1289.5593,165.93272
-166.61432,-2319.8333,131.62105
-197.55682,-1155.2185,149.05751
-188.77821,-2102.8955,126.79215
19.37426,-861.6636,155.8403
-124.73044,-2529.0808,137.23076
-370.9503,-4635.0586,119.14152
4.141859,47.056557,155.89932
-243.32222,-2368.1582,128.35252
-497.3799,-5879.28,124.69089
3.2711735,-2041.8625,129.84366
-78.74995,-3235.1704,99.256035
119.445435,1468.9426,162.65227
13.943874,335.35605,152.13199
-162.34894,-2352.9187,136.08151
-205.83214,-3573.2244,135.1744
-150.5428,-2729.916,112.33576
-95.91668,-2708.304,137.00249
-16.29107,-2104.7227,149.79008
24.522078,-1701.169,133.4879
-70.342865,283.42087,159.9426
-179.1817,-4590.9546,122.665
-241.69212,-4408.8486,114.78317
-121.843,-534.8905,131.96823
-201.02374,-1761.0105,125.23709
-133.07976,-1730.1377,132.39389
19.289368,-2348.9214,124.70114
-185.65128,-2252.284,133.5063
-8.057244,137.09886,134.60706
-227.18741,-3499.0608,132.18773
-228.12843,-5596.4404,117.10256
-113.6062,-264.62442,135.7801
25.840183,516.6782,146.08177
-184.34888,-8285.029,115.80475
-262.31454,-3836.9954,119.114555
-133.2695,-2173.1365,129.57005
-278.82608,-6637.2637,118.427055
-206.92433,-3943.1604,122.241714
103.55979,-1703.6135,143.61684
-156.52023,-2578.5374,136.20593
-145.79575,-3953.0256,142.43254
68.917885,461.48224,140.20483
-357.89362,-4979.349,126.73908
-260.46765,-3094.5007,124.079956
-284.56445,-3673.3826,119.59666
-250.37404,-1893.9524,141.91263
-276.31604,-4569.314,122.777405
-99.346794,-1431.3003,127.47707
76.98459,-1772.0295,140.80923
-174.97824,-2278.0867,140.52022
-205.21675,-2146.3408,136.76707
27.804474,959.4418,145.99718
-450.47858,-6455.623,130.34862
-429.39374,-7144.843,123.15274
110.4146,74.60734,138.99657
-69.769684,-1593.5149,145.92482
-249.55797,-4202.4487,134.65373
-286.42316,-3995.3835,147.90305
-122.5399,-2093.2188,134.74513
-16.00554,-1114.8595,136.64761
-225.23193,-3489.6697,134.55348
-83.47206,-2327.5542,132.15291
-215.67535,-3970.9968,121.07608
-92.416115,-668.1179,132.9776
-174.7995,-2217.811,119.0037
-230.82755,-4725.7573,132.03476
-383.16873,-5917.0215,112.44979
-178.9787,-1893.7542,143.07703
-151.21024,-1895.1721,156.11383
-133.16002,-3372.363,134.94836
18.636753,-766.4385,143.14894
-310.5255,-4311.385,147.26506
-396.0036,-5140.033,128.5886
-147.8598,-1843.8237,133.26035
-71.67879,-2508.2744,141.85777
-102.0683,-787.942,150.72864
-117.802475,-1345.0947,150.37245
-180.42926,-2595.0813,140.07486
16.8291,-2435.5928,128.68379
-250.29552,-5134.57,117.32161
-235.7361,-4102.4204,128.6742
-155.35834,-1076.4027,141.40492
-73.72158,-2349.5166,142.16179
89.00072,-889.12317,130.93005
72.36992,238.28526,148.01031
-229.6982,-942.8367,133.97906
-381.7662,-5155.4224,101.93249
-73.956184,-541.7455,139.55103
-53.70988,-1809.323,138.0655
-118.51041,-1510.7769,124.3904
16.987185,-165.67921,154.11337
-199.93211,-2455.567,143.83745
-633.91876,-8316.883,113.96154
72.83415,-4032.3025,142.70776
-239.81557,-3993.95,128.46114
-301.34818,-4386.8354,131.41797
-81.20191,-1661.4963,139.22705
-320.67062,-3964.968,130.55264
34.76965,-554.03723,130.62532
-105.34956,-1909.6958,124.36286
-183.03667,-3530.6965,127.53923
-32.47206,-1813.7893,152.07797
-312.44562,-4368.6167,132.26166
-131.84016,-2426.8987,127.921684
-58.354664,-628.2908,147.86072
-195.51155,-1275.3567,139.74792
-163.24112,-1494.4006,120.70425
-105.5849,-135.72182,156.28828
-61.27696,-1001.78577,132.2805
-79.055695,-490.95596,135.46048
-88.721924,-1833.9265,134.41792
-83.12463,-687.40857,148.11023
-180.50671,-2881.7703,111.3004
-245.35893,-4216.653,122.99127
-471.62378,-9297.575,100.828575
-293.78754,-3974.6912,125.73589
109.08724,115.1464,139.00404
112.41833,474.77664,159.56998
-261.3308,-2547.8164,158.06558
-127.21446,-1580.9829,138.35417
-41.667885,-103.69338,176.8783
-44.021545,-311.8583,145.9073
-106.10096,-1997.9834,128.85733
-198.86351,-3296.0671,130.40347
-16.13487,1197.0459,160.52757
-271.88406,-2505.1326,129.88626
56.32038,797.6103,154.2102
-8.780698,14.829567,135.27312
-174.26134,-1784.1494,126.7405
8.573609,-561.0023,139.11288
-222.65157,-3870.6184,104.07665
-32.70265,-462.06583,149.89891
-141.52774,-701.27454,146.25607
-93.80265,-451.1017,137.01535
-172.12653,-3229.656,137.0427
131.22397,1393.0651,158.357
-109.92833,186.4702,140.15002
-222.41576,-3180.7817,161.15358
-489.6985,-5518.458,118.50103
-88.96949,-682.58374,144.57759
-374.5259,-6825.715,132.53975
-180.37146,-4065.2644,115.64892
-80.63475,-5052.362,118.96465
-399.797,-6376.578,106.482056
-9.235692,970.6272,163.82755
-219.02422,-2359.3076,145.41072
-191.22183,-2978.9333,142.18599
-196.04187,-2788.3901,140.2474
-45.00012,-2364.8123,147.10796
-416.34674,-5036.004,122.64624
-45.882004,-420.81473,137.51964
-297.28043,-5847.1753,114.45928
96.519066,-1091.7698,129.50197
-308.71356,-2823.6838,132.43372
-166.4332,-2597.979,141.92467
-283.06937,-2667.4485,150.17592
-251.09016,-2781.1863,131.06384
-28.820524,317.6412,171.07416
-210.11156,-2778.3237,125.50788
-30.588678,839.7993,152.09401
-136.19046,-2032.0886,129.18604
92.24992,191.08916,148.24542
-21.680357,129.83177,155.24562
-322.79575,-4167.5513,122.01328
-216.59131,-3383.8381,139.7632
-60.657383,-2498.238,145.53271
-140.34785,-3488.01,124.56332
-214.80084,-3279.64,104.363304
-285.62708,-4685.592,134.92372
-268.16467,-5312.3306,102.284164
-259.15826,-3888.5798,143.60834
-112.59926,-721.43225,154.3432
-164.51302,-2593.9202,146.28731
-45.425728,-587.5227,162.40486
-15.677781,578.1397,158.95319
-453.63684,-7640.8306,97.929535
-124.18994,-3985.8547,133.9658
-72.80355,-1140.4072,148.14853
21.49503,-657.6472,131.75642
-29.550016,-1374.1589,123.28728
-48.8483,-922.7428,143.36737
-190.14941,-2689.5369,123.74238
-59.750393,-1436.2407,138.62027
-38.364563,94.71177,149.47418
-73.65451,-462.9103,153.8846
-444.9334,-7374.103,125.89252
-245.67711,-3434.5413,124.77045
-332.69437,-4288.1113,149.25679
-91.75174,-551.0039,154.02617
-296.75922,-5309.5693,113.25815
-394.14902,-6138.51,111.67713
-201.70123,-4072.0085,137.2196
-381.42545,-4887.2246,118.604774
-45.794075,-1428.6943,142.97371
-121.63541,-2570.4495,139.59396
-365.24557,-7122.0737,103.79092
-157.56825,-1889.6431,144.02823
-320.8514,-3566.198,132.86598
-53.0053,-2879.7097,124.78344
-418.03036,-6218.6255,125.10345
-58.40852,-1458.135,131.65651
75.61042,554.18115,142.06471
69.54844,275.06888,143.25108
-287.7346,-2635.7192,147.47508
-43.79476,-2469.3586,138.68983
-257.89835,-4698.73,138.01758
-239.34912,-3250.6506,121.091156
-102.39128,-3339.5378,145.48123
5.3658857,214.83104,137.01233
-219.32274,-1602.0615,137.56209
-205.89444,-2394.2568,136.14879
-7.4154673,-3.785606,163.58588
11.771607,97.241554,136.12001
-304.8617,-4892.653,135.44432
-270.70087,-4217.1514,118.38669
-326.60492,-3766.407,120.74821
-52.28275,-4196.0034,120.083855
62.037193,113.50907,149.99858
62.17863,613.338,130.70036
-57.55222,-955.9535,126.338455
-24.282156,-2019.5125,116.44837
-330.72968,-3272.2473,138.30763
-72.9871,-1047.8116,142.91284
-134.29321,-2934.7332,136.2723
-86.94804,-4955.695,134.69785
54.604473,237.3911,140.20242
-239.53493,-4021.1013,120.33908
-106.655426,-895.8447,145.5177
-312.92438,-5942.2393,113.035545
-288.33606,-6312.866,133.92886
-71.276245,-1743.447,136.99869
-107.185555,-557.85864,161.47899
-104.63137,-1462.9336,124.1144
-196.752,-4487.2383,122.87909
27.194124,-868.0288,150.9012
-237.1114,-2367.7207,134.73997
-121.54666,-593.57434,159.80946
67.64349,680.549,125.745865
-42.90861,-1073.2858,127.51045
81.65667,1308.5128,154.1833
-211.88167,-1770.5017,142.0863
-188.82195,-2532.4597,127.09159
-326.16925,-2544.8958,142.73064
-290.3783,-2607.0818,139.02481
25.388296,-130.22725,145.71013
-40.25657,-248.16884,147.4656
-11.569011,-653.6089,117.855965
38.853657,-1411.123,139.35756
-282.21655,-2979.471,168.95238
-81.66283,-868.18567,140.3736
-86.73907,-3080.031,134.65317
-50.19766,-198.41481,151.58113
-195.47696,-2414.0105,115.41957
-407.47916,-5880.1855,123.92585
-216.90118,-3443.406,130.72884
-206.5465,-2058.1594,134.6721
-108.31602,-1688.6953,128.674
78.43555,-1012.5868,133.48227
-268.3183,-4080.3494,127.69374
-117.971405,-2114.009,128.13953
-84.109,-544.8031,147.68822
-57.36556,-346.18643,160.5177
-313.70184,-3227.0242,130.91307
87.960915,837.06836,159.7958
166.42358,1931.9539,154.91298
-194.36365,-2294.235,143.87193
-80.684395,-832.069,137.2688
-115.8578,-2441.1165,126.741806
-233.68289,-4548.461,134.2133
-14.408185,-247.35255,151.9273
-129.04333,-1462.3232,162.73495
-155.26088,-422.16104,164.61014
-5.494172,-1057.8286,131.48117
-307.2689,-6188.2983,121.73436
-186.94548,-4547.384,113.63437
-41.364304,-2083.9543,144.8391
-97.71529,16.267372,151.3048
57.003372,122.0698,135.58846
1.5318947,-296.52347,135.98761
71.80175,-928.81995,146.43756
-136.8218,-2955.6023,108.845345
-70.90307,103.30204,142.44496
-232.62247,-4514.251,110.05912
-84.27135,-2044.6101,126.81552
-71.24316,-628.62646,142.50874
-97.83653,-1459.1362,137.29295
-203.15623,-3070.057,146.09557
-351.0511,-4684.083,112.246445
-389.0722,-4677.1226,148.99622
-344.7569,-5494.775,120.3652
-188.0991,-1821.6338,139.69131
-334.7422,-5133.235,137.88838
-476.97232,-6412.4023,106.51023
-110.19213,-1263.8389,151.41072
-338.57748,-5439.3545,116.36553
-325.06555,-3781.869,130.36203
-79.70465,-829.8358,128.92236
-335.37473,-5850.7925,130.06743
-234.63985,-2600.9343,128.16634
-119.5284,-1953.9727,154.6197
144.9814,594.7882,136.72958
-305.21878,-7308.4062,105.21779
-361.11615,-6494.001,124.73827
-19.38732,-154.16933,131.67842
-67.35682,-990.17053,155.57324
-110.54062,-2499.1353,118.56911
-309.48154,-3297.9998,120.09954
-116.407196,-1289.8386,144.91289
-37.946632,-1747.9106,124.62741
-31.144747,47.70713,147.04208
-178.81807,-4468.9224,143.38625
0.773469,-1804.3552,124.90168
-158.3018,-2135.5178,122.101204
-42.260715,-3450.472,136.24474
62.827667,1050.7516,144.38902
-208.60728,-1227.0798,161.03447
-83.96977,-2615.0298,144.62408
-101.84975,-2292.29,115.46402
-29.539629,108.09458,151.28726
97.149574,771.7593,133.51405
-60.34006,318.57236,139.58081
-107.61203,-2772.1362,132.85797
-243.29683,-4277.321,154.94218
-196.11086,-2443.826,134.35202
40.35218,-999.41235,129.34862
-48.848797,-671.942,122.99636
-109.3314,-1556.8445,162.82135
-59.303104,90.980934,163.87581
20.97118,539.4617,151.54115
-358.60062,-4261.53,130.60924
-107.66532,-2378.0034,108.10618
-181.03854,-2680.9272,134.80557
-106.30847,-1147.461,129.04082
-19.419718,-675.79224,141.39772
69.31234,649.0045,139.67636
4.6002197,-400.8223,143.02788
-273.63168,-4024.193,116.03959
-160.25632,-1109.2526,150.57744
-209.5135,-2291.8013,131.80075
24.179075,537.0121,143.29362
-202.10516,-1940.1636,149.24767
-212.53067,-6138.054,123.16043
152.12047,-1736.8062,134.43266
-111.89876,-587.4581,157.09433
53.79979,-476.78458,123.40697
-372.41092,-5368.6987,163.50388
-211.44508,-3910.2751,127.38575
-178.71005,-1529.6375,163.52463
-293.04285,-4503.8057,142.21234
-71.48479,-2411.4973,135.49031
-352.44806,-3417.8,135.45345
-121.94627,-2153.494,119.107124
-231.35522,-2960.7236,132.01642
-328.2987,-5068.3735,112.94549
-121.76213,-1830.8772,144.34056
-245.38231,-3145.6943,130.8592
70.90421,-606.8251,145.45766
-39.13793,-256.04947,170.28783
-339.7555,-3197.6445,135.47635
-36.731804,-3472.8757,123.17821
155.86229,46.523293,147.74365
-297.2655,-2908.42,153.32994
-108.67567,-1952.564,137.5314
-183.64781,-1990.2622,119.11903
-283.5092,-3653.0256,120.18309
53.37753,-66.494225,145.98299
-379.66956,-4846.796,136.91838
-120.1425,-1355.1104,131.85068
-211.20108,-3636.1438,149.7209
-243.9977,-1867.5317,146.63113
-173.34897,-3656.4714,149.9352
-175.1083,-1205.2166,149.8937
-67.27781,-1625.2954,144.82068
43.393967,-1308.885,147.67638
-132.62077,-1770.9338,142.08939
5.41111,-259.17337,153.86475
-112.559525,-1726.126,124.10612
-96.489265,-909.00903,143.19226
-182.3803,-1292.1235,154.71063
-155.65308,-3088.4358,122.11807
-62.7885,-1641.167,164.73679
-124.88818,-2969.6416,132.23746
-214.00453,-2578.045,128.29729
44.31189,-615.21436,154.89868
-20.867956,-827.3618,140.75719
-32.267998,-1197.217,138.51573
-77.02691,-841.7721,144.7213
-254.62602,-2544.442,137.55122
-121.90097,-3631.4783,113.93908
9.035517,406.5073,166.04512
-522.18,-6421.6445,114.24918
71.03795,-1197.665,127.06232
-71.239716,-2951.7651,120.036095
-19.883337,490.3076,159.21165
-25.715075,-1340.7073,135.23907
-254.20912,-3440.8806,120.77695
-59.39372,-621.792,140.25888
-629.7109,-8916.722,137.096
-28.954348,-4127.593,123.03848
-421.24542,-5841.3306,112.43421
-167.9323,-1848.1814,171.37755
-52.276684,-1089.1047,129.21964
30.962078,-201.26942,159.86397
23.60313,392.80313,129.68297
41.93443,-1292.638,136.25671
-191.68349,-2948.0393,109.41981
-11.489284,920.2842,155.33275
-192.6742,-4091.989,122.85413
-120.30951,-2059.7605,147.746
-227.34598,-5186.4863,117.2611
20.349598,-1736.7991,135.68274
-142.35693,-1704.4678,146.6382
250.26015,416.2012,150.92914
-149.58644,-3514.8826,133.02023
-396.2637,-4905.78,124.54872
-212.2874,-3687.4846,124.6032
-305.94336,-5654.2705,126.19143
-53.706142,-1435.252,135.53767
129.80847,-1.7539898,144.90259
-216.12775,-3348.0266,130.54814
-22.781275,-354.64224,147.30164
31.1031,-795.6968,136.04074
130.94249,1251.3817,139.77206
-381.64102,-6306.18,124.80452
-85.31755,-1317.8901,126.780174
-250.36021,-3664.8591,139.89517
-24.316114,-3452.7444,132.96367
-207.10352,-3654.578,136.47287
-62.252254,-1768.5203,131.7605
129.95993,20.613503,149.44775
-417.73843,-6590.1943,120.16569
-438.21927,-6150.2266,132.61958
-74.76235,-1278.1152,143.17354
52.39255,74.53147,142.253
-269.343,-2808.0457,133.0778
57.834003,511.60654,146.73053
-82.82509,-2984.7534,133.45197
-351.44122,-5512.534,118.33723
-209.05087,-5032.72,122.27173
-73.97888,-1719.4954,133.35153
-3.3971052,-1588.7373,140.29536
-90.90075,-339.57266,148.41849
-123.10451,-4799.5186,134.10481
-163.00009,-1687.1172,127.89793
-7.4837465,-298.4423,126.73785
-150.39647,-899.1986,135.69609
-77.04775,249.74101,137.80623
185.87158,1250.2029,156.0794
36.973034,-993.86646,135.87936
-218.79056,-3785.3,132.0662
-290.44315,-2928.6401,133.56508
-71.70627,-1396.0845,133.63493
-79.43075,-883.49695,135.07744
-33.19485,-183.52174,145.88347
-146.49496,-2370.3792,132.98366
-251.80913,-3120.7202,156.75816
-351.26028,-4606.37,122.22131
-76.073326,-2424.9614,135.3006
-508.8162,-6011.6304,124.077354
-201.59991,-2977.446,136.04633
-363.8526,-4649.203,133.09119
25.044317,-1904.6697,141.07623
-140.9215,-2691.528,113.746864
3.90174,593.2979,135.46881
-44.61718,-915.2323,137.16928
-103.15457,-3309.4084,151.80838
-231.32764,-2643.8298,151.5858
-218.04388,-2974.03,134.39781
-228.98796,-4401.3486,94.353264
-68.69408,133.43303,124.719475
-220.02313,-2493.1885,139.02731
-354.64774,-4440.4805,116.79062
-106.0813,321.95023,144.93088
-134.20772,-2856.6797,129.20139
-84.11615,-1875.613,156.40298
-95.38655,-2360.9597,145.23524
-411.4996,-6460.7964,126.82695
-81.11008,-1401.7708,141.26164
-37.3351,-442.87723,148.30994
-231.93565,-3677.6614,143.01447
-128.1462,-1473.146,168.90393
-537.14417,-7159.8657,140.3596
194.49814,662.67676,152.53856
40.70811,-1618.1604,147.96077
27.087599,650.38293,145.39378
-113.53345,-1818.2771,132.59515
-299.33594,-4989.729,131.74599
17.29053,-895.251,116.1368
-194.44044,-1604.6079,152.66968
-195.37012,-2552.0403,149.02542
-60.94591,-684.87915,128.28363
-8.57414,-357.75833,174.83154
-49.900173,-663.1411,125.85836
-439.71094,-6159.6265,123.28458
-61.317135,-1794.6147,133.698
-341.52618,-4379.503,140.58044
-267.05365,-2857.8289,125.60484
-171.11836,-852.3485,151.22498
16.55375,973.9842,156.89722
-422.9223,-4695.4575,133.12186
-51.76974,-1100.909,141.33794
-160.52554,-6003.2266,122.790596
11.347223,-890.0737,132.78595
-215.58846,-4496.9863,118.43591
37.16298,763.6155,165.67723
-427.65094,-5873.013,147.17278
-15.225923,642.8569,162.5145
-69.07113,-2650.0232,109.38143
-187.31187,-1513.561,128.90715
-510.26614,-7397.4175,133.33261
-166.98701,-376.68582,145.03519
-141.03578,-2106.9697,131.74025
-117.131805,-1349.439,155.58104
-346.59314,-4672.0815,125.73064
-534.5139,-4950.3643,120.54562
-177.32787,-3993.258,120.06843
-330.62488,-4029.9714,128.49976
-296.87735,-2175.4841,142.74663
-3.448144,-2691.9692,127.458855
-93.16845,-2267.152,114.3759
93.45594,537.3693,134.1247
-199.55098,-2951.4546,154.21698
-48.815037,-1650.0623,143.82486
11.759329,559.192,175.97289
-296.99338,-3798.1414,131.36703
-8.127324,-672.4436,148.05098
-38.367676,-1125.1447,137.7944
-302.0758,-3754.3914,131.11702
-134.23729,-2802.6265,140.5057
-101.48245,41.074196,138.07431
-142.0519,-2723.29,121.222176
-290.44788,-3067.8635,111.790405
-279.4755,-2676.0972,115.92168
-246.7852,-2692.2678,118.17697
-50.374622,-1877.5112,123.28967
-85.93005,-4422.9185,131.1289
-308.01157,-3834.8577,122.57197
-204.23976,-2482.673,132.83604
-324.87296,-5047.6167,102.934906
-272.17783,-2664.4758,143.98225
-232.09514,-3663.2693,128.2636
93.79815,-447.9362,147.27771
72.206635,-1386.9414,150.9497
-318.7619,-3621.1565,128.88646
109.23403,600.7168,156.4216
-227.49228,-4886.2485,108.47144
-306.8155,-4653.3457,122.01492
83.43504,-709.0134,129.96898
-387.74936,-4160.7856,130.21497
-193.12654,-2170.3845,143.56964
-107.90378,-2488.2078,120.63781
-215.96344,-3063.718,132.99942
-53.34084,-103.47787,148.72404
-4.445079,364.76474,138.77913
-334.62857,-3803.989,139.2223
-62.840374,-608.2655,148.49425
-99.95943,-2191.0635,134.72182
-126.34401,-2577.612,134.25363
-363.55286,-5287.563,129.0066
82.004135,1459.9475,154.69185
70.74476,903.91125,142.95024
-111.32431,-2344.2346,138.73492
81.04204,-680.6488,128.30688
-152.34113,-679.7788,148.16428
-104.54216,-4346.956,112.11209
76.21346,-169.12892,145.6997
-342.63663,-6241.9414,122.54147
31.087826,-138.0757,138.10602
-37.97899,-655.94714,147.99968
-74.24607,-3679.3777,125.17103
-134.47049,-3682.2004,108.98511
-20.032293,-25.211876,144.11256
-31.2964,-1736.1487,110.65472
-248.08449,-1810.7156,152.31439
-195.3368,-4554.034,131.48607
-128.99161,-1528.8262,131.35863
-50.737896,-3645.6135,125.047264
-61.900227,-1525.3708,131.96613
-42.9097,-1898.1506,129.6307
-483.9487,-6503.7246,125.70954
-52.514454,-823.21826,150.64006
51.202557,-226.21681,142.5411
-61.335087,-4841.4272,108.286644
-69.11943,-786.3937,138.70724
12.5819435,-800.5071,145.9448
-172.53186,-2794.3513,151.2144
-251.29002,-3934.5999,128.39464
-419.34964,-8072.2466,106.669815
2.4133368,-23.716026,136.80153
34.284702,-1628.009,131.86948
-70.19481,-803.8966,152.81793
-293.70126,-5290.6836,135.77594
-329.058,-6514.816,105.35463
-369.8028,-5863.389,144.70427
-473.43622,-6213.585,101.98559
84.00341,2608.4983,159.4689
-240.96352,-4360.008,112.76014
-293.00912,-4956.93,124.95701
-205.78365,-6639.608,118.783226
-195.8374,-3453.3196,137.01767
-150.11977,-1858.1521,150.01733
-357.5147,-7520.4243,115.11324
1.3544264,-468.61185,121.91236
-317.7101,-4224.292,149.39282
-355.10562,-5801.777,112.032875
54.068714,-882.8689,114.38667
-303.79083,-3890.7048,122.4298
85.2837,-633.75964,142.62349
-14.118068,-39.46334,133.25735
-172.7148,-2857.1304,132.49313
-68.44382,-728.55286,137.8094
-169.9171,-1892.6731,168.35773
116.72024,-609.82983,127.44138
-84.95117,-339.36465,127.676445
-147.09032,-2646.013,130.10585
-86.246025,-1982.0906,139.92334
-15.172177,-1021.87695,125.585915
-359.69565,-4687.4976,138.26526
-178.02443,-4826.3193,109.1579
-231.9898,-2833.3782,119.118904
-728.4379,-10174.911,81.13162
-85.5327,-456.52225,144.49786
-379.79895,-6000.0137,114.63987
-375.56256,-5083.1084,133.92157
156.96584,-246.10036,129.52312
-205.0475,-3138.2976,136.69025
-31.875612,-1483.3105,137.1119
-194.52832,-2581.8489,135.7033
-195.47891,-3381.321,137.09592
95.605606,24.111855,166.19449
-6.0587416,-332.30508,120.933624
135.87903,694.6036,143.77608
-373.5588,-5768.3555,101.67171
-391.7067,-6272.568,121.90332
79.30657,1135.2782,148.28824
-50.30602,-595.3093,149.2961
-243.53706,-6317.4873,131.59514
-262.84985,-4445.3867,119.067
-182.49614,-2488.3765,125.3812
-139.94286,-1406.3115,128.41263
-1.0919867,-2851.303,134.75844
-248.73299,-2996.231,139.31465
-228.4728,-3565.5588,139.06679
-15.478944,-451.03604,127.33246
-216.1493,-3158.945,109.4006
-521.9428,-7755.7915,126.577866
4.5477295,-679.5674,142.24268
-57.50314,-161.82625,179.16638
-228.26822,-4590.282,120.367714
-11.243058,245.71935,131.12987
-56.20741,-73.80453,144.29254
-137.74352,-1123.4521,152.78766
-416.25385,-4551.931,138.81714
-310.9762,-4910.6772,117.563194
81.45875,-307.9291,132.41998
-101.43968,-1333.6934,143.41937
-252.70207,-3393.6091,116.018715
-129.11446,-1566.7854,147.13936
-220.15924,-2061.8274,135.46367
-34.461617,-683.8729,142.92169
-178.79001,-4270.175,111.75823
-138.89772,-2251.6914,146.14755
-36.96572,-628.12024,178.97844
-23.802965,404.28107,137.8803
-133.34444,-4053.6975,134.37166
-11.838941,-998.24634,134.80888
-161.34367,-991.89,133.9713
-17.50545,257.44308,143.53305
-100.00056,-3953.1267,135.33928
88.272316,972.3565,146.92015
21.613848,-352.9595,155.57188
-182.86212,-2954.2961,127.085045
-693.19464,-9500.961,100.09311
-309.22787,-4444.1113,122.30548
-134.05838,-1305.0049,135.46996
-48.76961,248.87749,137.9779
12.069526,-157.90211,151.83571
-50.72701,-294.86563,138.98636
-190.64606,-3108.5654,138.84077
-59.71664,-947.0626,158.68375
-92.65676,-2677.2434,139.16878
-102.60823,-1046.2764,181.99045
46.957413,805.77014,145.39568
-65.27881,-524.9121,143.26036
-492.85452,-6842.7803,114.43635
-71.46573,-1091.537,133.41797
98.83882,-702.05676,131.1821
-101.90501,-2071.4192,153.80266
-114.80664,-1294.9746,150.16583
-436.83655,-5411.9795,143.38152
-232.48273,-3070.9497,105.3613
-93.19514,-1757.0366,149.65063
-106.42348,-1827.9626,130.17952
-63.77544,-3423.8943,134.22757
16.133465,-1586.6919,145.58841
-362.49142,-4336.607,125.61509
-22.551992,-5009.8794,126.218864
-143.59378,-3426.7253,133.4848
-204.12112,-3431.118,131.78654
-109.79714,-2819.5889,142.60661
-189.4488,-2563.1597,128.62796
-409.38144,-4713.411,120.98684
-333.3075,-3295.0002,147.45065
1.6366625,213.02159,155.74516
-53.449062,-736.4922,141.17899
114.22673,1352.6772,165.44032
-33.67727,-84.81118,142.75914
-270.0837,-3168.5964,132.18025
-212.27951,-2963.407,128.70697
-412.7374,-5791.7725,144.3554
-43.818787,-721.33105,152.56624
-97.85213,-3945.9348,110.692726
3.6053905,0.05088079,129.4222
-199.2042,-4228.7725,100.33758
5.9947643,620.0391,154.59346
-233.94618,-3086.8904,129.65866
-6.7782946,-1623.501,143.60307
-37.431946,-597.05676,120.84421
-232.60567,-2807.7993,111.80795
87.867935,-809.5747,134.10661
-48.709637,-1063.7152,133.98833
-370.9352,-5564.709,137.15697
-96.67009,-2402.86,122.84867
-236.87277,-2640.036,134.39912
-78.37044,-1066.5721,153.74261
-62.68545,-3000.4065,136.32285
38.711967,804.4087,167.65596
-493.16022,-5190.5186,118.81106
-186.1115,-2361.2668,119.454056
83.671646,662.5662,127.99007
-3.4310484,-511.39114,137.72552
-193.1437,-2150.7559,130.19958
-55.079624,-4.240623,181.1053
2.718031,-2865.5347,126.785904
-246.84074,-4488.2344,119.45787
-267.52216,-5528.3125,111.94967
-45.502403,-1662.2913,123.50866
29.799417,-3284.222,119.90519
-175.66588,-2472.0906,140.75403
-115.75191,-741.3843,153.15593
-158.14691,-1566.1543,151.21762
-488.91205,-5864.811,131.49352
-204.77153,-2601.6187,148.82457
-75.67509,-624.261,171.48073
-51.356792,453.4208,143.80505
108.59983,699.7455,154.75267
-75.68582,-5560.31,134.62766
76.34473,353.99094,157.8094
-120.18262,-1471.1345,155.1305
-68.54828,-1470.6868,152.53601
-105.02953,-1301.3008,148.44214
98.83708,487.20978,155.9858
-116.65752,-1226.896,144.35304
-334.814,-4916.092,136.67802
-84.27827,-2790.1692,127.00576
-210.93465,-2505.4526,146.27698
-101.832954,-1162.404,133.08272
28.305601,460.5528,137.77037
-167.07793,-2050.1555,137.47223
71.418,-2611.5728,115.041115
-8.096034,-651.4053,146.43582
33.772194,-1191.501,139.01956
-383.6236,-4463.8315,125.795685
-282.44547,-5806.7183,99.42387
-139.84967,-2138.4607,150.09851
-219.4369,-2081.8315,152.41893
67.837456,83.4423,135.70357
170.09898,1630.9437,164.06134
-45.46211,-1041.6381,140.96492
-151.10529,-1916.4392,157.32751
48.64461,1082.4307,161.52943
-138.14246,-3515.6536,117.92299
-6.1085367,-4776.8667,98.05286
-123.42244,-1113.3342,150.94289
126.59758,573.7178,146.01202
-122.76979,-1812.5593,130.91156
-35.43832,424.3507,142.8643
-290.85706,-2908.969,135.42944
-350.59753,-5101.218,113.39536
-246.12614,-2613.7007,126.88979
-50.175747,-1039.0452,143.42314
-238.98776,-5649.386,134.35008
-423.57413,-7336.61,116.457054
-233.37209,-2198.85,140.64763
-35.415947,-1740.8289,158.66483
-5.981084,153.35191,154.62381
5.2014713,325.43484,146.67938
-58.84846,-2618.2332,131.51457
71.17158,-1742.969,147.28075
-137.09013,-986.13184,134.38087
-96.039795,-2595.7522,137.24829
-367.1195,-3711.4036,120.99608
9.690294,-469.76944,145.71568
-66.331955,369.9845,148.64732
-215.85324,-5165.1167,128.57399
-220.04657,-3284.3953,135.62064
-4.235919,280.76498,143.30777
-254.11247,-2925.1772,146.74258
-341.78345,-6079.7295,120.95419
81.26633,181.34996,145.49075
-84.474236,51.006447,138.82101
-389.66183,-5052.4346,110.90851
-50.306698,-706.0348,136.63612
-338.10803,-4834.3384,136.89673
36.433666,-395.41385,124.10504
-117.63791,-990.19385,182.55066
-43.16184,-1259.4126,129.36566
163.6918,627.50555,145.48042
-57.320347,-2362.6628,127.48628
-161.73526,-3296.89,120.85015
-131.76152,-2473.867,136.81065
-178.94116,-2522.0923,135.23099
61.930035,-530.0984,151.1455
-111.04502,-1295.9014,161.38474
-119.74896,-1655.0886,123.45364
34.276127,-602.48,143.17662
-92.13535,-556.7295,154.7424
-81.713165,-2377.1409,116.386246
-341.83847,-5012.0776,133.1508
74.25019,-387.76346,152.70906
-172.23044,-3759.0002,139.96304
-255.3944,-4973.949,123.69393
196.14015,1941.8778,176.58452
-282.66153,-3895.8386,155.37506
-345.5783,-5107.675,119.12915
-269.68402,-3973.8938,132.84485
-222.67056,-4448.4136,127.48255
-372.85678,-6322.287,120.11726
-276.43195,-5238.406,134.2495
-159.5399,-4001.632,139.73737
-173.9172,-1890.6545,156.64505
-50.45178,238.62901,152.22978
-102.28908,-778.1129,131.0119
-157.552,-3618.0212,109.96571
39.954853,-81.612206,150.45825
-280.48874,-3387.39,138.33627
-117.41814,-1837.1365,129.88034
-226.58937,-3686.1292,131.56647
-352.44397,-5666.594,118.454834
-276.2047,-4976.314,111.31108
-259.35797,-2251.2224,129.7753
-89.93833,-439.79678,168.19887
-140.77138,-1876.3027,131.62602
-292.44366,-4451.2573,131.70529
-16.422716,200.88548,153.59761
-14.510226,-1470.0542,142.41241
-156.59705,-4414.1455,131.79343
-194.73672,-1440.1951,148.43825
-167.02504,-612.05676,139.51404
-484.2584,-7042.292,115.39468
55.599407,-1170.096,138.08331
-91.984474,-1074.6414,140.13298
12.4456415,-525.0133,132.67715
127.95737,-1649.7917,134.04138
-282.55032,-3614.7097,120.59309
81.88472,-801.9238,122.16378
-250.91869,-3751.2136,138.77917
-31.798346,-1087.8326,124.26757
-115.63724,-1985.5317,165.98988
-166.8393,-1043.3591,162.1787
-145.59013,-4017.449,145.20418
-52.752277,-243.51003,149.99965
-377.30923,-4989.5596,144.38785
-50.193455,-925.1046,126.44826
-243.6545,-2751.2542,124.83393
-314.85556,-4358.0625,138.38559
86.4721,202.18797,158.77576
-300.36627,-3494.9338,130.34657
-232.09267,-2263.7705,140.15498
-160.24593,-2825.7458,120.35799
-153.76338,-2110.873,146.32695
-2.9839869,-2103.574,135.03886
32.421047,-1113.6123,143.84236
-72.45874,-1390.6431,128.75871
-149.10701,-488.16714,155.26897
-72.84712,-10.929344,150.49864
9.668481,-916.3373,148.33415
-155.87985,-2717.0188,130.44557
-296.64252,-4867.548,124.216385
-323.28143,-3791.3772,124.70211
-565.5107,-6191.1436,134.43806
-89.49924,-2678.9458,130.78821
-120.26846,-4856.3125,125.4969
-310.02316,-5287.3086,112.55387
-74.13931,-604.1095,139.857
-218.00005,-1853.4155,133.29971
-323.16467,-4398.402,141.6193
-123.517426,-450.50443,154.30908
-176.94376,-1525.6938,144.99951
221.86766,2297.9912,165.27826
-50.713245,-710.9033,136.99516
-78.824005,-2643.9863,164.1841
-220.97928,-2934.6877,141.5183
-241.48195,-3505.9968,136.21179
84.370155,1276.9825,168.06406
-321.30008,-4103.5894,139.78601
-386.21985,-3834.7175,122.483986
-195.98633,-4718.0312,118.900566
150.80086,-370.63553,136.24825
-62.387142,-1499.7864,135.18022
-274.67178,-4433.469,122.96407
-160.592,-2347.591,136.60931
-125.65105,-3395.2683,136.59251
-236.5821,-2120.892,137.97673
-130.0357,-2769.8647,148.67409
-303.38623,-3552.5447,121.85853
-718.1191,-10815.974,115.28153
-31.576849,-865.4618,150.5499
-144.67293,-1863.4521,138.35132
-259.9549,-4956.3687,111.89877
53.091076,550.0915,140.88353
-14.911412,-11.659691,142.83636
-65.121315,-310.99747,155.94551
-163.18683,-1763.7957,149.99226
-316.51126,-6108.344,140.18665
58.372677,842.02606,160.80583
-238.3314,-4010.659,121.90271
-134.36528,-4643.549,150.46014
-64.69266,-3130.6733,132.73561
-146.21829,-1753.9714,131.07857
-7.110667,-1040.1539,151.0852
71.39154,560.06146,144.73361
-331.64175,-5355.928,109.63934
-224.29872,-3872.278,131.43561
-206.22507,-1982.0789,150.4363
-191.13284,-3135.6199,129.25043
-24.732874,-2314.2212,107.984344
-442.71066,-6082.955,140.17169
-379.62622,-4867.0605,104.028
-112.28276,-1888.71,124.53974
-89.048004,-1564.4114,146.63208
124.33373,169.9887,155.5042
-61.12373,-662.871,149.12836
-310.92566,-4529.0264,111.829025
-53.675816,-970.50183,133.77776
-151.12897,-1183.9685,160.56642
95.94348,-851.7383,131.20154
165.18367,1446.0349,155.30725
-271.7873,-5882.9536,115.96373
-377.8488,-6250.9043,127.63662
-283.58514,-4695.6562,133.11848
-213.50687,-5195.0195,96.2962
-93.67649,-1407.2234,127.07748
-160.91466,-1762.9363,164.11377
62.19014,511.61377,155.5513
-202.91257,-2126.5835,124.75246
104.98396,-1593.1152,155.81207
-355.72122,-3857.4802,116.51579
-286.70175,-4402.801,119.15189
-38.578556,-2115.018,131.6105
-136.31422,-3471.0251,125.17015
-112.078125,-1804.4788,128.79677
22.08635,-1391.7415,141.72693
-180.06218,-3658.408,116.93581
32.198257,1385.652,185.63673
-283.86826,-3671.301,144.3881
-138.6672,-1013.5685,137.77231
-179.32292,-3113.966,128.61443
-278.78632,-4154.3315,134.7135
-191.56102,-4069.9417,122.48069
-113.499374,-2049.7605,126.30461
-58.26485,-221.31471,140.62973
-173.93152,-1642.7805,111.11648
-317.61496,-3512.743,139.0065
10.242525,208.86516,136.43704
-214.27856,-1191.5117,156.00494
-47.021584,-555.0769,134.62651
-86.38024,-2295.2295,137.74481
96.54251,870.3263,150.06445
25.925978,1135.7522,155.4328
36.153667,-747.9197,176.33777
26.545324,-173.26173,138.55875
-288.69543,-3859.8137,130.32516
6.474577,1305.5183,164.60558
-173.88826,-1453.7466,128.7923
113.94926,391.9683,165.99127
-257.70743,-4310.124,128.00204
-253.68217,-2276.3513,129.81572
-265.8571,-4682.8184,125.07757
-274.26196,-3726.8958,147.63
-314.00998,-3979.3245,105.42025
47.007065,-21.012169,161.64165
-15.233628,1315.9174,151.77193
-174.48383,-3225.6929,129.86766
-246.28502,-2059.7751,141.047
-366.65622,-4733.4727,115.9302
-460.21396,-8341.191,114.43297
-33.907322,-336.79324,165.67773
-82.20124,142.11797,158.6067
-74.91646,-679.4136,147.79515
-219.87495,-4367.203,131.49954
-283.6142,-3885.264,143.0495
47.42004,-184.26576,138.13979
-344.99533,-4267.456,119.844666
-221.14214,-4108.868,124.40662
-242.83195,-4157.087,148.04997
-104.13941,-2077.5657,132.3327
-215.82738,-4197.406,132.8715
-274.00397,-4062.2058,145.09866
-191.43394,-5418.5967,137.56477
-127.767105,-1200.9058,151.37083
-91.380325,-1910.0417,141.96404
-198.44037,-2133.1775,130.84805
-139.13013,-1258.0835,135.29614
-1.0976706,272.9388,131.1543
-174.58083,-3036.4634,128.63089
-196.75777,-3950.4094,140.78316
-268.13632,-4290.1196,132.89417
17.80116,-996.02,141.83333
-74.89626,-2566.4338,131.63818
-168.90884,-1930.218,136.06963
-104.425804,-1974.5942,132.80254
4.752942,-731.1902,146.89594
-406.54324,-3873.8865,145.72023
-378.79166,-4926.818,144.07779
-255.49623,-3485.6418,143.67053
-99.9394,-1729.0459,145.23532
-365.67297,-5724.6484,127.85184
25.17492,199.91356,146.0649
-336.93225,-3653.578,129.60805
-40.349777,164.64946,140.16597
-93.29616,-1467.407,123.641846
-89.70342,-1830.78,142.01866
68.85418,1336.0114,136.17064
30.587921,266.37045,139.27798
10.034516,679.95013,150.02235
-49.87573,-616.06494,162.3586
-472.59137,-6207.4585,119.46485
-110.91261,-1564.0735,134.54295
-645.7954,-10050.899,129.626
-74.85688,-674.4453,150.52264
-84.746376,-1059.9155,128.14473
-118.65436,-2232.203,110.70054
-215.34523,-2937.9895,134.04915
-167.61606,-2738.6394,127.935196
-206.35689,-3506.8953,158.05336
-98.57566,-1330.8386,161.12871
11.375925,-1215.4792,142.13701
-55.20151,-3806.1653,127.620026
-17.955893,136.03172,144.00696
-495.56314,-5554.044,147.93025
-20.481234,-1389.5049,145.9371
-28.433332,-1303.0679,152.74693
-172.35829,-2466.4814,135.61998
-229.17998,-3984.489,147.33672
-117.41312,-2445.339,129.94844
-272.84998,-5378.5537,143.02423
-566.0519,-7383.2583,118.54728
-62.44277,-1015.05884,134.30405
-112.673096,-402.32388,143.24402
-60.161083,-680.0397,158.60652
-534.0621,-5824.6206,126.9816
-432.24356,-5536.877,129.46442
-155.39072,-2977.6597,126.158714
-114.57495,-3292.8787,140.85431
-242.76991,-5870.124,114.72614
-161.27045,-3636.7986,122.02127
-332.54645,-3453.2795,137.86617
-391.31107,-6829.605,117.11001
45.421528,557.839,143.53825
-478.62598,-5209.3164,156.91347
-164.0329,-2376.724,122.32124
-11.642497,-1276.2854,136.47595
-157.57422,-1419.9343,130.42906
-19.980825,169.23631,148.54333
38.48816,83.47129,153.81595
-214.17824,-3433.6292,128.98953
-169.87553,-1782.1433,131.18053
-296.44882,-4087.988,110.239334
-40.457256,-235.10133,132.28815
-580.60803,-7075.4688,112.50431
-129.22427,-2801.3088,139.1589
43.686653,-454.98672,149.58801
-547.0564,-7214.1963,125.191574
-1.7796373,-2159.194,123.881744
15.943388,-458.01334,139.47044
-309.11008,-2515.2988,126.82414
-240.6103,-4356.4326,125.110695
-197.0786,-4653.658,112.29784
-172.03305,-2618.5625,137.75
-300.49658,-3951.259,122.21327
-47.66525,-2525.3013,139.70093
-404.22495,-5009.5957,147.18008
-79.73757,-52.460045,151.98743
-39.485065,-1192.7839,139.13327
-94.884834,-3570.0125,114.17879
-222.69946,-4416.186,124.53269
-148.15938,-4106.4683,120.488976
-137.70815,-1877.658,142.16348
-356.9987,-4117.099,132.50258
-143.78398,-2437.3838,139.46333
-404.32916,-6476.0303,113.37826
164.9151,-219.1277,140.2319
157.70029,995.11334,162.56003
-42.14151,-1057.9543,135.81992
-177.01062,-634.3832,143.115
-316.10977,-3200.5352,137.83247
-164.10109,-3991.8923,122.35082
-222.92989,-4262.765,113.965126
-567.6821,-8599.3,127.387054
-685.02155,-8281.854,111.61434
-93.81884,-1053.8579,143.06538
-152.86148,-1731.2334,135.2364
-529.91595,-7870.765,109.04653
-168.09505,-3480.965,119.943565
-180.12088,-2571.9038,139.1649
-136.38823,-1842.4324,156.18115
34.153175,-496.45645,153.52002
-237.4451,-3718.6335,113.081085
-13.882787,337.77072,146.5579
68.91963,637.618,154.5198
-120.19444,-2872.5002,123.972404
-107.93665,-2155.5015,123.285
-7.755309,25.850441,148.38806
-21.266375,165.90056,157.38675
-178.84439,-4373.241,120.69081
-163.84668,-2032.0815,173.09207
-292.23105,-2694.2114,149.21158
238.0714,729.89215,155.85652
69.292465,940.4185,148.5964
-245.04982,-3022.542,142.95638
-57.39136,-1438.8579,148.314
-244.48662,-5448.25,126.427826
-280.5048,-4043.3137,112.81999
-79.10663,-279.82303,147.55264
-83.14155,-2581.373,128.83948
31.071106,522.85474,155.67834
-207.24525,-4556.6777,124.87762
-437.66,-6722.0566,111.795
-181.29236,-3689.4841,137.35054
-137.902,-1407.4602,158.11934
-307.66864,-4761.091,144.29659
-442.9155,-5661.306,119.323204
-149.42598,-1477.8638,115.37165
-94.71609,-2212.1587,138.75717
-102.03653,-1622.0903,125.604485
-213.84251,-3333.7864,127.71932
-124.179016,-1033.818,157.92838
-5.731246,-1707.4893,128.23207
-103.41214,-523.6185,133.82578
-156.87558,-2548.5635,124.60835
-104.65611,-2552.3904,126.11399
-173.1192,-5188.395,102.97706
-118.25984,-482.27957,168.53177
-235.78938,-1920.3523,154.4336
-166.5264,-2669.3416,140.80315
-103.93454,-752.5858,182.05602
-94.108345,-2407.5017,152.45071
-179.42522,-2176.9102,146.74707
116.43113,1662.06,162.08849
-105.44746,-1425.9949,144.79633
-79.14468,-677.23047,139.52571
-199.09302,-3638.007,112.27434
-145.14041,-1092.0527,128.0152
-189.58582,-3083.5818,113.75048
-118.28586,-827.47864,139.00854
-84.70155,-1147.0858,128.72685
-292.7602,-4654.7505,122.775795
-454.28687,-6534.116,137.11426
-337.51013,-3908.5867,147.6852
-91.18035,-2485.5825,152.89706
-105.83978,-1200.3921,139.93655
-0.6737528,-286.34158,164.95625
-703.5461,-9224.028,107.958466
-56.54053,-2168.4778,129.22516
-265.97675,-3846.0608,121.322266
-232.89519,-3001.1538,154.68752
-216.60281,-2080.1096,141.24846
-481.38608,-5505.7896,125.74316
-31.94818,-833.59705,135.1994
1.1261854,-1824.044,120.92919
-157.29999,-1396.1882,140.77473
-548.2804,-8464.782,127.30921
-28.538149,-260.3445,159.11626
-171.45273,-1348.3115,130.033
-198.61815,-2217.642,155.9698
-381.53882,-6360.129,114.11064
84.326546,1905.9884,159.2394
-293.0352,-2956.041,132.3154
18.718424,-526.3274,150.46243
-324.7224,-4220.9424,126.32495
-114.54985,-2406.4631,133.21692
-95.68425,-3082.9854,134.03566
-301.8538,-3602.6345,121.23498
92.553734,314.56674,155.96048
-249.2036,-4593.3945,137.9523
-103.36441,-3267.3098,112.91521
24.444937,-248.2748,133.01476
-175.10771,-4677.231,134.52594
61.55075,368.7687,139.58919
134.39967,1071.336,151.47575
57.517147,-158.09364,149.60101
-206.63715,-2726.6174,133.18158
-36.823925,-3363.7703,134.23454
-108.13319,-732.5885,145.83461
-255.4174,-4546.1514,108.18112
-148.58713,-1551.2817,140.32794
99.72804,1118.1925,152.07108
103.3271,620.31445,146.272
-56.737186,-129.92238,163.019
-123.94743,-1985.237,137.5744
-57.03648,-396.0441,153.88116
-239.4031,-4364.6543,139.33165
-9.1458845,-954.5426,155.8024
-92.05273,-790.41296,154.21309
-327.29828,-6800.9404,119.57816
-376.094,-5058.6387,125.46097
-233.83911,-2029.5518,137.94904
-418.97705,-5418.632,95.50193
-129.69319,-4162.159,116.425644
-225.45395,-3662.5369,137.7023
64.38996,-1000.11,143.78305
-154.96844,-2289.5728,136.42563
38.343254,851.03705,145.6032
-55.16717,-1755.394,147.04976
-660.2924,-8859.195,122.37926
-291.26428,-4147.728,98.03271
46.82737,1243.7097,170.21227
-205.56972,-2629.6433,154.19217
-95.85299,-548.5737,148.43681
4.2611847,-2513.5515,131.3499
-334.22,-4260.034,116.409
-235.20097,-3088.6904,112.835724
-16.496233,-478.4401,151.83794
30.96552,928.31647,160.91461
24.077372,683.03,151.11516
-421.85526,-3871.8723,147.54044
-22.766092,-1162.1252,151.0367
-93.53482,-1959.3835,131.9691
-157.7193,-674.62305,153.45007
-29.026545,-818.55725,136.29991
-295.53076,-4658.0273,143.77095
98.80555,-699.99756,157.39352
-402.69226,-5594.3906,136.08163
-198.09526,-2218.6548,141.79494
-455.96957,-6674.7993,130.71123
97.496765,296.15836,146.83788
-330.1136,-4696.9565,107.29377
15.981913,564.4649,151.47482
106.03234,1839.1505,167.91794
-95.20309,-3353.1042,141.5095
-234.9615,-2728.9663,117.111305
-9.478824,-1592.5776,129.54892
-130.90894,-1196.2854,137.93864
-64.24805,-1811.1958,149.00987
-211.87549,-2438.4507,144.75902
-14.790254,-1026.913,151.84564
-319.98352,-5516.2754,134.99948
-23.84099,-1162.325,148.53589
17.753263,247.1455,169.33069
-68.12394,-3514.6267,126.77885
-129.6837,-3838.8909,135.55048
60.224686,373.36896,138.69814
-77.18879,-470.7853,170.22485
-207.75888,-2896.2783,119.193695
63.342392,735.2087,150.57713
59.644794,-951.4635,150.26999
-176.40187,-3699.6238,114.79996
-52.055187,-1919.6511,132.73615
-67.137146,-555.5596,158.73634
-71.838135,-1753.8704,138.61882
-26.401144,-359.5751,146.87613
-1.3026628,-1838.2588,119.992744
43.21478,-2345.0806,109.09083
-283.87018,-4552.7935,136.57925
-527.0793,-8925.988,135.72826
-22.172487,-1525.6189,126.6791
-329.09448,-3137.5432,139.26886
-226.82362,-5577.4404,107.55548
-88.45364,-1248.4897,140.25534
-147.35242,-3780.6204,131.57007
-400.21536,-4908.383,120.427055
40.121025,-1140.9524,128.80429
-124.38089,-925.1826,151.40019
90.456154,-644.55115,149.28265
-10.351275,-244.94618,152.65971
105.27712,1519.7802,151.1204
-330.4323,-3503.2498,148.54129
-143.06676,-2152.7905,159.25545
-114.66318,-1333.6182,129.92197
25.58031,513.7642,130.53302
-42.51199,-1705.81,124.11219
-203.25945,-2894.9553,119.033516
-227.56839,-2773.1277,135.8196
-274.73672,-3271.5715,126.63483
-404.82596,-7308.4844,103.86069
-321.4654,-4296.2856,127.33749
-38.25,-1225.6509,136.86935
-201.68661,-1869.3552,128.18832
87.57863,1073.4082,157.67873
-280.69772,-5064.1636,142.30418
-99.146996,-806.2064,148.37865
-412.24777,-7711.4927,126.94501
-180.2835,-1326.5146,157.04659
147.64961,1158.0441,157.03436
-483.23874,-7313.7314,117.33198
-70.34305,-1110.8873,137.77586
-233.75786,-2163.3513,134.55037
128.00461,64.406105,151.12126
-95.15765,-2624.2717,130.93819
63.78404,306.78665,135.97943
-38.517143,-128.90852,143.3699
-312.3881,-4403.961,132.25198
-160.96906,-1501.7632,143.83798
-205.29768,-5055.473,141.18156
-2.3601923,-1429.9541,145.28407
-120.75865,-1937.9209,140.83496
5.893033,-2109.1646,122.093895
-179.38097,-3947.4417,140.66075
-501.78012,-4766.666,126.03764
-56.438496,-2141.9424,129.47455
82.41046,-2663.8518,129.60936
-40.230076,-224.61,150.4786
-239.61037,-2902.1487,137.03584
-187.24194,-2639.9163,144.37921
-129.14154,-2777.4583,122.28311
-167.47632,-4384.2334,113.52044
-154.32347,-3812.7786,131.55821
-199.66164,-2721.629,128.50896
-206.60243,-2709.087,130.06718
-178.2783,-4035.9119,130.05551
115.38026,269.84036,138.32343
-95.64855,-2251.0657,131.69115
-569.123,-8940.689,124.240616
-95.07027,-1259.0964,155.58676
46.76128,-49.032005,150.00645
-401.81454,-4274.7085,130.29028
-18.272863,-1147.5958,151.89442
-377.85086,-8742.765,125.895004
-531.50244,-7577.2075,129.25261
-104.70671,-2673.0798,129.94586
-437.7598,-6627.958,106.43776
-403.00955,-4568.1978,132.4024
-294.0806,-4720.2344,133.23076
-260.5313,-3792.9304,121.29788
-150.56438,-923.6992,151.22188
-62.381405,-1969.3528,139.61057
-360.30225,-4502.6807,140.86137
-596.20294,-8154.8843,107.49984
15.471134,89.58109,147.8158
26.584139,-927.3458,149.66698
-58.525448,-853.77734,141.13145
-358.10928,-3402.0657,138.1829
-125.99802,-3401.536,135.38307
-267.39297,-3597.7249,129.24931
-203.564,-3948.6482,176.00883
-298.09488,-4317.1772,142.42714
-417.45993,-6198.1343,131.94653
-16.213278,-1591.7622,118.45747
-287.623,-5522.533,133.08656
-327.29434,-3834.632,115.085014
35.001072,-127.12295,165.45987
-182.22119,-1879.7827,117.137436
-425.55212,-7211.6523,121.91495
-120.14697,-917.17346,134.27757
-143.13655,-2560.4297,117.5049
-346.49808,-3702.658,141.65977
-70.042145,-2703.3118,137.41072
-369.0793,-4786.944,134.87337
-334.77887,-5199.798,142.7508
-374.82645,-3014.0242,123.542984
49.694675,32.10636,161.62828
-409.7603,-6313.557,147.68042
-35.207947,-3595.2546,112.1079
112.24447,308.5341,155.52106
-155.35019,-1249.5151,152.12057
-303.52902,-4284.307,135.68904
-95.760666,204.98625,147.81953
-222.39302,-2164.5425,139.91179
-50.10728,-2120.469,135.68077
76.44313,1435.8827,145.2226
-25.906038,-165.09743,148.05402
-23.595839,-2595.1406,136.35085
82.78188,89.25004,140.2013
-210.24715,-2492.022,158.07161
-233.42747,-2353.8682,138.16908
-146.84146,-2755.271,125.59184
-192.83847,-2571.315,121.94594
63.48506,1150.9712,139.07658
4.690487,782.4687,163.98238
-467.01752,-9182.438,82.76454
-23.17423,-2211.2295,131.84721
-370.08615,-4816.706,116.381485
94.67713,1540.0236,159.4824
-295.9875,-2972.7532,133.32962
-239.49022,-1314.5142,140.32841
-32.272167,-316.00565,150.36168
-6.817708,-195.8467,148.95897
-62.69974,-1534.0474,132.88367
-326.35303,-3593.5198,124.115654
-212.59174,-3871.4373,127.810036
-13.382699,1351.0782,157.07564
-179.13326,-2470.486,157.1159
-278.24454,-2391.0566,113.679756
-63.8212,-697.6588,130.50357
-234.55998,-3014.8416,131.6425
17.085527,-2619.2788,129.589
-56.252888,-2288.1902,123.2593
-172.86029,-3729.1028,141.09407
-30.22743,-678.4219,145.05351
-292.23248,-4208.016,126.82712
-36.950455,-893.31104,126.221214
-187.31639,-2984.5234,106.405655
-46.346546,-305.90555,153.42412
-240.97539,-4105.2593,127.34165
-264.17517,-2778.044,144.78151
-24.5086,-1131.7079,140.39882
-154.86429,-3056.8071,105.68466
-310.51398,-5915.2007,126.22767
-408.00687,-6744.5796,121.4064
-48.62881,-16.911705,143.20174
-57.425648,-332.56937,167.70255
-101.49161,-2649.293,121.38986
-352.64853,-4519.9717,126.61718
-90.22697,-1779.0833,132.57278
-95.905,-2684.8445,135.0124
-209.91106,-4485.34,137.252
-370.1482,-5993.7183,135.21107
-228.72385,-3383.9758,115.97303
-279.477,-4904.5312,140.62648
-185.68709,-3875.8357,152.23383
-23.345499,-983.6394,136.92659
-99.88934,-2579.372,142.52872
118.82689,-10.85598,138.98863
-63.062878,-1052.8381,164.71729
-50.535717,-56.783226,145.06015
-353.9852,-2995.9832,113.21267
-158.99922,-911.8208,151.06284
-85.75877,-2266.2632,132.88734
-67.6519,-2297.0652,122.872765
-124.3405,-1333.0703,129.9658
-223.34302,-4470.1455,125.84456
-74.122284,-789.12366,135.09367
-310.08392,-4975.487,139.79297
-144.4249,-2962.4958,124.605156
-536.36224,-8354.946,126.946396
-277.16956,-2564.5286,126.26666
90.857544,-407.5259,148.7788
-62.418224,-962.9856,146.97559
-58.1089,-636.9945,134.03658
-191.51335,-2991.7493,140.24178
-85.71415,-776.1437,131.77586
-108.40919,-452.5922,140.61688
-174.43422,-558.84924,141.97343
-235.17497,-2370.3887,126.19041
-487.0666,-7642.764,110.883255
84.78342,927.908,156.72858
-424.25174,-5900.289,98.03592
-67.91211,-1651.0969,120.379395
32.91569,-288.16922,159.51717
-150.48418,-780.1616,144.603
-316.8163,-6050.0664,124.57768
5.5169,1276.036,156.58777
-66.33661,-914.54297,142.6184
-215.2806,-3928.572,119.94731
-139.34242,-1966.5332,142.82219
-267.8696,-5754.651,129.51175
112.88671,821.46423,145.4197
-47.102776,-232.38539,148.87796
-114.63748,-136.00972,153.38026
-401.2255,-5372.3286,125.26983
56.841484,264.08127,178.1476
-62.046352,-3232.224,108.14094
-136.51204,-484.5812,149.69965
-180.78777,-1954.0764,124.487
-140.98611,-1720.387,134.00612
52.75136,-1438.4534,142.11227
-200.43332,-3991.5627,112.89041
-492.9167,-5949.563,113.172646
-20.741571,-424.4418,125.77226
-0.30708793,159.7324,147.6295
-313.03745,-6136.1636,116.0874
12.485847,-1026.4792,140.35402
3.9512453,273.34634,171.6639
241.42262,1480.2507,145.28682
-375.7119,-5257.982,138.59737
-1.8880739,-821.76465,142.27821
11.833232,-291.0391,167.03671
-70.39503,-357.81827,129.4193
-269.12845,-2736.8787,138.98477
-130.91998,-3328.4006,136.18222
-111.5446,-3233.2861,131.64807
-422.34232,-6377.588,127.90392
83.76377,-214.23085,144.37527
119.01066,645.34045,162.20078
-411.69174,-6833.207,118.54994
-162.72963,-2161.8086,123.04789
-55.755283,316.5618,147.96373
-218.73434,-4109.7134,146.98558
-42.53799,-546.1731,123.75989
-9.594609,-1154.0413,134.12233
-60.606266,-192.28053,122.57854
-148.81432,-1718.6501,118.16238
103.34816,382.40228,136.4353
-141.015,-1248.6582,140.39369
-214.33278,-2665.5967,141.14552
-62.232105,-900.4136,116.33984
-190.28995,-888.5718,135.18866
-142.23283,-2476.0303,135.43544
-71.45646,-2251.7278,125.24896
-118.97472,-1562.5166,134.77249
-43.348576,-631.9758,133.75513
-143.36194,-2414.6929,133.85417
-181.49194,-2747.1692,126.77364
33.757565,128.166,150.15181
-362.74036,-5899.0054,129.56642
-93.05339,-415.35855,146.85878
-35.302307,-1552.6023,139.92722
58.42622,-451.68533,128.52101
-171.36542,-4834.226,120.5288
38.801006,1034.582,156.72269
-71.52241,-714.96655,131.80875
-243.48912,-1901.9292,142.49426
-231.48973,-1929.633,138.60287
-244.36757,-3444.596,135.28296
-306.25037,-3053.3933,124.53875
-231.08711,-2097.5762,143.75774
20.368855,940.58966,168.61263
-130.64543,-1986.9116,141.23697
-83.56846,-1959.9233,132.79082
-756.6129,-9170.182,103.68327
-296.62772,-4356.8022,134.16829
-158.93193,-2752.632,124.94421
-44.32669,-1830.7046,129.58847
-154.71693,-4162.5713,130.25432
105.44062,-41.352806,133.81311
162.36258,684.9531,156.6847
-44.773705,-1386.895,153.94257
-40.16274,-324.05997,157.3063
-216.61655,-3167.382,125.60136
-40.14334,-1582.728,146.11382
-96.505394,-1109.8732,149.61299
-192.39436,-2804.6592,177.36186
-248.94164,-3421.0286,126.068245
-199.3446,-4009.465,131.79005
-123.22821,-1861.5244,147.41081
-197.58315,-1657.9995,138.3047
-303.93268,-4150.169,130.2763
174.73752,913.6058,162.7459
-578.58044,-7777.263,93.133286
23.534698,627.3206,152.00784
-204.3016,-2876.7295,155.28404
-56.274395,-425.0203,170.31442
-260.6476,-3280.3596,127.30092
51.80301,-2206.1836,136.42659
-165.67616,-2018.7434,129.96284
-73.312485,-1470.8264,150.63805
-149.46915,-1775.2925,135.65718
-93.85004,-2345.8381,126.38375
-19.900831,-1673.5786,138.5926
-398.71762,-5333.8413,131.51262
6.1306667,-1113.3965,140.11752
-160.95143,-1635.498,129.58354
-356.4805,-7678.906,90.13241
-307.26202,-3103.2278,130.25278
-327.12186,-6391.769,134.44792
-78.69398,-696.50073,132.417
-53.082706,-1866.2991,134.79561
-445.36856,-5810.0947,141.13245
-118.63339,-1248.2126,134.37369
194.25916,1433.7944,148.23563
-210.59726,-1885.7231,161.03883
-278.6088,-5245.9326,129.25134
-420.4546,-5658.32,132.0845
-219.38475,-3459.0256,140.31812
-307.23846,-5500.549,125.04548
-227.52585,-3980.9358,134.80588
-466.49475,-6480.0693,153.97343
75.04757,326.54184,149.9933
-221.35599,-1957.0413,129.73726
17.485624,1069.0128,150.75769
-97.68297,-3174.2654,135.72722
-25.406305,-286.3466,158.06514
-89.088295,162.07182,133.62988
-218.46132,-2803.1382,156.13768
-182.88329,-3788.3733,137.78831
16.45078,-86.214195,143.09956
-10.353036,-2312.4365,138.49002
108.58116,376.16663,165.78746
-169.97021,-3745.614,129.73918
-302.32675,-3432.8997,128.89217
-196.58543,-1782.9377,125.99105
-273.913,-2789.2185,135.15266
-204.83844,-1582.7961,136.35094
-346.31943,-5303.2935,105.87447
-191.971,-1307.4878,178.82188
-59.549076,251.73631,134.12633
-189.31094,-4081.4333,129.21584
-215.32512,-4006.654,115.96552
41.374355,137.67729,135.5041
1.2823143,742.58936,163.61484
-47.17708,-1916.3855,137.28696
-145.27881,-2742.4333,133.25404
1.5411701,629.88586,154.55318
-128.96909,-1506.331,164.15555
-264.7623,-2519.581,158.7355
-191.1234,-2135.6562,147.61902
61.397385,-1401.6274,138.95155
-191.60947,-3775.549,135.23915
-243.56999,-3008.2773,134.0256
11.287016,-435.27176,132.2348
-216.34514,-2405.675,122.06349
-144.35329,-2885.316,134.45894
-155.60318,-2039.3354,161.74654
-183.3412,-2571.3843,113.44462
-31.953283,-80.94637,157.19324
-181.69586,-2145.1501,142.83704
-244.57811,-4355.261,129.44485
-190.433,-2377.1284,127.84219
1.6901493,-642.4226,140.97884
-59.500904,-1360.291,134.07932
-132.66748,-1016.2599,129.91
-32.951496,31.611305,144.42343
-68.34536,529.7697,141.25743
-56.569904,-939.00635,131.11693
-56.69849,164.6447,165.53604
-57.43128,-793.3705,145.99104
-2.8820486,-210.8462,155.51306
-209.35349,-3286.6062,134.58652
-86.957214,-2744.8606,121.33282
-475.54782,-6820.8154,109.620735
1.8376465,-992.9845,139.87761
-193.179,-5601.5693,128.03676
65.6731,-421.18484,143.89444
-625.317,-7317.8564,138.89062
-320.44943,-6607.4263,111.01603
-124.07393,-769.22144,154.44305
-242.76277,-3792.8816,136.70195
-93.63714,-2181.7795,131.65144
-380.5771,-6966.0166,106.855385
-235.95148,-3727.9036,119.11514
-116.874954,-1182.0532,141.8588
-174.23875,-2407.9568,123.19821
81.76518,1004.2272,163.35432
-100.133,-1100.4382,146.84747
-288.28232,-3554.9187,122.61573
-255.55031,-3568.3748,132.96603
25.721046,-178.22963,132.45413
-171.50826,-1155.0913,136.69617
-76.54931,-1988.5933,143.66516
35.184864,-733.1063,151.2641
-272.1226,-2029.6621,141.63762
-246.13988,-4140.604,114.48883
-200.17796,-3014.797,143.68112
-273.9778,-4998.556,135.93607
-494.53754,-7489.8345,117.16357
-83.757614,-5208.32,132.02354
-42.62078,-4020.0564,123.64322
-37.493507,-763.5951,149.0724
88.513565,-504.00308,143.32579
34.54632,-128.50453,137.60004
-236.24576,-3777.5002,124.286606
61.468735,-1187.1888,136.5592
-216.27032,-2460.9653,140.619
-117.14844,-1821.5762,138.73192
-64.05291,-55.439903,154.12296
-38.519485,-116.015465,139.52164
-51.960186,-890.7805,146.99387
1.3084087,-2263.4058,129.69891
-16.883493,-1021.8638,139.04141
-6.8145666,-1115.733,146.42534
-27.894087,-450.5706,150.2247
39.78826,-533.1134,182.40208
78.594345,-203.65395,135.1028
-355.533,-5347.045,120.821236
-91.03639,-1103.9,172.07095
-172.15875,-1514.8523,141.90698
124.31522,-337.017,144.21097
-347.92523,-3980.1257,148.02704
-257.3222,-5530.224,122.66848
-89.91509,-1686.9858,151.18413
-46.70982,-1371.4739,165.52562
72.82303,327.2994,138.02861
-27.86857,-2319.2107,142.85117
-246.13432,-2803.6228,128.10329
-74.91697,-539.73535,157.41211
-44.690037,-5087.162,116.78423
-34.513775,-633.4054,131.66727
-305.47385,-3115.5115,150.83044
-34.392,-1285.9973,149.62006
-644.4662,-9491.709,130.86414
-85.73791,-2473.3835,117.63524
9.057169,322.69308,171.32672
32.75151,-96.75649,135.29773
-100.45924,-2785.0125,123.97119
-40.045753,-1291.3867,145.79242
-81.93804,-422.66788,141.88156
107.89114,1286.2959,162.7247
35.03867,794.07104,151.56172
-104.21317,-3606.0334,134.34605
-317.53064,-4461.047,125.38448
38.74294,384.84344,141.29146
4.029641,-1532.3899,133.33589
60.156147,920.36633,153.60205
-227.84636,-3692.4104,125.62919
-178.09972,-3381.9626,145.73312
-163.08987,-3243.305,132.97855
-332.67865,-3817.096,125.521835
-71.83954,-2054.638,123.574905
112.00908,168.59355,144.18289
-319.75543,-5998.0806,103.092514
-56.29096,-886.5194,160.61847
-154.12347,-1992.8379,132.3992
-257.42975,-3919.8127,128.85483
-496.73044,-9724.846,95.868576
-130.92087,-3905.6023,141.58418
-567.2425,-8163.0376,102.96744
-127.68364,-1149.3019,147.78375
-144.89177,-992.5242,170.65007
-195.66054,-1881.9958,134.93732
76.25348,962.0434,142.24297
-25.089174,511.22806,151.14899
-272.523,-4791.993,109.855446
113.46232,-1597.6138,129.23648
-70.93582,-420.17606,170.16917
-97.70038,-4784.8667,127.11656
-6.7571115,-323.94205,147.50143
20.552532,-781.16516,177.07735
33.384556,-2326.4055,128.639
-6.593421,-1148.7148,144.08134
-2.9986448,265.76236,159.268
-26.568968,-266.48477,149.19215
-424.15875,-4454.774,151.85097
-109.6586,-1892.3613,127.684265
-134.31935,-2693.7834,128.6569
-229.95526,-540.46765,155.38347
-265.4957,-3151.316,142.91484
-372.73566,-7828.3374,108.36633
50.379566,-350.13467,152.81618
-563.21094,-8695.506,114.30349
-102.176735,-3399.0256,115.88897
-125.95413,-3259.031,127.51294
-270.02698,-2199.1052,156.45926
-571.27905,-7525.9517,130.41652
-60.630894,728.4686,147.88885
-51.94994,-1187.3826,140.78586
-72.147736,-2835.5217,122.55369
-182.83379,-1999.9102,159.31944
36.39224,1029.5679,156.15926
-335.28668,-4424.075,137.04907
-83.73436,-2260.7566,131.13768
-285.59235,-2791.7917,114.35932
-281.1655,-3361.4915,125.32455
-404.40475,-4009.3367,136.76228
70.015656,1519.7267,167.94998
-127.04076,-1322.9819,151.06084
-206.72827,-1430.999,135.6137
-465.41238,-6459.9536,109.49383
96.95017,841.5616,150.41522
-11.2417,-703.4988,134.70079
-720.2024,-8922.845,131.82425
-91.285545,-2420.2317,148.83429
-155.65292,-2651.374,146.89618
-193.15906,-1811.6196,132.91685
76.13931,-1377.0056,126.84358
18.993326,-1184.4935,137.62439
60.58586,-740.81335,126.57895
-131.38513,-2769.7412,134.19327
168.81424,536.7095,135.68114
-102.8156,-1012.8729,131.00302
-107.44129,-2770.16,127.7125
-460.0549,-6755.648,121.13366
-309.3814,-4779.303,125.29799
-44.97431,-1697.6555,124.85059
-303.17822,-4373.141,124.944916
-137.79489,-2380.7441,131.6014
-21.577513,-12.589073,136.66608
-282.0398,-4377.867,134.1014
95.58434,-86.98043,147.26959
-173.10793,-3421.2405,130.26056
-64.37233,53.1074,164.66562
-309.4987,-3872.0964,138.40408
47.052696,729.40094,131.87463
-151.87372,-596.28613,142.72008
-101.66095,-1772.4114,150.93394
-303.92682,-2780.8113,151.81569
-45.79504,-1224.8933,126.50428
-161.61087,-1645.7009,134.48952
-190.67276,-4630.53,131.97496
-457.23492,-5996.76,132.96123
19.682245,265.0092,137.88774
-116.92056,-1255.7893,153.89941
-128.66695,-1397.7363,147.86969
-35.428726,-1015.47705,128.21573
-174.12682,-3652.0427,153.19481
-150.18869,-2277.3064,113.496315
-182.59386,-3163.5315,127.035576
-237.9683,-3287.9167,132.8715
-139.8881,-2576.1965,117.14788
-314.72842,-4384.1606,125.84285
-15.025012,-1980.5056,140.52997
-445.82928,-6077.9277,123.90817
-196.5838,-3805.342,120.27275
60.074745,1301.1752,164.7169
-160.41833,-2467.7834,128.22324
-339.78772,-4395.614,126.166824
-143.15532,-1322.8523,146.6065
-115.69289,-2277.8806,125.64211
-45.74565,-766.98584,144.95041
-315.19635,-4407.941,116.027626
-431.45035,-6367.3105,129.92764
-89.623955,-1626.8545,139.95872
-114.78265,-3465.7234,143.42708
-260.432,-4444.0107,114.70438
-188.68343,-3464.757,131.95226
-430.08136,-5703.344,106.35968
-490.81332,-8010.9663,116.41887
12.548128,-301.76126,159.48396
-207.61316,-2462.515,143.74614
-43.956284,-3037.783,133.81111
-278.9924,-2479.4028,142.0231
82.26492,308.75858,142.4447
58.916847,724.19904,137.6202
5.8897457,747.49066,150.49136
-418.1046,-3289.3088,123.65187
198.0711,2088.0962,162.37494
-75.22267,-1241.8652,143.11568
-389.32065,-5066.9995,140.53949
-205.15907,-3022.988,162.13692
-125.18799,-3339.7048,138.87758
20.056604,829.33014,163.03595
-225.31226,-2773.446,143.8401
-448.39362,-7485.106,133.44873
-109.0538,-862.6316,155.46553
-37.309196,-652.15796,163.10934
-113.60521,-1387.2747,132.11632
-150.17252,-1392.1069,155.81326
-235.71054,-4461.298,127.94022
-220.23456,-2863.9524,150.5981
198.70828,1255.1475,156.25543
-19.688059,-742.2666,135.13573
-301.60974,-4681.753,152.32306
-298.23157,-2976.1306,142.34106
-226.22919,-2444.0188,122.519226
-201.50421,-1718.5171,172.3878
33.225033,-2584.9536,119.342896
-349.84222,-4478.803,126.53562
-122.84491,-1898.2231,139.60007
-154.67569,-3745.7214,121.6333
-91.0423,-470.74014,144.74184
-233.17169,-5512.595,121.43993
43.36493,-259.50772,131.49017
-239.72096,-3077.8,145.41928
-185.37827,-1883.6794,132.77902
-47.26889,213.24113,167.6386
-89.56667,-873.81165,147.87964
-314.63855,-3649.299,125.70522
-132.70457,-4888.108,119.01729
-61.545956,-3977.307,107.67804
132.84633,1004.6231,147.9407
-34.33635,-1927.5234,129.00394
-160.36858,-3070.6301,133.9651
-126.157166,-3441.8142,97.22505
-158.56912,-2517.7979,132.05989
-295.7389,-3989.786,122.63185
-5.6094465,-1296.1157,139.64795
-123.69061,-3324.903,113.461266
-483.23157,-5548.5024,131.67937
49.729137,-1612.1667,120.48704
-312.49466,-5944.645,135.40776
-264.76843,-2950.3901,132.00919
-179.77458,-2227.7175,127.88129
-410.12158,-5837.5747,138.36826
-125.20784,-3380.74,138.52942
-53.60876,-1116.1154,140.66507
-199.25188,-3041.9866,139.44005
-107.28333,-587.61194,141.47089
-15.361747,-1179.4585,127.74424
-129.58481,-1503.44,143.1625
-132.13686,-1742.6831,126.62214
-16.253885,-3554.052,124.467
-84.08071,-873.6992,163.20891
-389.1609,-5741.3022,116.93502
4.494092,-992.7267,136.44586
-144.15828,-3052.8076,161.1297
28.606043,-613.88074,152.88448
-151.38475,-2829.0615,143.49686
-62.904835,-2209.5818,142.62096
-118.36743,-3361.1287,131.47345
-138.81363,-1521.176,136.8587
-369.7259,-6071.172,136.59407
-988.2695,-12807.151,104.033226
1.5312157,-2148.1643,123.23534
-3.3002043,-376.16055,129.79134
-376.0855,-7647.8276,123.10131
80.570206,399.47934,162.90176
-464.00974,-6610.07,92.57439
-662.2978,-7705.9067,126.40115
-226.05733,-2121.5488,151.50188
-35.240784,474.59924,168.09749
-540.4456,-6105.0186,139.50912
-42.235626,-1626.8167,146.24263
-117.94211,-2534.3645,121.547966
-35.121178,-1291.4673,138.15344
-320.07947,-4027.0051,127.45137
144.4684,-126.87484,141.55396
-49.325687,-1111.5969,151.31406
-162.44711,-2246.5596,123.60749
76.10441,486.18805,144.24033
-70.84855,-2335.33,126.090965
-44.45158,-1971.9858,116.15906
-156.43549,-1887.3767,124.58566
-380.76385,-6672.152,142.16403
11.930182,-99.70211,153.32079
-107.621925,-1439.5149,133.67145
-147.82285,-2320.9233,140.357
2.6250277,-586.8013,146.8935
-150.9051,-1825.0791,151.29497
-123.15695,-1576.7158,136.14525
-137.7381,-1552.227,146.56088
-206.64873,-2980.1433,112.96845
-194.00134,-2431.3948,127.658516
-374.49936,-2900.4116,121.92263
2.7628937,-493.22952,141.95312
-328.84158,-4436.631,131.34076
-68.524376,-2869.2463,131.90051
-53.173763,-1845.8093,145.56963
-253.92653,-4840.0767,132.00398
15.320038,-3563.7737,132.34177
-124.08511,-1938.8318,111.988266
-183.12479,-1425.7229,175.34628
49.82575,253.30241,157.86494
-65.68121,-1722.7786,136.89722
-105.6711,-4477.7764,129.45274
-122.48227,-1466.2166,177.31282
-199.22484,-2879.735,153.44174
-275.29993,-4717.7617,124.59549
-257.2798,-6258.9907,109.61399
8.028454,490.17957,145.12854
-124.74562,-2948.4983,126.386734
-459.52222,-7395.0493,119.30023
-87.62431,-1616.9158,129.35074
-254.90071,-5851.6714,136.0902
-64.17836,-1467.0774,132.97067
-300.1786,-4685.1313,123.602844
-288.0047,-2450.9863,154.20468
-115.05954,-1877.383,136.72289
-344.55423,-4558.9355,113.849236
-23.451757,-1412.197,147.53278
-567.5703,-7775.775,111.47928
-25.253443,-49.83175,140.63063
-203.83133,-2926.8496,134.38864
-264.39893,-4926.335,113.72761
-26.23395,-128.71632,154.84805
-414.6771,-7699.2544,114.14442
-343.24326,-4132.1763,142.62013
-316.95538,-5495.7266,133.35396
-154.0899,-1585.117,128.90695
65.75034,32.610146,155.35301
-615.13544,-10610.014,81.17376
-24.411608,-2648.1843,121.23791
132.47472,660.1597,149.33801
-256.32596,-4965.379,120.67107
-168.5043,-3453.1892,131.21939
72.00238,799.3302,144.2654
33.331486,261.15573,149.51186
-191.34479,-756.02747,147.76036
-27.904448,-1097.7983,152.91988
77.79467,-996.8258,158.45894
136.98567,81.13792,149.60452
4.579197,-1238.7998,127.18071
58.72935,-118.98348,154.16272
-30.199587,628.08527,165.80284
-4.565051,522.31775,144.62277
-229.14998,-4350.082,130.27979
-108.7631,-2414.1367,117.68616
-32.335587,-537.3296,152.05504
-280.75974,-3355.1467,130.9966
-133.19853,-3113.9722,131.57089
-82.23365,-2361.9336,142.50084
-161.4862,-2587.1924,131.95682
-511.09232,-6595.708,112.94394
-352.4772,-4826.076,132.91414
80.561035,-2019.0981,158.08902
-214.79103,-1945.748,137.88454
-62.397594,-442.69864,140.72353
13.512531,439.51093,143.62001
-108.50585,-3280.968,134.32956
-203.93103,-3415.0896,150.42035
67.86926,-445.65982,134.57271
-347.5303,-6309.3936,97.60633
-215.31981,-4114.021,127.879166
-106.06978,-1505.3525,129.70937
-104.31726,-36.123863,185.71964
-29.56499,-611.4131,143.5173
-321.83383,-5134.73,132.4346
-337.27084,-3621.8723,133.9653
38.928253,-517.6918,135.46178
-146.00774,-1616.8613,138.27655
-434.3615,-6971.05,136.85498
-161.03485,-1785.0249,142.40091
-281.08524,-2500.7793,149.97731
-322.08212,-6984.4395,112.494125
-31.476488,-766.7826,135.11353
-64.4222,-2025.2571,145.01257
-130.77342,-1363.2773,134.2582
65.33453,-897.4513,134.2237
-206.82204,-2182.7085,136.77058
66.21872,-45.739586,146.01436
-83.738045,-1217.7659,128.31218
-153.6032,-2492.1125,125.66232
-112.55754,-3710.556,120.48437
87.5434,1085.4054,153.1014
37.61573,-155.34554,151.59358
114.92283,511.46613,135.6629
-235.79393,-4262.8164,115.5754
-53.94933,-3204.7256,132.17685
1.4385614,-1486.0151,123.16822
20.846573,-921.14294,129.87965
46.027367,1071.7557,153.96474
-194.58284,-2560.0447,136.16594
-386.6086,-5340.105,125.448715
-145.43532,-1755.1228,140.15611
-120.78972,-1306.9094,142.6282
-80.49818,-1180.9712,148.45787
-271.90897,-5872.686,125.85238
-185.76895,-2065.3093,132.94868
-218.35257,-2839.0205,145.34142
-151.8261,-2624.2898,128.76878
29.090256,-187.30775,131.08398
-306.0072,-4864.8525,140.87354
-184.10632,-2437.246,127.784584
-129.99702,-1245.0618,152.85237
-346.09067,-7463.154,125.91242
-18.561872,-763.9656,144.28252
-69.73359,-251.6537,148.01778
-291.3783,-3926.6233,123.50768
259.78415,1629.4667,153.42514
-119.55664,-2838.3613,147.56064
-83.6789,-1056.9469,136.0396
-343.25275,-4209.5703,153.8033
63.32838,-449.7034,132.06999
-430.07004,-6515.323,127.73322
-188.02258,-3674.5383,134.0171
-107.53842,-1991.7471,137.45555
-73.875595,220.5717,155.42496
-24.575678,-440.1476,144.12062
-165.70523,-2921.6055,117.90371
-2.494216,-585.4016,150.18468
-75.23323,-1442.3027,146.13853
-180.26656,-2515.4868,126.94233
66.15304,1301.0203,147.54028
25.784782,-261.7416,134.24222
-400.8707,-4307.3965,148.15474
-16.656103,-1636.5701,138.40395
-71.748886,-266.64615,145.30757
-120.9948,-1185.3777,136.16606
-158.7192,-1654.7908,148.16002
146.73987,1465.4487,153.52689
-91.20561,-1133.5023,137.11919
-59.439312,-1669.2942,125.50346
128.39095,38.061317,145.97404
86.68734,-915.63257,138.04865
-349.936,-4227.7827,133.83162
-134.72424,-3010.7488,131.35568
-10.101617,540.7557,137.18622
-281.16537,-4765.7656,133.98734
-286.43576,-5282.8726,135.60603
-108.08264,-2324.0984,127.00389
-115.36397,-954.7151,168.328
-32.43304,376.93777,157.79823
-65.20278,-3620.6428,102.50846
-238.02588,-3343.0994,134.37912
-295.7301,-4740.4204,116.167206
-304.4551,-5849.9478,121.7908
-118.5179,-1964.7915,119.69062
-59.810802,-2244.7126,132.14743
-12.067842,-136.42433,151.56894
-1.0322886,-4068.887,126.42465
58.643684,-2169.7573,123.42379
-52.757526,205.0764,129.99059
158.80542,489.14627,130.31706
-93.19383,-4504.7046,133.197
-77.537155,-1509.7688,130.84892
-123.83594,-874.1655,138.43102
-132.61801,-4876.988,124.82523
-6.012103,-570.3596,131.38333
-151.05098,-3498.407,141.02362
-153.81879,-1466.7505,127.49461
3.6908083,454.51697,197.4861
-169.75206,-1954.4653,114.15186
-250.22612,-4931.3833,119.93575
-317.52277,-4032.3499,123.613365
-111.80461,-3535.2932,126.06416
-56.83637,215.6621,157.63078
-208.52362,-4505.5884,121.06995
-215.4065,-3603.053,136.63365
-338.2241,-5635.7754,112.63935
82.255005,1853.1384,147.77039
-370.06158,-5910.285,136.03925
-21.898115,-701.03284,143.12013
-90.56839,-140.4759,161.66747
-102.47955,-911.83875,148.3563
-176.92154,-1582.9841,144.44902
25.141146,-1740.8911,132.6487
-462.6547,-7432.693,121.822624
-267.09415,-3682.1707,126.28912
96.235306,661.1655,135.74483
-110.958336,-1371.7766,130.7881
36.242992,1792.0416,159.6632
-294.21902,-4093.7766,143.86746
-242.21684,-2229.434,127.48867
-42.006245,-2504.9204,119.93266
-91.93942,-855.59314,122.2851
-87.99669,-1742.4231,140.97162
-112.78667,-1434.9175,134.24165
-102.07644,-2471.4844,123.570175
109.4326,1054.0272,154.05415
-199.13179,-1999.5659,145.27328
-204.42351,-2048.726,130.38399
-447.74374,-6454.1704,132.38388
6.4108925,-816.89905,140.73906
-135.27843,-713.8308,132.90341
-258.08624,-2541.815,143.376
-302.2387,-4095.9265,106.9842
-233.28406,-2167.0017,170.5335
-52.46838,-2191.4993,136.20232
-20.70975,-1084.785,148.7553
3.5784988,299.64328,157.32826
-49.871906,-608.24963,150.23938
-211.05583,-2756.0105,135.25084
-145.30727,-3172.9724,142.90482
-152.75952,-1821.9253,141.70018
-18.824797,-713.26855,127.106155
-365.18173,-3122.2021,130.94902
-370.52286,-7818.5903,129.97461
-150.93488,-2404.8,122.92883
-210.61302,-1650.2954,157.91484
-70.0948,430.96927,170.65916
119.05749,714.44635,137.49525
-144.46053,-974.7036,118.34591
-186.45056,-4148.439,113.6165
-108.91103,-1098.481,137.58034
24.692272,538.47614,138.38269
107.38927,-535.1963,139.55388
-91.05755,-1811.8049,149.7059
5.7817574,292.186,131.5447
23.571636,-776.30505,133.57321
27.139608,-1961.3555,136.22226
-133.1006,-1691.4656,141.18663
-459.04306,-5569.819,115.09518
-445.40488,-5423.588,127.87165
-27.075064,-191.93044,156.13669
19.809958,3.7937398,152.60431
-389.3205,-8079.854,116.00574
-418.46173,-4497.4014,114.664024
-119.90326,-1537.7666,154.90733
-187.291,-2614.8389,128.15347
13.008564,410.8926,150.36015
-43.523926,-1577.0469,121.81868
-321.63284,-5949.14,108.36583
-261.64056,-3116.8289,126.72582
-166.23326,-3293.1926,128.21213
-107.25369,-1259.1238,137.67825
130.08342,673.58215,149.066
-254.32857,-3923.6711,127.77126
-53.0499,-767.5311,145.96214
-327.17755,-4112.169,121.34635
-269.37973,-3796.884,165.53873
110.618645,1415.6527,158.10413
122.3416,-647.2416,133.95052
-224.09386,-4252.469,118.07021
-228.00906,-3495.0935,128.09882
-301.0247,-5134.816,114.02965
17.892372,-2290.3232,122.246765
-124.45514,-1310.1807,141.648
-162.47945,-3145.613,116.30682
-407.02325,-6565.0693,97.33546
-57.729053,-958.027,158.08624
-122.874054,-1626.9631,147.03906
-233.9456,-3704.0486,151.88756
-354.44107,-3951.577,131.02031
-525.1437,-6275.514,120.62365
-177.4712,-2593.5623,128.47684
-35.15339,-649.56946,125.9237
-88.52588,-602.09485,145.87659
-286.04547,-4977.2217,113.05714
-352.7706,-5435.429,116.9189
245.25774,1385.5309,149.7994
-249.75066,-3109.1582,142.09753
-162.97182,-3400.261,127.39428
-280.25232,-4502.011,127.83473
-206.74792,-2540.4949,136.59033
-75.89077,-1917.9885,157.9213
-443.05087,-6691.5522,123.876015
-238.13286,-3886.0227,122.805016
35.867737,-828.06555,138.33128
-142.22745,-484.12137,161.01561
39.95607,-71.37295,142.64096
85.216896,2136.124,153.12614
-51.04809,-465.9191,121.775566
-16.801794,-1409.2231,127.9994
-127.252335,-3947.0793,142.5357
-511.35422,-7366.0073,129.30309
-126.5603,-2742.671,117.40426
-200.52638,-2810.0935,134.1301
105.71036,-174.53053,145.12253
-207.27116,-6374.875,99.27452
-69.941696,-741.1343,147.02438
-25.84424,-341.42947,127.28212
-273.1926,-4305.4507,132.10089
-423.46265,-3894.637,149.85927
-269.58054,-5472.805,100.1615
54.14186,-541.74854,125.60776
69.70342,-639.76465,145.00905
-418.98926,-4539.648,108.511765
-424.09933,-5252.72,126.743
-170.02942,-2669.9783,129.88074
86.727005,1141.6172,154.32959
-356.49524,-3544.756,129.32889
44.734386,-349.74637,138.8446
-127.31853,-1437.7522,137.38972
-26.673819,-732.4243,156.01396
-408.36713,-4695.486,146.5502
-197.39276,-1097.5524,146.32875
75.32402,474.96378,160.41496
-53.931263,-349.96097,122.379364
-71.82094,-2605.14,125.146454
-58.17345,-1907.988,140.53275
-241.76393,-3181.8494,134.6042
-198.01953,-2424.3208,148.94409
-275.96545,-3391.7068,126.02196
-55.26727,-210.03224,170.96765
13.508508,-1961.396,122.87902
-82.73609,-1553.1072,140.48517
-11.20703,-1396.117,137.6153
2.3573112,-80.641014,139.38141
-215.11028,-3317.4597,139.10925
26.10795,-1925.5642,144.28407
-145.78012,-2820.6836,139.58496
54.02773,52.564796,131.74457
-76.76668,-406.49307,148.07715
-305.46704,-6816.7163,128.94498
-134.42615,-2964.75,136.68127
-123.66847,-1797.5771,134.02922
-46.1797,-753.4109,135.87569
-317.12198,-5127.583,135.39247
-143.7653,-1519.186,129.8826
57.733322,-67.92623,154.73851
-92.32681,-924.3186,128.77599
11.616169,-536.57056,137.22917
-196.41977,-2592.0352,126.11405
-8.87749,-1207.3386,152.70639
-676.44653,-10517.266,121.8
-111.9211,-617.57166,129.93912
21.646969,-3461.4978,119.897446
-186.09274,-1535.6094,159.96094
-162.65848,-1838.0327,135.11168
139.1578,1111.1891,137.69977
19.17532,-1127.4824,129.34882
-349.18622,-4459.2456,142.4584
69.149666,937.4477,152.15082
-322.11087,-4551.022,147.44104
38.33933,104.82169,151.29478
-40.183563,-814.8153,122.57806
-290.55045,-3796.9338,114.96421
-103.66121,-3834.2336,128.9881
-514.3022,-6425.7803,138.39127
-108.77816,-1952.6919,126.69718
52.408768,-2066.954,131.64792
84.96311,-370.9778,144.59586
-148.21823,32.58384,168.77338
-43.977123,-353.8754,172.97606
-498.99344,-6169.1206,136.07411
27.991507,-2026.5686,136.23334
-30.53509,208.3944,146.19556
-294.4747,-2707.6433,140.01036
49.096264,127.44193,150.5511
0.5735645,245.75072,142.46323
-53.46075,832.86346,163.22002
66.1344,158.80962,150.96086
-124.73845,-1898.9163,157.16615
-44.409492,-773.7688,164.59518
-104.91817,-2629.4268,136.4564
-248.38362,-3209.5564,140.05194
-187.18054,-2546.3228,129.1517
-481.23856,-6764.0835,112.78516
-251.7346,-4050.2673,114.436035
-41.880394,-2061.6826,134.0072
-169.52498,-2813.677,144.92299
-3.1692457,-327.1321,138.625
-438.93665,-7279.0044,108.73642
-245.8817,-4463.2856,109.22187
-350.5698,-2435.054,138.90053
-48.32638,-1032.764,138.39993
-197.57202,-2502.8555,149.31897
-248.77452,-2476.0208,138.39061
-224.05304,-3314.2708,150.58694
72.277534,67.29716,143.3058
-154.04504,-3092.8555,123.47967
-119.71835,-1100.1263,150.18614
-6.036954,543.37915,151.22757
39.796688,-1569.5134,135.85048
-320.78018,-5750.712,115.34021
-208.36111,-3096.5864,125.57577
-146.88739,-4224.845,111.20519
-79.24659,-2201.0535,132.2204
-136.04156,-2514.9814,126.64718
-53.12192,-1663.5312,145.06468
-350.56058,-3852.1375,133.54515
-479.27518,-6430.214,133.23619
-150.29208,-1954.956,121.60194
-56.313267,326.90793,137.0261
-246.37825,-2768.4155,125.40622
21.56593,-931.9772,150.04803
-52.017467,-227.56215,142.61348
-17.02255,-4793.0234,111.88436
-83.37602,110.16917,132.37502
-112.47905,-3412.03,109.8421
12.068075,-1938.4995,135.62825
-127.5065,-1434.0654,154.09566
153.74107,1286.1112,168.66759
-41.952362,-682.5593,175.1744
-58.723118,-470.277,148.74316
-402.12146,-4757.241,125.519394
-252.7469,-1801.7202,137.49026
-13.611148,-81.77926,134.58234
-233.99933,-1681.417,152.57143
-376.1677,-4977.61,127.35614
7.1491175,-1310.325,130.24576
-50.44707,-4091.5564,126.12395
-127.449844,-2609.2703,157.63814
-193.69212,-2544.3643,147.39964
-186.79977,-3239.1023,115.55077
-110.4636,-1399.581,130.75899
-211.77284,-3082.0962,159.20837
-255.96324,-3632.1062,136.89604
-295.30698,-5189.422,122.63782
5.2117243,-49.99984,154.41315
-30.175383,-1334.0798,128.92215
-40.73152,-836.79016,161.64185
-341.836,-7466.2573,121.41999
-80.72768,-2698.895,128.34602
118.53612,-1560.6384,129.30028
-122.595245,-2257.9546,136.4799
-295.6835,-6793.3213,128.1616
-163.56322,-3601.3206,108.64535
-34.984425,-1628.6714,153.33856
-136.81123,-1103.5425,139.12262
-80.07332,231.7415,138.87422
111.85892,883.83167,144.65816
-86.01581,-35.157555,143.32198
-189.69899,-3092.6292,138.79652
50.43568,1263.7847,145.31773
-199.31665,-2122.1406,154.4753
144.22386,683.0088,153.3889
-32.625538,-629.93396,145.54146
-239.9904,-2623.917,141.93452
-290.19836,-4688.9653,126.72896
144.2596,170.15721,158.61606
-124.59776,-3156.3674,109.297676
-44.90976,-724.97546,141.6248
-358.5192,-5966.4697,122.67434
169.73985,779.33344,146.042
28.007275,39.923317,139.02481
-150.3324,-2552.6233,151.87836
26.892656,-17.89199,145.1398
-198.85622,-1605.7871,137.91193
-257.03412,-4856.5674,123.79538
110.284256,1177.4413,178.26767
-239.60048,-3721.4778,105.257805
-366.75308,-5494.2734,144.17706
-119.68558,-1866.063,136.06877
-59.774113,-267.40836,161.81177
-449.40207,-5949.357,115.80609
-257.2819,-3968.424,124.242096
-337.15936,-4623.534,147.01627
-136.07695,-1036.2552,142.07817
-483.19354,-6554.769,126.076706
-122.95105,-2028.8643,130.82431
-69.780464,-731.4397,137.91788
-270.58273,-3148.3564,158.0371
-169.42772,-3057.378,142.34602
-175.83342,-6662.737,134.6993
10.918974,1000.7221,144.12283
-233.32097,-4146.3584,126.63585
-149.09103,-925.33325,135.39488
23.879854,-1268.9194,150.98279
-17.896132,68.52,137.23758
-210.66258,-4445.687,105.49816
-303.11096,-6405.0825,107.33419
-545.09265,-8404.136,138.4416
-160.71216,-3286.697,109.48504
1.2096643,444.47107,138.02866
-167.26831,-2796.7966,124.74834
-104.093765,-1840.0056,164.60947
-340.57956,-4254.654,127.08546
-93.824066,-2427.8213,133.78635
-110.64622,-4465.34,134.63684
39.199356,180.0341,159.87611
-35.276897,-1430.127,138.5363
-67.84485,-1990.0872,127.39057
-306.11093,-4438.218,124.76771
-133.38846,-2393.9756,142.17264
-587.85535,-8416.244,142.09422
-559.02686,-9620.675,87.869606
-213.88054,-2331.5232,152.99811
-68.43063,-3130.7554,123.095985
-374.34036,-6111.465,155.29294
-163.73346,-2816.9797,115.13081
-175.05403,-2255.9377,140.22664
-41.715923,-2541.7942,128.6161
-199.7852,-3632.7346,124.24987
-305.2425,-5822.639,119.11647
-56.95006,-960.2621,152.49231
-313.12103,-3773.953,154.4208
-117.6212,-2085.8052,143.55849
27.16933,-1066.64,129.58994
-185.27216,-4604.155,106.22683
-149.46896,-2234.4238,136.85016
-18.762445,298.45877,146.15932
-198.31664,-3616.906,116.27547
-329.08786,-4326.3896,113.650665
-136.64456,-2683.3928,130.42722
-63.90311,-2065.722,140.1692
-200.89038,-3264.8684,128.04729
-150.6146,-3073.3286,138.53738
-35.569794,390.30896,146.61613
-158.90233,-2778.0645,139.8533
111.52621,-717.0637,135.17688
-109.23119,-2271.3325,137.50328
-172.71198,-1197.8113,141.1728
-318.0316,-4467.273,123.02707
-212.86925,-4358.8145,111.61338
-320.0709,-3891.7942,138.33928
-46.481716,-803.93933,131.86586
-247.08339,-4833.154,115.421486
-24.71694,-1128.6765,137.21896
19.679754,633.4113,149.71013
-54.757946,-1424.0232,131.31293
115.188774,1950.6414,153.08133
-4.2529783,-463.92667,156.72404
44.897705,-1209.2517,144.36429
73.27367,174.61992,142.85333
-9.729663,-1801.1956,143.15956
-341.6821,-4204.8325,130.29501
-333.66776,-5178.4556,133.34732
-101.9936,-438.39236,133.3693
-393.03278,-7337.231,113.724106
12.887466,465.78903,156.08673
-235.22552,-4109.787,120.77224
-269.4084,-4105.991,107.52744
-64.66496,-1241.508,137.87453
-126.940765,-1790.7278,165.3006
-73.52486,-935.2683,153.74634
-300.5955,-5311.432,127.20117
-166.56042,-2162.1777,124.854416
-125.7316,-3644.4597,108.12964
-221.57288,-2851.031,145.25201
-59.520992,-381.21414,151.35846
-162.17233,-1389.3535,141.79858
-395.97644,-6397.367,130.12875
-44.117695,-697.37134,132.34311
-430.4905,-3897.1985,143.90765
-246.04631,-3629.9548,123.781586
34.412006,51.301003,152.16077
151.98608,1119.1095,165.12352
-200.78972,-3640.298,120.13805
-187.24232,-2396.1792,131.82266
-274.24026,-4636.1177,119.57467
9.480382,807.4264,159.10089
-163.3074,-1630.9419,137.61237
-339.2449,-4074.3245,158.82938
-13.795394,-775.7218,126.68073
-95.81847,-1406.7808,128.58374
-249.7481,-1342.3713,170.27121
-261.09564,-5437.188,119.93939
-100.20591,-965.7058,151.3071
-367.17325,-5077.6567,149.86
-204.45981,-5371.4946,119.38476
-194.4128,-3605.1272,108.49404
15.789031,-219.37794,140.63095
-255.59499,-4004.2742,133.36967
-21.529356,-3011.3694,123.458244
-170.37332,-2250.3245,168.74109
-73.3374,-377.4268,154.03766
-373.34445,-4352.5938,146.34322
-324.1206,-5414.8496,136.11821
-226.08257,-3590.1335,121.019745
-112.84236,-823.03357,156.19594
16.442297,231.77489,140.20026
-154.55602,-1975.5679,140.02577
-250.89977,-3148.029,141.63449
-161.24606,-2386.3008,125.46493
-14.077115,-1204.7922,142.5476
-301.5306,-3540.3635,136.81966
-92.35368,-1580.533,128.32373
-249.58864,-2112.1567,130.44278
-61.60969,335.8193,138.67133
-79.74481,-1791.5625,132.5497
-661.8401,-8185.224,121.5876
-226.84622,-3958.138,110.69389
-237.57086,-3212.5867,112.81939
-349.79388,-4357.559,126.737366
-237.97478,-2918.2769,136.00388
-98.790016,-674.09155,132.84317
-74.3201,-401.00125,163.08229
-384.40424,-5636.942,132.37973
-321.87238,-4963.4346,138.1682
-88.04969,-268.31375,155.53114
-170.89738,-1553.0596,143.68538
-68.708275,988.31085,160.45448
-37.853897,-375.16324,166.63013
21.442978,-386.8893,128.4766
-523.6524,-8217.139,131.1104
-106.523315,-1590.1733,147.07358
138.5473,-1417.447,131.87392
-213.7444,-5519.896,122.79934
22.93782,-401.93655,146.14845
140.56769,78.61204,149.374
-167.05579,-1430.0771,134.27538
-45.648487,-2106.901,138.55293
-101.774025,175.16447,147.39539
-312.94855,-3232.1863,134.80098
-214.1993,-3264.828,136.82076
-112.70015,-2880.1638,125.71661
-251.7794,-3038.2856,129.94127
-198.07735,-3273.9587,131.94789
75.24051,990.63477,140.26218
-48.720875,-536.4697,131.37726
-233.21925,-3848.9495,135.8959
-141.189,-2581.232,120.71186
-383.04987,-7390.392,116.224174
-668.9865,-9492.836,120.278984
-429.20367,-7757.1206,146.17758
-530.452,-5094.479,125.250565
88.77272,1241.1034,158.5436
-19.980371,-10.144188,160.75568
-14.729041,-351.7637,127.233604
-230.57916,-2459.6006,139.81743
-381.13486,-5032.095,99.26272
-172.35446,-1366.5598,144.76189
-90.89201,-3063.9634,120.38502
-92.695915,-1434.052,155.53377
-55.572536,-923.4242,140.15158
-68.41492,-405.74686,143.80826
-486.18594,-8940.265,108.046776
-404.19354,-5175.769,138.79808
-3.6159868,-291.86856,152.97176
-19.105173,1043.3794,171.69981
-55.63812,-1648.7163,151.74995
-16.7833,78.10099,143.73242
44.780743,1102.044,155.64366
-379.12897,-6644.426,127.43628
-32.876545,460.98975,144.16116
-670.6745,-6836.1025,127.28958
-534.8474,-6935.9688,135.37746
-286.59686,-4215.9893,129.03055
-105.18651,-1030.5636,140.60756
-31.650663,-1376.6357,148.28984
101.52041,700.24274,159.43042
-358.5973,-5171.288,122.266205
-207.43512,-1906.9597,149.0657
-59.350254,-1334.126,129.34984
-83.05321,-2093.6843,127.72388
-218.95567,-3317.9382,138.3153
89.91813,-362.81253,145.8234
-42.721783,-1377.8174,137.33716
-48.558743,-837.97925,165.86018
-123.63649,-1107.9773,137.41
-40.581657,-148.03957,175.54742
-120.37926,-3150.979,124.583046
-218.9427,-6237.175,109.67228
29.689856,1342.8165,153.87816
-80.73168,-1352.2461,138.64291
-2.9350958,-1292.5667,125.69243
-90.28601,-1782.7888,140.37187
-273.6141,-2715.1367,142.91959
-4.178735,-764.92883,133.68365
-405.53812,-4929.697,148.58978
-128.6799,-3409.2805,123.8023
40.2928,-657.07544,153.58264
-151.86287,-2212.4546,129.33858
-125.98378,-2619.6091,136.96365
-492.92935,-7107.772,89.51508
-144.57744,-543.7561,178.63596
-320.07083,-4090.339,124.5518
-8.211337,-2803.3726,131.92831
-400.6302,-5351.155,115.99113
-285.3992,-5408.2295,139.00063
-160.7924,-875.18066,144.6198
-159.99342,-4084.9958,117.40778
-610.6917,-8002.437,105.62475
-199.63956,-2710.4678,145.92268
-277.6596,-4001.798,133.01904
-330.3799,-6460.645,116.98897
-269.2037,-4026.3728,121.05914
27.290455,-947.4874,113.85053
-39.503372,-1567.3276,139.86882
-920.70844,-9970.049,109.65485
85.469086,844.535,157.21269
-301.43347,-4229.41,141.17343
-284.08408,-5074.397,105.40262
-127.58977,-2516.8606,139.6985
-154.91484,-2383.359,124.579315
-277.6691,-3574.5237,130.0675
-154.40974,-2861.3477,129.77222
-207.37195,-3488.594,122.50258
-380.29193,-4976.0513,132.38808
-235.49413,-3029.7456,114.61769
-7.714425,-119.93105,148.19786
101.516075,-1544.7795,139.85486
-340.40695,-6031.7515,126.45356
-164.91496,-2070.5645,139.46898
31.83207,-706.1289,148.07666
-538.09235,-8538.102,95.84138
-93.85313,-2300.9739,133.39255
166.75826,-2182.257,114.71728
-145.08679,-1265.6096,128.74551
-197.7611,-5502.445,133.91052
-94.662445,-2402.4045,119.661446
-622.9772,-8168.899,113.08057
-62.294018,-458.68008,153.17134
-469.11005,-5772.6753,115.855965
-356.82004,-4328.121,122.41047
-267.0173,-4166.009,130.81143
-276.95734,-2747.8071,153.31042
86.0622,936.3189,165.56706
-80.566315,-2370.217,126.42074
-16.102076,-231.34303,137.7492
-73.7798,-1274.7063,119.48402
-113.20032,-4691.8994,112.00235
-153.09445,-1572.5479,141.5427
-93.313255,-1253.27,123.47335
-93.628075,-3179.1418,111.728935
-166.113,-1813.6138,142.05289
58.62642,688.41016,156.0421
-166.18071,-3131.6108,122.73265
-323.53552,-3243.529,114.718315
-112.47809,-2699.7014,148.94368
29.427393,145.95403,134.79483
21.318375,-1329.6116,155.18651
-176.48482,-3013.3005,142.95847
-201.39822,-3056.696,145.557
-85.12806,-2681.3518,127.904305
21.459044,-411.37735,149.16293
-15.434838,-1480.4155,156.69298
-16.750341,469.13086,159.17674
-253.31761,-4289.8374,127.62812
-35.727024,-4967.6763,127.897934
-360.38507,-3822.702,119.09042
-144.30948,-158.6584,147.15181
-121.10466,-2573.5847,143.78682
73.69327,-1545.595,123.47142
-290.8201,-3954.4426,131.3778
-161.20776,-2441.797,155.5297
-254.72176,-3023.645,144.22769
61.534878,-474.62015,140.16849
48.840076,-1421.3816,145.05144
13.224311,800.3943,146.89145
-161.13446,-2706.4836,122.21041
-370.36932,-4463.623,132.48323
-110.00076,-2422.5166,124.507164
-161.11917,-2451.567,171.0406
-139.41289,-3324.535,125.02007
-155.20999,-3067.6736,132.40535
-89.79815,-452.2653,153.70238
-173.67767,-1681.156,148.85255
-185.4929,-4552.837,142.13019
-190.48691,-3222.5918,132.53021
-208.67389,-3409.64,128.59503
-133.75525,-977.036,134.60486
-213.87665,-2776.8577,135.85295
-570.59,-6149.4795,127.495026
13.188035,-1306.644,135.93956
-123.055954,-1305.28,171.11377
4.1770763,-1196.6501,140.66183
-46.939346,178.82487,167.8206
23.400032,-993.9071,174.31967
105.43646,601.70856,158.74928
-178.73833,-3866.4578,133.29851
-316.76822,-2688.672,144.06714
-154.65878,-2483.2449,124.39256
-558.324,-8684.673,117.42491
-153.31628,-2551.0977,125.84218
100.4872,491.35507,144.35907
-94.30675,-602.69385,155.9906
-109.512215,-603.2588,177.53937
-141.82576,-1720.581,153.08943
-181.74763,-2188.339,124.485916
128.75764,-1131.3784,132.37408
-74.8069,-2902.0554,129.6304
-105.56515,-3112.867,131.86058
-147.04318,-2225.5862,153.73064
-316.19153,-4003.6428,120.085846
-98.59779,-2191.144,124.50431
-51.39835,-384.92093,154.24568
-148.50447,-4497.155,127.535675
-460.60507,-8843.709,86.42094
-17.053522,-704.9358,132.1547
-142.57483,-2441.7434,138.42221
-202.08435,-2464.1409,144.18005
-60.216473,-1666.8064,137.37962
-43.027687,-1693.3811,145.00519
-211.84254,-5394.788,142.19283
-339.55835,-3257.8665,135.9076
-155.1116,-4532.958,113.575806
-97.54696,-3261.4036,124.10986
98.48898,405.03693,141.72609
30.236254,-427.02286,140.16292
9.791198,-1585.3228,134.30351
-185.6028,-2993.822,109.42962
60.116707,81.35056,144.26367
-331.04675,-6961.378,132.66832
-110.79309,-1190.6448,139.60565
-130.65094,-1056.93,145.56552
41.14243,38.35563,145.62817
-379.25757,-5428.272,119.8435
86.763214,-478.30887,131.96452
-496.54953,-6686.5234,126.0965
-26.945112,-1097.8634,144.87325
-6.074464,-1461.814,137.76057
-12.667748,-1542.1943,132.62701
-192.2996,-3263.223,113.32295
184.34647,1042.6384,133.72493
-1.2805872,-1816.1897,125.2123
22.456615,-57.220726,160.45517
-105.804665,-1717.635,141.95718
-289.34714,-3865.0833,131.19194
-47.22228,-1740.9749,137.643
39.105564,-1030.6387,137.52919
70.58825,294.90732,148.48903
-528.9654,-6555.941,146.59355
12.223784,-271.20023,144.71877
-320.79474,-3449.7634,129.64258
-86.34575,-2086.8093,143.54703
-9.55367,-2314.5195,124.82626
-49.154713,-1799.9026,130.41173
-365.9923,-5295.8433,123.016426
-86.00013,-831.5968,153.77501
-63.723835,-1540.3047,135.32948
-10.618657,-163.0464,175.44664
-33.562233,-140.07191,143.56499
32.67044,-2311.521,141.88101
-152.9626,-983.7202,146.45813
12.436511,845.3445,162.66237
21.193958,-316.37894,138.39635
43.51907,489.70462,141.85413
-54.6266,-740.55005,150.36809
104.09543,826.9413,156.20908
55.90542,-702.8456,121.35719
-190.90436,-2273.395,132.6956
-199.49712,-3363.949,123.00604
-315.99405,-3265.0217,128.50775
-232.50856,-1945.6931,164.07172
-7.2026205,-587.71704,133.98152
119.51156,1141.3293,161.39522
-43.627773,-774.23645,141.81287
-184.6638,-2402.565,135.57593
47.51259,-1967.1279,118.486115
-221.84096,-4479.7944,146.5704
-97.32889,-65.639915,161.02884
-130.42184,-2648.9304,140.16997
-62.49178,-539.7738,128.27126
-108.683945,-2472.5874,134.77281
-383.04013,-5855.64,132.23338
-184.00919,-3652.4788,109.0263
95.00804,753.948,151.31786
-243.53828,-2761.8354,120.740845
-85.069695,-268.36966,157.02661
94.80102,352.69235,138.44571
-184.60555,-3738.3625,126.90648
-109.81318,-154.09541,164.2788
-1.0586462,68.039894,136.24594
-573.3105,-8420.619,98.01423
-40.99591,152.84666,142.70992
-295.62125,-3140.4363,137.55922
77.03034,1493.8479,149.7427
-64.62191,-4338.0776,116.22912
-233.91959,-2825.8965,134.40825
-690.947,-9621.888,122.819435
-72.73543,-175.30605,157.98637
-133.57307,-2238.678,132.35892
-160.49355,-628.33167,138.03612
-28.605509,-399.64285,148.61603
-338.66113,-4262.777,128.81102
-322.36258,-4737.496,144.59143
-308.50464,-4581.9043,113.85472
-443.15536,-4865.7476,127.229034
147.66528,623.35406,152.26755
-187.38297,-2835.4563,147.30313
-463.09854,-5675.469,131.19966
-97.46996,-826.8657,139.15118
-265.45746,-5984.462,122.75915
-112.955215,-1339.6873,131.89091
102.37573,-278.31485,142.73596
47.091976,722.1856,141.60913
-348.91837,-3561.3845,123.27488
36.815582,-707.82605,149.39607
3.431407,-2315.877,128.01544
-64.66673,-1666.3611,148.27097
-237.19992,-2299.4016,138.67227
-284.2659,-5147.6807,135.88515
-333.97992,-3140.5088,131.21298
-136.36777,-1979.5056,132.719
-184.57188,-3934.992,119.44573
-138.10764,-624.5752,150.45198
119.40104,1288.121,143.58232
19.640345,-857.12964,137.44968
-134.7558,-2438.2378,147.91855
-396.00928,-4348.0957,119.50044
-80.28271,-1376.6624,144.68431
-40.698437,-559.69507,150.96953
70.882034,771.7269,146.73463
-259.10004,-4771.336,102.13365
-135.97394,-1704.3076,136.81856
-273.04922,-5401.418,118.41939
-44.70104,-947.88184,135.38129
-200.49881,-2518.232,114.475914
-93.59416,-3289.7517,134.41043
-237.03163,-5118.939,132.08777
-78.5917,-709.21497,166.52739
-170.7096,-2434.8208,127.87999
-388.18506,-5325.3013,107.65652
-237.29324,-3515.9246,133.87688
-63.446995,-3612.906,120.14751
-20.841936,-1467.6187,147.29575
102.90586,342.8304,139.27219
-142.01245,-2490.221,129.98053
-159.61588,-1776.5046,165.40286
-255.42833,-3313.2625,122.62945
12.739005,237.57158,135.17313
-376.0411,-5585.447,99.89797
-132.13687,-1550.0476,125.52627
-272.70718,-4798.963,141.22995
-79.32948,-1168.4669,152.72029
-78.510796,-1004.3634,125.491974
-201.61415,-5053.691,138.46759
-588.2362,-7323.9126,112.5835
90.50618,1742.5319,144.63383
89.9339,887.4552,143.3159
-324.01974,-6385.086,123.360405
-10.056415,-111.14895,130.1883
-100.98127,-661.1128,166.11653
-91.26654,-1026.3726,144.311
-52.410175,504.9009,138.92497
-241.42863,-4237.3354,118.54374
-216.9894,-4936.988,112.65782
-36.844097,-1342.8259,124.989914
58.53488,706.2213,152.60347
-885.50525,-10394.93,133.96991
-269.72095,-4474.448,127.62133
-165.89005,-1811.5647,149.6414
-53.52412,-2143.755,116.762375
-551.1527,-6660.223,129.20985
-352.74612,-6464.435,90.4669
-131.23297,-3391.6985,119.898415
-367.9305,-7375.739,116.81166
-34.223053,-2258.9429,117.139626
-62.235973,-89.19363,145.1424
-352.71393,-5973.5293,121.89156
-475.7607,-6013.655,101.77227
-0.23098853,-360.30142,135.52054
66.845345,-1333.9592,139.18875
-143.25708,-4653.714,121.73083
-317.14062,-2950.6895,131.84769
36.602318,-1058.4557,161.8373
10.783942,-427.0607,142.31468
-96.65209,-1362.5933,146.8025
-15.036868,-978.7318,143.68541
-95.867195,-289.76382,152.24144
-76.4733,-341.8793,140.29315
-336.15927,-6835.3857,139.17157
-172.56093,-2806.945,133.71172
-61.238194,-1995.8484,120.29249
67.6035,-24.96444,138.49835
-303.06042,-5241.567,102.90723
-284.15372,-4567.7163,127.137054
-75.015915,-1221.844,143.76843
-116.70955,-2973.9524,121.31368
7.9491615,-1704.2102,142.521
-295.65314,-5137.4556,97.69302
107.878555,-368.68997,149.50507
-220.16257,-4056.7312,131.07887
-27.4429,22.519508,148.55684
74.87054,1485.5322,160.47441
111.10806,156.54112,158.68779
-144.28085,-3593.3054,125.695786
-164.42601,-2238.9055,133.0665
-212.76756,-848.21765,141.41913
45.95353,549.6359,143.24417
51.38683,1083.0332,161.92215
-440.91498,-4880.595,129.77724
-86.207405,-1804.581,131.5502
99.52535,397.57886,133.12663
-226.46112,-4167.0825,106.17354
-117.893616,-587.8639,126.681175
-516.87506,-6797.505,142.08072
-228.00563,-3446.2048,137.21996
-218.4708,-3168.2134,142.4139
-100.589966,-5.3177104,153.29164
-148.65118,-1805.4062,140.07208
-4.724082,-1079.2527,143.04181
108.10966,-113.82809,148.93927
-142.90134,-1819.4592,139.92384
6.3650007,-1539.4873,119.22635
-6.7889624,-732.21545,135.09738
37.67375,-226.12819,127.93668
-68.31571,-21.510155,152.05693
-266.54517,-4770.6177,130.30803
63.875267,317.78513,142.66087
-268.50443,-2367.3376,174.51218
-74.50261,-974.39404,144.72455
-240.30965,-3757.6692,121.416466
-296.29105,-5831.79,122.665
-214.23149,-2588.5083,130.95303
-604.0499,-7073.6587,129.0635
-135.61089,-4845.3438,113.851746
-191.11348,-1901.1587,126.25599
-10.306237,-1018.3236,140.8044
97.732864,-2203.2742,131.10106
-189.28683,-3779.4583,127.34561
-228.12177,-2625.6926,136.57442
-200.3968,-1209.187,139.10025
41.22908,-2497.4832,119.064156
-90.211296,-544.2529,162.2795
49.817757,-2386.2441,134.60922
-60.390705,-1435.8362,125.56608
10.285087,743.73883,146.09325
-140.48845,-1596.2673,144.39473
-246.38509,-2028.0969,129.81036
-33.467884,-159.52516,130.15375
125.07703,1583.3677,155.79503
-4.975089,674.0937,157.44048
-278.38403,-3361.0334,137.41872
-180.33276,-4674.0835,112.20249
-252.32603,-3728.658,131.73209
-397.89178,-5809.0425,102.30758
-151.80397,-1437.5596,123.677574
-15.690209,-231.26979,129.53203
-36.204887,-1063.6049,165.45177
55.979538,-669.43555,140.93929
-187.41046,-2964.5764,143.46397
-235.07455,-4012.965,144.42538
-214.0408,-4796.1504,117.48404
-169.31253,-3859.9841,151.1277
180.1157,277.2565,149.46439
-389.24164,-5933.2627,100.317116
-114.63081,-3428.9817,127.26457
-164.68623,-869.51196,146.36505
-12.932748,-1622.6433,136.53549
-377.01328,-4659.9375,145.92659
-141.74902,-1623.7361,149.67429
-132.22705,-2187.6738,136.81615
-153.79045,-3453.5417,133.32635
-23.820066,406.01038,156.02777
-93.5276,-1297.1501,137.0
-157.42943,-3468.1033,125.51224
-422.88016,-5556.576,120.73044
-90.886795,-2975.9246,108.26773
-326.55917,-5503.104,115.001305
-96.85695,-1332.124,142.92773
-8.286647,-695.2677,144.1206
-26.507692,-106.25588,154.73134
-88.346855,-450.94656,143.4951
-82.56458,-2413.3374,108.10488
-321.69434,-2484.6418,126.66741
-206.87296,-1785.7378,140.83487
-331.66412,-2853.6064,151.49606
-272.31686,-2488.1377,128.95244
-120.45123,-1886.2227,138.4137
34.642673,580.6101,179.97989
-129.51846,-5670.2993,134.1884
-424.89368,-5545.4272,132.4109
-305.96286,-3099.7463,131.915
-82.78569,-731.01685,156.07993
-80.73305,-2379.6987,133.3202
-36.439972,-499.45767,146.0288
-27.149855,-2121.373,119.48663
-205.35278,-2163.3386,114.22016
-22.007082,-1713.6409,152.05634
2.5019684,-3018.6218,129.19621
-170.409,-2979.966,138.19107
-196.63745,-3670.3176,128.64832
-239.235,-4300.237,137.88736
-290.17276,-6930.0195,101.863884
-209.30725,-3692.0256,130.25468
-28.545671,-2995.0557,149.74469
-250.02428,-5502.6255,107.350586
-573.779,-8772.164,112.76216
-267.24026,-3858.385,146.7983
-39.656754,-3562.132,120.84927
86.50981,1401.0033,160.10663
-29.981947,-301.44485,151.76042
-173.53484,-2283.2969,129.1091
20.35632,231.98692,126.56144
21.756493,508.09024,151.3015
-279.73953,-6473.4736,114.018074
67.165596,-1241.3013,135.48172
1.3001957,411.91092,140.32559
-34.023075,-866.39197,154.05202
-376.98663,-4436.6753,132.82764
-297.34222,-3907.6604,124.68877
62.63049,640.2957,152.90791
-91.383484,-1256.7437,151.29457
-509.0184,-7902.4155,120.06585
-180.42525,-4982.2026,112.616875
-385.95407,-4887.9585,136.73882
-66.53197,-752.60596,142.83505
115.5096,195.72325,142.16785
-202.71928,-3255.8684,116.51749
-54.660374,-1800.3469,144.64806
-106.99505,-3736.9915,134.12653
-388.72855,-8054.8247,101.909325
-305.76636,-3701.589,126.19249
75.305374,-156.5826,135.62105
-195.88225,-2149.8792,133.19603
-167.12595,-2595.1824,163.89279
-49.502895,-957.78845,161.03802
-222.32095,-2029.4456,138.20361
-21.501226,-1564.1672,137.86179
-139.23895,-2848.0916,116.758896
-251.41393,-2816.239,152.65182
-160.60135,-2013.2639,150.12901
32.762688,-419.55643,140.52878
-370.31308,-5883.743,121.6422
-221.05028,-4646.6973,120.66882
-113.960266,-1452.6804,141.8341
-306.0198,-3791.4094,129.79985
-238.6066,-3060.4636,140.00078
-200.43651,-2329.2605,133.6445
-427.02573,-5681.8853,141.46571
65.42095,438.19067,153.15611
-18.276743,-947.8523,152.57103
-429.0569,-6514.1064,103.1843
134.32007,-57.0328,140.2549
-184.01671,-5342.6157,103.2326
-214.68709,-3419.113,145.65376
-133.09517,-937.6421,130.82785
-99.91069,328.74728,134.95522
-92.54527,-518.9016,146.34163
-149.80046,-1031.499,151.96475
32.652077,-595.46313,144.54268
-137.11333,-699.6643,161.84358
-273.24356,-4034.4246,121.56839
-5.3334665,-170.24525,144.22166
1.2691612,-112.79311,159.69737
31.438538,-74.337975,151.32368
69.889244,594.19385,152.8021
-28.049383,-256.98184,128.74333
-181.17047,-3457.03,142.56468
-231.12735,-2299.9248,138.5181
39.375793,379.36337,153.16801
-173.39787,-2664.7495,158.04094
-5.7308435,-37.83822,155.13675
48.011654,-4162.2017,106.9519
-199.0735,-2665.1716,143.20381
-200.6555,-3101.3416,116.2299
-331.2599,-4955.333,125.90499
-50.350925,-808.7853,151.8252
-124.41989,-1308.9714,158.77977
57.47692,732.97943,146.96556
-121.237595,-930.959,123.65458
-360.51147,-6330.7114,123.516556
-48.59714,161.38243,141.35956
115.95802,-356.88565,140.29688
-197.66571,-3816.656,111.53393
-316.64465,-2777.2126,149.39711
-119.91321,-4164.521,128.92679
-308.25464,-6145.519,101.2942
-57.684345,-2410.2764,116.25352
14.971464,999.1486,157.53783
14.484593,-2255.9155,138.0332
-95.29777,-378.60794,168.08545
-316.68738,-4782.986,123.54788
-37.22406,321.9066,152.38655
-128.48756,-2991.2305,122.54386
44.169125,1004.49896,158.01756
-529.4269,-6382.4937,118.550224
-94.17534,-1339.8711,140.24463
-111.83089,431.5251,150.74968
-169.27975,-3626.074,107.15216
46.461487,897.4732,133.8318
-150.13649,-5260.1426,92.73105
-59.405903,-206.95656,132.82115
22.906513,60.8491,181.81596
36.398773,658.6284,149.2893
-204.65846,-4682.969,129.08217
-277.57574,-3529.5056,140.19376
8.311389,1352.4841,173.4439
-225.41684,-3319.7546,124.51998
-59.993626,-1584.0659,163.29285
-130.71661,-1271.023,160.97705
-476.01855,-7186.3735,130.429
-359.04535,-6405.3315,122.73085
-458.80032,-6106.774,133.57301
-411.79178,-7294.49,111.21358
-18.522104,-509.9423,134.77527
-329.782,-5638.012,115.36008
-129.28867,-1909.426,138.93839
-49.81361,314.40854,138.37111
-333.1318,-3690.0823,137.72678
-82.80211,-457.99722,155.43854
-322.12796,-4096.385,132.30727
-295.01297,-2986.262,141.22575
-418.29822,-7136.8643,136.03638
-87.569954,-1935.6003,144.88617
-93.93129,-1581.6912,142.89467
26.676683,26.027077,142.42291
1.2165899,-829.95996,126.603096
-184.75275,-3726.7556,144.55931
-322.60248,-4745.9062,115.75467
-153.15373,-1702.7769,144.55475
-79.868706,-812.4198,138.80585
-319.19333,-3440.2527,135.81467
82.13075,-66.45687,143.55544
24.485945,385.5684,142.83711
-237.39598,-4467.5625,131.52975
-177.85304,-1477.6438,144.60321
-92.61495,-1263.0115,141.69893
-365.34473,-4397.4976,133.29709
-131.54526,-3369.3098,143.89734
39.78933,40.647682,132.49625
-561.52344,-8315.033,122.89701
-191.82843,-2882.9841,134.63634
-251.15999,-3572.553,121.56144
-398.6381,-6307.0796,113.25425
-214.53564,-5077.2705,135.01407
-65.55322,-1763.0266,128.21878
-109.33471,-2184.1494,141.8332
-597.83997,-8967.775,111.63679
-393.39157,-3632.194,117.96272
-85.739586,-503.20193,140.80096
-84.34138,-400.1708,166.58446
-102.25724,-1935.0366,130.51627
-15.291045,-647.2268,146.79279
-179.73746,-3029.1926,133.862
-73.14726,-1119.2173,129.21667
-253.21742,-4715.989,110.50557
31.602362,-243.82985,138.14864
-177.00903,-2462.7705,120.31693
-187.40993,-532.39087,165.46196
-80.615814,-1370.2239,119.39327
-155.19885,-1746.0303,131.59753
-190.25253,-4611.1753,104.85899
10.257162,-1389.7258,118.29426
-193.29306,-3355.573,116.87155
-134.7005,-1356.69,134.29651
-87.9929,-743.2484,147.70886
-210.32072,-2465.448,145.01636
-356.90173,-4613.877,135.28714
-56.246647,-906.7567,150.3838
-106.53883,-848.14075,141.73724
36.315582,431.6867,162.15697
-101.88942,-2350.3633,119.37179
-166.61888,-2540.484,108.569916
-170.48933,-2189.2712,132.30074
-348.5135,-5221.0923,120.860085
-70.09203,-524.54785,139.00887
-292.6238,-3452.182,130.6503
-37.99137,-1732.8765,130.70367
-43.561234,-1833.3376,115.15665
-104.750404,-1236.7048,126.87183
-174.63042,-2129.908,144.953
-241.38734,-3956.5588,113.567245
-75.66752,-1836.2854,123.28761
-273.6011,-2149.734,156.40865
-221.51395,-2478.2356,116.70848
-1.4522524,-269.80167,159.55092
-36.81048,-3071.1208,116.54433
-445.87897,-5874.28,130.74289
-335.48434,-7198.106,121.720535
36.45995,581.0968,154.80952
-118.2943,-1778.635,131.11707
105.01663,489.2679,153.12148
65.61794,-223.24171,148.79225
-57.765133,-1830.96,130.85863
-251.21037,-3320.9265,140.03067
-448.8759,-6876.558,111.54659
-165.45877,-1855.3142,129.35167
-432.44836,-5711.7197,126.108215
-470.64368,-5449.4766,112.566925
51.46897,142.9818,155.22182
-139.4584,-3875.8386,114.792564
-70.38764,-1356.4653,149.79182
-129.08443,-2247.206,145.20238
-295.63705,-3987.7468,124.808815
14.0658655,-783.0425,117.01841
-153.52808,-1975.8271,153.452
-227.97768,-6020.3584,131.215
5.924449,5.7119527,139.07477
-42.21442,-1641.8118,161.26294
-189.0914,-3045.8357,156.00827
-239.28198,-3431.804,134.0934
-87.00669,-621.93665,156.99046
-249.38243,-2407.0977,146.15802
-178.46945,-5046.9834,120.15611
-230.16376,-3330.348,137.18576
-150.19229,-2495.2092,144.87662
-129.92467,-746.7915,127.66723
-194.3634,-2557.0889,177.10123
-153.73628,-2510.4705,143.35857
-119.40015,-1497.9736,138.07878
-62.989124,-1892.1008,134.25507
-78.93204,-2774.4685,136.70583
-249.72041,-4868.0996,125.98017
53.630924,-3546.7336,111.683784
-385.09146,-7504.273,114.13092
-130.23677,-1337.2424,146.70961
-371.7212,-6231.171,134.21971
-19.122599,-1079.1792,152.20285
-147.54659,-1206.6589,149.63086
-206.44228,-2681.2844,143.98213
-99.07653,-2394.1763,137.69003
-116.06688,-1401.4961,122.91032
-285.28503,-4344.8154,142.51233
-546.64484,-7728.486,112.54481
187.40512,1465.7567,138.43272
-12.444476,-1643.2937,140.33849
-257.8632,-5505.7437,111.56166
-158.31445,-1988.5923,144.63527
-259.73053,-3251.989,125.308685
-1.4381952,418.56982,137.97388
-178.537,-3658.7766,124.095474
-125.05798,-1642.5999,121.44005
-124.29216,-3582.4807,113.718925
90.73011,-259.86588,130.78711
-38.718575,-417.2449,153.4878
-245.80241,-5372.8354,127.99152
-210.83559,-4619.9385,121.718124
-236.05243,-2196.6274,135.24864
-183.48802,-2573.0083,134.79399
45.844482,-123.05489,146.64346
95.06483,-668.1671,137.06953
-94.684135,-1222.8755,122.51181
-271.47717,-4750.105,107.31394
-373.44928,-5234.561,151.81082
-224.17761,-4921.94,119.2255
-77.71319,-427.48306,142.2086
-87.34062,-4345.5586,107.81557
-535.4847,-6662.811,121.042946
-253.05202,-2879.779,138.33633
-96.81436,-1896.0327,135.24667
-29.735552,-2507.6597,143.2426
-235.05705,-3253.8875,135.16733
78.51943,-263.6498,154.34898
-361.92258,-5325.6733,133.93668
75.19765,-1264.2622,146.09851
-87.21738,-2831.9333,149.51762
-263.8223,-2697.746,141.55371
-354.11105,-4221.6816,129.10503
-35.857067,-1935.0591,155.79982
66.389465,-506.61148,144.2321
-196.24986,-3902.4192,139.56596
-232.33595,-5340.1104,111.787766
-143.76675,-1294.4424,136.0535
-182.65932,-3844.4563,123.2291
-48.935368,452.9594,143.88979
-371.3409,-4880.812,106.99147
-268.65857,-5064.656,122.309944
-0.34527114,-763.0167,132.6809
41.41453,-1348.3936,129.17276
-19.91915,-182.88136,148.29477
-151.47511,-4832.11,125.444305
-232.64679,-2132.336,117.02857
-29.13151,-972.1074,162.71805
-503.60355,-6741.192,140.7129
41.60624,-1041.7861,177.8474
25.227987,-694.07874,144.38823
-6.679595,-1400.7253,130.86237
-481.0357,-8788.015,90.6875
-199.7836,-2242.7188,158.41971
-234.91328,-2228.4116,136.99168
-198.06343,-1588.9539,134.37817
-73.388885,-3418.8103,112.44685
-172.60422,-1539.1846,148.37206
-201.73578,-2850.6365,120.33627
-285.60648,-4135.161,143.37358
-564.0995,-7779.031,120.4228
-202.21162,-4170.7256,128.13817
-122.50412,-1099.1953,126.49594
25.824224,-332.3782,140.31169
-429.80774,-5173.8447,129.01959
-120.5719,-2577.2612,135.61935
-7.59468,-632.3861,141.55869
-201.2524,-2446.592,126.6345
-220.52663,-3738.3713,121.82442
-472.3325,-6389.8335,118.61887
-136.54599,-1866.6958,138.82228
-179.18613,-1734.5076,125.55212
-259.85046,-5194.679,137.23749
-115.87239,-422.6088,153.62587
2.4490776,-221.13417,161.7623
-168.75365,-1569.0654,123.67699
-240.96297,-1912.9126,141.08072
84.50739,693.7343,146.81549
-633.5841,-7146.6353,124.63128
-336.43665,-4536.7144,128.8993
-182.7688,-3698.1565,127.66366
19.086452,-467.2062,154.58556
-395.6267,-6213.0493,114.30368
-276.9207,-3667.4758,123.89773
-122.18727,-2826.96,134.39085
-32.891724,-273.46915,143.81023
-362.605,-5559.465,132.85655
-22.016806,-438.35587,128.4324
-198.47581,-2494.225,152.43044
9.710584,-2001.9622,138.84647
33.348427,-951.568,131.19243
-137.88873,-3182.6975,125.676704
-158.88463,-2496.1472,121.237434
51.83625,1317.5583,157.22458
-218.82207,-2493.7942,141.92671
-82.51761,-153.32399,149.35895
-180.21732,-3694.4983,119.44039
-210.04012,-3167.73,132.07108
-16.981699,1239.4653,153.5483
-98.69482,-831.0215,157.01894
-277.3127,-4209.0884,129.92036
-100.86372,-1948.7302,138.26788
-56.943317,-591.9087,149.6001
-462.3841,-4866.8535,116.41724
27.256588,1366.3053,154.74702
-78.65946,-856.7811,149.34036
61.790745,-348.71548,163.40878
-134.1655,-1582.75,124.33788
-190.92857,-3413.0496,110.448586
-141.38896,-2357.5354,154.5899
-139.60321,-2395.9866,126.780815
-162.87222,-941.8336,145.28651
-56.998997,-2200.8933,139.28894
-8.135373,-155.96992,155.15976
-677.6811,-11357.637,119.79316
-69.963104,-3214.349,132.09111
-53.86794,-861.2196,126.80207
-144.85924,-1821.6777,118.64887
-152.74205,-1314.6978,131.72794
-240.13179,-1810.0676,169.57468
-303.2142,-2641.9426,132.4673
-414.8471,-5758.6274,126.934616
-67.97762,-232.30397,177.12988
-54.354023,1052.2999,158.9599
12.994539,-2557.39,123.18733
-263.6363,-5547.792,125.50123
-92.59129,-721.3655,148.65411
-87.34619,-1396.1277,112.505486
-49.012524,-1283.9797,134.81389
-203.84009,-2574.593,136.70862
-309.17844,-3124.5505,138.4708
-311.57886,-3701.7458,108.220276
7.140831,161.02757,148.09776
-112.56584,-3599.3865,142.96635
-3.676324,-768.43396,116.207214
136.24265,1561.5178,161.62634
-211.30165,-2731.2527,135.77065
-411.13666,-6701.638,120.57768
-41.404346,-1608.7349,117.10147
-226.30608,-3337.8113,122.63252
-53.77152,-2175.8945,128.7773
-331.88016,-4300.039,124.48943
-202.32431,-1195.303,141.60991
-201.742,-1659.4548,144.24483
-98.877365,-1172.0103,168.41759
-98.45401,-917.2739,128.346
-505.64835,-8221.079,96.47377
-143.24792,-1697.9319,137.20335
-74.97466,74.31901,135.36203
-182.55649,-3887.9524,142.06082
17.901594,-2599.1577,137.23047
-241.23845,-3406.8997,118.97291
-261.63367,-3424.445,147.76762
-22.441603,-1813.833,150.50237
-165.10431,-1481.8547,161.5636
38.71914,723.782,142.79794
-68.082016,-1404.7717,142.84143
-407.9301,-5812.2266,113.57753
-322.7535,-4258.6885,141.6659
-107.96827,-1952.6824,146.89876
-107.92666,-1256.2817,142.05237
-51.727795,-1841.2854,133.49782
-8.953416,102.30601,135.72334
-80.874374,-1346.3604,139.69804
-241.26405,-3696.3103,115.75827
-151.6635,-2393.027,136.62064
-284.35062,-6041.8447,102.956726
-249.4309,-3583.4612,139.64082
-36.34569,-1561.8462,157.12611
-284.78412,-4129.851,118.853035
-291.19565,-3871.0374,129.13658
-217.55998,-3949.2112,138.91008
0.09910677,-470.38773,145.5514
16.247766,-677.563,136.63101
40.27985,-1253.5952,150.4564
19.96107,-233.70045,170.13606
-196.57217,-3547.2307,122.884895
-187.34453,-4091.5618,114.702484
-82.40632,-70.09579,153.7398
-87.25968,-805.2716,141.04211
-179.07855,-1558.811,158.53662
-35.56324,142.86296,135.0786
-99.90093,-267.6453,173.5015
-224.64973,-1955.5479,133.49402
-52.515324,-3132.7732,122.67065
-193.61052,-2673.4084,117.93117
-73.415825,-120.40627,146.59018
-188.9023,-1688.5383,141.94566
-184.80449,-2218.2954,149.10175
-186.11177,-3221.277,138.93251
-252.89543,-3640.4387,138.72542
-118.547485,-2576.277,146.43167
-218.59677,-2471.8323,127.75269
-263.96503,-3144.3022,147.74937
-21.676447,-1576.9812,133.42891
-53.857243,-1481.4731,141.85841
-18.99027,-168.56801,135.41345
-269.9487,-5399.6904,126.94686
-34.732048,-1440.2703,130.37552
-218.93709,-3518.7708,135.66417
-177.39734,-1530.9553,122.813866
-103.57911,-2254.6416,136.94566
-0.83640385,-89.975975,142.85338
-185.3828,-1014.91455,151.46895
-71.8543,-379.53543,141.58984
-91.19687,-3274.2385,124.95802
56.257393,-345.22586,147.71762
-399.35217,-4059.1003,144.68564
-41.984924,-1631.0913,140.42123
-231.41121,-2682.2852,164.08784
-262.66846,-4815.3687,119.913445
-9.337182,-456.04092,152.41913
-129.70026,-3734.4202,140.24675
2.7088432,816.06445,152.5183
-66.86785,-563.64514,155.6325
-362.5525,-6903.9614,114.46498
-321.00754,-4216.6523,108.064514
-190.27925,-2815.7917,141.84079
-246.5818,-3771.4495,128.54326
-100.38073,-1477.7607,135.68846
48.07043,104.65824,141.06079
-80.72014,-3009.3813,115.74173
-135.9367,-979.21936,161.866
-303.8253,-5238.5947,128.36685
-210.65935,-2754.119,110.79919
52.923058,891.2634,158.47746
-101.917206,-1894.1438,146.42047
-29.109026,-57.521507,146.31656
-44.523335,-1082.7048,146.05319
169.1768,-621.9337,131.50139
-388.9484,-3889.7449,128.84937
-67.43505,-601.61035,143.26805
-25.85039,-2415.9004,120.86761
-490.1055,-6363.4487,103.55444
92.372536,-998.89575,118.363556
-18.285215,-528.27026,141.31784
-688.7273,-10457.916,101.86493
-66.48532,-845.0774,145.20317
-129.51318,-1860.273,138.60257
-562.3872,-7194.494,142.59048
55.94793,-225.89552,140.22234
-161.69353,-1016.32764,126.706726
-56.995693,-1029.0067,139.09947
-201.5867,-3097.4592,140.99663
-228.47906,-4192.904,117.48127
-18.833334,-768.7573,149.03346
-62.805782,-1044.5571,134.87794
-12.789424,-583.187,127.27272
-654.86884,-8084.9556,109.836815
-2.8320646,-755.5952,131.26944
-287.10455,-2763.1,122.693565
-332.4102,-4541.162,123.686386
-138.17387,-1505.2625,143.31755
-379.5328,-3637.6794,129.638
-172.04214,-1088.0453,153.75287
-408.84192,-5454.4336,126.61031
100.0163,135.18077,156.47249
-225.54364,-4578.626,110.08137
-42.499165,-1539.9182,151.10472
-333.1576,-4971.697,116.48797
-125.24872,-1559.2795,141.39766
-20.990778,-1233.3174,129.76447
-107.327515,-973.2091,165.61577
-118.67972,-804.6808,149.5561
-425.42697,-5906.6025,115.52062
-151.05264,-1253.1982,150.37703
-593.1921,-9316.155,118.27495
-248.96455,-2544.3716,163.9626
-130.61433,-1951.7969,130.7147
-208.01784,-3010.8728,132.62837
-300.79987,-3933.4778,103.431114
-264.223,-3958.1746,126.147194
-128.28139,-5027.928,139.87123
-22.127363,-148.72505,148.4852
-266.5712,-5128.8994,120.56912
83.515335,-76.66317,152.9531
-334.44406,-4036.4421,110.710434
-1.4169664,-118.64968,169.70078
-429.22034,-4760.506,138.36392
-449.02502,-6668.8477,107.057465
-243.97276,-4597.535,95.20441
-251.37016,-2099.2175,144.0135
-150.24797,-4418.7095,123.09188
-242.86122,-3249.4377,129.05591
-30.72684,-3635.4255,135.8395
87.134125,189.68382,155.06775
-140.27048,-1951.8865,118.75691
-112.02692,-2174.4377,127.122215
-223.38707,-1656.1194,164.64537
-595.5665,-9206.904,103.1963
-4.874156,-1294.2917,138.20258
-124.73201,-2403.638,142.7853
-39.556087,-2086.8525,128.25839
-107.10179,-2370.9626,143.88405
-442.4337,-5572.496,132.00061
-248.8954,-3222.3872,142.20651
145.08766,661.768,172.82834
-196.3916,-3435.5403,145.43248
-489.37085,-7056.1714,120.85353
-71.449776,-1004.2638,132.71965
-289.14404,-6164.298,125.68058
-210.21326,-2996.0918,141.65646
144.04147,77.714455,132.60005
-294.922,-3947.09,119.01263
-150.33755,-4244.649,127.39527
-61.62041,-958.391,133.66182
28.056889,-243.14394,152.6497
-171.24298,-404.31107,148.05531
-178.93002,-1856.8074,141.664
-576.416,-7821.4604,103.44879
-62.862766,-156.48592,134.22559
-82.042114,-1851.834,137.4776
26.404099,624.261,155.2206
-235.33018,-4350.3203,135.97743
-135.22371,-1094.7013,130.89961
-88.858444,-3106.0308,129.86368
-106.67549,315.35898,154.86925
-346.58694,-4780.8623,124.31438
-78.676994,-1553.0356,132.35269
-485.6956,-7308.06,106.79852
42.94709,-410.68375,130.07787
-81.89851,-2963.132,122.74229
-195.52943,-2390.6533,147.53735
75.087036,-1003.56946,140.62518
-61.03156,-2067.4263,148.29047
33.341095,-1596.5603,131.8147
-79.886,-1696.5422,136.20786
-42.11218,-597.4911,149.70311
22.738855,79.169106,135.45485
-69.35364,-1167.152,133.04025
-118.16795,-292.91873,140.76636
-290.7427,-4300.9863,113.08755
-176.93895,-2230.319,135.27141
-236.01358,-5148.7256,114.89385
-8.739636,-1214.8589,149.00162
-306.3017,-3313.658,133.33202
-114.45186,-635.55884,123.04032
-59.485157,-2068.8545,124.99523
-24.524794,-3343.7366,128.60696
-176.62807,-2096.2722,134.97536
-118.91547,-802.34094,127.97761
-197.95827,-2604.789,123.16185
-61.598408,-367.66483,131.53734
-136.7696,-1442.5613,141.55792
-74.40753,-1854.0098,142.58955
-277.38885,-2954.1746,136.45137
-663.33673,-9162.006,104.24688
104.50447,-293.4728,141.50787
-246.3816,-3513.8518,124.08013
-277.0559,-4175.702,148.01588
-234.89433,-2722.433,127.185974
-55.85268,-3839.1755,126.793015
-111.71776,-2872.8345,137.90974
31.236109,-2760.5469,132.67116
57.06583,794.80383,142.49965
60.60208,1057.2045,146.29552
-446.24493,-6658.8896,117.47978
-228.04198,-3623.7024,122.35271
-194.04642,-3524.057,130.62141
-109.90727,-1960.1917,129.2502
-79.3896,-876.2892,135.34294
-449.47852,-5208.6475,143.72469
-444.16602,-4915.181,116.674065
-253.74132,-2545.1982,148.05641
-138.58879,-2271.142,136.08463
-243.82875,-2175.8015,125.56402
-587.09564,-7321.05,122.89386
-212.70795,-1373.5779,155.92863
-114.25676,-1338.9846,156.34743
-433.9244,-5858.1772,137.93112
-217.00136,-2240.9377,159.10503
125.05387,-9.885948,132.3334
-160.72923,-2977.123,117.59957
-214.561,-3043.006,128.31741
-212.11032,-2763.5999,124.8534
27.42676,-1315.5039,136.30031
-452.82645,-6188.8896,132.18478
153.17387,564.787,139.47192
-238.4535,-5468.2637,118.66821
-182.33342,-3393.6155,121.11954
-79.80502,-1199.4072,127.58362
-182.87021,-938.7178,140.78503
-78.60523,-2791.7397,145.3248
-131.25168,-1672.2361,131.2166
-27.91881,351.54385,128.09836
-70.935684,-161.72481,163.61514
-203.46005,-2855.9465,127.9696
-26.765776,-1185.0138,129.28513
-98.32519,-1279.5193,140.80507
-233.18512,-3597.0002,132.90132
-155.85971,-1461.2793,152.49925
-87.3144,-1569.8486,136.52435
-304.5063,-3497.5906,166.13126
-189.84488,-2720.5974,157.48459
-77.216606,-1389.5854,153.91508
14.169998,429.5901,138.19482
-120.21057,-1072.0253,142.46423
-99.76832,-1774.967,118.30447
-52.14513,-244.05946,151.84164
-122.03293,-3032.572,133.4242
-162.89612,-1454.2681,145.77318
-26.286253,-538.2977,144.30145
-183.59122,-3694.9114,125.34507
-175.92233,-651.6102,147.84662
-287.31763,-2719.1052,144.25327
-200.67735,-2736.0999,146.10121
-413.41827,-7180.003,115.76552
-159.37497,-1739.6965,145.60489
-70.58164,-88.38094,152.2797
-184.0317,-1893.2715,118.56251
-440.15918,-5222.6567,119.87797
-42.405407,350.80588,167.21602
-102.69366,-2680.8052,134.75053
-206.26695,-1822.9045,128.99648
-88.34745,-133.57301,143.51863
10.60532,-605.3662,139.3294
-97.99459,-938.60583,156.44473
-224.74101,-3906.2986,115.515816
32.693474,-260.69485,126.953094
-12.600137,-2207.925,126.14245
34.461452,-963.1223,133.8681
-63.41627,-1121.152,157.3908
-281.8103,-3914.5999,118.84031
-162.39429,-1515.5964,161.41452
67.40125,342.00406,142.69986
-64.96854,-2058.0051,127.970856
-139.64845,-1455.6189,144.83995
-279.436,-2279.3218,154.38492
-165.17747,-1777.9119,133.96024
-273.39447,-2723.8845,131.77948
-153.6916,-1760.4695,126.075745
-159.59315,-2542.674,118.45321
-40.77664,-89.88564,144.83394
-50.71639,-1356.8374,149.04512
82.12248,842.7811,140.10892
-161.73598,-1885.5234,133.35497
74.27643,-405.36636,129.9753
-68.633194,65.74674,156.90088
-253.17244,-5032.085,119.68501
126.256065,1114.385,141.96338
-83.33403,-940.2108,133.13438
-177.77621,-2555.6082,130.715
-147.24658,-2359.9434,118.36567
95.478004,723.84766,156.14888
-217.06242,-2719.366,155.72018
-508.36337,-7609.47,109.81981
-108.3374,-2233.8433,124.26503
-146.67421,-2296.793,112.44048
-77.71148,-725.0029,139.5068
-97.492645,-628.4221,144.6104
-139.69162,-1486.2087,114.361694
-1.3414145,-2302.787,126.99253
-326.99173,-3027.6602,141.86288
53.08477,-96.51888,154.32617
-382.35632,-4215.3555,138.8305
-173.3294,-2815.6938,129.98631
-76.328896,-1553.6062,130.01324
-93.90902,-2370.7087,137.87537
-230.43135,-5637.4976,113.91629
53.943977,-43.770226,130.22594
-277.06992,-6102.5166,122.985115
-185.42877,-1870.9026,151.40361
-199.92987,-1854.6792,124.03797
-60.99445,-973.8229,124.59238
8.057546,53.357887,158.41847
-231.3151,-2430.7356,140.41591
-496.8644,-5094.755,137.73666
-199.65414,-2965.444,140.78656
-61.365047,-1894.0027,127.72932
127.91105,-699.49023,155.68872
-686.1033,-10670.122,91.339325
-222.65103,-2508.7224,123.09973
17.074106,-850.27856,148.57028
50.772026,-116.662865,156.33083
-226.43277,-5759.405,110.320526
-73.0602,-2740.309,127.44942
-311.66537,-4503.105,129.09059
-45.122375,-1017.79834,143.67143
-172.0352,-430.09024,150.30081
-375.67197,-5407.509,129.66849
-107.86888,-1042.1248,154.28932
-390.51147,-5960.927,121.22319
-50.477795,-1498.3845,150.33624
-94.39391,-3624.0066,119.43881
-91.216,-2275.3132,109.78819
-195.67484,-2870.7012,131.82147
-166.46246,-1174.8757,125.3448
-89.364494,-1666.9194,126.83254
-38.283348,-93.07699,131.10136
65.125626,309.0176,163.2083
-10.279344,18.874367,161.75249
-211.32542,-1970.3525,128.68877
-376.97177,-3464.8425,141.09477
-88.43614,-1333.6726,154.80046
-273.76993,-3090.2236,117.99976
-531.20374,-6318.221,141.07985
3.2754583,-1325.169,145.66295
-290.47165,-5378.902,132.35216
66.925476,-849.5095,144.83626
-204.26596,-2783.806,120.75498
-302.34177,-2763.1133,139.38074
-244.30775,-3153.4333,124.56759
216.15532,255.58556,139.7744
-62.029224,-1594.7087,136.49406
-19.434168,-725.40735,144.64223
-242.76653,-2471.0522,124.75335
-89.51768,-1023.093,130.77995
-146.83768,-4095.0945,145.45274
-183.37569,-2843.635,130.68616
97.77384,1251.709,160.78798
-92.62796,-163.18892,139.18387
-48.822857,-1413.2549,137.69305
-165.91827,-1944.9805,133.74637
-104.34622,-2919.1501,106.55598
-289.78482,-1896.9888,158.0662
-56.45531,-2554.2847,129.53227
125.24315,-1139.1996,131.95566
-163.90515,-4472.3706,111.391235
32.968056,1095.6019,143.3047
-265.94147,-3062.882,126.57627
-187.77625,-5325.803,124.6316
-212.43112,-3058.2498,133.50375
-299.39163,-5739.4478,135.92961
-113.55298,-4471.4956,119.99565
1.5329266,1009.6951,157.57712
-204.37775,-6303.4434,113.44246
-38.609016,-1775.281,156.76105
-347.88586,-5078.532,106.46391
-86.26938,-855.49475,161.39488
-741.2309,-7605.515,116.344315
-233.35385,-3536.4402,129.92853
-517.50134,-7882.895,130.09216
-324.99152,-4490.926,155.20293
-68.52083,303.74283,157.35258
-109.933365,-1412.2104,126.64462
45.29699,325.0134,146.99887
-164.94693,-1992.325,126.74408
-206.63948,-2626.4526,134.29291
-206.15163,-2980.467,127.950264
-98.89532,-2219.9207,110.90042
-135.12494,-3097.7068,118.90669
-269.9898,-2812.0542,148.70114
-68.92532,-347.95084,155.43584
-22.911455,-260.74503,170.88939
-599.52405,-6444.7695,107.46464
50.112442,828.63824,142.09982
-208.01567,-2958.7246,135.27524
-14.555352,876.34827,146.52217
56.312634,222.49315,137.74449
-115.595856,-1697.908,142.10123
-220.1511,-4231.5176,143.62509
-583.5831,-7831.776,108.06893
-22.286917,-722.63086,157.8694
-256.9024,-2050.1057,144.9424
-66.00722,-875.2086,149.76115
-110.93966,-2833.9653,130.85707
66.51967,-451.9324,147.97028
-316.7529,-4763.411,104.94763
-213.52174,-3352.82,140.96797
33.244507,-782.2438,144.52905
-267.7853,-3851.1584,131.19125
-34.797615,-925.42395,135.49516
6.14725,-953.56824,132.59583
-135.11084,-854.4895,151.40314
-186.29213,-2236.3447,127.89263
-178.1786,-1999.5503,122.868835
-13.654605,-1702.4824,145.78102
-102.81943,-1033.1399,169.11885
-282.15985,-4936.8955,145.89555
-149.43489,-1105.0233,164.90457
106.071434,-1840.0151,146.54985
-385.17804,-3775.7126,137.3733
-295.1032,-4963.039,123.25337
-74.44153,-2035.626,140.66476
-280.25607,-6518.6626,117.72768
-225.61961,-1703.5671,135.20363
-17.05929,1208.9812,160.48833
-32.578632,-1259.1079,147.42604
-162.51364,-2067.373,135.2359
11.786364,-982.3268,144.33444
-46.61514,1108.7114,147.79338
22.526602,-779.46924,132.55132
-122.07616,-3027.051,149.0363
-141.13965,-3413.0535,127.43209
69.81513,-451.63724,128.12656
-55.969402,-629.4524,164.7129
-48.28034,-2036.9495,141.23299
-83.487206,227.01714,133.4805
-644.1407,-9794.069,107.0972
-41.245472,133.14684,143.74095
-507.45627,-7387.14,119.26415
67.324135,662.25885,137.61877
-29.39128,-837.06055,156.02223
-101.59955,-1249.188,134.92969
42.01158,-2924.2893,113.80822
-396.3573,-5074.619,120.16385
-183.90419,-4638.1196,117.315186
-521.9333,-8941.624,111.028656
-84.19521,-546.07874,172.75517
-191.7593,-3652.4895,123.10101
-64.38737,-1386.6284,160.4123
-479.0713,-7813.192,117.0368
-209.84937,-2890.3333,128.2615
-517.9935,-8101.8765,99.28504
-442.67673,-4288.927,135.37086
-6.2105474,-184.0248,135.07301
-387.67206,-6584.1694,107.93915
-72.3602,-1605.5562,140.77773
-119.14461,-2644.1655,114.79655
-139.06671,-2494.6682,132.31062
-268.80258,-4732.4287,124.80699
-77.87896,-1023.3113,151.20242
-275.43906,-3667.7908,120.70679
-32.525658,-812.704,141.83688
46.301014,-737.45386,131.52208
-100.57801,-2409.604,133.3403
68.41372,-620.8346,135.65431
64.5515,-1051.3584,138.15152
-515.94025,-7637.2007,123.67991
-42.85282,-3894.2585,118.17516
-237.74573,-4666.064,109.19781
-10.636075,347.71494,150.08348
-15.877873,-827.8977,149.21262
-495.6716,-7581.188,124.98397
106.00472,-1510.0918,151.87608
-123.15103,-1379.1736,122.4975
55.929703,-263.1365,144.21236
-562.649,-7096.343,126.57964
-209.54659,-2548.9016,127.89831
-97.02382,-357.57303,139.30602
-53.322895,-153.85042,159.99608
-261.66324,-3854.8113,132.0658
-581.7131,-8292.226,114.85356
-470.00906,-4859.54,117.374626
-59.68085,891.56537,152.44197
58.429867,54.599953,143.632
-188.53029,-2876.6604,132.34901
-209.68779,-2190.1753,140.54253
-406.6525,-6519.073,124.634796
-72.43868,-107.49734,157.04051
-110.09722,-951.97485,140.29759
-283.15826,-3386.911,136.21135
-396.53394,-4694.97,106.437065
11.023107,672.62164,144.89668
-24.228811,-474.0685,146.65932
90.06557,970.9767,135.91759
-56.856174,-772.95044,161.40633
-155.17227,-1507.228,153.2038
-318.65195,-4748.516,112.03916
-551.6199,-7492.817,125.75883
-338.66498,-4232.342,130.73412
-200.34914,-3682.9407,125.8177
113.08684,-786.82214,131.34773
-234.46153,-3361.7302,126.53265
-432.14523,-7368.9126,114.63913
-279.04453,-3598.1736,136.43451
-213.71338,-1457.4707,183.4457
-94.95147,-1268.1152,124.62424
-198.23398,-3804.1453,121.21441
178.93042,-684.9949,128.31667
-605.34344,-6582.7173,109.706635
-125.040375,-700.7999,136.77551
-343.56274,-4948.273,118.21258
66.45195,-23.154747,151.75436
-7.916898,226.28178,172.2094
-87.755875,-1992.6538,130.12155
113.64179,-370.33817,141.54854
-128.89087,-777.3762,125.945496
-117.39876,-2684.3308,131.19627
-173.4802,-969.6864,172.37805
-274.45322,-1876.779,164.58517
13.416578,-721.3262,158.57892
25.38041,179.68333,154.29622
86.3929,979.6102,154.09277
-248.55202,-5009.1973,107.27835
-183.6589,-3399.529,119.49115
-140.9753,-2840.657,141.01155
90.78829,-36.229942,137.67528
-40.04771,-2151.175,143.3582
-152.97786,-994.05786,169.35297
-54.950115,-1001.16235,151.44867
-76.6425,-1715.7883,142.14433
-109.46052,-2404.3928,133.8085
49.966717,190.90288,140.1378
-218.25949,-1690.4907,139.36957
-108.14977,-2470.6462,161.354
-29.681314,-735.33936,151.16492
-131.6807,-3044.2102,138.07852
-11.055762,-2046.3789,135.50455
-223.92046,-2810.6028,133.93492
-97.20132,-2334.3584,120.38917
-513.95276,-7892.2075,100.476425
-73.6973,-1789.4753,141.66885
-258.54678,-5663.858,116.14429
-33.835564,-444.28543,132.72777
-173.97707,-1784.3767,134.09576
-123.49448,-2556.2617,129.96582
-279.52023,-4631.84,137.01918
-34.22498,-1087.6136,143.89539
-274.5167,-6544.9014,120.831535
-235.62337,-2170.3853,142.7707
114.19636,243.7365,149.65262
-156.5251,-1211.9536,158.85457
-0.60324,-13.3218,164.73071
-147.25043,-3239.7356,128.87416
-292.7546,-4798.6074,119.26872
-69.635,-1405.698,137.357
-5.676938,-1973.9402,131.71991
-209.75497,-5714.6436,122.42814
-233.18929,-3528.3757,130.04196
-113.54552,-6712.0493,112.22307
-89.87936,-651.55566,139.18788
-58.678448,-1667.9128,129.85374
-15.94056,456.5028,148.24928
-81.205154,-2052.8499,132.1374
-13.722865,406.2576,141.13857
143.80951,-1750.717,124.37137
-317.0381,-4440.9473,122.301125
69.443634,-1149.1263,152.72363
-84.16773,-2383.1807,140.14285
-165.07877,-2923.3445,130.20604
-91.02157,-17.263329,151.15343
-134.85779,-355.78983,140.20697
45.33097,-394.58743,145.65454
-79.238945,-3627.9158,122.658195
-81.418205,-1487.9402,121.55608
-461.06998,-7006.487,108.90056
-389.90857,-5654.988,102.14624
-110.83536,-1704.2388,136.15648
-118.63147,-2267.3438,122.56559
-178.34698,-2160.402,129.39725
-56.37215,-1331.3843,140.26865
35.654396,23.849098,163.30756
-201.37744,-3383.5974,148.9862
-247.34352,-4568.453,98.607086
-195.85542,-4426.574,121.62544
-401.67203,-3486.2493,137.2383
-234.53568,-2954.736,125.74211
-128.51395,-883.5127,144.86916
-65.97646,-2920.262,139.68057
-450.65643,-6638.114,124.98621
-397.8276,-5648.2637,124.56464
-458.24976,-9327.775,116.39861
-493.5824,-6045.823,140.40302
-283.01434,-5113.207,135.46136
18.437027,519.01874,145.726
-276.52194,-2855.4348,154.91241
-105.11636,-922.0558,132.38866
-35.65164,-612.46423,139.91254
-40.434376,-378.51956,154.0507
-13.279437,-556.69385,152.81012
2.766427,912.9369,142.93642
-157.67743,-2753.1956,120.32743
48.635735,-608.8353,123.36823
-218.9547,-2529.3667,137.81818
-199.93277,-2342.9858,133.18207
-197.78848,-2586.155,142.86824
-307.9703,-4658.677,123.37779
-153.2942,-2630.4233,125.152374
169.2225,365.50476,168.36765
-413.47232,-5800.6177,108.73289
9.795005,-629.9143,143.39107
-125.0827,-747.84827,149.24896
-309.81863,-5916.662,123.94071
-206.11,-5161.471,110.635605
-85.736046,-3853.2341,123.67638
-276.39694,-4447.0737,119.68881
-206.69221,-2503.1729,140.84395
81.27347,1042.6887,166.88852
-171.31476,-3221.693,121.4889
-52.15488,-274.66336,148.10796
-2.7004995,-2743.2715,148.4867
-268.91956,-2156.8628,156.61426
-517.5079,-5642.385,121.33654
-259.86926,-5520.526,121.03824
-178.57068,-2666.9326,148.48503
153.761,-1744.0269,144.76958
-135.15135,-694.07874,153.41336
-144.71484,-1402.7617,124.29303
-319.40198,-3740.4797,130.12924
-127.25455,-1804.9285,150.5962
-144.87163,-2020.459,160.51266
-227.49736,-2063.7202,136.56046
-118.02785,-2676.2002,133.3239
-101.90461,-1222.9211,153.78323
-47.817722,1327.0966,161.68393
-56.815327,-529.5853,161.89551
57.043655,-704.98157,142.88118
-200.58109,-2801.4204,116.30626
-36.148277,-866.99646,136.91585
-378.55893,-5326.589,136.21733
-113.7012,-3321.638,105.50726
65.340294,-322.83865,142.18071
-76.811516,-1404.0898,133.0032
49.18526,-817.57227,131.89503
112.77301,121.2747,140.37476
-193.57034,-2934.2458,146.63153
-317.20892,-4255.402,124.689156
-203.42395,-2150.9414,129.94229
-204.20877,-2286.981,158.46605
-542.2539,-6582.6245,121.15742
-334.57443,-4237.383,120.13186
-218.20882,-1015.98584,174.97633
-24.750055,740.4219,174.90366
-40.71358,-1787.0525,136.50893
-154.24313,-1981.5466,113.42577
-367.40485,-5965.3804,154.02554
-132.22946,-2355.4014,144.1085
-381.3496,-5376.123,128.59338
-115.33501,-2288.7444,124.574554
59.942333,-307.79227,142.09775
-318.02203,-4798.671,118.286545
-215.08289,-4832.214,130.2964
-36.87218,526.8452,153.52429
-303.21243,-4396.4307,140.93042
-224.75996,-1499.1079,122.83014
-413.36624,-4502.0234,144.03789
-204.5295,-2270.6953,127.555626
-180.5686,-2883.8262,140.50636
-160.23557,-950.4844,178.0497
-86.2277,-532.1035,129.5576
-513.4273,-5599.048,131.39679
-4.613517,-471.8102,137.53928
27.86505,-99.58755,148.55617
-82.44822,-1672.9595,139.1417
-55.10877,-1013.51733,136.52377
-156.41812,-2197.3066,146.89514
-67.34864,-803.01965,141.69327
-123.13937,-4531.1963,115.53075
122.07434,607.0062,151.11797
-153.42133,-3522.8005,131.0915
-89.2813,-641.32495,136.43521
-197.62802,-3003.6235,131.39267
-158.99974,-1975.2847,141.37228
-34.22605,-403.97293,137.82559
-49.548656,-646.4546,126.1477
42.279545,842.7488,155.94594
-97.38181,-1331.4934,136.3867
72.92357,846.8225,160.02173
59.94588,610.12103,156.6827
-163.6314,-2396.7502,123.65649
-235.87572,-2514.0002,133.87503
-96.139244,-1896.8137,136.32976
206.36913,1424.419,160.52261
-238.99358,-2849.2332,143.2934
-54.76125,-619.89197,156.13982
-294.9145,-4333.5,162.90077
-157.25632,-1976.915,142.12567
-49.10407,-244.92921,133.7414
-141.65565,-789.5532,156.08331
-125.68944,-2769.6616,122.9708
87.4978,592.46735,164.45778
-143.37611,-5119.6113,104.227905
-190.34444,-3996.7034,116.99766
36.281025,876.7357,156.70381
-269.8652,-2806.2942,140.84308
-269.03217,-3254.8865,141.82578
-326.94125,-5774.995,123.83851
-315.1579,-5090.158,117.710236
-322.0657,-2755.9158,145.29715
-101.292694,-1164.208,130.56656
58.064262,-683.34937,133.52342
13.311556,-519.92896,156.5372
174.70734,547.0373,146.73729
163.45555,1279.0337,166.9067
-38.309883,-2265.4517,129.68913
-288.80933,-3060.3748,123.84419
-114.45364,-2154.6387,123.144455
-147.5446,-1194.082,141.27786
-153.19856,-2259.8745,145.63326
-120.44437,-2863.2507,136.05272
14.859444,-677.2539,131.52214
-267.23566,-3632.1746,148.69792
-416.81677,-4392.046,117.56154
-217.13795,-5119.766,121.22828
-320.73282,-5678.9795,133.86043
-237.74284,-3475.5623,137.4192
-192.89545,-944.20544,137.65532
-277.23596,-5515.7515,128.37514
-14.532184,-1518.5955,136.2982
51.44523,94.53336,140.40288
-191.06866,-2106.8987,123.86828
-278.98785,-5026.559,115.93302
11.736698,-2203.296,147.19633
-132.79468,-2294.791,155.77583
-39.229446,-973.23804,133.08173
-317.47778,-4810.376,109.98514
-392.53244,-4933.5723,135.06953
-411.9321,-5603.7275,133.53676
-266.92026,-4666.951,122.28731
-451.18845,-6057.497,128.66563
-377.05487,-5411.258,131.15291
-217.11314,-3177.2002,140.08836
46.709812,652.23706,156.5097
-461.56967,-6388.6196,116.717445
-532.73944,-9565.452,119.16653
-160.31747,-2747.5054,158.78976
79.33875,-1273.6997,137.74623
-20.162725,-735.01624,142.12009
-91.833694,-1049.5205,120.30689
91.88574,-715.76965,135.88814
-277.47443,-4965.279,92.32361
-193.11987,-1348.2952,133.90576
-25.560205,-1355.7646,127.67962
-296.3928,-2372.9807,135.01505
-176.81352,-2426.6606,167.04617
-101.20464,-1805.8354,149.27184
-453.1153,-6872.35,126.33987
97.25521,1985.5221,162.3909
-66.39112,-1079.3917,144.99825
-157.53346,-282.8467,176.6288
95.802124,77.89622,135.87473
-154.19247,-1936.9756,146.44412
-282.38898,-2862.7847,141.51074
59.438297,-102.64706,136.25516
-146.37881,-1358.356,171.89925
-226.94725,-6297.5415,124.47567
-87.9279,-2141.9495,128.4484
-92.54,-336.68143,166.52643
-234.21716,-2974.156,150.01695
-155.83157,-1877.8801,131.72081
-261.06616,-2136.1062,180.97388
-181.47334,-1958.5378,125.95618
-133.5827,-714.9497,138.77303
34.00025,954.88074,151.97363
-116.53607,-1628.7166,142.16397
-232.17236,-2498.6062,140.83095
-465.886,-4851.709,118.970825
-44.101444,1010.4133,155.31172
-134.59268,-1673.1355,122.35173
-355.95895,-4228.6636,129.65729
-162.47234,-1747.3857,129.14085
29.656878,-161.55507,135.44629
-266.3429,-5399.4526,135.75148
-211.65662,-2998.6797,121.78553
-119.78084,-1341.1201,131.31471
-231.08759,-3933.6082,128.74161
-158.18933,-2206.6326,125.62649
-9.045838,132.3944,147.74472
-333.9671,-5346.628,140.4336
-124.33673,-1258.9343,137.85413
-137.3764,-3358.8254,129.02061
-56.789867,-813.11523,151.82051
42.27032,177.3521,142.2786
6.612936,-403.71182,144.61923
-98.59425,-1446.6279,133.9831
100.35002,971.07574,151.47887
-242.34773,-2712.009,119.13653
3.0523634,393.85446,155.32019
159.57812,1349.2545,152.0154
-72.8598,-796.8795,149.55234
-630.8663,-8625.351,138.55957
-154.02101,-2577.5767,154.81822
-205.19531,-3993.827,127.12716
-91.199646,-455.6796,146.34734
-261.89178,-3243.9187,139.99524
-54.44121,-1212.8081,113.34784
-12.116134,-14.415855,141.62558
-302.78925,-3232.9766,133.46426
-237.22878,-2396.2393,116.07463
-16.08595,-3722.242,124.70918
-225.07942,-3178.5952,113.340996
20.82444,-121.0693,141.90128
-346.93585,-8327.523,107.575554
-5.521802,239.30241,164.26765
-146.6967,-1470.7839,150.2686
105.39913,955.29865,150.97119
-27.725267,-1582.616,132.86983
-68.275604,-1247.9878,132.71729
-35.8299,-1405.1321,145.3218
-95.95989,-605.6273,137.97305
-18.39691,-1868.166,138.20822
-101.973305,-1060.3391,139.90121
-51.567783,-1754.4382,129.541
6.2539787,736.2376,148.0986
-69.02117,-1237.5715,144.305
-216.76476,-1976.3889,175.92828
-185.02354,-2307.9792,127.53368
105.30942,53.126503,133.22842
-179.87617,-1827.2498,160.18495
-194.95566,-1144.7487,143.89395
-213.58705,-2590.729,164.38121
-8.716405,-253.78493,138.02065
-323.14307,-3841.931,126.11052
-227.0014,-3965.0354,130.80775
93.99143,-948.8783,143.96829
-164.19283,-2852.6726,118.8238
-114.96858,-1752.987,134.0069
-78.34496,-847.4027,134.93037
-194.00307,-3835.323,130.68839
-287.52966,-3884.9685,138.29822
-169.53476,-2195.1448,141.37326
-223.58388,-4665.5796,121.77619
98.83409,482.80405,135.10391
-52.53989,467.5381,145.66655
33.247684,-103.08144,162.98055
-248.94823,-4142.912,134.30052
-321.8819,-4769.453,148.99211
-107.84099,-3534.9104,137.69441
-135.82172,-977.9944,171.64372
-219.4123,-4396.278,125.4527
-311.66534,-3911.2004,123.35024
67.04878,1066.8812,156.03503
-274.9126,-3886.6643,122.03687
-128.457,-3878.006,131.60649
-78.89193,-1460.9011,154.31764
-55.38644,-134.0663,136.8392
90.47482,1180.1296,144.6322
-175.97528,-3501.7546,136.53987
-77.052,-1496.0596,131.68002
-323.73914,-4338.2256,128.85521
-91.62378,-1132.0038,139.40565
-303.49567,-4163.995,117.11924
-55.434086,-2283.2734,152.02783
-60.455868,-1788.096,137.97661
-133.40982,-2010.1895,135.15404
-74.79411,-968.1072,144.14873
-96.75359,-1341.6409,122.34586
-136.59474,-1327.0767,150.65816
-148.46225,-1452.8538,137.37956
-59.510113,-824.9795,163.27469
-194.90211,-3123.4626,120.570786
-46.268055,-1754.0808,124.21138
-475.60785,-6395.864,112.182625
-118.29201,-1104.9158,138.35533
-96.62473,-809.5028,139.428
-106.90748,-984.3043,124.29726
-92.06372,-2438.7957,125.634735
-63.5339,-2454.2212,127.03589
59.767044,1034.2302,178.05586
-482.26062,-6336.7754,128.10603
-109.11311,-635.24866,126.72849
-130.57811,-1133.5084,159.51437
116.59539,1334.0125,161.37541
-92.6358,-1434.4531,142.03525
-313.4117,-5392.73,101.43492
-161.59035,-2674.3535,131.93602
-267.07803,-3650.3928,144.272
-162.67708,-4099.9375,134.22574
-194.54425,-1882.0115,129.11218
-180.30959,-4528.06,132.83705
-192.86723,-3994.132,109.808075
-264.52036,-2759.1182,125.48374
-276.77426,-2327.4565,157.53105
0.16577622,-2593.6394,126.99014
-147.2435,-1529.3499,164.13646
-634.7226,-9198.295,121.381996
-147.80138,-2362.1492,126.893074
-41.130203,-765.2666,130.53212
-25.041689,195.9182,159.20808
-76.10657,-4387.23,135.21716
-155.07362,-2799.997,123.0484
-255.60591,-3754.493,129.62363
-240.58623,-5448.2827,107.8966
-379.9762,-3860.3557,135.51256
-340.7477,-3877.9548,127.92149
-111.10109,-956.7102,140.37816
-70.29101,-1053.6176,140.70326
-111.14361,-2178.5786,124.37175
-243.3087,-6296.053,101.504745
-109.727264,-2674.4482,153.80391
-147.94057,-2208.4114,131.34183
-96.37,-1511.2998,130.07616
-109.8625,-1428.0237,127.84398
-82.44312,-788.83704,132.5397
-270.8057,-5073.072,99.289925
-177.0018,-2222.4695,142.3767
-580.59436,-7097.273,107.97843
-76.68268,-2349.1807,150.05977
-216.47003,-2458.5247,119.65933
-213.19322,-2726.5256,126.09518
-223.78993,-1897.2446,129.15987
-177.33772,-2242.8293,115.74609
-524.5044,-9187.82,105.46874
36.17377,-1398.4392,142.08571
-193.15009,-1820.815,143.23051
293.47638,1886.9733,150.17781
-50.07375,-1478.3684,125.31477
-159.78142,-3080.9128,129.85417
-264.91217,-2656.507,142.50002
-12.190782,476.28827,143.0986
-83.5447,-1395.0759,135.71956
-275.44373,-2760.8057,130.92155
-210.64789,-793.1344,144.4039
-262.67105,-1733.594,142.26743
-70.57661,-737.12244,162.0579
-19.084646,-1848.9622,145.36652
-200.0141,-634.4912,125.17971
-512.10175,-6812.421,125.154884
141.91919,-662.43555,152.4147
-116.05751,-2138.4287,155.87494
-191.01451,-3672.8035,133.48595
28.595617,-116.253075,140.27164
52.73086,-426.61942,140.02547
-90.59408,-982.34326,141.83563
-278.29065,-7160.4077,121.13651
148.06662,745.2874,147.06984
-303.4835,-5345.636,105.75232
-355.4946,-4744.324,130.93436
-22.855562,539.30334,126.71248
-312.43716,-5289.992,106.74129
-487.85507,-7217.4766,127.097664
-126.737366,-637.05005,151.27579
17.003763,-297.86502,156.4256
-35.032207,450.6547,138.56943
-173.88895,-3027.9656,127.495514
41.56849,-292.99783,135.05196
-64.9543,-913.6393,136.35608
-31.85119,-1803.3643,131.9979
-271.34006,-6634.75,115.610535
-138.91301,-1464.4368,140.30869
-78.47016,45.32511,152.00955
117.66765,-232.37416,142.38623
-387.43353,-5969.5728,133.36842
-24.9377,-1971.0771,129.36336
-120.08292,-1330.1226,146.26852
-7.7984304,-1215.3381,155.22467
-86.647415,-1077.7505,123.88981
-345.3073,-6035.573,130.62349
-150.24208,-2941.213,144.81805
32.355293,29.851112,154.57684
-403.44565,-6547.0107,117.28125
27.523499,-518.9359,157.18742
-155.23074,-2833.7766,136.7513
-278.53183,-3921.0447,119.34809
11.647321,34.637,138.76476
-323.98276,-6188.885,122.89142
-87.10544,-2016.1807,133.72829
-154.42014,-2591.4756,120.77727
55.632015,-1809.1123,146.15723
-572.9951,-8279.842,127.67432
-587.4382,-7818.268,116.24257
-135.71394,-1600.6318,131.30612
-340.44144,-5829.4214,126.59026
-146.00781,-2600.8552,136.16183
-92.91733,-2508.6292,150.54854
-133.1048,-1314.9136,154.32062
-169.70602,-2726.7466,153.5064
-162.5258,-2905.952,157.36327
-81.03805,-1090.2607,145.60919
-252.48955,-4210.094,127.74109
32.178925,-2963.3225,136.53575
-58.463673,-840.9719,154.67357
-164.26932,-1654.0115,161.95299
-262.35052,-3360.5515,156.26524
-160.27347,-1855.9998,138.37117
-353.88516,-6400.819,133.34319
-14.450393,-198.90883,165.11372
-705.54913,-9735.881,132.95879
-99.477936,-2691.1934,142.22983
-373.18988,-6270.9556,117.59727
-55.70708,-1943.8013,120.96631
14.551646,-251.10036,138.41148
-326.37695,-4418.2905,129.62161
-86.863014,-579.31274,147.62141
-116.07559,-1519.0825,159.2054
-350.20288,-4773.705,128.70694
13.867843,-2690.3625,115.01789
-52.830875,-1748.0164,140.4654
98.08452,657.9307,151.88559
0.19760033,-1340.625,132.10138
-54.366337,-338.0247,151.04303
-234.75711,-2916.3591,128.28032
-257.9415,-3653.9949,136.9043
-190.24684,-4331.0923,115.28197
23.137245,-2163.4683,123.737015
-228.28282,-5491.3584,111.89584
-310.2634,-2634.563,142.92049
1.8308582,-489.4623,160.4289
-322.47195,-3913.7634,135.91121
-143.3447,-1254.1067,128.31227
-309.34958,-1877.2458,150.82799
-213.12642,-3591.34,138.34192
-338.67593,-2948.0483,125.147385
-22.489649,-3299.2722,123.56327
-32.92228,-2133.9836,123.0658
-195.5226,-1324.4644,153.06778
-223.02051,-2781.8208,142.33897
59.497456,514.14624,146.01917
-59.60731,-0.79085505,134.80315
-169.67912,-1388.7388,131.45958
-148.61154,-1142.2817,136.66733
65.89343,782.2763,178.63362
-293.6125,-3647.3616,122.25233
-231.6795,-2048.3213,159.54677
-186.11269,-1322.9897,127.180626
-161.5991,-1970.3599,138.48628
-202.39468,-3633.9602,129.8901
-48.119106,-206.68202,137.78268
-6.4921904,102.742714,140.19238
-210.75517,-3051.0527,156.89476
-574.639,-9827.94,127.96349
-69.75201,-2469.5327,117.372
-121.8784,-2497.896,127.768906
12.998748,-1765.3154,128.47105
-170.70718,-3771.9138,122.735695
-323.69437,-2665.4456,150.61665
-420.60498,-4854.258,130.60074
-48.05112,-1662.4641,134.00722
-258.8567,-1542.0896,138.88103
-551.93445,-10397.818,111.95095
-273.23788,-3298.842,136.8009
-178.32608,-2408.2034,125.040245
-204.10083,-2512.1602,136.8948
-237.23799,-2455.1284,141.02782
-333.27753,-5684.3584,121.90728
-168.88914,-1910.9683,137.7399
-200.1991,-5240.6313,121.43192
-270.72815,-5690.493,105.3021
-399.78824,-5697.701,145.56512
-193.32857,-4572.4546,139.49684
-16.357447,640.87115,160.6312
-106.821236,-1940.4143,143.44458
-349.71234,-5550.6074,126.75881
-292.30405,-5941.7695,114.62071
18.451443,628.7779,142.6275
53.259716,1174.0762,147.18687
-480.58707,-7392.904,128.38332
19.060879,-1577.3005,122.178925
17.186024,-947.1168,136.17448
116.691795,-1434.0027,119.51093
-39.04948,232.10637,160.07463
-197.73927,-2799.6758,135.19708
-447.00595,-5862.4307,121.428795
-521.7485,-7288.3413,98.88029
-87.85912,-1693.355,139.20967
-41.014782,-1165.4308,166.32657
-265.46344,-2546.4028,137.9743
-94.553474,-3296.574,149.28499
-155.69145,-1493.2004,153.81122
-127.96417,-3058.2537,108.343994
-310.06332,-3258.6487,138.46582
-93.73726,-485.85403,144.60019
-104.23115,-999.4269,161.67409
-240.40645,-2177.78,123.4169
-240.9199,-1761.9937,145.07524
-204.3947,-3091.754,129.47667
-112.74025,-455.2642,144.90552
-158.32771,-3320.6907,117.449715
-19.962896,-2360.862,135.64667
1.074297,760.37427,135.4242
81.18526,632.5008,144.72421
-106.056694,-809.62427,157.24026
-94.47507,-1380.8242,161.81172
174.77623,247.0576,141.09872
-35.998215,-2446.566,133.99515
-283.89847,-3245.5154,120.87726
-212.8749,-3213.67,150.25465
112.86477,2330.244,161.61757
-97.107994,-1987.4231,144.20746
-124.951614,-2071.4973,120.395035
-70.011,-2358.6863,141.42696
-122.33775,-1884.6128,149.3775
-518.6355,-8251.036,111.16369
107.14421,990.3297,144.23651
25.56371,-15.860252,137.49023
-166.58011,-2864.1934,159.66388
-113.913055,-1275.6155,142.97743
52.880917,-2542.979,137.50035
-481.3238,-6193.378,103.95701
-435.15872,-5028.031,116.808426
-275.88547,-5508.5835,146.14455
-373.1792,-4696.1797,125.35799
4.9094276,-493.2974,167.27213
-33.266403,-1695.6404,138.1794
-112.62753,-1683.842,128.47137
-189.52711,-2426.3499,127.75954
-52.636395,-2037.9172,132.69844
37.99088,-551.01526,158.57925
-264.0284,-3645.363,119.58342
-65.111694,-100.23208,137.11299
-166.5161,-3430.555,136.54604
-137.56013,-247.52174,148.34984
-167.16937,-1061.3186,130.65552
-154.2762,-2992.4717,132.1986
-109.20931,-1213.5806,137.51424
37.862675,199.49083,147.512
-344.87646,-5680.795,142.82323
-8.093221,-1058.8286,135.46254
-127.4301,-1492.0701,135.28271
-62.835003,-297.88272,132.00992
-135.21938,-981.48987,149.17505
-97.075966,-2484.3945,117.159676
88.11166,625.39294,142.8264
-42.04343,-2779.512,123.715164
-96.60863,-2792.3064,103.974495
-419.78708,-3935.031,122.37831
-144.09329,-1594.3154,144.06352
-85.29538,-242.51845,157.377
-259.8752,-2526.6729,143.1139
-244.09117,-3724.6946,139.30553
-209.13425,-1527.3696,144.28534
-161.82103,-4039.3572,119.29445
72.659225,-2014.1929,120.09289
-204.02678,-1438.6746,145.65254
-205.34488,-3580.4773,120.25306
-343.10486,-3929.3152,125.85542
-541.6792,-7195.125,125.38321
-248.28792,-2470.504,126.917885
-134.30853,-572.64355,143.11383
55.86245,529.431,153.62646
-264.1834,-3736.0217,122.62232
-138.35548,-1153.2422,133.9007
-79.54366,-2098.3132,130.3431
-6.273013,-233.94069,178.68121
-323.34433,-5535.239,111.39927
-99.875565,-544.19714,138.93288
-197.224,-4736.958,122.77023
-181.19078,-1580.4607,134.61375
-313.67834,-4823.215,117.9471
-120.53671,-2566.717,119.00451
22.298277,-844.22766,144.07002
12.278749,482.7055,143.47745
-300.08316,-4295.5825,128.75755
-7.560027,1.2955097,128.15329
-260.79703,-5691.7573,109.76398
-228.80228,-5279.8887,118.07923
-436.05496,-5654.899,132.22061
-302.85376,-5078.145,94.79706
-164.53526,-2110.9475,174.2357
-11.971858,-5099.1514,110.45277
-177.81819,-2090.668,143.97885
-314.02164,-5374.951,120.707634
8.845429,239.95232,165.07211
-35.878048,-2445.5208,131.90349
-103.75299,-1675.9512,119.6714
-59.76842,-658.81494,145.4882
-373.11935,-3831.1487,114.92425
-333.94156,-5069.8975,131.71062
-28.846548,54.485573,140.4482
-287.72583,-4716.115,100.0946
-169.32715,-1316.978,150.10904
78.28897,225.38823,144.05869
-98.986755,-2627.2266,148.36418
-204.22002,-2976.0476,145.0805
-392.08826,-5553.29,129.53195
-105.78068,-1756.156,141.56253
-92.85946,-966.7776,143.58316
-280.86688,-3548.8293,150.23593
-147.70508,-3095.1516,113.22563
-73.8879,246.73485,160.94038
94.50087,-1223.979,131.91597
-41.53994,-2331.9683,125.868706
11.850586,-651.9514,132.85541
-403.39542,-5812.455,120.09269
-5.6892786,-3309.6594,122.71803
81.812035,669.205,175.98338
-307.21597,-5336.531,118.7097
-245.45851,-4039.676,132.67526
-255.32979,-4765.4404,130.96367
-394.2965,-6388.2715,141.93103
-75.12201,-1775.7388,148.62901
32.562916,-421.57523,138.36015
-35.286495,38.15635,159.82837
-135.34023,-1793.3213,138.56024
-37.24621,172.53178,144.88957
-134.81808,-3531.2742,128.5144
-165.70004,-2830.9617,141.78734
-3.691556,596.8394,149.50092
-194.37282,-5889.234,122.31785
-54.099377,93.1132,141.00871
-111.52548,-2707.425,140.1875
-265.89053,-3774.6707,103.58986
-67.57393,-1468.2129,132.42891
-200.90843,-1951.582,132.12364
-203.86911,-3305.448,133.48505
-79.099365,-2748.834,112.00398
-384.04242,-6995.8,110.5862
-104.278275,-406.10477,147.19736
-38.279137,-1450.7178,134.70123
34.763985,-671.4518,134.91528
-36.911343,-90.10378,154.98116
-255.97993,-3510.7898,136.30995
-186.81453,-2762.0193,153.66895
-224.48611,-3792.4255,136.60504
-213.11168,-4026.5525,130.49278
97.10232,-1026.0021,125.12673
-315.98285,-3584.6243,138.36429
-334.9784,-5469.3345,132.45186
-275.2968,-9378.909,75.78194
-232.36128,-2212.9326,143.11685
-537.101,-8662.57,107.354195
190.62624,878.98267,151.79263
-39.336426,-92.76894,142.31293
-8.626946,-627.59705,148.09555
-128.03792,-3102.381,115.69813
-17.619085,-865.6731,123.827644
-474.14627,-6049.641,112.6346
81.34817,1675.2126,151.12091
16.052372,-407.19717,142.16855
-73.50387,-561.91296,135.9184
-146.15376,-1474.051,144.0116
-404.9453,-6033.3145,109.49318
26.79907,-252.32558,157.35513
-188.06407,-3311.8254,138.02187
110.86421,1642.8817,167.62662
16.281841,-2468.3184,127.848145
-418.3534,-5442.0933,132.61545
-238.80864,-2907.1047,145.87686
-68.37268,-1124.6807,135.83301
-204.52118,-2229.6023,124.787285
-140.16235,-1444.6965,150.73425
-31.945757,-174.46083,148.52081
-183.40147,-2838.7908,136.02376
-50.836834,-426.15482,148.00525
-422.07983,-7834.4,108.22369
-151.18289,-669.9314,161.97711
-339.2341,-5425.527,118.85367
-173.45554,-1905.4348,124.04925
-323.0738,-4516.948,133.74301
-424.7066,-5186.856,135.8992
-29.378218,-1508.0776,169.20659
-101.6291,-666.15576,154.62894
-132.52661,-2605.1333,137.09169
44.484547,-405.92178,144.84311
-237.6556,-4945.2666,112.24637
-263.03076,-4265.4097,123.94571
-119.23668,-956.2683,136.31464
-167.86617,-1333.9126,130.59578
-483.18347,-6454.8315,126.43848
-143.01607,-2870.731,166.19472
-63.51766,-420.93143,133.80507
-320.66107,-3083.7744,144.7689
44.41595,-2276.164,126.03426
-10.004689,-239.7953,145.83562
-205.40465,-3168.611,143.00357
-465.47787,-5264.1836,98.10965
-223.79819,-1639.9773,142.38454
9.833137,-6.7257915,148.5077
-38.76996,-2574.8765,119.90838
-304.9874,-3912.0945,153.47456
-251.57881,-2398.7053,141.47931
-204.86461,-2954.8772,127.4201
-175.76105,-1381.1477,156.12868
61.405018,186.86076,129.90082
-141.28174,-1730.1729,153.11223
-6.4834337,855.851,133.84863
-377.02814,-6523.7866,90.23854
-0.26709273,-387.892,138.43117
-176.09665,-3630.6848,124.07285
-93.090355,-920.67664,137.89555
-66.32379,-758.28345,137.27673
1.7594862,-1146.6907,133.98987
-134.6168,-2084.4644,144.38705
-325.1044,-6028.8745,124.357346
-181.63298,-3221.06,128.83105
-372.1643,-4959.381,127.19733
57.52848,805.0327,153.18977
-43.659866,-4790.33,124.789825
-50.05015,-139.6357,145.44151
-205.80153,-3402.5955,135.4758
-234.34569,-4280.101,124.28649
-112.64497,-556.7311,142.61223
-290.42484,-3453.6545,126.417946
-2.714324,-1616.6411,141.99396
-434.05765,-5274.277,131.44292
-132.20782,-4040.7654,125.9928
-241.89284,-2610.622,139.93758
-204.35938,-1609.416,164.01625
6.643341,-2450.953,136.76611
-268.90692,-2502.138,132.93225
-23.325102,-2115.9534,135.36473
-73.94805,-930.17346,138.4709
-168.16478,-1901.6804,134.94905
-221.31471,-3161.9456,139.66425
93.78555,591.4965,156.84335
-63.364597,-3183.7976,118.31769
-117.840546,-2194.9023,147.82678
-100.55101,-1526.5996,122.2019
18.958424,-234.03688,133.48222
27.17879,-772.31335,137.54205
-42.335617,-268.48013,145.44754
-434.41727,-8185.559,116.37575
-100.50985,-659.4397,156.35645
-164.70401,-964.2711,171.39972
-291.6772,-4172.2256,146.73543
-279.70175,-3294.6208,161.10707
-29.381746,-1145.8298,150.31233
69.233475,387.8751,158.81941
-355.5468,-2407.463,128.65889
-526.52704,-8250.334,111.350555
-255.3105,-3298.2131,136.84633
-82.69557,-1761.8787,134.45845
-362.20438,-5176.7896,108.15887
68.90819,2035.291,171.09557
-0.6422434,-1752.814,118.66324
-411.6375,-5542.538,131.2869
-45.426067,-4080.2112,131.61182
-354.7071,-3398.72,138.85187
-101.946495,-639.92334,183.04778
-53.63872,-438.48514,161.74512
38.036366,283.75784,152.79099
-63.624447,-2724.1907,107.70917
-258.09238,-3748.4978,154.14525
93.05822,75.81211,137.18024
-54.742405,-2151.9702,132.41013
-194.10422,-4917.0127,137.6323
-42.57831,-859.6206,130.72351
-151.25447,-2940.028,137.56854
-305.5949,-4119.2734,124.36605
-604.8178,-8887.978,102.25167
49.066467,267.7493,147.57697
-705.59827,-9930.063,124.14582
-82.54997,-56.02114,122.09688
70.52889,-165.36562,156.5609
-229.12036,-2617.145,129.36084
-196.67139,-1522.0684,134.60664
-135.43027,-2404.971,120.280014
113.19176,-2895.4053,142.93008
-25.438276,721.2343,148.15079
-59.135624,-991.5366,130.90306
-23.060175,643.41864,144.07724
5.6457043,-1071.339,132.33188
-278.46027,-3321.131,146.00204
-526.41583,-7655.986,119.717026
-300.18097,-2394.3306,146.82034
-382.9615,-3952.3054,121.75384
-125.691864,-1817.4841,145.55295
-113.05939,-2614.7954,132.94902
-220.9803,-3484.2532,156.8249
37.133953,-174.09962,131.46689
-391.40436,-3570.5442,130.15176
-495.18484,-9666.472,116.77143
46.470127,-122.50436,147.50844
-484.5581,-6728.0557,125.63005
-341.59366,-4887.6406,111.54594
-112.18811,-2428.11,126.66426
-118.44476,-2506.4639,117.05179
-200.10298,-2542.016,146.96144
-192.1064,-3407.6594,131.09647
-107.22817,-3593.8918,112.718475
14.925897,-884.5272,145.3946
-349.00452,-3313.9504,132.67517
-281.9628,-4592.7046,130.63307
-39.415974,-1535.6499,129.03842
-57.26675,146.67009,149.49
-59.204227,-1964.9534,152.24434
-109.70233,-1180.6199,161.13617
-137.09276,-3085.8489,141.65038
-406.73776,-6006.913,143.14902
-59.676258,-1841.9177,125.697655
19.39687,-1703.363,126.58451
-138.07834,-1659.917,142.23344
-305.96954,-4646.6123,156.25197
-193.5408,-1808.6914,147.67773
-222.82346,-3102.7126,128.46068
-303.0187,-4256.7153,141.04457
-207.69844,-3364.6594,116.49435
-13.968951,-176.9308,146.14973
-197.997,-1529.2097,155.85948
-106.49483,-1607.8589,154.04897
-180.96074,-1629.3462,137.54369
66.982254,-1405.3716,134.30873
187.6584,1111.887,134.79428
-188.40906,-3563.6306,135.89563
120.29738,-185.00111,123.91275
-325.92737,-4709.9717,119.1199
-0.90502644,-1385.97,120.088234
-32.171715,-269.21768,130.14943
-226.78304,-5094.039,111.7267
-99.3691,-2442.806,139.77254
-23.299784,-507.1149,136.72198
-162.1968,-2224.6501,141.85382
-189.18417,-3361.3123,121.92952
-102.93439,322.20297,166.53156
-94.40192,-45.084618,143.43665
-203.38658,-3157.326,114.018005
-226.79657,-3517.1165,122.744385
-129.67642,-2040.5564,139.88565
-284.92282,-4492.8384,129.28745
-93.67224,-728.33105,171.01393
-267.79352,-4635.202,122.97595
-498.07858,-7070.0967,111.180626
-66.27294,-2027.6641,139.60156
-325.50824,-3083.7354,130.03691
-9.779141,-1187.7207,134.56451
-101.77677,-214.02101,140.59247
-373.37613,-5914.6206,129.59447
-593.8282,-7686.1226,124.94008
-128.96999,-1362.4607,150.28589
-354.25833,-4846.6777,123.97508
-42.198856,-2171.622,135.2997
-171.13335,-2195.882,156.18991
119.07662,782.53827,150.59598
-20.866217,-755.667,151.9088
-62.699802,-1135.5455,135.54271
20.587095,220.99718,131.35434
-99.88961,-2217.6294,130.67984
-162.50778,-1466.2764,156.25017
-25.744131,-1214.1729,137.55904
-70.96897,-1636.7205,129.32423
-70.08121,-2087.0312,138.25136
117.03021,170.77202,128.79936
-267.955,-5697.7754,144.21558
-17.110582,-2255.8047,160.76201
-91.56945,-675.687,141.13466
-90.913155,68.46714,161.30284
-360.3218,-5868.67,111.75214
-254.02568,-3812.3337,115.84241
-33.530083,509.64355,155.66338
-635.38983,-7936.349,110.385155
-487.52087,-7682.4976,123.62498
-374.40454,-5065.545,156.55438
-106.763245,-2494.4705,128.7853
-213.69826,-1433.2422,138.54639
91.71517,492.1249,162.8448
-166.4616,-1559.8323,145.38197
-115.791885,-2561.5508,150.2021
-249.4936,-3371.139,123.32944
0.42832276,-1819.1765,126.26072
-163.38118,-2211.4692,154.17644
34.69754,177.2943,129.08746
-31.250105,-651.5608,144.27138
-286.8533,-4328.42,130.7052
166.54099,932.0109,150.48836
-321.9498,-3816.987,106.764725
-113.1573,-1158.4963,168.41054
-7.5943193,953.6127,181.23225
27.920677,505.3762,142.49428
-81.97475,-955.63806,131.76862
-60.04788,-363.3052,151.44861
-79.5206,-646.5665,136.83752
-269.48987,-3804.5198,103.52955
47.587177,288.51944,147.56778
-166.94339,-2770.7803,128.03452
-24.05153,-787.4508,130.10385
-559.3524,-6973.3228,124.676285
-127.806564,-945.8303,167.96724
-367.43686,-4884.725,121.92207
-286.13004,-3714.9934,136.06857
-125.156525,-1685.74,148.1819
-126.54358,-451.77872,135.8749
-41.742573,-1950.3513,143.8885
-195.8648,-4214.378,112.32319
-134.02948,-1761.6897,134.51294
26.730999,-978.4862,139.28468
13.876646,-544.1416,139.04869
-146.30638,-1634.0271,143.0451
-38.836964,647.8411,162.2437
-406.61868,-6371.238,122.241936
-200.16495,-2573.161,155.4672
-158.48854,-1359.6628,149.43974
-116.19881,-1201.9023,131.6344
-13.54149,-219.64308,141.52689
-239.14934,-4009.824,144.28134
-108.49381,129.94298,173.64207
-257.06848,-5125.783,118.24704
-140.73195,-2155.3298,134.9467
-173.70392,-2965.7075,163.36188
-75.668175,-568.01733,142.49411
-48.38017,-1432.2544,125.884995
-179.25725,-3389.951,134.54889
-111.895294,-2419.6487,115.8419
-16.322355,376.73093,160.44188
-153.53914,-1244.8069,160.75981
-130.59824,-894.51135,139.0709
-187.35014,-1262.3579,169.20433
64.665276,-1153.2478,129.877
-120.50841,-1540.7954,135.21999
-17.760508,-2846.3389,127.99807
-429.86966,-6190.8716,116.932014
27.649923,456.05322,160.63036
-286.88553,-3519.4402,130.25249
-457.6556,-6849.1426,121.22771
-406.1194,-7394.6675,105.399635
-241.62599,-4832.2734,127.05481
61.966507,-807.0381,137.04794
-544.37445,-8920.385,104.97575
-357.88483,-4469.389,130.49887
-414.4044,-4534.353,128.29303
-155.69803,-3871.8323,117.42893
-120.50691,-1549.1396,159.79172
-429.62976,-8239.907,114.897995
-494.11142,-7032.459,126.65636
-323.82196,-4013.2258,119.68847
33.07598,492.28525,147.0447
-155.77362,-2183.877,123.30714
-393.3981,-5474.9297,105.99147
-164.80794,-3572.777,115.02186
105.085686,2139.11,144.97626
-57.312748,-1366.637,148.58177
-171.68451,-2796.5984,119.540985
-248.44283,-3571.468,127.3917
-206.36752,-2906.9368,126.154335
-7.608989,-531.239,172.58456
127.251755,-578.1919,134.32802
-88.02067,-4214.1323,129.08641
-294.0318,-3429.3918,138.0278
-42.85843,407.77106,140.3344
-24.362574,194.1129,142.02423
-401.59628,-5290.8203,134.59613
-129.28526,-1473.6748,149.79967
58.897236,780.0927,148.27495
-92.61318,-651.45056,165.87862
-330.2309,-3349.7854,116.407005
81.28107,1768.5984,167.30981
-194.6113,-3239.0925,120.50097
-293.2658,-3693.4836,154.34781
-321.5287,-6719.8833,107.019966
31.87837,182.59502,158.03987
-208.55325,-5434.6177,118.2974
-142.95581,-2438.923,125.56914
-2.2061567,-934.2483,161.14752
-191.41861,-2558.4253,120.7994
-345.98343,-6300.0537,106.75226
-350.75116,-4538.708,104.97809
23.304657,-982.46277,135.44284
-50.195034,-1061.9054,143.0583
28.109547,-344.8782,137.57088
64.63887,-135.91206,148.44104
-158.64201,-1992.928,130.98364
-53.17792,-2847.4814,129.81502
-120.31436,-1318.3262,141.5315
-323.95047,-4887.558,125.76763
-359.0029,-5591.3374,117.14118
123.51228,-689.9015,142.57721
33.07417,-322.01346,141.4494
-51.24403,-823.7905,138.3469
-177.7625,-4086.4324,140.50237
-140.5896,-845.7438,139.78867
56.49551,421.52927,161.561
-212.41568,-2451.3123,122.56541
-135.44035,-3147.724,135.22012
50.044643,268.8851,136.31009
-44.613033,-1554.5786,134.0863
-352.9554,-5708.701,122.286415
-69.62011,-2389.4612,136.47023
-390.51727,-4620.8315,130.984
-135.40884,-3205.1572,144.54213
-88.807,-4216.6895,135.8948
-192.81454,-1137.7156,155.97714
12.440787,-2373.9153,117.99822
-169.68451,-1651.7522,129.91231
-236.03458,-1646.6589,137.17354
-42.876694,-1422.666,147.89192
-103.14389,-3515.8103,120.77583
-435.58853,-5853.726,130.15918
-168.65149,-2200.812,145.91185
31.898144,47.890236,158.39851
-62.118496,-1305.9199,136.95851
48.916546,-1217.2517,142.45866
-255.87184,-4272.8657,126.28516
12.498752,-142.53487,138.18356
-496.68234,-7403.524,120.88521
-242.31236,-6071.5444,106.2224
203.78102,1394.0262,162.28801
-7.513221,568.02997,152.15297
-51.909985,-982.2948,155.15625
-23.982954,-1134.3864,133.64185
4.7837343,-4443.64,119.25427
-0.7087889,-1373.3782,127.38148
-198.22311,-2386.5378,112.35431
-105.91609,-948.9635,146.03294
42.39801,-563.1858,131.83888
8.220081,845.5749,144.4867
-381.15326,-6455.3325,114.47971
-393.82425,-3747.6423,122.382454
-302.53076,-3911.7766,130.43881
-275.62073,-3582.5828,132.4798
-377.13113,-4321.339,136.52373
-51.45686,26.013893,152.371
-134.23706,-821.8622,141.90587
46.02209,-779.8375,137.86192
-35.857662,-1193.281,129.8762
-418.89954,-4531.529,134.33551
-211.48921,-2920.486,123.23932
-753.39606,-10126.899,105.51326
-133.73325,-2551.2134,145.91083
-353.6521,-4988.683,114.14757
-104.56332,-1402.467,156.58926
-149.62212,-1124.7576,163.9797
-53.400555,90.90946,148.39555
-23.607977,-2005.719,151.62831
114.87782,1463.921,146.8216
-131.95966,-2609.4092,143.27792
-21.2866,-4307.909,126.186455
56.403873,846.49994,131.3902
-196.60803,-4379.44,120.90784
-163.33902,-2914.1514,115.47669
-389.42197,-4585.62,129.7631
-325.17245,-5513.9985,113.96577
-310.3034,-4880.34,122.32317
-89.39972,-2344.8953,147.90219
-201.2451,-2799.6477,126.21143
-391.8674,-7200.423,139.57288
-131.2193,-1418.407,175.00052
-364.1043,-5339.559,104.3424
-110.5235,-518.4291,163.74428
-199.54727,-5863.4214,120.11156
-387.27655,-4729.5186,128.99896
-180.48619,-1800.1619,133.6058
-108.36115,-966.979,117.85111
-124.78854,-1619.123,132.74747
-266.1856,-4683.43,114.30774
-280.617,-5633.796,125.63113
-345.68475,-4499.4775,144.86346
-329.3606,-4251.9136,145.40771
-319.38242,-4742.145,153.51968
-61.22527,-438.19217,151.2854
-359.6666,-2667.0413,128.57622
110.98659,754.1012,144.31635
-47.248867,304.949,157.1541
-291.62604,-4982.844,140.02383
33.404667,642.6226,153.21324
70.41856,70.62949,138.42824
-52.556835,-296.18924,144.0761
-68.47427,-1511.4175,129.43584
-65.336426,-627.4783,160.69969
65.583435,-68.39443,150.53654
50.96218,1385.5287,165.72243
-362.5484,-3227.171,147.20699
-120.484955,-1171.0151,141.10034
-91.88583,-1839.4324,126.426445
-505.60312,-7635.53,136.79366
-401.9552,-5740.802,113.89571
-227.89209,-2456.9954,129.18533
-252.22765,-5901.3154,114.72132
-153.331,-2638.2388,114.81989
-129.22374,-1865.7026,144.7491
114.49316,694.3562,144.57391
-415.1348,-4874.3,130.89397
-126.14737,-1556.6191,110.12829
-65.01849,-791.4463,132.46588
-117.432236,-1634.5801,137.53853
-6.9565325,-214.02675,131.1328
-116.09479,-1346.9622,137.3129
-140.57155,-1496.8552,155.31503
-65.619316,-880.70056,137.23425
-466.32562,-7405.5063,109.985855
-407.99722,-4807.4683,139.75287
-341.2144,-4585.3643,96.33001
-223.39041,-2681.3633,148.31735
-170.19005,-697.0105,142.56963
-165.55078,-3068.1035,137.06335
-97.48817,-1079.7804,138.31485
50.61556,2170.6887,167.60835
-114.79692,-2367.3582,126.77512
-178.52312,-1583.55,179.49207
22.708765,-374.3417,146.57156
45.709755,175.85533,156.22495
27.522299,956.9982,144.63568
-652.25616,-7773.649,98.15578
-154.30168,-3041.0332,125.87059
-339.03195,-7813.737,115.900665
-228.49594,-5156.441,114.84259
8.488508,-889.2826,139.84416
-231.47066,-2933.4763,112.74047
1.2196169,-230.02187,134.19077
112.01865,-683.84753,120.80103
-138.25757,-2017.5166,117.484566
-70.317955,-1471.7842,136.98181
-410.28555,-7353.304,114.86853
-165.5726,-3133.0815,152.86055
-293.40778,-6634.377,116.16059
-131.37004,-2534.1204,141.84485
-128.63293,-3315.1306,110.38373
-68.30647,-4048.1902,131.00096
-281.56198,-5488.549,126.35572
-106.31339,-1506.6289,133.0938
-467.5229,-5631.0454,100.15057
-124.69858,-1874.0334,131.26596
100.260925,1061.9725,158.99324
-276.55487,-4653.8394,120.15585
-267.8738,-5543.1226,116.63677
-259.49036,-5320.742,117.95833
-231.08527,-3592.6873,123.41126
-40.75818,261.6259,153.28131
-521.4479,-6873.644,111.42444
-162.88968,-2513.1858,132.85205
-61.839054,-1042.6665,145.05963
-543.19116,-6584.1616,120.46206
79.50379,50.081154,145.25578
-194.71301,-2942.8918,153.89268
-157.49677,-3128.2578,131.19942
-446.18616,-6466.1045,109.75226
-34.69258,-810.0001,156.32018
-183.38997,-3754.5515,141.90979
11.090146,-529.1633,129.03975
-28.95878,20.045815,144.25447
-120.04764,-1607.3232,122.89612
-227.34677,-4364.482,129.4561
-244.21263,-5090.8013,121.92438
-203.56297,-1574.9902,137.30553
7.2425117,-1977.3083,116.16249
-266.64105,-4051.639,140.97421
-258.39142,-3958.844,140.90018
-497.57333,-6204.785,146.72215
-268.29327,-3167.506,136.12187
-316.01923,-4492.7188,132.59012
-87.438866,-204.04213,157.00594
-48.98428,-1118.6361,128.58919
-63.774006,598.5154,166.88306
-107.99205,-1131.6848,146.62631
-419.00516,-6888.197,141.00372
-10.0799055,-190.97682,147.05782
5.3869467,371.78772,141.5076
-360.3391,-3946.8718,108.131966
23.009354,-226.9623,156.18929
-390.9034,-3680.4148,138.50525
-293.0232,-5459.208,102.17209
139.31752,216.36595,140.24196
-42.26751,-1296.6038,144.80391
-26.04341,106.47971,164.29106
-459.46786,-6909.744,131.05557
1.7779589,-1761.634,135.99475
-149.26364,-1425.7241,160.66606
-170.64928,-3905.9636,134.99474
-178.98576,-3642.1492,122.7691
-245.30855,-4656.253,132.87363
-374.6791,-6635.627,96.66791
-163.97539,-1343.8328,139.05376
-165.87099,-1878.6084,141.03127
102.26519,84.785255,145.3871
-173.58456,-1799.4097,125.71871
-293.14893,-4362.1064,116.097885
43.67772,-105.60714,131.91501
-442.43695,-6448.355,110.858444
-314.6258,-3615.1448,126.96286
-265.86914,-3424.4426,129.63802
-203.07983,-4638.424,121.077286
-335.59903,-4814.883,125.965225
-32.110928,-176.58315,154.70766
-58.164585,-882.9354,145.82324
-0.06297781,-753.57605,163.13408
-92.27952,-3446.867,115.87386
-219.76477,-2972.7795,126.24112
-519.18304,-7766.735,131.50427
-238.4864,-2423.7546,131.05312
-297.80435,-4294.2373,119.28189
-473.57614,-6135.1157,125.77554
-6.038142,-225.06837,128.3678
135.50517,571.98346,149.88101
-178.69647,-3564.1663,135.31947
-104.474945,-251.058,157.31189
-310.6146,-5491.264,141.34921
-566.0697,-7539.7017,117.0459
-80.6924,-2571.8186,116.009705
31.67813,-79.16671,165.72806
-11.301562,-1217.4053,149.72858
-92.098465,-1692.4375,134.49101
-119.35916,-3949.1038,123.87577
-28.980661,-844.4697,143.62296
-102.8113,-1466.4937,140.28934
-26.311098,264.7153,145.73
-13.459392,-336.08878,166.21693
-473.71817,-6480.9966,129.88696
-71.62213,-1096.9425,135.37927
-21.751993,-2488.9734,119.90961
-301.11417,-4525.654,130.82939
-209.73096,-1661.0288,144.65364
9.651806,930.7349,144.24086
62.55773,818.70807,157.61475
-271.0568,-2953.633,124.97582
-147.69678,-4663.3228,120.51849
-99.0165,-913.4863,151.9146
57.96016,710.62463,136.96504
-333.30682,-3988.0803,143.85185
35.528484,-899.34143,133.08707
-90.67138,-2459.1873,144.46591
141.61508,-623.16235,150.49298
-78.61105,-1160.8772,133.9073
-535.2715,-7107.868,101.89787
-69.91173,-1500.866,154.21037
-326.37112,-3353.985,146.0777
-142.2722,-1741.6077,137.71048
-201.69,-3090.655,133.3866
-208.28783,-2968.595,122.7229
62.259293,-662.0115,121.81027
-179.46516,-1592.1926,139.45789
105.4136,-122.91848,133.88841
-99.81135,-1807.6475,139.82103
-36.999847,-853.21716,166.03241
31.298765,-619.4419,145.2664
-43.14099,-915.7322,161.09668
-315.1913,-4181.306,137.84634
-20.29296,-20.34365,130.61096
-250.11568,-6177.566,100.21787
-17.034456,-429.709,143.89093
-196.26546,-4534.195,133.2338
-68.826744,253.08037,155.35878
-10.65668,142.38005,160.11227
-344.9879,-3924.134,132.80551
-144.5923,-4806.3906,107.96216
-250.65776,-3921.1125,140.8328
110.62369,846.3236,152.80489
-273.58115,-2982.2937,150.03157
-47.734013,-542.4021,144.01057
-49.603855,-1868.4038,129.00032
-8.803552,-551.8407,139.47986
-40.471687,-196.46693,134.1036
-102.27804,-330.84476,131.89897
-441.02274,-6610.4214,125.342636
-85.19527,-4440.9116,122.617966
56.84618,-322.47415,144.32018
-190.77235,-3558.0325,143.82475
-314.24527,-6109.6616,114.11451
-137.20674,-2419.9368,115.14906
-357.98215,-4277.682,145.31598
28.415997,756.3051,152.18225
-152.03516,-2842.0496,143.72845
-60.50133,-1229.7659,158.05789
-124.61604,-2393.5156,149.97342
-297.25034,-2076.251,139.24329
-676.9453,-7148.4243,140.65196
-46.44391,-1215.4722,131.4266
31.874718,-1585.8345,148.61786
1.5679407,-84.14327,161.37721
-70.23874,20.755287,142.06226
-264.821,-4699.829,107.73805
-31.32105,241.24577,149.86118
-320.17166,-6810.9707,108.43923
-557.86334,-8339.344,112.11
74.495804,689.5941,148.83438
-38.642246,-1672.844,130.02823
99.57315,594.15027,162.44397
-315.96143,-4511.9263,146.83707
-152.46042,-2248.8652,142.2691
-212.23096,-1746.3608,126.47958
-17.849085,-481.1968,143.92369
-240.26091,-3821.2883,132.08542
-228.76465,-3498.786,111.54259
-68.93011,-1331.273,134.43277
-176.83076,-3120.6018,120.09013
-600.0193,-8674.11,113.42835
60.005135,-338.82193,139.07469
-566.44336,-7594.7554,128.40796
38.946915,633.52563,165.1139
103.68561,848.13904,146.36443
-178.55551,-2120.7346,132.28653
-114.64786,-3685.7532,107.793755
-204.32285,-3960.591,125.76733
-275.95773,-4487.2183,138.94827
-409.88043,-5255.1797,111.43698
-125.081696,-2118.4463,120.18813
-25.842985,-291.27493,137.67882
-304.32022,-4996.7744,132.78838
-109.40489,20.758217,175.33868
-169.34537,-1203.0142,147.05693
-26.640104,174.89781,143.46892
-454.7606,-7186.814,107.98916
22.868538,-250.9275,152.43398
-66.17382,-3530.4753,112.60667
-287.74466,-4252.212,135.01665
-89.2042,-754.49036,161.71822
-366.02203,-4271.812,115.70401
2.2552538,-1099.0972,134.5923
-133.46031,-1065.241,136.53305
20.244701,-2435.881,117.85874
-45.57714,213.82628,150.9386
-126.28833,-2573.4487,121.67622
-193.86543,-3655.0188,140.10477
58.380737,-674.5873,134.56654
-99.819405,-1735.8347,127.91222
-245.79732,-1886.7764,132.73734
-232.8605,-2475.3765,129.93703
-160.45973,-2574.4307,131.40457
-49.40682,-316.44876,151.12779
-26.410376,-40.119957,149.19661
-235.27911,-1696.252,143.17842
106.23302,1553.2015,159.12134
-373.4251,-3945.7288,130.1643
18.027937,-977.66174,138.24388
-92.18588,-1644.4292,152.45396
-134.4033,-379.85294,164.57852
-144.7328,-2565.4243,141.3694
-300.6502,-5004.7866,132.61304
-283.23215,-2024.9343,148.86597
-92.66721,-2965.2659,113.60809
-156.47826,-4164.597,127.38165
107.21235,1431.2217,142.76157
80.616264,2003.4198,154.20631
-101.212524,-1336.2671,154.38306
-122.23103,-643.6676,150.70255
-52.08221,-82.32986,156.6568
-378.3919,-5377.148,143.99353
-435.04407,-6180.3433,126.37893
-40.932274,-196.34084,131.77051
-478.38632,-5728.5615,128.22717
38.751713,614.63525,131.73814
166.1827,1503.2886,167.22493
-138.58081,-3197.258,115.501816
-277.98923,-4019.328,145.37796
-56.613407,-2097.2302,139.90433
4.313896,-275.67264,165.3703
-76.63161,-626.772,152.83562
132.07272,-523.8114,145.65381
-94.01995,-710.7302,132.78963
34.214943,-266.96646,144.36496
-120.17381,-1037.8398,147.62265
-240.63454,-3924.3547,114.59582
-293.03,-3641.6965,125.08371
-243.26555,-5991.483,127.60863
-55.35921,-2416.0889,130.71295
-632.4597,-9116.865,116.496735
-146.45822,-2640.6555,146.17249
58.7578,334.4019,142.41824
-232.2772,-2565.251,146.63394
-197.5261,-2967.8303,123.72831
-53.148136,-167.2798,156.18932
114.638954,-88.97842,142.63916
103.72354,2015.0183,146.93459
-406.35495,-4619.3896,131.13933
-320.08606,-4354.5405,131.23108
-58.405476,683.87787,148.2571
-229.29578,-4335.313,132.31209
-21.203375,-105.51504,137.68698
-241.12083,-3165.5854,104.46914
5.2548,-595.0664,153.58986
-250.94096,-3810.785,139.36107
-335.49524,-4869.501,153.30876
-219.45003,-1818.7153,152.95506
-61.148426,-41.469444,165.19556
31.554846,-446.28104,132.65347
-200.62671,-2893.3733,158.83464
-106.43688,-1981.9429,117.01747
-106.22974,-1627.258,130.8097
-117.66487,-1887.7424,133.29056
-215.0842,-2886.864,121.88995
-63.20702,-1330.0703,142.03351
62.45744,-866.9983,137.65718
2.7731504,442.71255,141.42673
-233.09743,-3759.5862,138.38686
-233.0902,-2547.7373,110.75851
-140.38464,-1582.0503,143.75732
-191.36723,-4679.9126,127.56986
148.95935,460.05475,159.12834
-263.67245,-2392.778,155.42465
-126.03003,-2099.356,140.65599
-74.403145,-1029.2404,129.91713
25.509789,-996.2136,130.45898
-348.37198,-4794.8984,144.13666
-295.81976,-4906.3726,150.25995
-90.178894,-1351.594,152.01004
-191.8181,-2218.9297,132.53006
-92.34161,-864.58264,155.07658
-144.92574,-1838.9336,127.09686
-51.208363,-167.14882,136.3504
-250.2892,-3957.1116,117.18279
-217.50098,-2828.5967,145.77843
-322.22314,-3664.5925,133.67604
-515.79034,-9628.747,98.86019
-50.38484,-2413.7239,128.88448
-41.18728,-2380.1372,131.87735
-196.25517,-4181.1167,123.39743
28.194847,-545.50037,137.92752
-33.40816,-144.7701,129.00157
-72.4567,-605.6206,159.07399
-635.3658,-7140.1733,128.79318
-140.24382,-3722.263,123.63243
-75.39939,-1036.698,140.54025
-181.18642,-3403.8,140.48682
-206.24063,-2801.055,137.9301
-329.7474,-7071.336,103.17761
-138.6938,-3885.1292,152.06123
-224.62477,-3676.7537,137.60338
-217.7474,-2033.0039,185.69145
-398.76483,-5769.332,116.663826
-258.669,-2635.9749,141.2469
-137.67494,-2358.2522,117.54722
-175.18642,-3037.0518,114.11391
29.294699,-1980.6074,125.60822
-309.87695,-4582.8276,135.79811
-209.01494,-5891.4077,119.34994
140.66531,461.71255,150.45567
-45.646458,-673.2329,131.67897
-83.370544,-324.50955,136.15422
-236.34247,-1255.9084,148.23494
-77.63304,171.52367,156.3294
52.82379,1770.3187,151.15796
-76.710266,-1638.8643,135.4588
-199.74287,-3386.8792,131.97968
66.98143,81.92826,133.52979
-216.18584,-2415.02,131.36197
-49.231174,-1233.3984,163.0367
-80.74977,-1022.2468,140.71637
-152.49483,-1795.9773,136.96515
-245.7788,-5428.643,133.19644
118.26769,488.15576,143.79167
-377.55286,-4596.801,143.35426
-428.0196,-6347.5903,100.30242
123.88971,1165.6672,140.27745
-109.26917,-2398.3044,117.48394
-264.19443,-2429.2207,142.50082
-99.932526,-849.2333,129.44417
30.743196,765.0777,163.37274
-178.58073,-3288.777,139.78868
-139.88965,-1563.4641,157.72896
-165.42516,-1926.1443,139.47452
-161.99477,-1448.4282,143.852
-116.32283,-2522.0154,125.13772
-235.19244,-2039.7058,141.81773
-70.28595,-1101.9465,166.11414
85.90124,-961.0867,142.06097
-305.21426,-6055.648,102.285545
-304.28882,-4206.576,145.59744
-265.0706,-3364.6584,148.63892
-194.5264,-3336.0715,126.21939
-197.13591,-3050.041,122.42781
-442.95093,-7229.2847,143.71573
-329.89938,-5236.8794,125.80093
-221.09973,-2771.7456,124.98637
-116.84474,-1801.3965,156.46533
-269.95303,-3836.1804,130.91502
-338.0121,-4056.2654,107.96982
-194.96606,-2951.9414,111.408455
-92.41671,-1140.4905,132.03928
-56.260784,-2458.27,124.263824
-194.53917,-2716.0295,159.64172
-225.13931,-4914.7676,133.79068
-99.32653,-1352.4883,121.3026
-461.63422,-7142.7227,137.1513
-98.57246,-1374.4224,141.80511
-178.75145,-2159.775,147.10295
16.066128,227.94725,150.8285
39.68412,-2269.842,128.51364
-178.71367,-3103.109,120.228386
-98.09296,-3353.0164,107.0185
114.01766,1411.2269,143.7578
-117.822205,-2558.2432,135.22409
-203.79301,-4606.832,118.64952
-55.77834,-1183.385,135.75421
-76.5479,-373.11343,136.47762
-4.4716444,-1394.729,126.7416
21.043884,-3346.8303,117.40371
-241.03288,-4159.481,135.61827
-140.08607,-1328.8474,119.91498
-163.65947,-1289.2625,139.06128
-74.61575,-603.93384,147.25569
-31.306658,-489.31937,148.99643
-50.31999,-1970.5083,134.39897
-692.6997,-9661.926,116.340065
-295.95346,-3658.9294,138.42278
-302.3118,-4394.335,118.47195
20.181849,752.9666,143.62761
-20.205137,-2495.8708,112.87635
-36.664177,-1459.0757,131.49864
-21.331282,-461.60147,156.41489
-116.02487,-1538.3215,148.91983
-224.05014,-3277.7078,144.08133
-197.72903,-4816.206,132.80673
-19.108652,-496.87637,143.21112
-296.35516,-4472.163,132.75261
-121.80838,-2700.1243,123.88439
-85.27395,-1945.8044,152.99832
-144.78006,-2930.534,138.94025
-334.99637,-3846.302,145.74892
-323.44513,-4197.5327,153.16222
-401.29745,-5981.4263,111.812195
-174.47885,-3447.8176,115.155075
-317.54102,-5505.245,125.02476
-370.31046,-4991.412,148.23566
-259.2831,-4380.5376,137.70822
-72.0995,-927.682,135.13588
-172.94554,-3126.7256,142.6359
-187.56847,-3351.2166,130.91478
-107.77213,-857.1743,187.71533
-143.99359,-3901.68,121.18205
-231.02312,-2659.8586,123.78949
-527.9994,-7961.8794,123.34191
-319.6242,-4471.1455,119.80554
-243.00304,-3474.3264,135.02718
3.372673,-2622.829,114.96235
-94.822495,-3820.7595,107.602936
-119.118546,-1826.5854,146.32748
-196.33328,-2072.3647,161.54878
-93.55267,-1402.3276,138.9307
-145.66133,-2590.9478,162.16121
-48.423023,-791.02185,124.66856
-79.36526,-2458.4902,120.45862
-202.83348,-2152.6418,144.98018
-359.1907,-4422.289,124.23558
-32.145107,997.0558,143.6334
-346.45712,-4285.4106,127.63109
-135.09671,-1111.2203,155.62503
-104.046265,-1923.0879,149.45015
-175.54169,-3049.6804,147.56818
-183.87643,-1370.477,162.03468
-167.36684,-1289.9214,142.06941
-51.313908,-2602.3162,137.77219
-209.3274,-2643.8784,125.65308
-230.21759,-2927.972,113.29057
-74.9523,-2487.319,134.1422
-187.63971,-4106.32,126.75603
-357.22864,-5151.157,115.574486
-169.31982,-3114.0273,117.73739
40.37353,658.9727,171.70906
-139.11395,-2707.6924,146.82776
-349.24268,-3287.552,148.65138
103.24713,919.7569,138.79474
60.74962,-601.4142,142.48717
-187.04897,-2633.6108,129.49149
-370.29202,-4966.868,124.01561
-113.94029,-465.6288,132.66315
-371.5645,-4379.96,143.30907
52.420784,320.02304,144.56377
-296.38977,-5650.621,101.03511
-23.797895,-1509.7708,144.88791
-189.04488,-1659.1387,138.46588
-91.14204,-1461.9509,167.32092
8.36122,-412.28165,128.91066
19.724928,99.82017,130.18279
-34.091763,140.04027,157.52856
-710.1715,-9315.916,110.09473
12.915983,488.7272,156.63
-69.07737,-852.3888,141.91003
-243.72267,-4612.4707,140.29996
-4.4750032,438.6012,155.27376
-381.4964,-6127.861,120.19609
57.1362,-127.16042,137.00998
-160.88011,-3268.5613,105.74212
-38.259483,-692.6128,154.63716
-148.25298,-1111.2344,145.91916
50.44771,100.63969,152.86232
-22.543081,-700.46204,151.29277
-372.60654,-7317.028,125.617424
-37.843338,-1306.271,154.73236
95.075935,354.72235,149.47871
-218.38303,-2161.377,122.18584
18.516489,-2081.8088,122.47204
-359.62994,-7823.7583,100.71013
5.1739597,528.4273,138.22473
-134.00134,-1788.1262,135.38559
-437.5821,-6243.548,109.83315
-174.33722,-3872.6326,120.29907
-307.23288,-5773.85,90.18505
-261.6371,-1510.4214,157.1542
-146.46625,-1407.5369,123.53218
-142.43549,-739.98987,147.14062
-10.752765,-1080.9131,134.30328
-4.2621756,-2043.602,121.46411
-214.53548,-2370.2815,131.16327
159.93622,653.9434,152.30963
-85.96071,-1703.0891,143.9776
-93.51329,-925.5708,152.98232
-112.35663,-2983.854,107.13952
-120.36624,-633.2239,148.72162
-166.00279,-1681.0435,152.31052
-293.97482,-4269.0684,122.53191
-314.11752,-4903.9224,119.95772
-193.97997,-3325.9983,128.35333
-374.6428,-6041.5137,136.25215
77.96689,330.0626,160.24039
-95.71902,-2238.9082,137.50264
31.229528,246.3297,127.95603
-162.1,-2573.5232,153.43015
93.33976,926.6259,135.57825
-425.0233,-5866.132,132.11754
-2.593131,-21.427086,152.17888
-129.51453,-3535.6038,135.69557
-225.17107,-3449.3982,135.23322
110.88765,497.1591,137.69595
-222.6044,-3901.0168,149.03615
-58.054028,-427.3041,138.91193
-23.472132,-2607.6863,108.828545
-285.2378,-2755.4653,135.41435
-451.76303,-4395.8643,126.38318
-237.22803,-2964.2202,156.54451
-289.9461,-4502.18,124.136894
-3.9732351,60.955544,125.209946
4.689004,-661.5796,134.85478
-249.87004,-3931.6633,119.39764
-305.60944,-4582.6294,134.44754
-87.16981,-2373.8743,145.44565
-78.15256,-663.2241,142.91505
-284.93338,-5248.1367,119.74072
-61.180607,-3317.9114,124.56772
-487.31915,-5738.104,108.20552
17.449257,-1750.2788,129.25963
0.25183007,632.634,138.29108
-418.463,-4754.364,99.72042
-169.53542,-2855.294,120.22022
-57.79878,-2528.1816,140.46193
-145.79427,-1518.6509,144.44846
-7.291314,18.613075,150.11359
-90.67229,-2307.4165,134.72226
-34.38535,-1981.5183,119.1061
-146.86148,-2287.1736,149.19173
-254.26775,-3176.7493,136.6027
-149.05429,-1326.2141,131.2149
-121.5502,-2481.762,124.68414
-95.35387,-2172.0264,134.76671
-162.28633,-2159.8167,123.33772
-93.84467,-3533.488,122.46322
-286.32333,-5286.307,129.0669
-579.1491,-7305.727,118.007416
-222.013,-3628.7156,146.92343
-147.89098,-2411.235,139.98117
-346.66617,-4809.1045,131.4066
-164.49516,-3694.4543,125.58664
140.96442,1765.5331,155.04265
-108.564545,-2975.745,140.62868
112.83438,630.88104,147.56786
-148.31134,-3717.697,126.42031
66.7443,-345.34793,138.3865
-109.073685,-2163.591,126.777115
-161.80557,-1499.1804,127.06354
-129.99142,-3488.4734,127.63717
-37.37378,-732.86145,135.15099
-18.299456,-688.7921,148.68263
-284.97635,-2815.1472,140.20348
-25.758154,-1739.5225,142.16772
-317.735,-3557.3962,133.44029
116.55674,558.43933,147.24721
-29.987585,900.45337,144.88759
-95.733955,-308.79556,156.17725
-203.12817,-5082.665,133.26073
-72.86813,-768.2948,119.32443
-78.10009,-3657.9148,130.64754
-155.51059,-4527.0625,115.38876
-315.17206,-4898.156,139.18579
-353.38593,-4383.015,137.58841
-349.7455,-2669.435,142.49171
-234.07092,-3906.404,129.32866
-346.67984,-5077.0234,107.284195
-65.872574,-1634.7876,137.05615
-168.79314,-3208.984,134.53905
-333.59903,-6503.1035,123.02001
-104.50984,-2082.409,134.53494
-42.143833,-1810.7358,126.950325
-109.20043,-952.30396,178.95563
-174.2232,-1578.1621,136.73723
-77.916565,-2751.2053,129.3113
-83.89075,-1646.4827,161.15393
-101.011024,-1293.0012,150.57147
-59.707203,-1206.061,136.54247
-183.25319,-3581.2043,165.90747
-396.14944,-5344.4253,147.02258
-60.908413,-2179.2346,137.8798
-248.09947,-2429.2322,159.2424
-171.86263,-2993.9717,114.44142
-131.40474,-1969.8325,133.73286
-385.31216,-4557.661,129.22617
-152.64302,-2104.5876,149.72194
-360.1624,-2591.959,122.02436
-156.22505,-2948.1965,120.34931
-210.56288,-4644.0107,133.91553
-251.8687,-3236.4397,142.09482
39.937763,-3070.1602,133.99019
23.964552,-19.424278,171.92947
-52.39918,236.14922,137.68372
-282.34872,-3916.5388,124.95866
-93.71936,-394.39737,135.9667
-110.52042,-1272.9609,141.97687
-111.6324,-2106.1685,149.4748
-35.82602,-64.871605,144.17757
40.756657,441.72018,148.4984
-215.70766,-2425.3547,124.96152
-61.76118,-1207.949,140.74998
-297.07318,-3017.765,130.15129
-564.08496,-7018.679,134.80244
-311.3459,-5099.4766,138.38354
-31.499014,107.35172,145.52701
-401.07538,-5456.876,111.556465
-78.11583,-3072.6614,127.0652
-2.4360971,436.40964,146.67685
-155.65472,-1656.9731,136.92737
-314.34677,-4392.335,122.41218
62.7691,-79.52297,160.78549
-85.15195,-2595.7246,136.89806
-194.84708,-1775.7139,145.87447
-40.694664,-1571.4788,134.57623
-311.33844,-4887.2515,132.11853
129.26945,1504.1287,139.3266
-324.54288,-5495.753,123.99703
-81.37092,-240.23732,138.54286
-490.15683,-7755.3228,135.43845
-96.26169,-1208.554,142.14056
-179.72607,-3440.3699,131.83269
-151.07625,-2507.3594,126.2091
-279.12372,-4207.3477,131.84445
69.465096,1680.9978,154.89778
-250.66902,-3180.1929,147.22359
-537.5734,-6943.1074,123.91894
-23.282183,-1284.5745,148.68114
16.656006,-856.4298,123.91673
-66.52341,-1520.185,131.55566
38.701332,-1258.9998,113.68249
-90.10699,-2488.449,140.72414
-131.96606,-2531.4446,152.27605
-402.05194,-7143.127,103.37267
106.01518,-191.21559,149.07986
-452.42444,-5625.478,125.61648
-5.476781,-742.20557,127.480965
-283.03885,-4989.0117,129.3694
27.989288,-831.8755,128.70923
-134.39172,-4346.223,122.25176
-46.16256,-70.47823,170.007
83.59076,-1093.0684,138.69199
-125.765396,-2255.9668,129.02689
-136.09912,-2877.4092,117.3212
-564.53503,-6514.9097,120.63208
15.938032,-495.19778,143.29219
-132.01764,-995.26416,144.00282
-198.19933,-2845.0193,131.62079
-171.52579,-1754.1189,131.06465
-167.22232,-2299.2354,123.52127
-159.72124,-1667.2087,145.04106
-72.773285,-1575.5896,147.00519
-291.1929,-4289.729,124.34561
-280.04642,-2413.3298,129.32367
-534.23157,-7944.7515,128.0305
-375.73935,-6301.556,124.073204
-83.43377,-852.4525,155.606
21.315191,-635.59705,129.80786
-34.141552,-490.71097,119.873695
-87.223946,-2134.5017,135.60768
22.833565,-255.16457,153.25829
-288.15976,-4924.501,131.18634
-250.99562,-3892.6887,143.44511
-85.21567,-1160.6857,139.7606
88.33623,99.534645,150.857
-334.4744,-4229.1523,120.52784
-19.313814,-1892.9348,125.631615
-65.82408,-1036.1016,149.51833
-60.67001,-533.2903,128.929
-327.1283,-5245.421,122.150894
-154.6759,-1964.2534,137.50868
-186.83138,-3554.1052,128.44673
-444.45792,-6718.7944,102.0939
87.268105,750.1995,147.40607
-86.17672,-1395.0122,149.78577
-554.61206,-5210.816,144.38951
-208.93127,-3104.9326,132.69629
21.243185,-760.01843,141.25533
-127.982635,-1358.8389,142.20052
-368.0807,-5841.5854,130.67241
-330.33246,-2968.6643,121.015594
-219.00366,-2005.2053,129.49612
-126.391266,-2389.919,132.59094
94.30899,-1131.4489,147.19287
-243.9445,-3812.3708,141.13698
-243.77412,-3572.1106,149.0004
-338.48044,-3255.39,130.27211
-68.63471,-630.2355,132.14633
52.714203,253.37602,125.156525
-132.81857,-3703.761,141.40749
-336.2527,-6053.41,96.26491
116.22387,-663.7356,150.00345
-101.512566,-826.4258,124.18293
-622.73926,-9593.671,115.26983
-125.56496,-1481.6997,153.58089
-95.49931,-4922.773,128.40338
-48.109562,-1580.1387,148.87392
-190.03918,-2234.661,169.1188
-189.4265,-2042.0481,143.09764
-560.4278,-8202.905,111.72356
7.798318,-691.24365,147.39357
-324.49808,-3933.1814,112.19886
-359.93384,-5551.524,139.0799
-176.42851,-2634.212,138.74483
10.01971,-1056.3043,133.5077
-55.623066,-2308.3018,125.7067
-285.73984,-3107.5874,125.15016
-208.64366,-2948.7942,123.20027
2.4872046,-1789.856,123.71775
-181.9968,-2493.2139,124.06632
-99.29307,-2329.116,120.094696
-138.72144,-1770.6799,127.5955
-272.86258,-4574.0713,109.24306
-191.87521,-2069.039,146.14886
-157.6371,-1775.6545,137.6391
-308.47424,-3664.4255,143.50267
-249.67287,-3748.3552,137.16428
-56.77792,-2524.5723,134.41565
22.604824,-476.0508,158.13266
-296.44315,-4223.1313,142.88649
13.666075,-327.69717,152.9715
85.369644,-3057.9453,118.62774
-33.12402,-562.2898,146.13326
-71.3314,-3172.9688,120.51572
-9.768924,253.17363,143.45946
-173.53542,-1307.7976,128.65936
14.402331,1418.3206,155.52101
-130.68814,-565.24817,160.09377
-44.53177,180.04552,158.44331
-281.421,-3316.076,133.62848
-248.79765,-5478.6426,139.60446
145.89389,1588.2354,155.32426
39.460354,1006.86597,153.4091
-422.3033,-5328.94,143.288
19.870321,-454.29373,135.31372
13.8831625,-95.75521,146.67294
-453.70016,-6256.049,122.82991
-92.78777,-2229.9326,135.67062
-323.48862,-3783.2517,123.50031
-279.56775,-8196.042,115.95993
21.572977,-1905.5425,129.16165
-423.17014,-4763.5376,136.64488
29.059275,-986.0432,137.65569
102.5456,269.29538,133.56035
-183.33766,-2620.2695,121.33316
-228.6099,-6208.369,108.14201
-12.995599,213.86241,167.76266
38.761074,1223.6578,164.14082
185.62834,1673.3385,151.78517
9.027882,-330.5745,160.94896
56.651077,-493.75296,133.2638
-252.19691,-3569.2869,152.70416
-335.96704,-5455.82,128.0215
79.09573,604.1492,152.30623
-375.4126,-5568.382,131.35753
12.362003,-2110.8008,143.28253
-54.710697,-1927.5596,130.75656
-307.28317,-4374.4326,139.47943
-52.632015,-2992.006,137.89621
-126.456055,-1356.2532,134.52618
-271.50592,-3648.6575,135.04674
49.18953,1136.8612,169.26529
-203.57294,-3563.318,146.00664
-188.58473,-1833.8438,152.90862
-68.57024,-1159.3807,141.531
-170.94365,-1209.6431,151.89342
-121.738144,-3129.4702,159.76439
-403.01022,-7206.3477,125.262505
-420.37845,-4077.9548,128.0513
-64.434204,-103.81008,143.7771
-411.12976,-4516.857,106.18223
15.301154,-1061.3129,140.71082
-45.31819,-1805.3965,134.39127
-233.67299,-4070.6858,152.86546
21.812847,-2239.9417,138.6007
-64.58669,-1076.5586,131.44243
-162.89528,-2860.4514,104.4347
-19.19456,1013.3334,157.90019
-53.1658,46.914223,142.28893
-24.200144,-140.49934,187.97968
-162.87297,-2845.6965,126.979836
-45.403732,-379.61978,136.37215
-32.6014,-240.56288,152.90848
-647.90717,-9504.249,133.46829
25.64757,-1517.2915,158.60667
-79.14192,-1934.5845,143.64986
-311.98837,-5997.1885,99.57123
-127.5195,-1966.2417,129.28043
-40.352436,-1651.1555,130.28374
-120.72409,-1789.2632,158.09367
-127.525925,-2683.2131,136.202
-366.9836,-4668.254,119.43372
-172.59718,-2024.5835,156.5215
-169.65045,-2229.4302,148.82278
-412.20233,-7131.5566,114.51569
2.973136,-535.9612,128.05858
120.34916,357.37683,150.96262
-408.49066,-6045.6704,128.22696
-101.4188,-2230.3472,127.69481
-63.08138,-2068.754,123.843636
-370.5385,-3615.32,122.59724
-494.6137,-6265.275,122.739914
67.235985,-276.14896,141.67336
105.21694,-639.12463,143.82297
-72.18615,-720.9906,147.78699
87.37923,-140.85127,146.4001
-252.04692,-2930.9387,117.90686
-192.92487,-2117.8245,124.76171
-139.3178,-2963.6294,141.47057
-169.16086,-1881.4031,154.44258
-80.89751,-1594.5571,129.80899
-145.88062,-2341.6309,132.15764
157.10265,14.9780655,133.82437
-232.32379,-1575.7195,155.83603
-285.15787,-4718.1987,149.23239
-181.81154,-1446.0908,135.98132
-505.47708,-7496.8335,109.57712
-123.21213,-1394.4385,124.336876
-313.741,-3569.2463,142.3304
-377.6604,-4309.9985,123.55472
3.0104208,-942.9877,139.7962
-182.55627,-866.2312,142.1695
-60.31764,-175.61562,142.72273
-393.6126,-6423.2676,105.13975
-190.92964,-4889.6265,122.49834
-20.983664,-1223.8535,146.66394
4.3948793,836.72675,144.93
-206.64104,-2780.19,125.86729
-121.64665,-2695.0479,128.71411
-191.39874,-1429.7124,141.74904
-301.68466,-3049.5583,126.19709
-396.108,-6446.636,126.13202
-213.72852,-2512.747,120.02257
-208.77853,-3166.0825,122.16551
-581.5342,-8326.287,106.590866
-170.52168,-2364.636,128.20789
-451.21628,-9141.814,106.01045
-364.70837,-5320.8965,128.02036
-103.220024,-2595.0242,119.45205
26.001932,-1226.1235,132.14911
26.362501,958.6503,159.44888
-101.7159,-434.90103,140.37375
26.907013,385.0929,136.66843
88.34746,-516.43933,145.3545
2.326313,42.449806,157.22426
-172.36867,-2065.6921,136.3498
-32.01539,-1868.4841,117.18387
-256.07178,-2797.2876,132.7255
-195.9897,-4662.9707,128.90343
82.16478,-390.28384,156.20665
-88.08748,-2700.7944,155.8515
-8.310298,-1353.9961,134.45439
-55.43517,326.61624,137.60027
21.465668,123.455055,143.66476
-80.1813,-3800.5852,137.92628
-77.21986,-1012.3082,130.53961
-508.0789,-9421.378,95.36153
-384.1675,-5134.6787,119.7446
31.897352,1166.9684,169.66138
37.670055,981.37415,141.31519
-367.98587,-6557.128,120.50015
51.807007,389.88647,154.43852
-303.76575,-3627.758,118.34962
-205.33067,-4038.2795,123.01533
36.286724,-1968.206,152.13481
-182.17892,-1342.2295,145.83289
-35.285503,-821.00854,145.91951
-99.02704,-1931.0718,126.092606
-53.30453,-711.18567,136.83862
-175.23206,-2409.6404,125.89787
-140.10074,-1475.1853,149.98557
-124.25574,-2036.0662,125.91489
-28.819326,88.08988,159.7763
-282.33627,-4174.084,158.97076
-90.717674,-3533.0833,113.63826
-170.67033,-3172.3003,109.12954
-55.22739,-737.5038,171.44203
-120.696335,-789.85693,151.83937
-73.32519,-483.2383,131.98027
-217.25313,-1545.981,128.66023
-23.830435,-2332.9504,137.96935
-65.73573,-536.8026,142.13321
-310.89432,-4148.9263,137.50996
244.44852,973.91516,152.85567
-128.16602,-3684.6257,122.789116
-487.12448,-9034.49,101.702736
137.27237,851.8137,157.67685
-99.10625,-1804.4539,154.56018
8.524553,-106.333336,150.2062
-20.513945,-401.2327,145.74628
-110.79595,-1085.2571,143.23566
-99.54307,-2518.2607,147.56947
-85.62392,-1593.2524,127.23608
63.067123,-431.2111,146.03679
-314.22043,-5763.631,124.42089
-266.64383,-5226.2007,124.8342
-351.7592,-6224.4014,113.95771
23.203157,-2907.0308,143.38795
-186.32097,-2468.2073,154.8252
-391.821,-4901.058,138.45451
-229.50043,-3280.325,129.42609
28.348486,-1294.834,142.66953
-113.696304,-1746.8872,138.91917
-147.23862,-1602.3176,139.05092
-173.83812,-2936.1626,116.10963
-202.68861,-3035.004,119.09486
-45.92312,-1866.8945,121.574104
170.9809,1071.4563,146.44911
-231.01233,-2297.2644,149.56868
-60.526966,67.09324,165.12349
-244.23012,-4109.3584,122.539696
-210.83725,-1954.541,158.73772
-57.529377,-529.00146,149.08925
-79.258255,-1936.5159,133.8951
-122.86429,-2601.4763,102.681175
-171.1374,-505.8887,152.26999
-85.26656,-1781.9536,142.37634
-106.991905,296.5613,148.36296
-115.461365,-253.79274,141.41736
116.569984,361.7961,157.38617
54.574753,405.06918,159.84677
-148.81757,-1990.3579,143.28015
-434.9503,-7878.846,129.59926
-245.94295,-2632.8423,184.42711
-11.477288,-1607.8608,131.40355
-334.61703,-4886.4746,122.84648
-165.38634,-3242.9011,124.74099
-395.71277,-3941.4104,127.636345
-342.26895,-4792.2817,130.75598
-330.586,-5554.7695,115.316635
-191.76952,-3474.0056,143.13687
-0.965188,-1754.6472,118.9826
-162.6611,-2614.7134,125.08791
-319.31992,-2725.0063,141.30782
-358.22098,-5118.061,122.10875
-214.82787,-1629.2842,148.68076
-109.579636,-1505.136,143.65762
-177.68022,-2079.6724,126.16802
-179.31085,-3585.1506,115.17144
-343.24237,-4801.4824,127.82375
-261.39252,-3889.6282,122.268654
-44.23006,-1701.5754,127.21254
-491.64035,-8395.789,121.45054
-37.711826,-714.5913,150.57063
21.283907,119.98832,147.6634
-479.1255,-5024.7646,133.36305
85.120285,906.9447,161.05965
71.44325,-664.296,146.29031
-73.129814,277.62875,146.84949
-15.89095,-1227.1289,125.07992
-246.20369,-3256.8909,167.80899
-124.32152,-2538.241,121.709816
-107.20696,-875.01697,173.13466
-288.05923,-4047.3489,145.30678
-155.10439,-2589.196,122.6772
-32.042686,-212.01125,120.88456
-134.59268,-1875.8535,154.62248
20.110287,-917.84485,148.18193
-309.8175,-3726.6375,130.69418
61.225243,328.41837,130.93568
-130.8699,-2761.1125,118.83294
-124.614,-2196.6543,141.84676
-431.6432,-7052.86,124.954994
-112.19211,-681.55505,147.99402
-610.32263,-7381.935,131.9204
-435.6574,-5864.919,117.918304
-92.82228,-913.24866,192.34737
37.249596,-281.25418,139.12427
-252.60435,-2905.335,121.317184
-367.00516,-6337.433,114.18074
-330.10257,-3172.7542,129.21783
-64.0923,79.29496,177.31577
2.57055,249.34862,166.11172
-46.82469,-815.7534,146.66681
-109.96089,-1628.1304,134.89508
-171.66852,-2658.9846,156.60107
-241.70033,-6487.675,97.689316
-98.834755,-523.70496,160.2371
149.93303,1525.0159,152.04108
-120.494995,-1356.2036,132.95488
14.28249,-29.873009,146.06274
56.57418,478.7086,144.44594
-273.63165,-4798.175,122.127396
-6.4721956,-1176.4369,123.371544
-210.42705,-3080.3982,118.22352
-82.63128,-1272.8816,148.65515
-15.341723,-1917.636,143.34009
40.020073,-396.08658,143.75102
24.480038,-100.17251,144.37112
-130.94243,-2482.5344,133.02637
-430.78253,-6879.057,105.73983
-273.2178,-2677.599,139.60303
-15.821408,-650.7605,158.42159
30.008352,-2121.5837,145.68921
-45.025143,-1328.6877,119.16195
92.36828,-663.9863,128.58083
3.5916204,425.2721,151.37935
-119.94574,-1750.9482,159.60396
-418.97037,-6701.9272,130.31049
-107.83403,-3220.5464,122.529755
46.33967,21.379433,144.7664
58.774254,858.27124,157.71782
-180.76091,-1641.8828,132.40845
-49.536755,-324.9778,146.55951
-135.97966,-4931.921,131.38963
-166.55788,-3268.464,132.8531
-383.4155,-4964.179,113.00627
-135.0929,-2028.9971,134.12643
-630.1308,-8025.8384,116.01869
-538.3518,-7044.248,122.443565
80.64766,866.2251,150.12062
-138.98071,-2464.059,136.98582
61.747738,30.462074,128.70673
-142.39772,-2533.2803,158.84581
-56.784084,-2680.4055,118.467026
-93.83701,-2200.2239,130.92368
-421.45804,-5470.615,150.23949
-107.15719,-2134.5,122.22442
-57.49866,-1401.9402,136.19093
-226.41016,-4961.817,137.09079
-33.872986,-2701.5742,137.1683
7.806799,-206.05531,153.21072
105.672615,-160.40797,134.58081
65.398254,645.2435,146.41576
-210.47345,-3148.448,139.39377
-16.799318,727.98883,169.56384
-46.229088,-1108.4707,148.4502
-404.48666,-7773.946,111.7051
-150.85194,-1407.8113,145.99513
-95.84969,-2565.4644,142.89838
-198.5098,-4541.3545,129.67702
137.10533,-586.8146,164.42435
-168.71509,-1685.5872,124.51788
37.501347,654.3184,163.60507
-21.664816,-2244.6394,128.95485
17.775618,138.77843,153.04178
-256.93515,-4271.481,128.86021
5.906584,-34.41909,148.37025
-181.8966,-2941.0586,138.07243
-338.1428,-4207.329,124.10331
-80.85727,-4708.2334,112.88261
-161.50664,-3469.5422,138.39984
-147.00252,-4014.3196,138.93279
69.3136,551.9808,139.50085
-308.32806,-4334.9478,125.85493
-170.81398,-1366.5149,132.35533
3.9104786,-142.78194,140.19475
-200.22119,-2149.0183,139.06778
-371.41336,-5806.484,121.61567
-156.54549,-3203.3687,132.88351
-175.17355,-1864.1497,160.43004
11.164007,-1250.2839,121.11152
-232.59558,-3135.5664,116.7738
-221.98225,-3838.9763,127.572975
-2.54416,179.50798,157.42816
-186.59076,-2030.384,147.60103
-341.45557,-4868.4243,139.52171
47.572086,-1539.9685,129.54872
-42.77959,838.2679,150.63245
-277.81122,-3527.198,135.49483
-26.122786,-2143.554,133.14471
-69.26187,-485.0679,134.70717
-80.96029,-477.29825,135.72836
46.82691,105.69712,135.5426
-160.65776,-1118.7498,164.90895
-72.27253,-1187.9805,129.19464
-354.99173,-6622.392,108.89352
-284.86597,-3616.2976,123.01375
-319.2086,-5101.812,102.740585
69.00495,548.3215,145.71614
-356.26498,-7115.643,99.00116
-258.1397,-3690.389,130.94249
-130.42514,-1381.2878,153.36899
2.4190044,978.20074,162.47446
-250.88045,-3926.383,126.616066
63.112534,541.8145,144.92752
-65.71384,-601.4131,140.18416
45.003178,-327.45792,150.98166
-221.16486,-3070.633,135.37274
-111.54947,-1852.2393,140.66513
-297.0284,-4157.265,104.94201
58.746674,-538.70276,147.52528
-43.375664,-1350.0947,149.78688
23.056217,-1875.6746,134.57953
-397.52576,-3655.9465,121.29347
-200.46086,-3155.0728,133.57959
-189.82317,-4301.2783,137.3146
-132.08998,-1398.4084,142.21667
66.06307,187.2885,147.69495
-503.56107,-11036.359,122.60674
-121.32768,-1727.4941,145.75906
-817.41907,-12356.618,105.9232
-339.51215,-4765.0527,130.0068
-422.96646,-6773.537,94.809654
-217.43196,-3053.7163,134.01361
6.3006926,-80.27798,135.32114
-147.40614,-3094.3223,120.04375
-119.64998,-464.41287,154.94586
-208.89136,-4655.0034,125.15742
-281.49872,-2886.3396,124.06816
-184.65685,-1942.8069,131.22589
26.550758,466.429,178.71729
-199.19743,-1771.406,149.05544
-200.06201,-3662.5222,137.34581
139.7769,859.14734,146.71632
-208.17078,-4600.2744,126.56366
-205.818,-3815.2273,132.88069
-338.58862,-3483.3577,125.460976
-75.77807,-1353.7424,142.61646
52.679794,374.66193,135.61157
-283.35364,-4581.2803,143.62524
-159.11597,-1851.262,154.34155
-113.58894,-2335.321,132.50366
-69.342995,-706.8921,142.86404
-148.65446,-1944.2917,148.77768
-128.93225,-3032.3289,119.85363
40.06373,-508.94962,171.64745
3.5548801,-561.1638,162.10286
-123.7923,-1682.2236,146.03096
-211.70178,-1779.824,130.5124
-10.24911,-322.90067,143.24442
-17.550161,-1477.7825,132.70218
-210.18973,-4892.969,121.57247
-29.357931,-554.7362,149.22003
-45.141983,-624.1338,144.63019
10.293598,174.89043,136.79782
-127.07103,-2372.6965,114.70186
54.219345,1109.2086,132.22147
-155.69626,-1509.9941,122.59009
-155.48601,-2805.548,144.72678
-133.76929,-1941.8862,128.33452
-249.45815,-3908.679,124.99106
-30.448187,-2034.5164,142.92303
-57.919353,-2089.5012,126.614914
-262.51077,-3697.0247,120.61397
-51.279247,-1252.9429,132.49287
-448.0654,-5576.87,116.66715
-235.31648,-3209.5913,123.87788
39.365047,161.23772,142.18097
-105.92057,-61.745384,160.75217
5.462982,1467.8489,162.93152
-123.203384,-909.7114,134.26341
-350.65582,-7087.1177,132.84248
-115.97955,-3338.3928,140.34296
-43.28881,132.71385,156.14685
-75.27979,532.9267,144.42921
-105.52182,-2541.5015,143.72273
-329.12054,-3433.3464,126.379395
-259.7161,-4752.1016,135.77867
-77.130516,-2675.0393,127.68043
-224.023,-4063.3293,154.73665
-138.40468,-2747.8184,122.984886
-181.73773,-2241.5474,126.12055
75.45213,1578.7997,162.14583
-237.2633,-3781.8547,127.87675
-46.369827,-1600.1301,148.47534
-259.21356,-5502.4473,120.78685
25.878536,-1684.1672,122.02421
-188.26881,-3114.0996,137.80916
-136.97984,-1244.6716,156.60608
85.125336,785.8287,154.35274
-244.02003,-2594.4739,154.46472
-300.76077,-5437.9497,122.05702
-158.60797,-2562.298,139.28787
-148.8424,-1694.9495,116.685555
-171.67105,-1446.7446,122.29127
-120.46332,-898.0265,133.31274
-122.12245,-2486.3677,137.49858
-171.9463,-1646.8967,141.0064
-48.985935,-318.9153,176.43292
-19.886019,-526.026,137.91168
176.53754,1277.0706,144.34956
-261.6076,-4196.537,135.24687
51.97214,-835.30115,153.7926
-44.654293,-1696.3308,139.10643
-165.15633,-1952.3369,152.15042
19.328217,19.986244,124.88955
-238.44524,-4278.2397,133.41719
-319.3693,-4945.5713,139.07964
-299.38516,-5761.6562,120.51428
-187.29875,-5113.2393,105.438065
-51.03452,-663.3545,130.097
-515.162,-8370.902,113.12535
6.0614634,572.4919,176.01456
-221.05913,-2102.0125,142.37437
-15.301803,-908.5714,124.2603
-91.37108,-682.6317,159.3442
-173.95407,-2665.1743,129.71701
-315.8092,-5349.7217,108.55322
-168.68613,-2154.4739,155.96722
-204.93903,-6044.9297,106.15772
-348.14432,-4492.583,119.10388
-562.26685,-8271.005,113.911835
23.258524,848.72003,144.20244
-189.63583,-2577.3782,118.9141
-163.44716,-2157.303,131.83463
-274.68896,-2718.116,137.44481
-83.19554,-403.58536,148.69656
-313.05188,-3579.3074,133.45882
-26.41327,-90.429344,145.1543
-31.578543,-525.31165,147.44775
-217.54549,-1697.731,145.46263
-243.6747,-4050.7874,128.67648
-161.94934,-4678.9556,132.56485
-153.63635,-1456.8171,128.13808
-57.377598,-2708.7583,118.10548
-495.9023,-7259.98,136.3404
-590.4513,-8561.633,101.58974
-121.84479,-1420.1863,152.3152
-130.98135,-2347.83,155.98596
-128.79382,-2812.9622,120.30203
-521.8008,-8377.3955,114.73419
85.39824,1144.5488,155.50398
-20.669611,-903.43286,134.7748
-85.53467,-2039.9072,141.83572
-26.532125,-3719.8733,135.05696
-143.9621,-1800.156,140.17067
-44.678383,-1510.7014,124.01143
-493.24225,-6778.1978,100.66452
-206.344,-2577.641,116.38465
-246.89168,-4855.104,98.49488
-245.2892,-2417.4346,139.76562
-80.5839,-643.2108,151.27922
139.23738,1378.8809,164.66069
125.07324,299.01688,139.7848
234.66399,266.6472,150.36768
-47.13414,-560.8915,157.59537
-262.92096,-2810.7498,117.043335
3.1335363,445.19827,159.14586
-38.284264,77.25938,159.94098
93.77901,638.3849,135.39738
132.49265,1976.8535,167.26546
-200.11559,-2142.2568,152.14412
-45.855858,-1725.7156,143.13086
-286.05963,-4406.9316,127.4085
-241.99446,-4005.9402,145.76347
-6.8974237,-198.61671,144.73206
-10.239306,205.34727,159.48529
-166.66902,-2523.9294,171.04979
-148.7345,-4246.1045,113.50522
-31.652742,-180.44276,182.04918
-132.38333,-2913.4336,126.78813
-242.03316,-1844.3955,153.95975
30.40273,14.0996475,144.21683
-469.18826,-4861.246,134.025
-128.38718,-2866.5479,139.01357
-162.21509,-4378.3203,134.11891
-35.69531,-1334.1846,122.817856
-294.6359,-3778.5222,136.63004
79.65503,849.6256,148.05284
-261.59885,-3512.5217,128.86653
98.78602,1193.7827,149.47739
-40.135296,-2572.2756,137.37051
-7.2604837,-273.93484,129.81895
-145.57967,-1371.135,148.73601
-348.56982,-5325.8477,114.989426
-95.68255,-653.4232,129.63199
-158.81256,-2384.8547,132.9151
-51.655704,-15.958702,150.09645
-118.232956,-2956.356,123.28535
-290.0591,-5861.5044,141.99303
-62.315044,-722.37244,140.10953
-218.77003,-3190.878,134.94592
-336.5315,-4566.9043,135.86511
94.868225,-82.65859,140.8102
105.15982,-447.21133,151.27531
-259.44257,-2592.0222,144.44499
-315.27896,-5155.303,139.3329
-155.63268,-1401.8447,138.2514
-154.41524,-2117.6611,151.54518
226.62202,2182.3008,155.66571
-276.82895,-4466.1953,119.83115
-82.39696,-2514.9048,119.0217
-27.784529,-209.5663,137.98131
-98.4341,-2233.5945,137.98378
3.2937717,-483.05215,148.10873
-249.75706,-3777.925,111.4572
28.98151,-99.14968,146.34712
-596.7387,-8362.648,107.59989
-239.85927,-4653.792,113.33153
-49.28426,-228.77834,138.86719
-331.6919,-6243.1025,112.36863
-385.7115,-3828.3562,124.68835
-10.709212,-2706.1458,119.81557
-262.16095,-3301.9426,157.22055
-243.49892,-4749.373,137.89008
-407.65356,-5204.8447,120.27018
-106.36015,-2747.4836,134.83676
-235.14218,-4604.0645,103.14895
-273.8921,-3751.115,124.33761
-319.9618,-3734.3152,152.05414
6.452199,738.5227,166.3147
-64.0775,-150.64351,159.19408
-157.7404,-3522.4045,134.5757
-12.999764,212.59062,139.95366
-161.15388,-3129.7827,120.78283
-603.6972,-7369.7065,102.8717
-74.86902,-1108.3011,153.258
-214.40846,-4968.2646,119.4438
-25.757864,-879.94775,133.81203
-41.327538,-1982.5144,116.92718
-30.188559,247.4926,143.4971
-32.825912,-767.51965,119.2327
-641.15137,-8830.652,106.61487
-109.30147,-3608.9822,137.02422
-84.505325,-3631.8674,115.759674
10.522406,-884.81555,145.14828
-486.6061,-5591.246,114.49729
-313.82874,-4087.6975,127.52304
261.367,2204.7473,161.07628
-213.5963,-5056.9585,143.75128
-144.7767,-2077.2021,143.81265
-137.34673,-1949.3923,153.74792
58.009586,-743.5215,153.62607
-130.72202,-1403.8069,168.91127
-107.12383,-1448.2688,141.11725
-195.1036,-4373.1245,122.074646
-181.14935,-1206.47,144.625
-253.75307,-2136.7087,139.96626
123.53733,285.31906,141.11455
2.3064003,-2168.4348,120.09253
-26.03493,-653.5227,164.27966
76.99164,655.7988,154.72305
-182.18828,-5187.0195,105.817
-89.36663,-1357.5183,128.11104
-206.61836,-2740.893,125.2184
-266.4027,-4158.5205,104.23424
5.2663355,-807.9967,136.34918
-42.119404,77.13981,171.06335
-166.2196,-3219.4158,134.56845
-0.58604145,-594.1315,124.21991
-59.110065,-687.29126,131.94601
17.973158,-356.90994,127.36648
-120.71571,-2127.559,147.22183
-202.59096,-3594.7888,114.886856
162.23926,1385.5874,156.26302
-585.305,-7336.638,106.13623
-144.74706,-2376.9563,144.10724
-34.84115,-646.9518,142.67429
-61.179157,-736.98315,132.16452
-129.31262,-349.96536,159.01788
-272.37854,-4038.2615,126.17044
-178.16608,-2107.9846,123.38496
-128.51297,-3935.1082,113.19875
-662.878,-9385.446,121.31149
-85.57183,873.25183,170.47723
-184.60353,-3746.426,138.11363
-92.97051,-1546.8569,158.43689
-341.25143,-4589.5083,123.959404
-45.780495,-1303.9775,149.75945
-132.68549,-840.4978,152.23808
-3.164876,-1525.8816,131.93857
-561.2457,-6586.92,118.77519
81.23196,-2253.9907,135.66177
-99.379234,-853.27136,158.4132
-209.11166,-2439.4656,150.29529
-333.78937,-2588.2383,137.12247
-50.64506,-1420.3159,131.81117
-116.53256,-1802.6941,140.97792
-119.17497,-3880.548,136.93947
-46.538982,-212.05568,161.16948
-133.61801,-1083.6124,147.70917
2.6875248,-555.7145,130.69827
-77.789505,-1617.9543,169.11453
-43.32338,-2591.1362,131.78435
-178.55537,-4006.5134,127.270546
-76.33999,-2474.632,125.13161
-108.73741,-3418.5022,131.48509
-157.47319,-2099.9648,154.44725
-281.68793,-3850.9006,140.49867
-465.28827,-5622.8994,120.13475
-37.393158,-2184.7283,120.39438
-83.139145,-971.41833,148.79942
-131.84315,-3780.4084,106.264206
-20.342318,-1672.2612,155.16826
34.70262,-363.2499,156.18289
134.4026,1684.1844,132.10915
-204.80984,-1767.065,132.42911
-187.9977,-3248.5852,121.6064
-99.760345,-2144.239,150.98917
-6.748025,666.00183,163.02016
-226.97342,-2531.7324,119.73012
-71.346085,-456.64066,137.40912
-475.85297,-6307.8906,140.95296
-389.25348,-4817.138,121.612656
-413.57138,-5653.0625,130.52414
-236.86401,-2298.703,155.77199
-51.81352,103.29496,158.75311
-191.33742,-1947.1399,137.65274
-47.784863,-481.01675,147.87762
-71.41968,-391.06265,124.66283
-104.10838,-2069.6155,153.88766
-45.548145,-1068.6472,160.11049
53.420956,73.2584,153.3491
95.35432,-1413.2449,137.18999
-219.55412,-3686.3035,148.87854
-169.83728,-4780.5273,120.27948
-198.77115,-2711.4028,139.5859
-71.52504,-2115.2896,126.18088
-56.68984,-171.85133,154.36943
244.89703,1217.8754,163.38043
-143.78197,-1631.8125,119.21324
-332.7335,-3994.2942,117.96562
130.5204,-508.51236,165.9409
67.9201,513.6893,159.74973
-33.500423,-1156.9733,161.81259
-169.28441,-2123.0166,145.94772
78.23899,819.2306,153.85934
-264.89447,-3624.4622,132.61618
-131.7517,-1736.0413,134.09338
-183.4286,-3971.112,105.81841
-134.17162,-387.36856,138.92503
-461.41833,-5977.794,122.16966
158.24966,57.446022,150.00542
-82.30875,-2278.6863,138.5488
-287.18365,-4946.073,112.412796
-3.9625597,-1136.7495,142.71895
-202.45177,-2202.0496,136.73209
-158.84538,-1466.6428,134.91762
-110.55336,-1818.5847,133.94167
10.916063,838.77875,147.58208
-51.768917,-672.0176,139.86661
-15.051356,144.20921,153.76964
-36.485123,-605.7096,142.86945
-399.7532,-6896.3926,93.587
-232.44533,-3107.964,140.92294
-603.17,-6466.815,109.663315
-82.83161,258.00107,173.99333
-35.95676,-241.63759,152.6351
-330.5096,-3746.218,143.04335
-246.62791,-3506.6506,103.29485
-115.033356,-1305.0066,128.74605
-123.11751,-2382.314,125.31935
-398.96475,-5407.455,119.36752
68.42457,995.6497,142.49213
26.829063,-911.57874,139.18102
104.35184,-514.1157,130.16158
-78.93762,-3647.5813,119.39501
-105.575485,-1349.9055,150.01834
-102.17558,-1953.5151,153.88763
-129.99536,-223.84291,157.78282
-335.20718,-4092.7312,127.26837
-124.57793,-1597.375,143.28606
24.483273,238.98131,156.28574
25.263046,-168.9186,146.03185
-364.35022,-3805.343,135.8845
-393.16382,-4287.955,130.593
69.628334,1086.4429,152.25964
-201.7896,-3383.882,127.568886
-155.21622,-3343.4338,118.00424
-237.06584,-4516.394,109.371574
-91.26973,-896.0504,149.41853
-169.1341,-3031.555,142.73271
-224.0697,-2445.3308,115.69261
-248.54533,-4508.1104,113.37856
-102.847206,-3186.986,130.33107
-295.60547,-3179.6807,130.54506
-272.39304,-5290.7334,114.69125
-262.48938,-3626.0881,157.90616
-325.55472,-5956.2627,106.61438
72.64337,125.0416,151.35413
-61.892025,-2313.835,122.91364
173.81607,-1091.1885,117.43581
-70.6338,53.98948,134.07184
-75.254425,-1469.3801,139.78876
-88.02137,-426.60464,140.01472
118.48239,2459.8433,173.2302
-255.59239,-5190.885,131.51056
-47.321594,-1308.5249,145.54366
-120.55374,38.48783,162.94606
-46.99429,-265.12125,137.7071
13.047825,-651.9061,135.64153
99.90443,1444.4786,161.09279
-361.92154,-3948.5398,116.09713
-35.556675,-1079.5604,124.21674
-306.63766,-6674.555,121.41579
4.6828976,279.63962,163.20041
-5.522792,384.2354,144.57527
45.646862,20.142128,130.01576
-47.853466,-339.09854,144.84377
-24.21638,-1171.768,152.15526
70.577255,843.62555,148.08835
-198.84721,-3663.115,168.05994
-84.732475,-1419.1738,135.49493
-172.55717,-2680.9795,137.40442
-132.52687,-2793.3564,130.16388
-600.50116,-8148.9136,140.57126
-320.24173,-3964.7268,140.91449
-232.85387,-3451.8503,141.01186
-391.79163,-5040.8247,121.677666
-241.82622,-2819.3328,127.68875
-136.0642,-4055.072,120.42546
-170.73947,-3853.0325,137.86093
153.71313,1829.7117,165.74364
-206.93262,-3084.4292,131.49886
92.12063,1944.2638,154.24379
-97.33655,-1242.9402,130.77446
-512.051,-5496.8955,111.22531
-59.94193,-2338.7966,122.58185
-127.27345,-1413.3911,140.58199
-535.728,-6131.917,125.60521
-127.58284,-4564.038,115.798615
-339.73788,-3182.3987,139.30196
-410.95682,-5339.1025,111.75062
64.59451,-273.9097,150.29155
39.018867,984.7439,147.22604
-68.97958,-1205.0894,149.66267
-33.679264,-1815.0684,116.2261
-150.81346,-1446.5583,156.527
-34.620384,-1071.1779,123.04086
-271.6665,-3469.6086,134.25633
16.487328,474.14136,145.2544
-259.20267,-3950.3142,126.50152
-193.16605,-2591.785,131.93652
-349.3363,-5244.374,114.36963
-377.41132,-4008.7551,139.5737
-134.64311,-2153.9265,144.2017
-134.99037,-303.6387,159.44453
-82.54506,-735.4448,172.87572
-549.29913,-8449.293,142.21266
-240.04759,-4460.464,108.41305
-0.82446575,-1366.0952,136.06987
-519.6067,-10340.036,122.55035
-29.70133,-1270.9368,124.66862
-154.42046,-4494.831,110.07808
-320.80576,-4080.6125,107.40569
-186.06169,-2344.7515,137.67473
-110.02024,-2958.7598,118.48093
-375.31903,-5397.685,133.80107
-161.07568,-2050.5076,124.199394
-265.27502,-2682.7114,154.83263
-322.80435,-3956.9275,129.97478
-62.168247,-2858.9773,128.52257
92.83507,1678.866,158.33127
-182.6404,-2282.4631,150.6032
13.293436,462.4135,160.66379
-53.019276,-86.102196,140.39903
-140.4958,-1565.855,134.56842
-194.82063,-3031.3313,145.08063
-30.124056,-849.6919,139.78867
-156.39473,-2088.9993,126.272705
-95.73555,-2109.166,165.07892
-179.45195,-3368.2874,140.25496
-262.97925,-3822.2502,121.76802
-296.45572,-5502.886,118.19203
-166.90796,-3990.5374,121.06812
-88.185326,-1264.6394,122.25145
206.0151,1296.7009,154.40417
-501.85117,-5854.9893,130.0846
4.141446,-201.21217,157.1709
77.24115,757.4086,133.26468
-102.927,-1080.6215,143.24303
-79.13914,-365.53018,135.11624
-177.77588,-1457.1162,162.93369
13.1432295,-2040.6309,146.17198
131.05324,1434.3704,155.0475
-117.03992,-2398.4797,122.73445
36.67356,-1520.0686,138.28088
-202.98952,-1690.2668,144.463
-12.17649,-2610.4546,134.02522
-61.973156,-1664.9973,161.55139
71.47012,-390.81937,159.09915
-249.36021,-2289.766,144.46066
-44.355206,-2756.7314,112.504745
53.487408,1669.8951,160.11281
-564.8332,-8579.9375,91.38163
-283.7772,-4854.362,133.88887
-189.55019,-1635.5793,151.56227
-171.54987,-2624.019,121.43364
-114.37822,-405.0945,127.63115
-59.612255,-372.7316,147.8799
5.945422,-539.13403,153.42734
-35.129932,-2404.2935,115.32582
-62.268276,241.91112,143.14293
-88.55754,-771.0383,170.59111
-26.12536,361.8606,136.44905
-414.3326,-5854.3867,148.79996
-291.39883,-3224.3586,133.74252
-456.29672,-7622.219,135.3141
-3.1284628,102.70402,169.33821
-56.232853,-1755.3323,123.02665
-47.28233,-2274.5088,126.49379
-273.92288,-4218.0176,127.177216
13.267509,-439.2001,136.73143
89.971985,924.93396,163.65883
-111.83789,-1130.5397,134.48927
73.91326,-1497.7183,142.35847
-245.74287,-3248.5564,129.6148
-100.077805,-3363.4841,113.77165
97.91927,1011.9252,144.71442
-66.19245,-1275.3555,155.84251
-322.98016,-2913.2407,148.6113
-129.238,-587.8917,132.26102
-260.2169,-4412.9907,123.49447
-401.99704,-3666.3762,144.76826
-200.87859,-2302.6562,121.70236
-326.61374,-5595.8945,120.89744
-394.0923,-6017.4663,134.044
-7.631625,-1245.0977,161.99422
-90.45296,-3059.6199,131.5101
-26.16643,-389.79752,144.0171
28.533964,348.8417,148.85097
-103.95022,-2485.9155,147.70049
-159.62021,-1303.6729,149.20892
-148.93271,-714.1804,126.864784
88.39423,780.0812,159.47226
-26.436182,-789.8302,139.18279
45.110687,353.7206,152.05515
-153.23975,-2605.4565,104.61057
-21.838755,-327.01785,130.85133
33.948437,108.28263,157.28702
-149.25975,-2512.136,137.75096
-34.48072,-1401.7373,137.60753
-276.77603,-3370.5667,137.95578
-98.096985,-2355.9485,121.48799
73.989944,971.41327,153.68674
-79.34524,-1880.324,136.99985
-160.70065,-2177.6606,137.04247
-84.25679,-1350.637,142.29324
-241.30894,-4484.9453,124.92976
-232.25473,-3932.9885,104.42597
-137.7848,-2784.0322,135.33656
-409.7629,-5898.986,114.08762
-314.2598,-3471.0247,122.483246
58.329407,-109.16189,132.70618
-291.1482,-4427.8584,128.67102
-147.57436,-4445.815,134.50415
-54.618748,460.06012,133.07916
-315.42468,-5339.7505,117.9327
-215.2774,-2723.017,141.44833
-24.906012,-1724.4727,131.81583
-43.347725,-1150.7156,153.9339
-120.020386,-2343.6426,127.69884
-152.2479,-838.69666,129.25365
-131.73064,-1261.4246,137.56938
-58.15546,-627.0836,137.29356
-82.072685,-747.1564,181.59473
-134.4204,-329.55423,142.27196
-507.39578,-7103.148,144.35046
-166.0036,-1479.522,118.27211
-154.35637,-1820.7441,141.53168
-358.71646,-4960.73,147.85114
-201.98726,-2579.6882,140.37784
-105.75496,-681.95886,157.41884
-329.0316,-2573.107,130.49094
-173.2234,-3246.7756,124.291275
-481.60855,-5381.8213,111.94437
-553.418,-8088.2935,112.64563
-192.00873,-2097.8567,132.32576
-97.24453,-1341.9077,151.2598
-234.9046,-5913.3574,102.72066
-106.84495,-1242.6348,142.57503
-442.45892,-5899.231,124.90854
-296.64026,-2471.392,131.89925
-38.957157,-2661.2805,134.1171
-336.52722,-7005.4673,120.53431
-42.514668,407.60184,152.1323
3.096367,-1194.3823,134.15665
-132.855,-2551.6184,150.45166
-85.186295,-1436.863,161.58215
-280.74387,-4427.744,93.40103
-139.89935,-2548.6038,112.48148
-298.14362,-3819.3591,112.92764
-204.28261,-1459.7241,145.87238
-7.059087,-1133.7653,140.29135
0.007611252,45.453896,126.38083
114.52772,1520.2383,146.01765
-71.901955,-108.98055,162.79253
-160.33289,-948.0111,149.41122
-428.39285,-6393.519,129.88974
-28.344923,-865.84375,146.68906
98.74626,1007.2266,143.40483
-212.09857,-3321.3557,168.1722
1.3258877,-1001.9575,156.81352
-304.94525,-3924.1926,124.9578
-391.41656,-4104.9697,157.09213
55.867092,-229.55836,133.56412
-114.69165,-896.8722,137.18362
33.69213,-728.16174,154.2786
-442.76978,-5266.4526,107.50666
15.652795,1123.4023,158.67026
-68.584785,-2743.8115,126.63164
-30.808737,774.3354,159.12415
-72.76556,-857.181,143.96385
24.911463,179.65788,137.7922
-268.59622,-3589.8606,132.48317
-210.61061,-4015.843,134.82765
60.918617,-617.77136,147.20804
20.856125,-331.0612,131.77084
30.733028,684.5952,147.5161
-117.988434,-1677.0486,132.15929
-164.89586,-2922.6426,142.55951
-150.70868,-3237.4475,164.02368
27.719725,-268.96353,139.99089
-30.374102,-883.7307,143.84322
-497.06302,-9510.162,118.40138
-96.490486,-1507.542,132.75098
-389.66327,-3649.194,127.334496
-43.262566,-1895.6611,123.28899
82.486015,-381.35953,140.2363
-174.47354,-3548.157,117.03413
-166.60364,-1804.1936,144.16489
-240.21031,-3970.5466,126.50233
72.20657,525.6113,158.02083
-126.86183,-1777.1243,142.64214
-195.10233,-2221.3103,109.32497
-64.82648,-1028.1111,133.74944
59.856796,170.33665,151.49768
-452.66406,-6075.148,117.89123
-410.19476,-5497.2163,135.47726
-157.18587,-920.8778,141.29143
-406.7975,-4754.234,137.63658
-225.40672,-3465.4773,138.08592
83.77014,759.6879,144.11916
-31.607199,-339.2039,136.72147
-452.3882,-7346.565,111.69494
-316.48337,-6278.6055,125.39292
3.819975,237.77007,162.56268
-197.6583,-2305.2092,136.26437
76.594284,-115.82198,151.6505
-493.51996,-6696.5376,141.15674
-368.75623,-4022.1135,120.39186
-430.87646,-7097.8887,138.32704
58.96441,-260.81998,141.83
-234.57657,-4269.36,134.19208
-75.9061,-2188.831,135.45282
-244.61314,-2691.061,141.33766
-319.5478,-3927.4944,124.993835
-124.65799,-1113.6416,146.12677
18.426504,-1505.3958,152.68056
-385.7674,-5333.763,105.79478
-39.813576,-1049.9688,148.41508
2.3693867,505.6782,157.0467
-176.43933,-3509.4495,127.139404
-148.47495,-3413.1335,115.16724
7.9487495,994.09357,158.86256
20.913591,869.5606,160.11476
-153.3014,-2923.3918,125.145805
-59.693264,-2685.5986,140.34781
25.653496,641.3073,156.84795
8.0750065,-1435.8945,116.90491
-29.03979,773.8795,150.3698
67.31148,-101.64358,144.80424
-135.66074,-2299.5813,140.63417
-257.87952,-3252.5505,128.55566
-354.77463,-4500.6343,120.44809
-339.9137,-3210.9143,140.19815
-157.75021,-2017.6565,124.20895
-121.89674,-1630.894,141.78957
-304.63095,-4240.7456,136.58508
-490.79068,-6917.837,124.609886
-228.09187,-3025.8604,153.48207
-104.78583,-2164.63,123.069016
-115.941696,-4672.3438,116.05676
-120.22772,-2572.867,147.78073
79.25101,-207.0768,140.78186
-189.81703,-4480.9727,115.93838
-11.864306,158.64464,149.91599
-93.95597,-935.9846,146.21577
-263.23297,-4313.787,132.23845
-640.5912,-7400.6245,114.01053
-71.77411,-1811.8457,127.69164
-250.45924,-2718.8867,132.24825
-84.62779,-2931.3943,138.29825
113.15847,-491.42703,137.03511
-189.9235,-2633.2434,130.1626
-252.77449,-2281.166,133.80281
-471.6225,-7744.982,108.71841
-47.25795,-477.53604,149.1276
-324.3539,-4002.1243,156.77286
-70.88081,-930.7046,131.35173
-211.30896,-2850.4265,119.90363
-253.08284,-4671.2017,144.21811
-195.78583,-1721.3713,144.38647
-65.59223,-685.6278,162.94093
-59.96126,-1719.1318,142.06192
-40.263184,-516.90625,140.32301
-265.47806,-2104.6472,139.99199
-160.25241,-1330.0669,134.01369
-220.72568,-1196.8276,156.70816
-168.75096,-616.4734,136.82582
69.548225,1128.0736,145.6284
-91.24042,-988.59875,131.65746
-109.94022,-1473.2551,151.69884
-48.792652,-1506.2966,148.31306
-97.5361,-3465.366,117.27547
-379.2519,-5408.175,146.49538
-66.820854,-2361.3071,140.37196
-184.38472,-2945.3108,142.21709
-102.81966,-1977.1548,138.32169
-347.70386,-6017.2217,126.67732
-15.848767,-1464.9377,134.42912
99.841805,849.3218,149.51888
-99.196304,-2558.9436,126.07929
-244.50093,-3535.3225,164.15135
17.7104,13.207863,144.50864
-402.27692,-4684.149,117.769066
-143.77092,-2458.085,133.67708
170.47975,306.90036,150.05544
-477.47458,-6897.5713,127.88795
-70.31487,-611.7041,133.12584
-95.94188,-1716.8115,128.73405
-88.01023,-961.87354,156.54074
6.0378866,581.2453,174.63306
-147.05568,-1513.8586,157.43398
-126.39102,-4883.4497,123.79385
114.097694,2263.2163,143.30307
-188.1334,-3854.1765,115.10475
-273.06564,-4131.3457,121.31773
-160.44423,-1572.7085,152.2287
40.983288,215.97527,144.18712
111.561806,-841.11707,146.86696
-328.88104,-7660.4106,117.22455
-33.470837,-2261.3167,140.58505
-154.93962,-3183.8877,140.26047
-354.70724,-8107.9956,92.72139
130.51163,775.4425,145.08508
-213.97145,-1830.9036,131.31548
-109.47261,-2174.9443,130.27519
-57.333485,-1933.6958,140.06677
-141.45929,-2776.2048,140.57613
-222.5352,-2089.864,142.92348
-143.1448,-3163.826,115.90794
-239.16768,-3966.655,135.50557
-47.1382,-1053.6931,143.32181
-7.7026606,-736.1632,145.25111
-168.68532,-2932.3923,124.64665
-481.78555,-6928.258,119.083755
-164.33624,-3277.5037,132.2669
-399.01666,-6605.476,108.591995
-30.584764,-1120.7908,138.07991
-241.79555,-3912.577,106.0128
-333.60083,-5222.148,148.99637
-24.906923,-268.51846,147.90369
-17.208445,-1936.4226,133.38509
-83.050224,-2521.3394,114.43424
-42.453533,-1113.6055,159.03268
-346.65213,-4384.6875,136.22392
-388.79095,-5151.5703,131.81456
-402.73074,-4592.5522,136.17892
13.599136,-1128.208,139.8063
149.56354,-476.9727,139.301
-204.0264,-4628.5513,121.548836
-1.5186224,266.09122,167.3838
-182.16191,-913.7489,146.721
-8.150746,181.44792,146.87605
117.983475,-394.68668,145.75095
-85.33513,-2340.2092,122.298325
-3.7456026,134.72612,145.52148
-179.38715,-4443.5454,123.88987
-62.123104,-3578.3586,110.62415
-53.874447,-785.73645,140.57127
-64.408165,-1943.6438,143.14061
-73.17548,-2577.2969,128.54778
-255.6934,-2237.114,142.31624
-1.7931929,48.35343,140.15112
-7.928237,-1005.5249,125.488884
-321.51443,-3600.4045,146.16783
-82.483406,-1088.596,148.83434
-279.94904,-3884.182,119.50263
-16.870737,13.26432,156.10413
-303.95804,-4963.1865,127.269356
-373.71436,-5180.867,144.83015
-70.031494,-2827.406,119.967026
-303.55148,-4354.087,107.87634
-622.5706,-11562.287,77.34716
-144.49577,-2640.524,163.50166
-18.226957,-2188.2524,147.66844
80.0181,-162.76234,142.41423
-61.81648,-3977.0066,113.167755
-241.80159,-3875.4426,123.29482
-105.491264,-1939.592,145.83385
-103.29876,-458.6652,145.79747
-99.32849,-422.68338,164.87843
-441.0262,-5794.119,111.62373
-2.691434,1010.48193,150.84587
-302.87552,-6557.2344,94.25326
-57.298206,-1644.4167,142.83978
-115.09108,-1209.6013,156.81483
14.133169,-163.92738,136.72644
-105.59849,-4683.0156,119.97275
-358.76428,-4949.639,104.37277
-63.56336,-782.9918,139.21623
-149.37253,-2172.0789,140.02046
-62.15443,-1816.9402,121.326866
-181.3669,-3195.757,122.16303
-25.733984,-1615.3962,133.34416
-308.25803,-4642.032,124.81081
-135.58844,-1792.397,125.41949
-51.801075,-157.9977,139.48029
24.659666,14.689064,156.64899
-11.473647,-44.076683,136.65833
-8.076222,-643.7539,155.54135
-273.09576,-3426.6082,118.953804
-62.912754,-573.9535,152.03531
-240.80736,-5209.8765,124.60777
-187.48636,-1471.074,150.16919
34.577667,-398.52005,173.46869
-76.471855,-394.86893,135.61398
-495.46732,-5775.753,109.23655
-35.83999,-215.71571,149.13277
-103.53734,-1862.9692,147.85019
-469.40857,-5524.8306,114.01561
-181.1584,-1205.28,141.41103
-45.40352,-2077.3445,141.53659
-101.55452,-2554.3926,134.4811
-251.60152,-3655.8987,117.47055
-258.6825,-2636.1226,127.61878
-146.48611,-1245.6885,144.48148
-131.90308,-3035.2563,135.62787
-42.78695,-122.859215,148.7503
28.400843,619.16846,159.45668
-133.41579,-1898.5505,116.338715
114.058975,-324.31168,148.58464
-55.24416,-1034.1335,140.25656
-134.47784,-2403.8833,140.90804
2.089635,-1251.5718,122.90135
-39.603878,942.9765,160.00128
58.514458,-307.8517,144.31064
-26.670095,2.1434712,143.43669
-241.25758,-2109.1775,144.09497
-391.93762,-5163.7163,127.035835
-159.23215,-2306.7507,124.80985
-96.13447,-2653.6328,131.82875
-112.06625,-2090.611,142.558
-185.14471,-2008.7383,121.51587
-786.0462,-10042.751,124.74299
-264.98862,-2268.7007,131.31123
-140.22864,-1477.1428,131.6203
-424.18768,-8395.0,105.67529
-208.62227,-4068.1995,131.89233
-177.47629,-1264.2288,162.22296
-218.22992,-4451.448,115.951836
99.23938,-360.8699,141.23256
-212.84755,-4352.7227,132.52448
-294.22824,-6414.266,117.95357
97.6643,8.241127,155.39859
-229.68854,-2990.2754,142.24725
37.201424,40.8975,136.58586
-176.68007,-4843.3105,113.93511
65.23892,367.78568,161.34973
-311.70547,-4794.695,127.29998
-200.96152,-2519.579,111.4263
-148.01521,-3305.1443,130.73926
-249.24388,-6082.4453,132.84659
-278.13528,-3572.5066,123.15453
-370.988,-5492.6436,111.87404
-132.24828,-2164.09,113.36487
-4.145196,-195.52626,138.29712
65.53825,1140.3988,140.58662
-327.81946,-4093.695,129.04875
-228.79442,-2779.1938,143.24818
-393.87985,-5987.009,148.01454
-115.77995,-5455.5176,113.38688
27.651772,126.73612,147.40439
-163.75558,-4033.3015,117.44027
-135.24619,-3670.5017,107.246056
-110.69346,-1421.1091,126.30034
-32.01197,-1010.0121,141.37843
-804.0453,-12332.669,115.58914
-160.44766,-1757.9807,141.84998
6.3541536,-1645.696,140.59798
10.546516,-160.41841,168.64883
-150.63818,-1785.7852,138.49324
24.91708,-717.24536,166.25363
-60.732952,-4087.675,112.53855
-236.00772,-3100.6006,146.92918
-402.4465,-7521.86,117.081276
-381.5422,-6591.2114,109.88162
-521.7284,-7138.9517,120.18349
13.122947,-405.8168,129.81697
-426.2111,-5758.4565,137.07596
0.08386705,-1573.8733,126.1642
-361.48868,-5229.9966,117.062294
-399.5239,-6198.5034,124.705574
-389.8281,-5132.035,113.3559
9.43076,-932.687,125.72091
-147.77104,-2178.0527,133.50142
-233.65257,-1928.79,156.03746
-160.741,-4118.84,127.70105
-27.587046,-222.67555,153.80373
-341.53806,-3115.283,133.83907
-121.72177,-864.286,131.08702
22.373653,-406.7349,170.22685
-79.252884,-3415.5715,139.52975
-95.60518,-1257.6487,165.35855
-423.2543,-6046.3843,115.22292
-59.54684,-2460.7932,142.71933
34.962177,-268.93253,148.924
41.1858,-318.5634,135.16699
-70.902664,679.57294,163.13295
-126.88748,-2121.57,118.801865
-117.77693,-1889.3687,139.933
-102.86507,-2422.9604,105.3763
-260.57657,-2526.1475,154.66197
-227.4153,-4001.7268,124.504616
54.22418,-69.71084,147.51997
-16.396776,-5703.493,115.041916
-269.05106,-2542.4062,141.56308
-3.6380987,963.49426,157.47144
-123.8378,-3010.5588,130.89027
-352.49844,-5515.2563,138.05823
-33.363575,-438.7361,144.49011
48.40935,772.86475,162.66396
-257.68604,-4147.2524,124.333015
25.671247,461.78125,153.38385
-142.16927,-1925.228,135.16698
-109.90455,193.145,142.55789
-143.02948,-1804.377,155.88454
14.562756,-1103.7166,130.62225
-41.584236,-130.8597,157.56818
-14.1668215,133.0803,160.7464
-258.69748,-4031.742,118.90614
-214.62668,-3801.2585,155.55937
-53.196323,-1236.2676,142.3593
-152.44835,-1757.5598,146.55272
82.542114,-670.2456,164.02443
-162.68495,-3156.098,146.56752
-233.15776,-2813.4163,124.370384
-283.8936,-4238.7324,126.814026
-54.545254,-1650.0967,135.18387
-179.99734,-1289.8716,132.29317
-257.25684,-4954.9727,102.017975
-65.47108,-986.83826,130.33344
-324.51044,-6449.369,134.63593
-406.93713,-6455.6816,125.9047
-113.23233,-1462.8706,136.83621
-5.1034,197.54399,153.2321
-7.093642,-1609.9998,129.22571
-148.6986,-3500.0183,122.20055
-76.17538,-1664.5295,123.54879
-16.588198,-129.59169,136.22
-343.1421,-3762.1863,165.27946
20.227531,523.30536,146.47684
-180.16475,-1732.544,155.41058
-36.856377,-769.8097,129.69852
-232.71907,-2426.0647,144.07431
-199.43916,-3047.1956,140.52748
-521.53766,-6369.0605,128.40547
-65.37109,-2738.4773,107.01071
-18.73232,-388.19986,143.66803
-344.0525,-4352.812,140.8873
-185.79892,-4600.782,147.47073
-147.90172,-2359.4832,136.19194
-217.51004,-2863.1492,139.27538
-114.55936,-1130.5431,145.07303
-18.137114,-1025.397,130.0954
-246.69557,-3348.1443,145.42825
-339.22287,-4720.098,121.0834
5.853161,-191.2831,129.82205
-482.00003,-7430.193,115.374405
-196.42265,-1841.9934,145.57243
56.808952,342.00632,142.70494
-39.9404,-495.03018,132.47162
-335.392,-4529.9414,150.89357
-192.42905,-3151.278,111.35344
-102.64983,-541.18604,158.62082
-302.81256,-4960.6045,123.09179
44.230713,127.96909,138.16533
106.90119,1426.9542,155.58397
41.978096,1209.285,134.06075
67.69002,1149.0074,161.55417
-129.26295,-534.5801,146.48042
13.789692,-937.37305,129.9635
-224.23138,-1574.5203,132.07457
60.599266,-388.98807,136.00511
-425.58154,-5720.6177,132.10669
-65.264854,-2315.1978,121.94268
-91.21255,-1016.02686,136.34514
-158.34186,-1906.6494,120.98954
-348.25024,-5276.6616,140.57704
-121.355606,-3902.9495,136.43742
-13.855409,-161.18874,145.40854
-261.98483,-5380.7036,122.46168
-184.98053,-1614.1587,159.5102
9.870745,679.2882,153.81424
-116.47026,-1438.0479,150.11298
-303.40555,-3444.5852,155.82903
-252.24431,-5274.461,91.36625
-144.71794,-2404.3113,146.82823
-126.73706,-2105.7974,121.38887
48.13668,247.06151,154.03572
103.36321,718.81885,157.45912
-318.4275,-5491.932,136.72627
39.334953,-1274.3467,140.6366
78.77991,-579.8247,155.29591
-179.77684,-4947.8667,110.45123
-145.56818,-1815.73,129.49522
-185.8234,-5460.263,102.66979
-111.45341,-1159.6285,138.29146
-437.9902,-5132.8057,125.70887
-141.31195,-686.28284,126.32343
-203.02734,-2310.6208,128.84106
-185.90285,-1485.252,129.68645
-79.70502,-3020.6794,132.92525
-171.14262,-975.1465,162.57161
10.222131,502.15057,154.42918
-126.679276,-1046.2662,130.41852
10.10856,1309.6107,146.45976
-101.702225,-288.25613,150.08893
-544.7396,-7063.881,120.631134
3.178196,-1890.197,140.48648
-64.381584,-1282.3789,134.97362
-675.01086,-8478.034,107.863464
-229.74992,-2210.6128,156.75314
43.067345,-4354.4863,143.32022
-106.89825,-911.51965,134.52783
-152.23955,-4178.327,126.53235
-361.1865,-5011.833,110.5981
-222.52501,-5538.8296,104.464226
-488.4356,-5353.7603,130.04222
-46.738976,-1140.5128,123.13605
-171.67236,-2455.533,144.56071
-29.07429,-46.08132,155.07663
-86.05209,-219.93764,158.81572
65.61941,939.5488,151.83568
-2.7501173,36.183754,164.52718
-141.73311,-2831.6448,131.01837
-79.42963,-1485.9255,150.57294
-236.06369,-2108.403,130.13858
-265.45135,-3495.0774,128.2846
-246.95573,-4282.078,152.56548
-390.8156,-5607.441,123.97076
-24.14443,-1301.4492,133.45049
-177.17912,-1006.0653,137.69565
-158.60571,-4583.1846,132.851
-256.07224,-3194.8394,132.00917
-277.94296,-4815.327,154.8882
-255.28362,-3572.093,137.03983
-205.42986,-3536.4143,144.04688
19.772446,-712.6687,118.68342
-214.76938,-2541.5159,136.33989
184.7862,1409.143,145.27711
-180.78545,-4096.098,117.78
194.9904,-2442.9292,135.57166
-479.83237,-6657.5786,104.06399
90.68219,627.44824,157.1393
-681.54663,-9003.085,130.77798
45.553417,-1631.0549,122.03171
-306.89325,-3813.328,129.52382
-86.32349,-1586.1262,133.41446
22.572147,-968.1902,139.06549
-66.141075,-3334.8518,126.10924
24.462217,-730.323,139.22258
-313.56934,-4015.5457,127.97548
85.08093,-3579.1042,125.38835
-183.73338,-1960.7864,165.35422
-228.67738,-2812.29,123.26814
-0.07868674,-1149.8588,136.24362
-280.95563,-3204.9475,110.65105
49.674435,-1808.2998,129.6386
-40.38026,-1306.75,131.60637
-157.38765,-813.26025,138.77386
-139.71678,-732.58057,148.49129
-76.420525,-676.8324,149.1762
-118.27171,-1651.7854,139.0679
26.890812,-2094.9844,128.06612
-288.49158,-4838.1807,123.11259
-247.55702,-3167.3765,138.17964
-240.15916,-1812.3955,159.90297
-250.2336,-3998.6584,122.51916
-116.546875,-972.3202,137.5399
-166.6257,-2550.448,119.49459
-292.93845,-3244.0085,141.11015
-394.48483,-4756.9556,127.33697
33.33237,-941.8756,128.50261
-215.43016,-4867.412,115.56523
-200.30775,-4521.664,143.36388
-142.50366,-2128.0146,141.52782
-277.3359,-4433.5024,123.54739
-85.72305,-561.2604,158.88701
-190.45557,-4088.9104,120.05931
-58.379574,-1542.6892,133.92323
37.875793,-928.43896,126.929146
92.423134,-154.26192,151.6751
-614.3272,-11410.39,84.712326
-404.65082,-5119.9434,115.27167
-100.23766,-1871.1216,130.96509
-56.580563,-1454.1216,128.4674
104.265465,-135.8332,145.68427
-241.23466,-5011.5747,132.59245
-399.2391,-7311.778,94.07696
-47.814457,-1266.9741,143.35075
-3.5376081,-856.33716,123.194435
-113.77568,-1885.1731,122.556854
-94.37973,-1699.8059,134.56635
-124.35065,-1053.933,136.78893
-413.2523,-5126.385,130.57901
-173.77658,-1675.4192,132.36517
133.81215,-17.715782,149.9149
-141.05592,-2717.707,127.41017
-218.57455,-2848.3235,146.41106
-144.85355,-2288.5105,132.3798
17.305994,-49.20266,151.08559
-15.511739,-128.25691,164.58228
66.999985,-289.31033,127.597015
-18.690264,-208.03712,127.617485
-142.56032,-1789.4795,126.28441
-292.90002,-2251.8235,152.35345
-291.76938,-2372.296,130.89719
-92.28913,-868.4508,157.30931
18.958628,671.28845,152.92603
-207.34578,-2363.0034,133.7991
-361.8161,-5034.281,123.87541
-109.88269,-2693.5203,143.81958
-102.11867,-4439.7124,117.928345
-228.24608,-2487.3308,188.49931
-123.31911,-2240.0845,130.85382
-137.75421,-3836.7063,133.2162
24.28467,-1608.1724,149.26682
-216.3645,-2721.007,136.10628
-79.69844,-908.31726,142.37325
-244.05339,-4007.8655,145.12343
-226.51208,-3529.4578,156.88683
-144.51024,-1473.7344,146.53372
-116.16202,-1523.8684,158.47418
-1.5949392,254.06914,153.775
-314.70956,-6061.5513,124.278244
-237.1683,-3285.2454,137.519
93.755516,204.50731,131.01576
-211.39677,-3658.9822,120.86805
-273.57864,-2900.1628,138.3521
17.825594,-235.33449,141.47803
-85.46836,-3682.1658,128.5227
-36.774605,-83.1708,146.49374
-250.70934,-2607.3706,125.39895
-38.24827,-649.077,152.17603
-167.41217,-2623.0312,134.27287
102.33721,941.13116,146.37587
-100.069305,-1770.8374,120.57142
205.15506,1237.5369,163.1129
-45.934395,-28.686058,151.04419
-210.97046,-4506.325,140.76936
-158.35182,-2578.649,145.51494
-37.547665,-1697.0266,148.41356
-533.01135,-6584.9067,143.79066
59.27612,1284.1943,167.2872
67.934456,-2727.8462,139.1173
-333.22827,-8951.363,88.481575
-524.81635,-6268.7485,129.26596
-6.8343344,-111.915306,140.75992
-188.68007,-4310.202,117.315895
63.322803,-639.78357,131.60846
-44.809998,7.2394185,157.89433
-107.73805,-1355.4985,135.94728
84.6802,127.1417,161.05351
-107.70309,-3651.1555,138.71951
-232.97475,-2529.8135,127.915726
-35.68394,37.35459,153.2391
-173.08687,-1368.5964,148.04828
-359.8138,-4997.5186,121.25076
-22.29183,-1287.6682,119.71161
-119.45477,-1562.5149,134.9305
-105.66286,-1816.3313,145.06314
-267.49597,-4215.5747,120.58466
-172.44054,-3312.905,131.3674
-105.26367,-1889.0493,142.06105
-38.695072,-645.6754,163.97633
-100.50744,-729.4453,144.7197
22.099197,-656.7831,139.39276
-71.824936,-1197.9167,157.10901
-298.5781,-4306.497,137.08534
-109.11782,-2001.929,141.8774
37.543945,495.4347,150.9832
-186.19202,-2202.8958,120.69308
-24.478003,-1525.4927,126.86422
65.18232,-795.39856,144.16463
73.67626,-781.17944,130.98915
28.614567,-1527.9568,153.80661
-369.83975,-6400.618,138.56337
-18.521254,-330.7521,139.27368
65.00025,533.88153,145.15598
53.163418,245.57097,133.80093
-199.56728,-4631.2314,107.29158
-363.72525,-4668.8154,125.44969
-65.99654,-1189.2803,142.75317
86.83021,1565.7299,154.63277
-72.48591,-1304.4937,139.91594
17.832764,-679.8954,149.37909
50.27052,-1160.481,120.85988
-178.78297,-1926.5442,126.68603
-109.32044,-363.19083,154.18535
-85.8496,-1536.4863,122.85538
133.1407,1931.8059,164.21545
36.503822,-711.2479,125.141075
54.2808,-162.65022,121.268135
-217.60893,-3435.2712,152.26266
-139.55133,-3441.6301,133.29253
-177.64682,-2707.7761,138.23755
-292.08224,-2627.2856,137.49606
-161.89319,-473.96964,184.34122
-7.80058,-842.41675,155.71207
-198.87984,-2898.5303,145.7877
-142.88763,-2140.3025,123.41533
-524.4307,-6691.4673,100.39323
-166.42412,-3398.6794,139.18477
-198.79262,-2032.4946,142.6475
-415.7334,-6620.916,118.31858
-151.01744,-1574.6824,140.7921
-7.848813,-204.94386,164.43636
-21.749426,-2605.5505,124.67
-191.57104,-4085.3337,115.1371
-221.07686,-4365.677,109.14835
-334.40878,-5081.1313,129.44916
-82.029915,-634.90076,133.72215
-325.8581,-4923.727,127.27907
-133.6701,-2629.0103,124.19815
-2.0336142,528.02246,148.9303
-289.71524,-3481.0046,110.40753
-420.52966,-4652.0986,143.76245
-159.30455,-2851.44,135.64671
-345.7395,-5287.4316,107.21737
-127.44673,-1533.6941,145.90318
67.87914,-307.1011,136.90344
-218.22089,-3590.3357,131.16068
-131.56468,-2748.1353,129.55482
-333.65463,-6027.2485,131.59216
-44.90431,-2111.2847,136.39401
-186.1849,-2554.2383,132.60509
-587.2563,-7284.727,121.19617
-124.44176,-1865.0828,146.50049
-37.43472,-200.2549,133.15372
-132.8981,-3023.5103,103.961754
56.447426,683.1155,164.5348
-301.23926,-6578.1377,104.850945
-62.945606,-4011.3474,120.70613
-38.02718,-1627.2942,134.8697
-164.8259,-4638.4717,115.12393
-298.56335,-3266.715,119.25284
4.2669954,-1425.3381,140.68018
-47.444168,-1186.2842,148.27032
-11.014306,681.1219,163.2093
-231.26137,-1916.6338,133.39618
-308.67377,-4740.4873,101.693634
-358.76166,-4074.0662,121.30403
56.01911,-380.7206,146.03946
75.491936,-2016.4045,133.12723
41.482544,-738.8091,145.5536
16.743553,-188.37306,142.78586
-45.681805,-465.45377,127.339134
-201.48402,-2089.8198,128.4609
-234.79189,-2183.2778,135.64935
-67.86043,-1185.116,142.07707
-221.94304,-3603.0671,138.54431
-97.74982,-4040.6887,105.08892
-296.26938,-3427.5862,154.1162
-680.1104,-9002.849,119.09851
-157.68193,-2582.3286,134.01979
-528.4648,-8250.348,79.4285
-330.15714,-6525.7686,117.079834
-94.884605,-2567.9744,123.73792
-203.58351,-2475.6685,140.57991
92.10423,642.13873,159.84767
-150.88457,-2438.4485,144.57535
-210.60329,-2476.687,156.52455
-145.47334,-2648.526,132.52681
-111.783615,-1007.84766,160.30685
-81.41059,-3492.2751,127.49206
-357.02057,-7068.317,101.23063
-84.11631,-2183.4817,137.05077
-15.825395,-652.94006,143.45184
-55.43366,-2437.4712,134.43959
10.961778,86.33048,155.4805
-166.92532,-3510.077,132.31546
-38.700783,-1557.6091,140.96161
-156.93909,-2169.3735,135.5968
-56.63744,-1827.8293,127.51377
82.491455,78.47257,131.95062
-40.252457,-332.36075,150.07558
-140.91615,-2306.3984,114.32094
-233.84221,-4415.9404,158.52618
-247.35799,-3179.9124,135.79594
-131.99612,-2239.017,128.15926
-113.125824,-2369.8066,137.45135
-108.18491,-579.8629,144.8347
-245.14442,-3440.696,143.03484
-112.001755,-2004.7656,146.74481
95.29439,-1132.8248,137.05933
87.31469,184.27892,133.97461
-78.28956,-2894.66,142.96036
-18.630983,-3319.4143,153.05055
108.7625,994.476,156.24684
-223.76161,-4737.956,116.788864
-129.64624,-1327.2876,129.13931
107.01939,1934.6986,167.33252
-236.61133,-2793.5674,141.35762
-150.31848,-848.9137,151.59772
-164.21907,-1897.2935,133.37965
15.380029,-954.7389,109.85251
-238.5461,-2704.22,138.30296
-63.307186,-1215.5796,154.73734
-208.56729,-3706.2683,116.81618
-188.3067,-3860.9197,107.21918
76.80829,-499.01907,143.795
15.712624,-2375.3794,136.25218
-76.21065,-1632.9331,129.87137
3.2997475,-2399.3965,113.33944
6.6255026,322.5762,166.64421
-141.41785,-3179.0793,136.00273
6.733717,-453.59708,139.99303
-397.6042,-5710.018,125.41617
-17.292936,-241.35426,138.65645
-357.15015,-2911.3303,137.99608
45.499054,1344.2263,168.58365
-189.97769,-3463.7312,137.7098
-808.17944,-12619.599,117.55105
-144.52861,-712.8856,138.00627
-259.537,-3197.7449,135.22542
-142.36047,-2963.7537,135.94351
-200.27179,-2888.1292,107.81703
43.71847,1030.2366,149.16847
1.1805868,-228.97438,130.23553
-203.12668,-4321.8994,123.124596
38.806107,717.2038,149.56152
-223.16083,-4083.848,125.174904
-323.28015,-2975.7961,129.68257
122.51323,-121.86758,157.08188
-215.53532,-3302.5671,142.7139
-162.8182,-1867.1372,150.52448
-167.40565,-1671.5906,117.80477
65.89205,-4.527427,136.32838
-498.62106,-4987.4727,132.9371
-285.74585,-6313.0757,117.669174
-221.69093,-4359.094,124.41235
-131.18259,-1428.6562,149.5203
-75.13637,-909.70984,142.68222
-72.66857,-658.9125,128.25514
55.817673,649.5715,154.07614
-159.30925,-2004.905,118.315674
-424.43524,-4677.111,120.447716
-32.240093,-1763.2883,134.85458
63.83183,-1058.1885,141.31638
70.155075,-294.32132,127.016174
-107.7592,-2420.8542,137.75613
101.67289,-616.8002,145.97336
89.94148,1495.1637,161.47769
-590.0234,-6467.27,133.07257
-69.42798,442.29016,140.89757
-33.719456,648.16327,158.8948
-17.753569,-1007.5647,141.61993
-177.01117,-1239.3696,124.188896
65.34348,502.9926,170.31923
109.78513,1092.2708,140.39783
-231.84462,-4328.437,136.26341
-52.570705,-1628.5156,129.65349
2.0648403,-2373.1436,131.68799
-322.37283,-5100.767,130.00694
53.49216,-1426.4802,160.8698
-12.125461,-596.74646,163.39453
-27.39615,-2035.9734,135.85323
-52.61511,632.4171,141.33904
-247.07253,-2623.9688,147.6372
-185.28963,-1479.9617,133.7342
-154.05832,-2637.7766,115.74266
-255.62978,-4156.661,115.59682
-73.71733,-2304.8784,143.68758
32.81201,1090.7072,153.26793
-40.311863,-148.34511,138.35376
-285.36707,-3677.4988,133.44371
-118.30025,-2258.7166,116.14747
75.23886,931.4534,138.14236
-315.33432,-5319.0713,123.56388
-142.86311,-1019.3469,126.635796
78.4872,-1018.32605,135.76178
-187.96423,-2782.9507,118.07695
-77.04985,-1896.7817,143.28442
-500.86044,-6426.587,141.73656
-79.56334,-1145.3088,141.70438
-167.29495,-3054.4944,156.60689
-71.10573,-2579.496,119.523964
79.26108,-1112.6646,125.73426
-401.83838,-3396.8606,122.20548
-90.19799,-1225.0984,135.66464
-328.0046,-3751.9846,131.31953
83.658875,1350.4199,157.448
-216.80025,-2285.219,172.55142
57.39151,772.6414,161.14091
-231.18108,-2320.8782,123.751076
-163.78181,-2408.7527,121.45044
-238.52744,-2736.2622,122.69599
-121.10286,-949.6244,122.65621
-225.70438,-1906.8777,138.15579
-65.62213,-2263.0554,141.87544
78.33999,1048.6444,147.71123
-378.71542,-6230.936,156.28204
-124.27763,-1712.7312,150.56293
-473.59875,-5505.9434,123.35447
-347.51108,-6168.3154,112.75399
-541.48816,-6128.184,142.40338
-202.10912,-4825.134,122.55279
-328.5832,-5328.5195,144.89647
-262.0328,-3568.5583,134.1749
-39.37235,-0.56325495,136.75294
-187.87683,-2174.4636,142.0434
-360.06403,-5787.0386,123.40954
-83.17525,208.27379,154.4706
124.01736,886.67035,143.89157
-63.223743,-2095.978,137.85083
14.568857,-1749.2612,135.81224
-173.01982,-1215.4268,142.98944
58.429123,961.59595,151.35616
-96.812904,-651.9442,144.89635
117.234856,2143.8987,160.71364
57.369583,318.6141,124.878075
-122.293915,-2096.5085,127.64243
-244.74504,-3231.754,144.23215
-173.1839,-1811.1909,157.79337
-207.61005,-2293.1575,128.72426
-614.03766,-8095.637,117.98876
-34.929333,94.741066,162.95567
-354.80267,-5995.1323,111.10848
-278.53165,-5118.493,122.42755
-264.35455,-5590.5703,125.58627
-110.32903,-1360.9592,163.91469
-23.874971,334.22025,143.78842
-576.07623,-8726.679,110.7439
-413.25186,-5162.712,140.95404
-386.863,-5906.9785,131.08147
34.17546,-550.2506,134.91307
-63.681744,-2343.875,144.33034
-211.98491,-3123.3232,125.808044
-331.94507,-5885.232,127.38882
-0.95192814,318.26736,146.50754
-36.878567,-3190.7283,139.68245
-156.75494,-838.64966,130.16045
-41.15579,-954.43945,140.53879
-324.7776,-2780.0142,124.03621
14.115368,-38.12081,146.05487
-144.37953,-3114.5427,114.58889
41.597904,-281.15347,137.58496
-130.0526,-1811.5317,142.88934
-203.85634,-2877.2285,152.10551
21.02468,349.2074,155.29094
-244.61778,-7679.886,146.74509
-272.1237,-3561.2869,146.53792
-493.02832,-7853.4927,115.68342
-217.17453,-3601.133,142.08044
-30.301104,-2242.8508,110.88791
-196.26488,-1300.2229,145.37364
-142.30609,-4207.6113,133.67839
-218.8352,-1877.8599,163.75476
-350.39832,-6554.391,129.41376
-287.6415,-5943.497,119.027885
-343.42026,-4789.2563,135.52692
-209.62021,-3460.9397,119.86426
-26.456308,-1044.1356,153.8027
-359.78674,-6762.5376,134.74376
-297.17572,-3981.7947,121.810356
58.85814,-1010.00134,138.77606
-164.27997,-3930.909,141.69868
-290.94156,-2623.5085,158.3222
-136.03212,-3594.7488,123.37155
-46.930767,-3762.3303,133.58476
-220.48306,-3598.8513,140.39949
-60.492374,-463.1735,133.84122
-89.56759,-2712.5176,139.62454
-233.65102,-3511.3093,138.0859
-50.487446,-1694.4146,117.85766
85.611885,-647.86743,138.73497
-209.68683,-6099.5947,118.940544
-12.952041,-666.2549,139.84183
-22.109327,-140.82942,140.71426
-118.341385,-1226.2693,129.80142
-197.36284,-3263.4583,133.24728
-38.56346,-1811.9141,131.02254
-152.67686,-1898.6201,123.43886
74.82913,-820.65735,150.51132
-223.09566,-2092.5515,128.98653
-571.3766,-8242.125,105.79997
-121.1024,-1894.9548,141.46901
-45.825512,-526.55725,134.6625
-256.12308,-3986.6667,131.93867
-58.37991,-3295.9778,140.36841
-765.37646,-9520.096,117.27194
-169.23163,-2676.3792,119.912544
-850.9248,-11281.493,101.33784
-18.663603,-215.88527,141.99277
-105.91005,-1487.428,132.57513
31.649366,-354.10635,157.73297
-163.84969,-2301.2092,151.81644
-99.472176,-3173.4426,144.74721
-448.35645,-7842.722,97.816345
-203.87885,-2268.1394,140.48941
-119.793106,-1289.5591,142.16602
-259.71622,-2882.665,150.87953
-66.76164,-1165.6108,156.24031
-108.95927,-1800.7336,141.61017
-67.608154,-776.9879,143.14848
-147.18419,-3202.7075,123.39166
34.15177,-234.08998,151.9688
-275.8252,-6619.143,112.62295
-136.66245,-2343.6006,158.12004
-31.630983,534.2917,171.98485
-184.15157,-2694.1516,146.08578
9.540587,-1993.2322,144.36494
-5.295682,-967.24133,158.24796
-9.23224,-1787.9641,140.2792
-250.62627,-2631.367,121.51554
-436.92307,-5104.272,115.195045
-5.9202204,-899.9652,148.93446
-528.40533,-7252.645,118.92782
-338.79645,-4459.9966,139.67451
-97.19737,-1747.866,130.30086
-426.25888,-5385.932,139.78831
70.29144,456.43356,149.83928
-120.98337,-1078.2644,131.25911
-304.71765,-5066.2705,124.71325
-28.31951,-422.57315,155.1366
74.87242,1084.8823,165.01881
-47.005882,364.07288,148.36703
-8.525445,225.87004,151.45877
-390.83194,-5277.6987,131.5162
-13.64523,-343.45596,153.02058
-277.32132,-4784.923,131.1458
-42.80736,-1070.6893,151.08157
-21.42076,-330.41397,128.0647
-131.89984,-2155.9702,140.6715
-196.76796,-2537.1404,131.48701
-147.56186,-3577.9084,121.33097
-168.7113,-3580.515,132.17137
-72.75028,-807.09827,150.2487
-172.70688,-4646.7725,115.99293
-147.77486,-4092.6194,131.44424
-74.45736,182.26317,152.33447
-8.333779,-751.1704,139.06288
-207.49434,-2537.1973,129.44081
130.20055,-101.95266,159.02687
25.806492,1449.5925,144.19421
138.05472,1263.3772,148.16147
-411.83386,-4902.8647,117.68185
75.73674,-1278.8496,144.69383
-488.38702,-7184.513,118.276054
-2.1001081,-507.07278,141.8061
-374.34775,-5660.686,128.50734
-152.25497,-2791.9734,152.29831
-298.9749,-6333.2065,126.8465
-351.3687,-5179.4062,110.99677
25.037992,224.76762,166.82692
-324.24042,-5761.155,155.14114
-58.81706,-395.10855,138.16316
-199.57346,-4435.8604,114.612144
-48.626293,852.479,146.5122
-135.50829,-4250.1807,126.2619
46.67458,-551.30896,140.64096
-243.53041,-4084.4314,120.316055
17.73436,115.582924,168.07834
92.171104,1521.1212,153.24214
85.72563,530.61475,157.66437
112.40708,1376.8236,145.66853
-31.802961,-1112.8716,137.38742
-148.16501,-1860.8953,134.73964
-67.92911,-3058.618,127.18238
-137.37822,-1811.3286,123.449
25.63031,381.01468,141.48387
-496.82394,-7297.1787,111.27782
49.644478,-1477.0273,134.18808
-237.516,-2945.896,139.43864
-143.26875,-1718.2693,138.71115
-314.32355,-2328.1956,132.0449
-103.36834,-1455.2507,137.07443
-39.489475,-1725.2834,138.84695
-284.72635,-4910.786,107.28385
-332.5574,-4737.72,136.36661
-95.48609,-1787.9907,129.75853
-161.5373,-1692.2642,130.20255
181.04648,-12.475426,146.48643
-308.59882,-2774.3894,131.25284
-226.23836,-2350.2466,136.11006
-105.72273,-930.234,150.04329
-437.74072,-7548.678,118.02581
2.2567587,463.71262,164.79015
-120.193924,-2128.8528,131.92589
-275.39587,-3556.4436,126.326965
-315.81674,-5919.245,121.66339
-50.50028,-542.8777,152.63203
-174.46742,-3980.4666,135.3806
-367.3725,-4051.008,132.77248
-30.888895,-810.16003,131.14062
125.99275,1977.374,147.4378
-84.46342,-3121.3042,134.09125
-168.6296,-3175.7493,135.6375
-128.21544,-1927.3992,138.49814
-183.06982,-2149.142,133.90692
75.36773,-190.88637,167.17357
-33.946888,-993.9502,143.4343
-59.596645,-1217.9595,141.87994
-140.6499,-635.05334,141.4419
-22.296339,-52.829308,173.16945
-59.141254,-1982.2273,126.62596
62.795444,938.2695,129.87682
-210.72804,-1353.5254,153.81525
44.629448,-531.41003,150.97752
-197.56277,-1595.9778,148.35245
8.630554,-2281.1052,135.73325
-512.42316,-6880.6187,108.9879
-153.58658,-3992.1682,134.75888
-244.51677,-4877.9023,126.6307
-154.16255,-1409.6096,142.64835
-416.64566,-6540.1235,107.576706
-204.8978,-4254.2153,132.34583
-346.59195,-4488.128,115.16467
-311.8892,-5490.9624,98.68485
-106.03616,-1042.3654,131.23259
-77.77069,-703.0967,167.83734
-219.05115,-2099.4324,158.1221
-21.710287,-1766.4409,123.88654
-163.53354,-3800.5164,114.91341
-380.05005,-5383.51,126.81277
-109.27503,-3912.3464,141.45091
41.86458,-1131.4294,161.82265
-133.00371,-3927.0334,98.78134
28.518627,340.25095,141.99034
-25.47994,63.58085,142.64711
-311.38608,-3464.3909,139.83199
-99.71449,-520.81287,145.89798
-167.17584,-6480.2188,108.97929
154.21635,-432.2383,137.92111
-175.40773,-1573.0093,135.12805
-338.25986,-7846.0083,126.77178
-96.24592,-3892.965,130.44257
-150.30411,-3521.6003,141.68172
-194.0259,-2783.5334,136.06883
-301.4683,-3755.8215,134.60866
-259.68506,-5746.104,123.199554
-342.34198,-4055.9983,145.66315
39.03459,-380.04715,130.32123
-229.15848,-3032.3005,125.432594
-210.23491,-1214.4307,159.19423
-686.1336,-8044.6772,137.36795
-175.54944,-2574.2156,135.16196
-99.88809,-1933.0022,165.46269
-80.01999,-1709.1519,121.63722
-75.57846,-1234.188,135.27472
66.49722,454.8829,169.72719
-80.755936,-1751.875,160.7075
-58.995007,-2104.1309,125.076935
-211.69695,-3661.5706,126.46109
-102.25198,-2348.872,110.16001
81.67422,686.99097,144.54263
40.263878,78.8997,146.01692
87.393105,505.7241,151.574
-356.233,-4279.6494,129.09634
-318.10724,-4727.449,145.10593
-15.68197,1126.5796,163.75035
-54.87305,-4729.4717,130.91629
-246.27101,-2031.6396,132.9573
-50.874996,-937.27893,144.27338
-48.8558,-1128.5154,135.03575
-172.33713,-3548.673,131.55258
-342.50253,-3567.5198,120.57471
-224.82616,-2921.1008,133.0812
-168.12547,-2632.9292,109.38671
-52.49938,-57.51284,156.90724
-440.587,-5809.162,118.869026
-69.30612,-1247.1553,134.75096
82.21528,-985.8262,137.23683
-139.34157,-4573.062,127.24114
-326.03326,-4150.113,120.38823
-274.49643,-3511.443,142.4549
-241.70674,-3235.8767,136.78108
-382.45032,-6270.78,107.272354
11.884282,-1368.6992,148.24214
-121.3548,-531.5277,146.14284
46.761803,-1190.7893,141.35101
-463.14374,-6539.0503,135.85704
-188.51749,-2441.644,137.06425
-399.07465,-4490.6084,125.59589
-482.2328,-5890.228,114.141495
-408.01917,-5485.9727,110.41404
-204.60526,-2812.9155,147.40735
92.8907,-14.15316,149.64189
-112.9389,-1967.2173,124.94866
-83.905846,70.09434,146.41385
78.51939,1558.509,154.0165
-49.3988,-794.68506,153.97758
40.44624,-45.823875,142.55983
132.16986,460.37445,154.67905
-89.33975,-2379.4067,150.18967
99.69396,-17.882957,143.52696
-239.92754,-2851.2554,130.44008
-338.118,-3487.1077,151.90578
-61.667202,-1627.5271,119.53607
-375.80426,-4024.6018,134.69704
-12.749017,-314.0386,156.99986
-296.28207,-4233.6104,126.425415
-408.47147,-6711.4,133.19899
-423.62546,-7172.228,102.27352
-201.82137,-3689.2996,120.73933
-135.61179,-1470.8794,142.46986
-170.60757,-1786.4863,126.29738
-11.515218,-1300.8191,133.90271
-261.1795,-3145.792,144.66101
-358.214,-4092.263,131.46779
-476.39792,-6276.81,127.38807
-285.4088,-4218.8945,126.170555
12.6049385,215.47667,142.20918
-50.34907,-74.09884,142.8628
-123.98059,-1159.8346,154.32349
-5.5788107,366.96222,134.25746
-170.9408,-2891.035,134.72984
-149.4641,-1482.2451,121.25503
53.285976,690.8065,176.32661
-215.48825,-2034.699,135.05034
-189.89867,-2318.2754,142.68555
91.51531,-624.90393,139.7108
-534.12305,-6352.2744,139.58731
-26.219763,-638.7212,123.00485
-25.380732,-413.16226,150.06194
-354.74124,-4272.746,128.08789
-201.19061,-3196.1099,122.7101
-146.93553,-3230.4587,129.46019
-31.675112,-799.87195,136.22394
-207.07849,-3640.4329,113.38044
-198.44972,-977.86523,144.77971
54.751858,-159.54439,143.16568
-47.03599,-1962.5168,152.23329
-61.815754,509.84198,154.19856
-13.525453,-632.3656,142.77708
-321.7829,-4338.8926,118.49332
-160.61899,-2817.2917,133.218
-235.43196,-1878.28,145.62695
97.19004,1889.3159,176.87363
-100.320786,-1739.2964,144.38568
-166.66417,-2906.402,135.7211
-167.59242,-2448.717,138.0195
-164.12405,-1775.1943,135.1864
-773.08295,-11986.239,125.84029
-65.049995,-455.8267,145.70146
-719.04205,-9349.947,117.39484
-105.33758,-1052.6593,143.95734
-41.19617,-4022.5037,124.66523
-85.65404,-121.61013,160.76697
-339.90674,-3842.1902,124.04107
-57.150784,286.37106,176.57523
-401.53458,-5368.618,114.36057
158.90488,1167.5869,145.57542
-9.313422,-455.2393,144.22223
-43.79942,38.30686,155.43405
17.660906,608.25964,149.66788
124.13856,-315.93863,132.95595
-58.427753,-306.76285,150.3823
17.749172,-2220.9739,119.73983
-160.27545,-2053.0837,122.92135
-531.2493,-7551.1626,107.80266
-398.29114,-5864.041,134.36818
-209.3034,-4020.411,128.03166
-43.95686,-1301.7944,132.8295
-289.83618,-2808.4607,140.66135
-69.58931,-358.81827,129.24156
-208.70201,-5132.219,129.21136
-73.75148,-268.3726,133.88907
-130.36818,-3068.118,144.9769
-258.9047,-3389.881,123.900536
-119.426346,-1961.4841,135.98131
-73.157936,-4343.0767,126.01773
-537.47687,-8630.215,115.38162
35.803005,239.27159,144.7224
-27.53192,522.79736,168.64632
62.41215,-1691.0347,122.05897
-138.13753,-969.8589,134.53014
-168.97687,-1777.219,130.0856
-166.43665,-3447.5642,116.46156
-172.84634,-2405.7966,133.25095
-219.57872,-3728.7825,114.45428
-168.30214,-2139.5183,138.24144
-101.1925,-3117.3567,112.80322
-79.60341,-117.06924,169.5308
-326.5368,-4101.2803,127.57663
-59.221256,-2018.1777,140.2401
-130.17383,-1470.8406,143.56856
-435.2523,-4761.774,124.265915
-201.72676,-2713.66,144.73439
114.650085,1805.8253,163.19499
-305.2259,-4295.8706,122.249176
16.114506,-178.55104,134.64682
-105.3159,-3292.2122,117.37002
-167.76923,-3397.6863,118.99452
-498.92722,-5688.6523,142.07141
-358.2302,-6914.4443,109.90115
-91.25966,298.2877,154.49472
-354.88458,-6617.148,100.913826
-180.12001,-1862.1594,146.48953
-100.018105,-1098.3383,170.68694
-67.30971,-1777.4883,149.52281
-149.25075,-5366.6606,121.08641
-204.98332,-5289.787,116.960205
-331.12906,-6279.049,113.625435
-159.09622,-1003.4387,168.27798
-94.40135,-3007.1384,125.91053
-232.21127,-3978.052,105.35346
14.916722,-548.5652,157.30757
-196.44237,-3374.6648,128.96936
-317.43185,-6593.172,108.09845
-125.95145,-1879.6423,156.0276
-166.1707,-3482.8147,136.14081
-168.5088,-2370.744,146.91492
-4.804656,-1591.8909,130.49678
-206.02025,-4664.5464,126.96309
-31.445955,-328.5894,141.23804
-375.0967,-5506.8496,124.05515
3.6583757,109.397316,160.39511
-353.97684,-4323.9995,119.255135
-100.673164,-939.5342,149.78362
-312.26373,-3671.7634,142.94514
-139.39087,-585.52795,148.62346
-385.8073,-7109.5024,120.52485
-58.3799,-279.00577,157.40553
-346.78976,-5546.907,114.15151
-313.94833,-3702.4045,125.8407
-338.5933,-5371.844,113.79079
128.07143,777.92,141.38551
-107.64643,-1704.1582,131.0949
-23.412325,-354.033,143.31355
-102.800415,-1026.032,144.72002
-18.17026,-1589.6995,123.35247
63.367603,-2254.6367,123.72642
2.4100628,-2254.3464,127.00118
39.96336,-1416.4651,129.06242
77.50368,622.41626,149.58313
113.68704,670.4681,154.0952
-41.45699,-28.053185,143.13647
-11.571496,283.19913,170.35991
-128.64627,-147.68129,139.53497
-29.186682,-1939.4624,118.97116
-151.5735,-947.68884,154.35709
15.413345,-1183.7397,133.31805
-7.8718843,1602.3992,153.42783
-239.7119,-2912.146,132.03865
-234.28802,-2492.6433,166.33139
-366.33398,-5172.751,127.113785
-82.39267,-1684.4265,115.22736
-157.87363,-1194.896,126.21825
-108.06301,-1156.5715,149.91441
-408.63022,-4512.65,99.58041
-68.67868,-2113.6968,121.192825
-179.2958,-1443.3406,136.66724
25.099756,1151.426,155.27528
-345.0313,-4835.4634,146.55505
-53.677555,-1.5180889,141.33037
-36.201588,-1472.4209,128.39627
-133.66675,-1165.1031,141.9907
-57.21697,-734.82007,135.74289
-86.96127,-3616.7551,121.21773
-90.72662,-427.41092,166.95718
-92.79989,-2471.2288,134.51868
-71.62001,-3145.1665,146.99185
-366.21222,-7139.1064,125.74799
-35.079453,-806.22864,128.62306
-33.068695,247.98338,142.54646
-168.35883,-4487.3784,127.035645
-272.11868,-5536.005,121.85329
-221.90172,-2208.914,129.22826
-430.2917,-6182.124,112.93625
-92.8496,-2342.337,155.45973
-74.64589,534.82825,150.66324
-68.2358,-846.4607,164.71722
-431.11606,-7267.295,110.37155
-233.4581,-2848.8638,134.29965
-96.25081,-2541.3066,125.58984
-209.45137,-1770.2883,138.35722
-115.79149,-1874.429,131.27591
-20.664103,-555.42053,147.09837
-232.37971,-3936.0525,113.260704
-544.7175,-8923.871,103.860214
-291.24875,-3640.3,139.1223
-232.04692,-4148.346,130.78755
-21.687582,-1049.4719,127.43375
-304.80402,-8297.71,98.93982
-240.09438,-3751.989,148.64491
-478.96082,-6303.942,124.45605
-89.68933,-2356.9885,156.52455
-84.85841,-1453.3274,154.77577
-252.03114,-3825.6814,124.80062
-93.060036,-923.1603,131.0667
-175.42957,-2158.1448,139.03276
-244.07814,-4459.715,110.96647
-82.20641,-1585.1221,119.082275
-64.75439,-2415.8599,130.48398
-130.79716,-4182.3936,116.47038
-259.03934,-3985.9377,119.293884
-321.61795,-4692.476,122.895836
-61.90533,-2036.3604,144.29115
-152.86377,-1637.0264,149.06409
-21.264727,-1485.2256,119.604294
-6.91932,206.7863,160.97493
-252.05098,-3894.6785,129.65558
-561.7338,-6564.215,123.00831
61.916145,504.13144,167.72777
-284.175,-2845.203,154.66205
-144.1671,-1130.7383,160.37866
-39.664246,-2394.7527,132.16258
-340.9217,-6012.184,131.6782
-88.15749,-1394.406,125.15737
-218.54102,-2296.9353,174.18361
-187.69798,-2629.8198,134.80038
-182.76689,-2749.33,147.93341
-165.88844,-2296.1045,128.52237
-193.48076,-2232.4907,134.28415
-118.37053,-1324.3953,150.26674
-60.26534,-328.58987,121.449005
-109.2248,-4928.061,121.12728
-9.644895,-339.87698,132.10373
-546.0236,-7436.4653,121.77611
-604.85266,-6828.2593,118.60527
-121.51845,-3058.161,119.3832
-270.01645,-4209.37,140.30579
-124.79561,-2526.4229,128.77695
-531.2532,-7067.403,142.95271
-95.890305,-1627.9504,135.1437
-158.45135,-3666.5354,112.040215
-193.18529,-2175.777,140.92175
-225.03389,-3003.7144,138.81544
65.826645,765.8719,148.6883
-90.27771,-1630.303,125.315704
-112.65039,-2736.1484,129.97052
-213.74501,-3048.9717,145.30638
-97.219864,-748.0969,142.78778
43.499985,385.28845,144.16998
-120.57576,-3353.1526,126.69409
89.51817,1110.9327,149.70296
-39.670013,-934.30115,148.3727
-209.99289,-3462.223,116.03948
-629.55206,-8699.22,120.55829
-36.793156,-1172.9667,141.72762
31.237562,-341.41177,141.34077
-77.04191,-1751.0393,120.62957
-398.3534,-6057.0063,132.77293
-41.892784,-460.08072,157.75703
-318.4961,-5326.953,121.692604
-288.81393,-5224.055,106.255455
-59.87884,5.712441,144.77657
-311.66217,-6717.814,97.23435
-54.919415,97.716286,145.33617
-811.8046,-8052.1274,138.1765
-158.01263,-1394.3662,138.40662
-38.576866,-485.559,122.08077
-28.678774,-1781.8337,135.41599
-502.6788,-7191.0513,134.24872
-9.588887,-1366.2297,145.12895
-80.592125,563.24603,148.63014
-73.297806,-4.7191997,134.1001
-129.81953,-1777.6719,123.73137
-126.66173,-1479.0562,134.2658
-315.45114,-4552.6367,118.897125
-204.09032,-1935.1755,150.61478
-291.00015,-5102.297,124.190506
-74.53615,-198.2516,151.76825
-294.63974,-4140.844,160.7302
-40.752605,-1369.5762,141.00313
-162.5052,-3605.9172,115.35959
-153.25157,-3494.8943,137.25867
-61.275562,-3368.8767,126.93167
-145.39302,-1549.2251,143.6295
-238.94498,-6612.247,124.1465
12.103755,-1260.9624,137.11848
-474.34128,-6267.1973,126.86959
-98.79143,-1159.4375,141.21924
96.74825,1272.4088,170.63121
-448.09064,-5774.8555,122.0593
-47.136745,148.7783,173.64478
-160.70523,-1769.2942,130.31807
-11.772313,-1511.8247,127.7963
-44.38457,-1502.0005,142.96346
-289.56305,-4014.7673,123.85723
-35.11314,-1016.5043,161.50731
-89.18805,-1442.7454,124.404945
-199.70032,-3634.7234,130.30852
-400.4667,-5168.8257,146.40665
-899.05817,-9886.212,119.00542
-123.8242,-1471.7346,128.95377
-1.7789736,-75.30276,141.31526
-384.58627,-5377.0664,139.67145
-142.49683,-3430.6355,119.616615
157.36763,719.84546,155.49509
-15.448659,-1458.5938,141.69643
-145.62572,-3783.0598,125.17968
-206.83952,-2770.0686,123.572136
-254.15019,-3703.2605,138.50548
-56.10866,-361.7664,134.89697
151.09984,1255.8597,158.59888
-355.7343,-4414.486,135.66014
-305.44525,-5155.062,121.99613
-273.7673,-4350.292,137.0867
5.930504,-853.9186,139.91061
-276.0128,-4426.3335,131.80713
85.613495,905.28033,174.0695
-431.14374,-4351.6562,129.52791
-37.235126,-207.64699,138.56317
17.876673,-1018.4487,151.29282
-247.80632,-3289.715,142.8054
-350.25095,-3205.3596,144.57341
-97.36197,-727.9291,125.73978
29.95126,-863.3828,140.32718
-394.35852,-5265.4062,123.061
-292.27173,-4010.7063,132.94902
-148.02545,-1130.6836,141.81653
-530.3983,-8587.773,112.33474
-18.056814,392.66052,146.45125
69.64653,142.86052,141.11267
-59.346043,-258.45193,154.49136
-204.0896,-2592.5535,121.95608
-49.388783,-1919.7664,127.70555
-57.15894,-270.04532,159.69846
-254.44408,-4129.2124,116.793686
-319.9745,-4117.2095,150.7419
-118.67108,-287.25162,177.42453
-331.16724,-4468.7705,121.02646
72.2511,505.0315,142.36334
85.09564,677.4341,157.56767
-318.04788,-4608.9526,139.61441
2.4016333,-523.2527,163.43155
131.88353,378.93018,146.73216
-198.40182,-6126.5615,106.295654
-148.70929,-2059.104,129.14622
-80.23581,-1524.1426,146.31778
48.327976,343.91037,144.10371
115.743515,-118.71371,130.56262
-145.23965,-1159.956,151.66368
-356.43323,-7249.5596,126.31497
-116.74892,-2027.1396,140.43454
-238.0244,-3153.4976,121.84
-209.27948,-2046.825,136.01788
-203.01122,-2440.0515,130.40466
-271.72797,-5823.663,118.64348
-448.60974,-5501.532,111.672775
-42.49684,-317.59695,168.8567
-208.69054,-2876.8538,126.93095
-57.095264,-1716.0964,131.90129
-82.90484,-4102.4873,135.66216
-126.767166,-821.05444,135.51242
-27.985437,-1640.8794,122.10717
-123.55269,-372.79874,122.671585
-350.07104,-5515.7104,107.68804
-17.406359,-150.19814,138.02151
-353.82635,-4907.0,118.448296
-31.817984,-2212.9622,136.32597
-66.74708,-2713.143,122.45178
14.549528,-1610.935,138.92345
-348.65796,-4350.788,140.46259
-243.28773,-2503.2537,133.9871
-460.35178,-7681.7954,90.02331
-462.97644,-5276.396,110.29254
-150.55464,-2271.4802,144.30568
45.896603,105.69718,139.3592
-94.65483,-1034.0016,136.38765
-104.62237,-1503.19,150.2388
-126.62027,-4066.6028,140.94696
-83.94737,-5102.1226,102.95984
-91.00714,-4103.2905,123.0142
-57.865795,-1400.742,115.88937
-198.49911,-4437.9043,129.13914
-82.93345,-2501.487,127.96094
-72.1678,-793.41785,130.07175
-107.2452,-661.3729,156.73593
21.80449,-1978.7783,143.18759
-112.19882,-746.58826,164.59587
-231.72322,-3423.0251,145.584
-242.51323,-1568.0754,149.49617
-33.332455,-635.62085,136.02779
8.452251,-320.1437,150.82594
59.268448,1083.4171,154.79247
-105.647095,-1176.7548,156.8954
-231.95604,-2951.1533,138.39629
-144.07368,-1835.6096,152.8323
-133.78206,-977.944,143.55463
131.30423,521.47217,147.65689
-476.8897,-6167.025,134.9338
-91.01627,-2905.486,130.52477
-119.85799,-3103.378,139.01382
74.75435,1494.9872,157.07605
-528.5488,-7871.5454,106.042305
-25.925138,216.35551,143.23178
-130.31128,-2017.219,121.89941
-40.398445,259.8455,168.06125
-61.67851,-899.2438,130.21507
33.966347,1228.6934,141.305
176.40135,-1959.5603,122.4575
-313.4444,-4565.906,126.964165
-205.03777,-1083.1888,136.03932
-343.60657,-4683.714,114.80263
55.14161,-3098.6045,133.4541
-168.75792,-2775.8,132.39494
30.192677,92.124306,159.06186
-218.09526,-2636.789,130.74435
-82.27457,-1808.3608,144.68674
62.94576,-1124.0892,132.9556
-282.5317,-3667.5964,131.2081
-159.64491,-3366.362,103.16173
-57.856853,-2627.4016,130.6697
-81.39462,-18.287987,151.51569
-364.79486,-4996.514,123.75029
107.15854,293.84067,136.18805
-441.90305,-5999.319,130.06642
-135.86777,-2123.6987,135.97757
-158.02084,-1992.242,154.30562
11.85364,385.96515,148.11478
-62.01459,-823.6542,146.17134
-190.228,-3014.2654,137.45572
-132.45203,-2349.165,128.96614
-399.07004,-4216.8877,147.21156
-260.55298,-3016.928,126.35003
-241.37828,-4737.992,145.34093
200.41039,1548.8418,158.62006
-132.93289,-2105.8213,155.35304
-83.984505,-781.3275,171.52586
-271.23413,-3696.203,120.176796
-175.88849,-1953.396,141.13803
-94.66899,-1707.2703,149.2032
-99.93496,-210.334,171.81688
-153.38847,-1848.9548,142.43079
-157.18626,-1123.8661,154.76637
-61.219875,-1505.0967,150.99394
-165.90884,-2486.4858,128.9803
-231.28056,-3537.8816,135.80869
6.9688873,250.83995,139.66397
-147.70258,-1623.2578,161.69527
52.403576,-2214.3457,137.16493
75.461525,343.00906,141.97461
-58.52548,-359.20462,124.72099
-148.2609,-2178.0762,139.82292
7.4793234,-2138.5872,128.5826
-261.8455,-4964.156,116.88112
-57.096684,-959.60486,140.83968
-196.9076,-3593.5774,159.15015
88.18291,307.13705,145.24573
-78.61423,-1510.9158,139.21896
-110.03739,-386.3422,168.12236
26.806301,-2472.7756,145.55809
-186.82718,-1870.1455,130.35768
-159.84973,-2095.916,140.77264
-112.99373,-1059.6644,163.6258
-145.8666,-3125.2593,129.29924
-314.7813,-7053.4053,91.89281
48.046974,5.999184,140.61555
-70.41108,-1923.9878,134.80147
-14.912471,-230.32118,152.06424
9.155347,-1110.7571,161.256
-62.79549,-1161.3143,126.19449
-143.48325,-2320.156,159.49026
-135.40186,-3315.5725,146.46921
-240.63045,-3495.548,151.73315
-20.042418,-432.76358,143.43678
-450.58887,-9288.922,113.02422
28.741022,29.191383,135.61069
-10.920226,-756.9778,163.76682
-256.5922,-2950.6611,133.46655
108.047775,1131.263,152.41878
-102.677734,-1314.6763,137.03424
-15.948987,-638.23694,149.82301
-70.04987,-166.01271,174.09013
-145.11343,-3000.5264,134.10643
-301.83282,-4775.111,134.22824
-26.430365,-2873.1277,128.15166
-269.21872,-4086.4382,129.76129
-151.50986,-2714.3613,150.02216
-94.37671,-1349.5986,160.23256
-104.262695,-2289.329,114.02501
-106.55949,436.70544,167.87245
-418.92007,-5424.336,97.57754
-216.29636,-3200.5002,145.87695
2.8062115,1300.4872,160.50476
-237.29466,-6427.452,136.71178
-245.52675,-3335.7585,128.4668
-8.395366,-2301.4126,127.90918
-110.48372,-3362.7043,128.27222
-155.11946,-4707.698,114.17149
-16.276209,538.9639,132.45782
-310.4968,-3388.5027,140.78981
-184.49463,-3821.3533,131.97617
-271.87567,-4084.7068,133.90132
26.503637,367.71454,159.78535
34.193417,628.41614,170.39177
134.97653,366.63416,148.37544
-257.9511,-4753.474,128.96674
-193.7833,-4023.5325,130.56169
-15.579038,-2975.8635,123.307755
15.612236,705.04803,146.95436
-302.27225,-4445.9595,137.09901
-121.884094,-2459.7812,122.493965
-6.467351,-767.3589,138.85834
-72.78381,-2130.6265,116.52239
-159.75969,-2302.715,132.82764
-99.34388,-1873.7502,144.49953
-70.613464,-214.4181,135.56444
-112.78813,-3346.631,131.81429
-51.74326,483.26965,161.28987
-63.476765,-512.57764,136.53772
-273.6748,-8247.825,120.50328
-225.21008,-2164.2256,127.31305
-107.30858,-897.34973,134.44417
-183.6344,-2474.7285,122.087654
61.396084,-244.65712,142.39302
-187.21155,-4344.1943,124.23112
-217.73532,-2873.8508,143.88112
-284.295,-4292.28,131.01791
-200.20604,-4941.412,136.15727
-98.21083,-2499.3997,137.75096
-28.975882,-1539.1025,120.5791
-24.01657,-1619.1633,143.25777
69.33456,460.17285,135.65503
-530.36554,-6393.097,125.79475
-34.377968,-3496.946,130.57387
-266.50742,-4766.2974,142.51753
-139.33247,-4283.479,123.04029
-8.9383135,-656.4895,126.16834
-89.43504,-404.23868,126.840935
-40.818455,-3268.45,120.00197
-60.279385,-2285.9001,124.08977
-364.69305,-5696.7446,114.09389
-363.08255,-5987.6235,127.534836
-107.9518,-1994.5977,141.4647
-28.149576,-225.47426,131.1566
-760.6382,-10009.83,93.198654
-297.09012,-4025.0105,130.38506
26.560793,494.4402,161.72441
-150.33524,-3264.6243,118.55766
-363.9812,-6219.5376,114.08193
-60.305202,-695.13354,147.2998
56.25429,165.48906,141.62274
-224.84637,-2507.331,122.0226
95.45092,-2065.3943,153.59564
-101.03636,-1255.5518,145.08827
-221.40646,-3011.0554,136.50499
-262.09756,-2653.6697,131.25127
-239.83339,-3469.661,116.34748
-258.81998,-2566.882,133.64978
17.091225,-2197.6953,117.14885
-29.813799,-605.39233,166.35976
-75.39017,-970.56274,184.30399
-109.909256,-1831.7793,131.18463
-158.99188,-1706.689,134.52292
-132.86923,-1214.4382,139.47232
-5.771741,-2590.871,110.75307
-418.36365,-5843.836,130.1924
-288.1669,-4963.7705,130.26254
-127.755875,-1220.3594,123.89007
-134.31949,-4327.9385,119.03875
59.795315,529.7892,164.0301
-60.601955,-1327.5725,130.72797
-103.71044,-1163.0973,137.69069
-280.6523,-3880.3162,130.59761
-50.31435,24.37754,141.00476
-249.35759,-3171.204,133.029
-180.73512,-2449.3584,152.0624
-161.58322,-4501.8413,123.9635
-281.0706,-3965.284,143.0363
-29.280397,-718.2479,137.98297
-113.20288,-923.0231,156.71709
-125.25296,-1554.7383,155.5219
-363.29343,-5600.844,143.78773
-369.96997,-4778.804,131.99625
-91.17462,-2307.3943,135.89993
-39.311394,-249.98268,162.88109
-261.29645,-4112.872,131.80618
-398.50958,-9326.16,116.71741
-164.93204,-1120.5875,127.31729
-25.03773,-603.39746,162.40077
-42.504417,-856.223,161.42102
14.366801,1334.481,155.97197
-251.31053,-3582.2424,121.77297
-92.12764,-1426.8506,121.92426
-82.95169,-1465.4683,130.02736
-146.15308,-2830.2375,128.50977
-492.37766,-6823.3506,143.87453
-229.8203,-2618.5361,122.60823
-341.29816,-4838.6353,138.80298
-292.76596,-7538.6,124.89499
-309.69083,-3563.6287,114.356636
38.24405,-953.7152,134.54051
-264.3518,-4599.572,117.06718
-163.22266,-4819.1836,107.49901
119.08588,1142.4457,164.24084
-194.09361,-2467.3958,127.60251
76.07947,-2202.3723,144.04654
-52.326954,-1417.2063,138.03075
5.03199,-719.00183,134.19896
-50.996784,-752.7821,150.18208
-78.721176,-198.33925,127.21507
-186.51205,-1830.8232,128.70775
-166.31598,-1827.3464,143.70168
-248.69814,-3447.007,105.80451
-78.567184,-770.2467,144.27963
-9.912185,-2494.573,111.26756
-213.74661,-2801.3276,124.95873
-34.509964,-1901.8223,130.25374
-546.1078,-7089.6094,131.43568
24.07763,313.254,149.22723
-129.56206,-1406.876,166.696
-292.9024,-4475.72,126.51161
-298.1325,-4040.4402,145.66759
-153.63957,-528.5853,166.75035
122.16315,213.55553,149.17307
-166.77048,-1429.3425,143.67636
-17.476206,-30.190697,142.76166
-54.79098,-752.8528,127.11095
-27.319586,-145.64839,165.79
-216.03139,-2586.4058,128.8769
-91.01747,-1403.8181,135.67026
-250.92854,-3524.2278,138.49539
-163.65088,-4739.6997,112.81293
-225.63727,-3941.4417,135.07115
-8.233865,-1695.6238,153.36353
-142.1202,-1722.0017,122.467026
-264.32697,-3012.1895,136.22491
-90.343605,-1203.1248,138.85712
-208.62595,-3302.5164,120.237915
-146.66336,-3403.4255,151.5644
-270.3331,-3497.9006,110.22038
-350.50592,-4816.0337,124.329285
-390.48685,-4441.7334,128.1009
-189.98782,-2557.65,127.84443
-190.41995,-2426.0994,153.4649
-417.60852,-5463.406,125.0966
-386.96692,-5076.051,128.38213
-128.67332,-1305.1926,140.32655
-226.08646,-5578.3203,144.79848
-384.75238,-4584.291,136.35187
58.277985,958.0349,163.42413
-260.42325,-3040.9504,119.67986
-157.44608,-3349.6594,133.08612
-162.76762,-503.29544,169.40596
24.917374,-573.90967,127.21739
59.77194,-751.6196,142.0674
-102.21284,-3143.2976,129.41458
-54.91904,-847.06165,158.65424
-137.87221,-1606.6736,161.69527
-292.44818,-4082.1145,145.39896
-220.52602,-2146.314,169.98412
-351.317,-4661.7427,122.67353
-324.60303,-4802.12,102.54173
-298.0598,-4795.35,128.6705
-390.93497,-7211.098,122.47016
-78.91536,-151.73726,143.11241
-84.34385,-2674.672,139.76012
25.132679,1237.9027,156.12936
-160.79605,-1672.5371,115.60214
67.48927,1149.1329,144.64069
43.533237,-486.3665,140.89494
-272.23218,-1815.3862,158.91225
-299.7681,-4759.8896,127.090904
-264.14227,-2964.8071,147.09596
-123.10458,-1841.9138,140.27202
-119.53064,-1874.2527,132.43735
-237.6212,-1066.3339,157.28886
3.96525,-121.5707,138.28401
-290.1096,-4821.7373,101.77421
-236.14658,-3746.7395,131.20535
-238.56696,-2685.8115,126.967445
-48.96786,-2161.875,138.51263
-240.58836,-1925.1765,135.47598
-242.3579,-3006.1086,141.91722
-168.36194,-2803.522,138.32774
-96.957466,-258.79398,147.25606
-336.10342,-4140.684,131.2924
-168.55159,-2815.6636,131.35281
-327.943,-4346.538,136.24965
-307.0161,-5212.11,122.9444
-466.0796,-8301.652,113.34148
-464.2871,-6488.8457,129.15033
-91.26717,-1502.1824,130.50554
-179.10542,-2277.9707,139.26515
-241.05742,-4625.1016,116.545265
-137.77646,-3149.4238,121.07555
53.00075,1.7001117,165.30711
-45.390945,-1236.0022,164.42044
14.7887,15.566811,150.9537
-76.10711,-952.6913,143.89621
-127.2767,-958.0237,143.32973
29.698568,945.3603,151.15475
-68.08686,-1897.7874,126.667946
-305.01807,-4717.5835,130.66393
-239.57112,-2700.836,170.96721
-186.81902,-4941.388,123.38959
-239.74953,-4527.1255,124.44455
22.774422,408.16574,137.45229
69.5238,939.5785,150.77444
-278.07236,-5467.011,117.582756
-208.65558,-2687.1418,134.69513
-269.46066,-3993.1516,131.1934
-179.64114,-1821.7039,134.26254
-207.52422,-3716.964,111.696495
-32.272434,-1367.5874,128.4508
-93.689,-2372.369,129.95676
-91.655815,-3446.5896,116.75666
-173.04852,-2271.782,139.91925
-33.496048,-3600.8972,125.64086
5.2632504,-395.43643,144.67006
0.8488121,-197.5381,144.29121
85.00346,1479.4316,152.27292
-319.90112,-3591.7732,149.44211
-61.75519,-2201.2937,126.27421
-79.07398,-2386.1194,130.32794
71.46276,-276.14737,150.554
-85.61906,-1094.8138,133.83792
-324.78186,-4970.852,148.77275
-405.79117,-5128.2666,112.97356
122.980034,773.3899,156.75435
-40.9128,-1629.1531,134.62883
-35.29892,-16.89962,150.64223
-312.08377,-5806.2183,118.85477
-255.59752,-3546.9744,133.3354
-60.456516,-2588.414,132.45747
-212.00401,-4292.6553,125.21649
-133.11807,-489.2952,132.97662
-206.76659,-3776.6511,133.87927
-198.42552,-2334.1865,124.65411
-115.97302,-2015.3687,129.1542
-73.552155,-1409.2122,145.39609
-440.97006,-5519.3647,108.97596
-234.01894,-3274.298,135.33186
-217.04219,-3763.2395,114.91836
-138.09738,-1749.1721,124.713715
-43.296833,-1790.1951,150.02661
-93.00278,-1411.8525,133.10796
-427.49875,-5778.9995,122.882545
111.31636,474.17322,149.95422
-208.09692,-2146.3608,132.83879
97.88702,563.8943,162.48346
-22.888502,-80.2654,123.49254
-178.83575,-2084.2754,153.59816
-12.125983,863.9967,138.41457
122.23382,632.0423,134.88393
19.567648,-988.6057,156.58385
-299.88434,-3543.6208,130.68994
-351.90817,-5167.5356,141.80774
27.959291,1688.9595,145.68918
-330.08292,-5151.1753,117.88307
-261.7602,-4507.0254,122.821976
-3.206252,-2191.933,126.98736
49.526794,-802.8705,159.32027
-122.72276,-2498.1526,121.44182
-234.51337,-4637.9434,123.19574
96.12839,436.77808,142.02946
-325.59528,-3064.7678,147.64494
-162.6117,-3545.4758,123.80079
-273.59735,-3560.4436,120.88507
-76.39917,-1417.1443,138.5092
-123.724976,-2062.0227,126.12056
88.628975,680.16016,147.00577
-179.34378,-1246.7456,157.51494
96.526245,-524.89905,145.41331
-142.23131,-3368.0808,138.21396
-5.0518847,-686.5609,125.414085
-171.94647,-2110.1882,135.4833
-372.2555,-4375.21,135.9129
-212.52617,-2731.8062,116.00598
7.382099,-1385.6277,138.13165
-178.85933,-3144.9985,145.94621
-278.48053,-4654.1587,135.06181
50.179024,-1766.5498,141.20558
-107.225105,-2636.0066,135.58813
42.24875,-1018.0078,134.99643
-509.06937,-7622.0034,101.23586
-431.95135,-6722.002,126.69112
-126.55281,-1561.8262,152.7044
-183.92258,-5529.694,105.27786
-180.08867,-2221.9705,129.66937
53.23774,-133.02919,152.3809
-80.47823,-1723.9021,140.2937
-154.85612,-5135.541,121.71846
-151.94254,-3649.9397,133.54372
-136.78972,-1623.0854,136.25983
-217.02856,-3064.2642,152.19388
-598.6754,-8648.582,105.29744
-312.04105,-4873.9863,131.07117
-335.148,-6445.4854,118.60958
4.724433,316.848,132.48067
4.5415363,-135.95668,144.21886
-4.59904,284.1694,140.40018
-71.355316,-894.9877,143.96262
-120.85339,-1358.2283,126.64332
-649.1605,-9089.047,126.05877
-159.66458,-3001.1155,126.29633
-153.18893,-2358.1953,147.59764
-175.87532,-3860.285,135.32668
0.19568345,-1787.3064,124.75592
-320.50378,-4622.0957,137.41975
-287.49402,-4601.448,109.592674
-207.15434,-3796.4377,122.751625
11.523003,124.28178,142.77257
-313.03098,-4111.841,157.41057
-5.7486353,-1486.7449,140.03127
-66.57773,-946.29346,151.07854
-43.44646,-1603.0076,115.94994
-75.08051,21.85154,143.36554
-59.732212,-3411.6082,148.80753
-160.75198,-1959.5928,136.63707
-469.60443,-6971.9834,111.85152
-269.6901,-3011.6328,140.27896
-157.25783,-2276.6584,134.6523
-341.9889,-3411.8225,142.72151
-48.33016,-1748.4011,132.04002
-58.340214,-1745.4795,158.90657
-364.1758,-5078.507,103.3067
5.4474707,95.73887,136.75441
-125.75435,-4650.433,120.43138
97.7247,-819.24414,121.23225
58.429264,-595.6896,130.74565
-198.07202,-1837.7051,135.76376
67.75882,1668.5228,143.40535
-109.88271,-2034.3772,120.42701
-66.73814,-2757.4788,117.84352
-449.35278,-6830.012,132.42833
-135.98947,-2834.79,128.59682
-243.38008,-4885.257,128.96117
-204.90758,-2333.6663,135.1509
-347.42508,-5423.0566,125.38965
27.215425,194.71904,146.78125
123.6741,663.97784,138.60405
22.264946,-919.6018,129.24858
-190.00055,-2487.0698,134.98192
-390.75223,-5364.539,133.43414
-339.1,-6098.6787,111.21024
-153.24486,-2765.323,127.463196
-236.15341,-3101.1602,102.84512
-139.40623,-1391.3276,135.26549
-175.00235,-3378.7366,126.32278
-365.09622,-4951.0557,128.22266
-228.97289,-2994.0532,153.48917
-16.943693,-288.91788,155.44435
-210.70337,-2870.132,144.8949
-14.70214,-830.8165,151.42175
-80.9612,-2128.143,123.05076
-47.47038,-523.9763,158.34361
-226.4482,-3372.4148,149.97285
-5.3464594,378.30014,143.35928
-241.74489,-3257.7249,116.3198
-91.66079,-832.4901,141.0625
-23.255133,-564.7595,140.37074
-73.677444,-3875.5862,123.23226
-97.865166,-1795.3789,122.88705
-183.57492,-3528.1267,105.46635
-22.757193,-2076.8916,131.39595
-241.7672,-2979.2112,138.74318
54.295994,746.60944,140.00009
-23.937689,-2130.1025,138.18407
-75.84062,-3167.3115,128.65257
-296.20758,-5606.8286,128.45961
-266.82788,-2997.075,142.31696
-294.85092,-3297.0417,142.23329
-166.6361,-1424.2139,124.52832
-111.153366,-4480.891,119.601265
-135.04825,-1983.2227,136.69797
-188.08861,-4724.754,103.92412
-78.89324,-627.0856,125.75303
0.8727379,368.4844,135.0244
-228.4596,-2558.8662,131.69067
-251.5406,-2971.4246,133.52681
-560.9384,-8507.357,109.23756
-60.487995,-99.48196,136.67508
89.26994,283.69644,135.18248
-162.61984,-589.98596,134.36311
9.326605,853.64703,156.54419
-498.24838,-7234.518,106.78385
-126.63722,-2874.3977,137.48535
-207.85847,-2357.1028,155.95204
12.034315,-377.94547,129.6627
-46.507076,-1357.4299,150.59984
-37.247395,-1793.1821,124.517624
-136.67569,-3082.1604,141.22813
-128.97845,-2186.9436,153.69373
-139.66377,-2410.6248,128.39568
-58.290142,-1662.627,136.15384
-51.097324,-959.4437,143.15802
-209.3837,-1878.9224,128.98083
-50.37537,145.36363,159.38487
-223.65337,-1638.4568,143.03094
-116.81906,-1315.1531,157.61452
-12.821509,150.7321,144.03128
-64.47652,-2021.1191,122.15273
-297.24393,-3370.4773,116.65094
-211.22723,-2450.0933,146.67944
-233.21515,-3814.8801,136.2591
-397.58792,-6294.3984,120.04856
-106.030396,90.88792,135.7251
-170.42207,-3523.0828,137.54272
-248.07707,-3266.3997,123.43577
7.6590185,-744.10815,141.97894
-181.39102,-3424.8958,107.722496
6.4667645,193.78142,148.47214
-114.539,-477.08292,152.05696
-119.46564,-1971.2549,139.30455
-222.91162,-3692.5037,163.47578
-294.09058,-5102.1567,130.63188
-156.4678,-2521.8718,120.7179
-145.27144,-93.040306,155.49611
110.78784,1764.4288,142.45956
-344.6643,-7894.805,90.57699
-56.46899,-1937.0664,131.6587
4.0638447,-109.49056,159.38974
-176.51344,-2151.1587,131.18298
-189.24802,-1431.0647,142.27585
-175.11363,-2062.1926,146.95738
-312.17517,-5694.82,119.096245
99.98804,-990.6072,148.18666
-488.31378,-6762.8545,137.7381
72.31197,351.19974,155.63179
-119.698105,-1276.842,122.01182
-305.38678,-5706.2007,113.00313
-95.14736,-104.40328,135.3111
-445.98425,-5798.32,126.05114
9.340136,-832.0156,151.42133
-115.88019,-2928.4211,134.01326
-18.890924,-1120.9147,141.94987
-342.33743,-6431.0225,127.73348
-295.9083,-4383.997,128.89009
-134.84349,-1691.4851,129.20998
-185.63788,-1868.8542,137.74484
-51.57938,-1336.6836,139.23071
-166.81552,-817.65125,163.80196
-330.24805,-3864.7073,162.32791
-33.52396,-1578.4651,168.671
-196.31172,-4720.2676,134.44449
-248.83376,-5537.46,114.84123
-204.24811,-2169.3206,147.14682
-104.052605,-3042.464,146.62268
-357.42136,-6405.9204,109.31267
-1056.2804,-13363.222,125.31711
-194.32394,-4761.5513,97.7064
-274.7896,-3640.7737,124.83185
-276.17822,-3847.598,138.79648
-241.25938,-5055.378,93.88995
-406.84003,-4567.6133,115.28057
-389.9047,-4849.174,129.11664
-73.51686,-2893.6267,143.68286
-90.746704,-151.67085,147.28624
-19.422518,-2217.318,130.39287
-63.999302,-1452.9192,132.24643
-76.77164,-1558.0115,140.59718
-267.9836,-4490.901,142.51009
-43.164516,186.42381,176.01416
-170.606,-3347.719,132.81783
16.067661,-72.98946,152.34576
-259.93774,-4302.1333,133.57408
-50.83404,-317.38785,151.77925
-281.34622,-5396.99,110.51571
-182.72241,-972.1675,123.96305
-139.42401,-1258.4844,128.02106
59.840866,-255.40028,137.03087
-147.4278,-1602.5205,140.69873
30.29573,-2761.1265,136.03983
1.1098318,-638.6715,133.86351
-317.33875,-7302.99,118.28956
-242.98625,-3959.0369,114.33858
-20.49674,-954.7284,164.80093
-22.501726,-1655.4492,143.46875
-124.29733,312.2767,141.11287
-6.9837675,1008.28644,182.1244
-467.39886,-4746.7437,131.70235
-260.9778,-3438.4275,133.5853
0.5869036,-425.28653,140.03171
69.99632,-1561.8201,110.94991
106.29789,943.33496,144.1096
-27.449286,-154.60262,159.67558
-326.38733,-3572.3015,149.1368
-279.9301,-1870.383,133.19786
-170.94067,-3065.5405,118.362206
-24.623438,-993.2046,136.82494
-27.0543,-1032.6711,149.02522
-159.37505,-2444.364,130.79486
1.047143,-633.05505,140.66847
-217.27228,-3968.9983,131.54485
-12.523791,-1268.0415,141.82906
-333.36383,-5861.132,117.05468
-261.81732,-5111.0547,131.21869
-312.2723,-3883.3704,106.87559
-187.49866,-1810.2983,138.31213
-36.095455,-1025.3558,126.87709
-309.21048,-7706.5337,110.473236
-379.43823,-5071.313,124.960464
30.762983,-799.0834,138.98491
80.27592,618.034,149.06517
-300.44568,-4957.301,137.25174
-252.45586,-1902.0217,150.04964
-102.559944,-2388.2937,134.41571
-319.84128,-5248.614,118.653404
-135.88576,-1738.926,138.5944
-163.5379,-4086.2874,151.91406
-157.06268,-2184.6567,148.90147
41.13417,-2496.9702,133.20789
-269.92368,-2344.1326,128.64615
-22.803793,-816.53186,121.77708
-5.881837,-506.10318,158.32053
13.833417,1469.4879,176.96904
-357.6754,-5383.1855,120.96297
-193.14046,-2795.024,128.36499
-225.4976,-2971.5066,132.05013
-98.6357,-1166.2578,136.10553
139.27827,352.52115,133.51576
-248.82768,-3652.4631,128.53423
-113.10443,-955.2174,142.76857
-479.51984,-5612.167,132.71118
-171.86403,-1620.3079,136.34334
41.551964,-1399.69,147.46411
39.787323,290.92874,136.0609
-90.068985,-3800.2415,123.52031
160.93158,349.9548,150.67377
-94.37328,-2052.831,137.07031
-235.07521,-6003.1797,126.751045
-302.1508,-3767.214,114.03356
-61.812954,-2825.8293,116.61748
-409.07413,-6330.0054,120.09743
-16.444323,-257.4113,143.5908
-180.33627,-2652.7957,120.09423
-195.28522,-2164.8943,145.33015
-194.31198,-2156.0059,136.87074
-233.79593,-3675.3855,131.1408
-427.9312,-4653.8286,152.38611
-523.1806,-5945.485,134.37335
-98.300095,-1050.207,151.60188
-121.58528,-1616.7166,147.56136
-1.747056,-540.6161,160.85706
-244.35622,-2827.3635,148.62587
-225.87828,-3623.2537,108.07699
-262.97598,-3157.7517,149.33414
-243.30641,-2616.1023,126.77535
-60.855602,-219.15602,144.15228
-13.047397,-372.9435,151.73251
-380.07687,-5823.325,124.86323
34.089787,153.7277,150.58197
-273.04666,-3716.6868,122.86533
-180.45258,-1523.3047,140.20331
-48.270382,-704.7062,155.65479
-116.78505,-3551.86,130.71658
-98.74234,-3083.927,131.38936
-165.35185,-2177.607,137.21585
-151.31183,-1953.0264,143.2203
-191.02371,-3275.4104,124.122475
-95.996735,-658.0161,161.49937
-99.22066,-1280.3135,149.74966
-20.070417,-703.18835,130.13991
-95.878,-1620.4033,144.27403
-109.47953,-1516.9175,144.85019
-155.37018,-2487.5237,143.7117
-237.63614,-2434.09,172.50021
-0.8399019,-505.22305,136.49281
61.69133,147.82152,161.62477
37.471424,594.53796,154.53494
-376.66245,-7223.253,126.900505
-181.82146,-3238.5813,138.00204
-187.64212,-2618.0237,125.22677
-102.59692,-3488.3928,112.15742
49.015984,-752.5687,128.69038
-40.250874,-1380.6846,125.1045
-40.748287,-2598.3174,127.63802
-46.676228,-1143.2926,169.82347
-424.70917,-6000.7695,111.82982
-246.78151,-3154.3367,131.79337
-242.02647,-1572.0625,172.03807
-193.03487,-1286.0178,138.25697
-174.26775,-2701.7393,128.83986
-314.49057,-3103.1987,161.09177
-92.58382,-3638.303,112.30519
-50.47723,-611.8485,177.75462
-227.25368,-1363.8882,139.07666
-96.95179,-4091.5935,123.34146
-142.78102,-3820.696,148.30083
-43.969566,-776.15,137.31174
-172.00845,-1316.4299,138.13834
-54.600826,-1013.4791,137.25441
-135.714,-2415.5635,121.52701
-270.53625,-4147.544,147.70271
-150.70703,-3634.9382,131.04524
-129.88391,-2455.0913,130.73857
9.422737,-197.88124,136.28285
-164.00957,-2559.9973,154.32318
81.10471,-1359.0452,133.36191
-13.933843,-1619.1455,130.04556
-67.29789,-5255.13,125.17984
-65.106735,-2621.4385,116.8891
-13.947049,552.7041,137.00786
82.803185,-293.39395,128.84727
-128.43039,-3594.5696,135.72655
-249.55428,-4583.218,116.507744
-217.02917,-7215.358,108.642136
-318.4568,-4625.128,147.50902
-77.77891,-2947.3035,121.76393
-223.28615,-2893.7903,133.80008
-79.97484,-2108.8987,141.47618
-229.85403,-3043.0657,132.38754
-49.464657,-1381.2109,134.59315
-451.47305,-5421.8833,123.78865
-163.37572,-2539.5283,126.236755
-348.01547,-4712.4424,124.8378
14.537959,-1133.9745,147.69327
-51.268238,-2242.1392,127.82536
20.38511,-808.2882,143.29434
-109.59979,-1846.2739,154.10522
-5.1074705,-851.89966,126.38599
-349.20795,-4670.969,100.609215
-112.78722,-830.5729,142.72609
-336.70126,-4796.0474,134.44096
-121.34596,-3405.2961,119.8544
-96.175606,-1707.1897,137.04987
-74.270996,-55.335716,159.0905
-150.37599,-2521.5789,152.30563
-69.47441,-2900.4358,135.98973
-100.879036,-2564.8926,122.4951
-67.2906,-811.69055,147.1865
-296.69916,-5008.208,98.9246
-68.25677,-1986.2297,126.16914
-67.08053,-631.0039,143.98215
-192.8476,-4886.5137,105.89532
-175.22685,-2259.685,139.21492
-414.27643,-4787.902,135.92326
-425.6782,-5885.206,120.24938
-254.21223,-2372.864,148.2555
44.754528,-136.01875,155.95808
-22.356909,-3316.7224,122.94532
-173.09053,-2985.13,110.67916
-474.52032,-5889.4263,120.35679
-117.32768,-2731.2192,137.67845
71.664825,93.74418,146.4208
-137.94855,-2400.2083,149.00307
-266.0709,-3891.3562,136.8116
-39.142178,-2644.3267,114.636795
-36.12734,-1677.7046,138.95679
-83.34904,-2659.861,106.94634
-158.34781,-3065.0398,124.14879
-273.14612,-3021.8345,129.73267
-132.20883,-632.9608,157.62227
-36.896954,-3153.1226,129.85558
-151.2766,-2774.8525,160.31793
-52.734753,-401.08255,143.2305
-312.1712,-3914.9412,112.908295
-19.990126,460.01514,161.85092
-19.565329,-2.9912944,133.52605
-370.0474,-4738.336,135.59056
-141.75943,-2354.895,123.041756
-12.126899,-1634.9146,130.01462
-247.72627,-4343.2095,118.60375
-301.04236,-3117.9414,129.23888
-116.40282,-2867.146,139.6607
120.02383,-2503.779,140.10149
-18.261877,-1006.3174,145.28607
-346.0764,-8747.146,88.24512
3.9235096,-30.909569,151.72389
-250.23537,-3435.7117,119.570305
-371.57138,-4595.341,134.99605
-201.58022,-2166.5388,152.90721
-169.33319,-2405.553,129.03706
-63.889523,-1491.6003,141.14787
-118.55658,-3675.431,118.338165
-74.20322,-2173.584,130.2481
-327.53528,-5267.3496,138.50177
-221.17896,-2590.768,149.38553
-196.86688,-4869.175,123.51974
-291.08487,-3252.5833,131.88066
169.61345,480.8915,140.73885
-434.9983,-6623.4204,134.03694
-7.218457,-216.92897,141.07846
-58.46464,-90.03005,150.4203
64.86943,-820.7698,150.93634
-81.89995,-1804.1023,126.50817
-145.87613,-1765.5334,126.45023
-38.481564,-2487.4626,110.566376
-96.578255,-2253.5547,145.02686
36.316235,251.62431,153.54205
-294.52362,-3588.8635,145.88275
-11.196567,381.61163,138.72067
-158.10472,-2649.9504,135.93767
-72.66937,-2383.3423,132.64859
126.75386,753.34766,148.36479
139.96854,503.45328,145.61066
-59.570087,-481.77103,133.1128
-39.071964,-444.72916,162.2349
95.651825,463.7412,152.67792
-208.36302,-3739.8445,125.01068
-319.5141,-5912.183,134.43329
52.473,797.6038,145.60762
-202.23553,-3332.9636,133.55855
-165.68396,-2965.508,144.40063
-38.487026,-808.15076,129.58559
-158.12927,-402.41116,162.73653
-40.425137,-644.8635,137.7493
-30.492895,-659.8406,162.32584
-209.94171,-3955.2297,120.168686
-29.03216,322.59024,136.77565
-365.0212,-5729.111,130.9374
-142.29218,-4355.9756,125.33651
-189.09808,-2228.6592,148.73904
-71.18173,-1911.5447,125.79008
-154.3872,-3547.9163,137.50677
64.05956,224.4279,152.52374
94.34127,-172.63588,149.78876
-3.0374498,-2194.3276,122.09845
-275.76996,-4675.2373,111.77053
-595.0728,-6710.5225,120.57557
-64.49826,-2695.198,132.94145
-246.29497,-3306.8108,136.92311
-257.81702,-4039.7996,109.55536
-62.847576,-3311.012,151.9008
-590.2164,-8211.372,115.296
-179.21799,-5819.0674,97.413284
-396.75296,-4492.2573,115.53216
-386.95828,-5282.953,143.36844
31.644272,-312.1536,126.3214
-377.58035,-3651.574,137.3878
-43.765327,-1154.1151,125.440025
-46.787884,31.864357,146.69666
-44.129196,-3516.5037,124.59774
155.1087,1417.5989,185.00554
-56.885654,-1411.155,132.97107
-140.89145,-3532.465,120.77753
-53.769123,-682.7888,143.53192
-353.9809,-5301.4385,118.24495
61.314266,-844.75085,130.48445
76.988106,851.98267,147.89761
96.85692,-2414.5422,120.321014
-321.13123,-5342.1377,136.39923
-254.89635,-2838.343,129.895
-26.63495,-1563.6235,128.74783
-768.242,-10297.145,117.168686
-216.13663,-2322.3198,160.54704
-331.30362,-4156.924,128.6748
-206.22266,-2202.7014,135.51251
60.804874,85.502846,150.2526
-423.87793,-7221.7847,119.51999
-10.571677,-569.25195,154.0581
2.9539433,-884.9037,133.39435
46.762547,1001.7991,160.58647
-197.22739,-3666.4602,117.65749
-36.425163,-635.9396,130.62834
39.85389,988.5513,159.26398
145.03362,2295.4365,152.95068
56.66233,-1426.2568,122.28814
-79.72836,-3443.257,116.622665
-7.1506376,-2219.3184,122.880684
-254.23286,-3278.41,127.11847
-170.00249,-3243.3953,132.23814
-126.81601,-1684.6116,136.0898
-456.71103,-5168.9326,120.78118
-190.64828,-2578.2246,144.80472
-98.028625,-1532.4497,144.73537
-72.3758,-405.6166,153.90547
20.768341,-305.01627,138.21361
-13.809978,190.02849,166.45032
-17.598677,-2198.4182,120.29693
29.74815,-2167.3281,143.83423
-61.996937,-1594.2705,129.57729
-106.91565,-3345.5056,131.05072
-74.27692,-2455.6274,139.8874
-73.9575,-2729.7966,133.52113
29.678919,-1653.9441,123.26353
-310.56076,-4635.713,118.886734
-166.9515,-2819.415,131.905
76.489876,-206.7245,168.14915
-144.39856,-1727.471,118.74683
-138.2369,-6187.6875,115.55937
-170.77618,-3218.809,127.69335
38.944485,545.86316,130.0094
97.6125,374.68057,141.88394
-40.91487,-362.1392,129.91818
-224.44838,-3327.9783,115.79667
-1.6636477,239.40752,158.5386
-282.00946,-3793.84,123.57791
-92.62317,-1878.0334,147.86922
-23.018957,-1510.263,132.49725
-0.75051403,-397.80777,150.60822
-308.5491,-5466.171,132.9305
96.28358,330.50528,139.42157
-510.44968,-7844.261,122.876274
-199.3035,-4842.836,118.8274
-24.50939,-556.2915,147.82639
-139.86876,-1328.5491,152.00935
-302.4844,-3935.0237,112.85757
-257.64908,-3506.7698,143.83533
-12.558318,-648.04517,141.98122
-185.36366,-1803.3477,147.12729
-68.73601,-218.98097,151.61913
73.69844,-391.5364,153.68231
-107.69457,-1747.9475,117.37175
10.246202,-975.7654,150.96129
-190.21974,-2925.267,153.6578
-268.059,-5627.791,107.862404
-240.38231,-3182.7056,142.46675
33.437565,-342.46817,146.88011
-57.811825,-882.5553,149.49242
-249.3633,-4931.4526,134.81046
-170.59084,-4356.954,139.25203
-203.67622,-3245.095,113.920746
-140.1819,-3414.077,110.94452
-141.63397,-2243.361,143.91397
-33.404564,-427.89566,138.80095
89.7774,522.9561,152.13762
-347.8157,-5325.2085,131.21481
-289.76617,-2941.7986,120.92388
-195.9323,-2074.1821,148.1014
-192.6103,-1454.7314,137.3142
-198.76689,-1804.738,121.32216
-82.30451,-1741.8599,133.82335
-329.27264,-3738.7952,144.18823
-116.79758,-1942.5388,143.92563
69.21789,361.20813,141.22383
-56.517178,-1732.1104,114.91323
-115.76204,-3004.1138,135.09886
-167.43524,-1905.0432,157.05475
-65.0292,-1032.9049,129.35098
-87.63704,-818.9293,148.05234
-180.33855,-2413.818,130.48654
-112.72392,-3375.2493,138.6216
-90.3861,-2786.7524,118.144775
-169.46149,-3570.096,115.69758
-131.00162,-2636.1804,118.77259
-64.12387,-2689.0286,133.98888
25.553997,1018.9785,151.3287
-151.12274,-2845.1536,136.5312
-33.159878,-1147.5886,141.81921
-110.25801,-2183.9902,126.16946
-278.44354,-4144.136,136.85316
-52.87978,-1175.1371,137.62144
-166.23079,-1438.7952,147.95038
-177.37238,-2838.2703,141.98161
-261.97858,-4377.078,135.10938
160.5322,1462.9238,170.02779
-51.58109,-646.04626,162.72093
113.444664,398.09067,147.8941
-584.74585,-8168.606,148.55498
-37.266552,400.05112,156.91309
-573.9078,-6918.2603,121.57847
-199.19826,-3617.7795,113.8686
36.50792,1003.7519,146.2458
127.581665,940.46844,141.04407
-475.92728,-5508.5103,123.9966
-19.270208,68.15537,139.41693
-516.5566,-5844.3877,115.81862
-177.61632,-897.15967,156.09288
-463.819,-6145.6133,122.09318
-61.11304,-585.9491,132.90146
52.601513,-1645.9946,146.81134
-218.68417,-3424.2175,135.12672
-187.85251,-3056.6704,130.15552
70.18745,1003.71326,144.92345
-87.66574,-3183.608,117.59209
-55.841442,-697.6239,178.19356
-212.44511,-1868.1064,117.579994
-260.32663,-3317.4553,127.052826
-532.3004,-7333.858,136.72224
0.4721689,-3053.4985,131.69327
-253.35521,-3717.8196,123.98811
-80.0168,436.92294,162.30666
-256.1202,-2782.7913,131.26387
47.568626,-495.77383,144.72375
-260.94684,-4206.2573,140.23523
-137.46657,-1181.3296,139.18286
-39.59562,-1488.0195,142.46297
10.567717,755.5965,148.4465
-144.99577,-1584.6052,128.85512
-97.30805,-3278.489,126.625305
-75.69476,-1591.6104,143.81445
-288.91516,-3502.675,137.43375
35.601135,-1405.9502,132.58966
0.9019394,-4955.8125,108.781456
-73.38692,-1893.1077,109.884315
-210.5605,-2581.9976,141.2174
-433.08154,-5902.16,130.77397
-246.55272,-3221.8103,123.29022
-81.36268,153.49626,134.71106
-198.38531,-3097.1602,122.57525
-412.11197,-6196.8438,104.05803
-222.70012,-4054.8337,132.47206
-153.10054,-2177.8125,166.47774
-72.2074,-1142.5679,136.81226
-255.8423,-4735.674,151.04149
-135.17642,-2044.0337,142.48552
-124.878494,-5075.5474,128.53955
-474.33612,-5350.789,122.44705
-200.6116,-3642.638,120.055725
-167.05286,-1152.444,132.428
-299.63544,-2827.586,135.2107
84.811874,584.7222,140.0836
-93.901505,-239.865,142.25589
-155.33852,-2949.913,130.9276
-10.000306,-2223.5906,124.9261
-343.783,-5334.2686,131.8427
-46.143116,-212.13869,175.70168
125.66559,664.68915,147.86372
-82.30848,-931.2816,136.35777
-196.03,-2084.0444,127.602715
-121.99051,-2345.4229,142.45456
-27.1434,-335.78494,142.43336
-197.60533,-3096.2231,129.39563
-37.3069,-1105.7314,125.728546
-64.1816,-1491.9812,123.4345
-293.72644,-4103.622,111.75429
-214.8518,-2703.7334,126.287834
-71.98094,-97.15389,185.9107
-265.3873,-3119.7314,127.75227
23.042978,-323.03275,154.4823
-7.4807005,-450.15042,132.56177
-45.084473,-1153.1648,163.19666
93.55014,1612.9303,143.61853
18.414091,-109.11019,126.099365
-296.60156,-5176.3213,130.08554
-434.37283,-4679.698,121.07357
-220.68774,-1595.8318,152.43033
-338.97992,-4802.0396,118.51965
163.57446,1058.6407,146.30464
-5.345042,-1765.1448,144.6385
222.76097,321.58664,141.05807
-3.836751,-684.88403,160.15149
-296.47916,-4876.189,117.99352
-178.00986,-2358.0266,129.86113
27.893078,-1504.1685,134.96736
16.299292,-6.704307,149.53003
14.641235,-163.86745,146.06111
51.80432,623.6325,153.17656
-462.99338,-4795.793,124.863434
-133.01228,-2629.294,120.07853
-187.90352,-3526.1404,121.793365
-74.362526,-880.2788,143.14915
9.2712755,266.54105,150.95618
-46.03419,-521.28894,149.56082
70.97314,761.20166,152.61156
-72.877785,-1271.2576,135.07227
-28.256605,-60.942528,140.31055
130.51408,1085.4846,146.23085
-167.79855,-2425.3281,132.13686
44.293423,133.69316,155.46912
-323.344,-6446.4556,132.28172
-482.86038,-8225.915,113.52262
-75.45304,-483.2272,138.4277
-472.48682,-6574.0522,125.94506
-28.66405,-2082.7676,152.74265
-33.676296,816.59283,157.91428
-104.28409,-1883.1755,127.06153
-199.58905,-2858.3906,126.55744
18.928827,-345.62955,134.24756
110.3789,646.2834,137.14223
-463.80032,-7724.566,140.95036
13.686413,543.7957,160.36942
-204.32019,-3134.9646,117.3071
-208.9896,-3039.9624,138.87415
61.10198,667.04584,159.10197
75.56024,641.72906,154.2545
-252.61082,-5537.428,109.36055
65.05376,-3096.8955,155.47037
15.247034,302.67783,136.4805
-104.85863,-331.2122,151.89514
-89.08615,-2171.9312,111.77587
-85.54257,-2075.386,129.55615
-331.2622,-3681.8806,136.79442
44.731674,-740.88086,154.16132
-19.185358,-2780.1235,168.19762
-584.1252,-8828.228,120.56599
-229.3872,-1069.4353,130.496
-6.799903,375.1609,139.65982
-116.444855,-4024.4294,113.40405
-122.06001,-1886.8108,134.433
-98.00106,-2251.6033,139.34778
-11.330838,-1463.8757,129.39284
-305.6029,-6347.46,99.00309
-141.18239,-2049.2024,130.81662
-58.143375,-1539.1262,136.89629
-168.9723,-2972.0408,133.50487
-194.08456,-4388.4165,114.46545
-156.13863,-1702.8765,148.1261
-143.99077,-2135.8396,138.05482
-55.963093,-316.81668,130.2406
-38.58585,-2934.1978,145.53801
-55.595844,-1992.3645,141.69025
-68.71226,-1055.1177,168.59323
-32.660717,-1124.6576,149.98755
87.74994,-573.86694,145.10838
11.895981,1141.3391,172.52301
-77.127,-272.9424,165.67967
-35.324295,-1595.9084,142.2999
-72.78806,-2158.3862,148.11684
-101.34537,-4290.271,122.390175
-26.187967,-1820.3882,122.49082
-228.7695,-4553.1606,123.01835
-192.31133,-3145.3748,104.30538
-164.88046,-1753.7036,127.40056
79.41497,-352.37418,138.01979
-42.00164,-642.673,146.90285
-303.38693,-5725.0747,140.95769
-139.20802,-1323.2175,122.29676
-253.61333,-4082.6902,131.60114
-81.22161,-1961.8762,163.29343
-282.9398,-3543.4216,124.64599
-99.425766,-3726.3118,134.53386
52.376358,-204.73842,143.45204
-47.74831,-1426.678,128.03987
-156.58778,-1229.1147,154.98099
-4.601783,-597.9254,126.51644
-394.92838,-5933.72,121.25849
-398.0065,-5050.812,126.35186
-440.91235,-5813.0425,100.332184
-127.113235,-925.6616,152.68204
-74.59331,225.40337,158.96962
42.526127,-574.3491,153.71797
-375.72012,-5005.215,140.22266
-73.90049,-1011.63794,145.26016
-107.04315,-891.0691,148.84178
-169.34953,-2103.515,149.4975
-522.81793,-6863.282,123.35161
15.364687,332.452,159.22389
47.11726,972.30865,135.64989
-248.30504,-2639.8076,132.85849
40.02837,-1874.6819,143.139
-93.57709,-2509.7039,133.91466
-374.40604,-6885.4004,125.60376
-8.135415,-1039.2131,148.87502
-138.70491,-1965.9797,132.18266
-185.30038,-1374.4175,122.89832
-228.1197,-1998.4646,139.10362
48.15342,533.71313,138.3701
-193.27432,-2620.4932,139.88385
-112.898605,-3468.8196,135.38484
-139.16652,-1477.5271,134.37604
-266.9016,-4867.3003,122.095726
-52.893658,-125.55007,119.78651
-265.40488,-2698.2341,146.16435
-135.84259,-2781.1555,133.51508
-153.90414,-592.0426,155.02275
-407.24445,-4836.831,135.62445
58.306053,539.61816,152.72598
29.155153,553.1021,144.87524
-243.00395,-2505.2476,112.21931
-99.51919,-1740.2073,122.54851
-214.14488,-2592.7588,118.02164
-205.81824,-1648.977,137.04196
-266.04712,-2923.0786,156.73181
-116.6434,-1625.2185,135.51457
123.53547,401.57748,170.65431
-219.24066,-5558.76,121.1473
-305.85803,-4078.4304,143.85939
-167.10115,-3475.6433,116.58437
-163.31737,-3327.8381,129.55933
-185.27197,-2981.0857,151.1714
-117.00482,-2050.6392,134.58752
243.2143,1544.1072,146.13176
-82.46456,-288.9296,176.7849
-62.068623,-3362.8508,142.05177
-230.09853,-2456.5308,154.12735
-275.41663,-2670.3865,151.8762
-160.14706,-2616.8096,134.75302
-45.250492,-76.03451,147.63089
-152.5749,-1117.1832,140.63217
-45.87057,-737.6821,153.49365
-459.1083,-9192.65,122.36852
-341.25305,-4546.553,106.55999
-51.326824,-1353.7908,146.41771
-133.78714,-1497.7908,169.6845
-62.217228,-145.66731,155.46898
-149.56425,-2267.2798,136.05138
-49.263577,-2173.8018,143.1663
-112.47771,-2298.6812,125.92199
-89.84503,-239.96132,133.8988
-89.58253,-1824.0454,141.65591
-69.431816,-4215.7764,125.34124
-355.37106,-5985.722,106.2409
-112.65225,-2857.226,118.716835
-468.18155,-5798.9053,109.42716
4.5474167,92.59043,152.10602
-68.97501,-355.2986,143.29329
-308.7296,-4380.122,110.851326
-105.07378,-3124.34,131.42595
-389.44595,-5873.503,101.22027
-579.4964,-6319.971,143.31189
-177.1433,-3141.4187,133.31897
32.40722,-580.4773,135.44617
-199.93056,-4078.5251,122.63695
-80.70835,-3364.676,134.62024
37.31591,749.7291,137.8587
-263.4419,-4822.4927,120.52564
-240.89174,-2446.6455,140.3283
-220.48824,-3812.9602,116.012695
-197.66306,-2630.288,152.59702
-163.69115,-2917.1926,124.831856
91.10586,771.9061,153.40515
-101.80215,-1918.6836,115.08196
-156.6308,-3022.3062,148.27934
81.69096,394.63922,135.83984
-99.78247,-965.2832,125.08203
-119.26688,-3107.4573,137.47293
61.127472,-85.967186,173.80078
-162.90723,-2106.7095,144.25954
-11.313809,243.88799,168.27382
-380.29968,-6339.3213,127.67811
-256.25345,-5724.355,111.02097
-92.14629,-1757.2019,149.40996
-169.85606,-1979.2268,176.3915
-119.156525,-780.64465,166.4244
-196.4867,-2486.1875,139.09645
-124.742935,-3246.1643,131.69975
-268.65552,-6077.046,107.1747
55.47267,-68.680504,156.6153
-198.34468,-3572.6477,155.87468
-237.75645,-3727.7014,154.12282
-151.79015,-752.2738,138.51407
70.73173,311.8372,145.14917
-472.76517,-6041.7812,132.64868
32.995224,-897.83545,141.355
-523.6421,-9044.239,129.52452
-72.833115,-992.4657,143.62749
7.614461,378.55505,148.59268
-360.96075,-4593.4956,107.56022
-366.23795,-5175.9546,132.88075
-327.52988,-1906.0442,132.36656
-206.36232,-3978.3118,117.77152
-277.06458,-5059.062,126.80615
10.883992,-1851.7585,133.88013
-265.93918,-4134.8003,112.41968
-221.96817,-2776.1855,147.48862
-202.06612,-2813.1096,113.66113
-8.041699,-220.80568,157.07433
-32.55436,-573.32776,136.4288
-166.01387,-4134.414,131.54488
-188.70029,-2937.7996,127.18499
-357.78125,-5800.213,118.09039
-65.71743,-653.7838,125.028305
-527.75806,-8845.302,132.03941
5.269804,166.72954,131.35858
-219.10481,-2362.3384,154.0535
-61.855747,-2829.1123,108.817116
-747.3546,-9605.159,139.33049
27.914257,-796.93884,133.29868
-174.59065,-3045.1218,126.68605
5.96778,-3316.929,118.21553
-115.98007,-1750.7249,147.04398
-107.39192,-2725.7854,145.74704
-326.11914,-4472.1553,146.2164
-117.45787,-3168.9922,134.80563
-54.18819,-1657.7102,134.74367
-24.87517,-325.3594,148.68721
-179.19394,-3194.9458,117.54749
-265.33728,-4426.208,144.69867
104.67904,984.39105,137.73708
-126.6234,-1782.845,124.44507
-256.28842,-2192.8647,144.69641
-545.6394,-6831.8037,107.13909
8.920713,-2955.3723,137.6415
-112.824875,-1831.9622,140.59506
-197.29941,-2834.1946,138.12495
-160.37671,-2946.5576,130.59099
-221.4383,-2178.952,160.8273
-170.71683,-1444.7832,131.39319
-70.97086,-2435.863,128.12422
-29.281622,-1138.3864,136.32658
-198.00948,-2621.0945,139.59938
33.548546,-781.94995,135.31137
-10.437076,-829.44116,134.33661
14.688708,190.23643,140.26373
-208.42906,-3872.6765,128.45148
22.075493,11.792091,148.06451
-170.31378,-2402.7068,142.66707
15.693668,-675.0049,147.26228
-264.17514,-4763.299,127.9502
-129.17978,-1683.0435,138.5167
-274.55612,-3934.4192,115.24892
-132.35863,-2153.4194,142.42477
-15.5869875,-626.64246,121.72143
-71.58932,-368.0176,143.23244
-5.306308,-102.52413,133.48474
-521.8044,-5572.2124,137.62271
-217.33939,-2000.9727,164.17175
-48.717754,-605.48376,140.84595
-184.8002,-983.8933,145.33829
-291.50235,-7150.4336,108.19022
-231.01785,-4160.901,129.12323
32.855938,-894.9359,139.5791
-225.83578,-1667.6946,160.77798
-151.54399,-3328.4324,120.100555
-155.29544,-3233.7258,137.69214
18.63647,363.7043,134.93173
-225.71916,-3769.66,156.7161
-29.10568,-605.05237,140.0625
-41.299026,-1532.1396,132.33315
-62.56307,-652.47,137.8672
-161.27138,-6311.184,130.1821
-109.51156,-2448.6177,133.82335
-339.34372,-4637.113,121.25737
-199.17897,-3668.5042,132.92685
-210.35394,-2376.636,120.637985
-300.98068,-3251.8938,151.05518
-397.8724,-5670.6455,163.31683
-74.0106,-2223.3052,127.51656
-96.02571,-1941.6726,126.96168
-120.59567,-1263.7029,127.41572
-101.96883,-1045.6235,166.13
-288.44562,-6783.2544,124.33719
-172.92812,-607.8782,158.70465
-53.346813,-2343.9968,130.85406
-297.76465,-7096.695,115.181
-81.503685,325.54337,137.66295
-215.12074,-2292.1497,155.04398
-577.9713,-7351.511,110.26726
-126.268326,-486.699,141.22021
-556.8767,-8634.727,92.96391
-36.22118,153.78178,136.45576
-37.993286,117.1395,137.32271
-108.259895,-3547.0237,134.1859
-401.12466,-7852.8677,115.92139
-205.06902,-4215.89,132.16594
-309.1599,-4695.5396,123.9929
-60.02934,-638.0901,133.8565
-299.7855,-2902.544,120.8598
42.612602,-1428.8354,148.13371
-113.48279,-836.01196,120.13169
-250.81981,-2728.3137,147.69582
-281.34973,-3178.2976,136.76541
-401.19824,-7066.0845,122.77774
-466.7629,-8457.073,103.73354
-175.30872,-4129.7983,116.8109
-110.54038,-2290.5933,146.46838
-251.97887,-2620.663,141.58214
-237.11809,-4276.9854,115.57372
-210.7544,-2934.2969,128.1699
-355.06378,-5654.4844,106.2827
-429.67725,-6976.591,137.16315
-194.3054,-3881.11,119.38921
-38.28623,-1139.9198,135.3801
-215.44112,-2559.7432,147.21992
-151.3656,-2665.0696,141.6354
-95.51425,-2769.6936,132.32658
-147.57187,-2220.4587,144.16757
-114.061066,-1354.2256,134.33919
-322.17664,-6488.9863,141.44109
-105.448814,-2000.9341,144.94838
-124.29422,-2604.4973,128.72072
-211.25089,-4304.4917,118.281
-19.19893,336.0726,142.20238
-189.08446,-2677.567,141.57182
-50.68584,193.60777,138.39005
14.035078,-779.65894,162.37416
-264.23538,-6032.7197,98.84096
-216.02533,-2084.4731,151.32268
-453.3375,-5983.8843,122.09749
-221.29356,-3946.7312,121.28774
15.803132,-995.01245,150.304
-278.066,-4305.2686,126.54791
25.170527,-915.73486,108.70865
-142.47408,-1595.0049,129.68436
-85.444954,-1082.8871,144.55695
-61.02064,-507.15726,147.73285
-101.4233,-2207.1875,145.14087
-406.9938,-7293.2095,109.79975
-349.7971,-6769.414,126.02906
-145.65079,-2724.7551,136.99738
18.79902,-1699.56,127.515114
-18.394903,199.70494,160.2334
-477.232,-6944.454,121.68634
-19.476439,543.8322,154.64043
-259.70917,-3276.9182,151.29713
-122.610214,-1776.7759,109.672935
-458.09802,-5291.6484,112.71523
-223.64388,-3117.7651,124.9061
-38.159157,-765.70105,139.21483
-45.55122,-2191.4019,121.84368
-62.858532,191.36559,143.2969
-187.34435,-2799.75,139.57858
-33.85138,-1457.6738,138.75015
-170.79086,-2874.3962,129.68962
-164.979,-2651.675,135.08684
40.204636,355.0808,137.63866
-79.65554,-767.95776,135.50807
-121.6281,-3490.5935,129.87119
-423.94385,-4691.334,131.76924
-975.27655,-12626.962,102.77297
-473.21307,-7100.8726,126.311905
-159.4502,-2513.428,118.448135
-299.50357,-4291.6655,131.40427
-188.84744,-4803.323,128.40758
-172.69185,-1522.6855,125.29358
-211.35315,-2004.3794,163.20828
13.733215,682.92664,160.17403
-205.18384,-6206.237,113.45872
-400.81857,-7723.4253,117.80307
-342.10132,-2708.2395,141.15764
-299.8813,-3126.4216,182.26805
-146.46643,-4757.997,100.60754
-34.22233,157.70311,154.64517
-203.16455,-4980.726,130.76997
-229.19257,-2941.3826,124.89543
-48.699062,-204.59096,170.2193
-129.09795,-2767.5054,116.089836
-59.211933,-817.9824,151.53645
-47.35538,371.97784,147.44305
-281.997,-4289.077,116.369225
-183.93214,-2010.8074,140.54422
-206.3139,-4859.0503,126.85874
-202.96956,-4210.245,130.07753
-211.913,-3577.5671,136.2775
-427.08795,-5584.775,111.93768
-6.078704,-686.0526,152.49498
-84.03677,-444.43204,150.51807
23.116573,-2563.9043,152.29176
20.914082,-468.4451,165.01524
-64.40642,-51.3572,148.04207
-192.04997,-1846.8501,130.66711
-6.495206,473.44095,154.79532
55.38893,-291.14188,136.23462
33.615463,-505.60648,142.30823
-335.5851,-4882.882,116.05765
2.0349731,-760.32935,134.5258
42.74377,515.0692,155.68282
-79.692314,-1932.8608,128.0259
-228.64136,-3628.722,140.49017
-277.34448,-3137.6943,128.40639
-25.475683,-918.27466,133.73119
-63.880535,-168.56447,155.35208
-215.62538,-2750.0461,121.18262
-384.68423,-4079.0842,154.97827
54.212612,-502.47415,151.34187
-76.57444,-2020.0398,140.44789
-195.1313,-2592.4507,123.19929
126.848076,553.7189,149.807
-13.03439,-1009.1211,136.87401
-82.20233,-338.8256,135.57881
-237.97086,-5247.0083,132.9103
-230.60582,-3295.113,126.46866
-49.3336,-669.2352,149.58861
-16.2268,467.85468,148.87881
-62.462048,-274.44205,154.48761
109.979004,91.07835,157.31793
-133.99011,-2374.5684,148.27527
-108.75292,-3646.659,109.95304
-333.418,-3575.153,146.50165
-310.61902,-3656.9758,135.9748
-275.69244,-5032.2344,125.87675
-198.72003,-3714.449,121.997246
-309.5883,-5259.365,136.74634
-63.40401,-697.5775,154.51619
-516.1993,-9061.086,129.65242
-714.1738,-9357.292,125.294266
-487.7891,-6765.0874,95.692795
-273.87088,-3738.3406,132.60686
-323.82452,-5119.861,115.86811
-161.88283,-2027.467,128.67496
-51.757282,-940.3136,165.604
-246.10774,-2687.7705,132.11649
-111.43072,-2015.0613,121.35266
-1.200099,407.98807,145.62685
-21.895258,-976.31775,146.97859
-282.5976,-2703.169,141.89891
-309.39795,-2966.738,161.26794
-770.5819,-8228.17,112.6478
-410.8551,-4659.8887,128.10094
-38.855267,594.00226,152.36719
-56.817165,-1967.2246,144.491
-152.50333,-3306.1135,143.24307
-194.81972,-2310.0613,140.83936
7.6548443,233.24266,160.37779
-86.7092,-1839.855,159.13425
97.84507,1157.0188,147.49512
60.74681,-1542.7766,136.79974
-30.218752,-975.6272,142.9711
-21.685427,238.64726,154.65353
-4.1579714,-706.7263,132.54045
-206.09998,-3686.198,120.579765
-129.28728,-3073.3284,144.34547
48.739597,-2032.8088,135.45683
-185.27367,-2654.233,126.49303
171.46199,1480.8359,148.80428
-185.00194,-3341.4587,141.5365
-16.686861,-1103.3398,142.1038
-344.95856,-3655.3167,130.26509
69.77212,985.7051,155.04987
-269.41324,-2475.311,144.36237
-341.5208,-3593.964,124.989395
-139.47945,-3588.6355,128.4711
-57.098392,-849.14246,174.56392
9.099972,-1378.8586,138.29582
40.686947,-21.284386,143.89816
-157.50877,-936.3585,161.31364
134.18294,2024.5471,157.79645
-207.07727,-2662.3489,129.02559
-51.404713,-522.26074,144.07114
-144.15312,-3158.2188,146.17368
-208.01268,-3803.2966,145.52943
-359.7682,-4700.075,135.28658
-269.97354,-2775.942,157.17014
-142.04031,-3029.2783,142.0643
23.062439,-409.67386,156.03519
-119.13432,-3238.5383,131.1442
-379.5978,-6410.055,118.81109
-193.92778,-2232.041,141.33536
-306.883,-3846.2595,131.40816
-118.35002,-1317.2722,155.77814
-120.32837,-2610.7383,116.91377
142.5058,179.6552,153.10365
10.859836,659.14777,140.96977
-20.950342,259.67252,144.24255
-60.311306,-23.668541,153.20099
-165.87207,-1653.0588,129.35541
-292.57104,-3359.639,130.2241
-113.192245,-1425.2656,147.2317
-127.68895,-2871.1284,116.63892
-376.16595,-6454.8516,120.141914
74.57218,-38.089684,136.5443
-135.77869,-1829.1584,128.80699
-23.137972,470.5779,159.47066
-177.5868,-3571.03,135.72844
-179.7102,-3015.099,112.42208
-31.902346,-1841.2173,133.78741
75.04242,-1049.0022,137.12614
92.39437,224.04405,153.51027
-115.36542,-3046.228,119.87871
-388.73917,-3971.114,131.3289
-29.539637,731.92303,145.51483
-160.98428,-3718.4739,127.938866
-235.13309,-2998.92,112.39831
65.947395,-1731.491,117.23899
-61.589596,-1178.7783,128.93959
-98.00194,-2319.4395,133.95717
-213.24577,-3437.6155,120.49179
-145.08398,-1746.6794,149.19931
-413.60513,-6563.696,105.34146
-272.1097,-6935.2812,102.40634
-206.79044,-3269.322,152.08987
23.023628,447.47073,152.1998
-359.4104,-6009.4097,110.41244
-316.1363,-3292.3733,129.7166
-172.05951,-3979.5593,123.85723
-49.521877,-2928.9978,136.14978
-248.21101,-2937.3909,135.97531
-12.065791,167.4033,153.28996
-188.44273,-4645.645,117.05017
-77.20849,-3161.8604,156.50578
-0.78477573,-821.17944,144.53038
-83.11235,-1781.5312,117.19054
-70.254036,-850.24976,152.00063
-318.69846,-6340.3213,123.41427
-126.48454,-2913.2874,134.104
16.012686,-2095.0994,129.84505
-47.698124,-1312.9092,164.48068
-42.4509,-1857.9875,132.10442
-115.064514,-406.99368,156.46523
-186.15053,-2113.603,125.6603
-386.42648,-3582.174,129.446
-117.60213,-172.09816,153.12715
-236.80064,-4659.553,138.79247
-101.991486,-1570.7952,126.707565
-84.60721,-880.34216,155.45148
-107.49277,-1811.4504,146.6091
-247.81456,-2389.0737,133.24876
112.7904,-378.1702,138.49913
-339.3202,-4945.454,124.709595
-215.9831,-5705.486,113.43638
10.422164,-1338.2903,110.67305
-85.45157,-2198.0364,137.83745
59.677586,836.9453,132.68132
-182.1443,-1806.8525,132.93388
-120.97467,-3816.8152,117.33563
-337.32318,-4288.3413,131.83116
-142.16438,-2807.514,123.8813
-93.192955,-726.60706,133.41988
-377.03665,-5349.482,123.41461
15.892577,-81.83694,142.98848
-354.74533,-3416.702,130.06357
-36.934772,-1521.728,124.86343
28.472992,-58.86666,140.82228
-104.90806,-1002.0868,149.02928
10.15011,278.3679,153.56792
-380.1088,-5428.0747,126.79955
103.06796,-1304.9443,143.38518
-86.64717,-2367.3914,134.9149
-38.812683,-515.8983,122.11426
-135.78232,-2729.8577,134.64328
-278.53494,-5474.1167,118.73825
-332.20566,-4635.586,134.11914
-162.59383,-1454.9924,154.08733
3.4811592,-23.859581,158.08711
-263.54526,-3482.3245,115.07593
-266.8697,-3103.944,121.006226
32.86115,-1190.7761,126.421425
-208.78325,-2009.4324,134.15567
-110.12461,-4512.9546,114.52875
-7.119521,-117.78884,161.8509
-286.16693,-3192.0012,120.7217
-96.38377,101.18406,147.87926
-155.97958,-1575.199,139.6926
-52.752552,-1367.4636,128.59683
-123.08116,-1884.2917,154.16716
-85.317726,-441.01566,125.23604
55.369316,-473.02823,136.86629
50.043823,-61.756676,151.69098
-222.38754,-3175.035,136.003
-36.96178,-733.4061,155.05821
1.9336624,-149.27107,145.05917
70.710625,844.4814,153.44592
-265.1626,-3816.3542,135.26932
-144.56743,-1942.2668,145.66798
-177.44676,-4660.5425,108.974075
-4.0386667,446.64532,156.41391
-243.1288,-4241.6597,123.76197
-480.44833,-7066.7827,96.223274
-36.020947,39.772987,142.4841
-249.05971,-3367.619,126.00766
-6.313443,399.18442,161.86841
-203.29866,-3258.4119,143.18489
-36.661854,-1295.6553,134.13281
-23.003668,-3893.1067,143.75914
-188.93376,-4327.8184,128.07846
-176.2121,-2897.255,124.03721
-160.90611,-2786.8015,137.37865
-606.49805,-8180.94,115.7436
-181.79863,-1403.3071,133.36778
-284.32617,-4655.4863,140.90413
-96.598305,-1620.4988,134.63458
-67.1133,-1829.342,129.26189
79.72178,788.22296,155.03815
-158.45084,-2217.995,130.00658
-13.917356,-1220.6416,158.66838
-55.47147,-647.771,158.80226
-52.196766,-1164.8635,136.31952
-183.0651,-2461.7559,117.450874
-129.12102,-1106.5162,137.16922
-297.11914,-3474.568,122.30937
-336.37573,-3769.3162,128.9322
-76.48478,-4398.0337,121.818436
8.26278,-587.6073,150.83339
-105.962364,-2008.065,120.64737
-179.21223,-2720.458,148.87314
51.054188,-398.32425,130.94626
-318.99127,-5103.156,140.55937
-296.27634,-3974.6956,132.38141
-209.20511,-3362.3074,140.41257
-180.6296,-391.95096,141.64503
-252.15425,-4066.365,114.49011
-204.35556,-1907.0374,165.47665
-179.67102,-1566.9155,132.34134
-131.74573,-2020.1987,116.99602
-251.07109,-2657.4778,140.66452
-523.87836,-6769.378,115.06565
-61.028835,-235.86134,134.15369
-116.23601,-1308.0974,146.26811
-197.81224,-4046.9983,131.17792
-186.27864,-3643.568,147.2026
-11.267043,-714.3259,143.14577
-109.60059,-1827.8472,141.2636
-276.40424,-5201.83,133.56844
-240.7842,-2776.6738,121.568695
-324.56738,-3600.8435,128.60397
31.260513,209.14384,136.06078
31.355623,-1190.9146,153.3606
-98.94237,-1036.2548,144.04987
-254.48534,-5035.343,136.4957
-0.01208403,-1088.8481,133.6205
-213.68098,-1926.0618,133.21098
-108.8632,-1511.9819,133.77061
-331.01163,-5346.225,133.86594
-5.5958242,-638.61084,146.60817
-294.92505,-3841.4553,118.01979
-366.93878,-5340.681,128.86996
-111.66374,-2159.5708,138.63445
-51.53655,-794.5769,139.64848
-200.84846,-4079.9626,108.26733
-127.04991,-1579.207,160.78748
-24.948004,-832.9796,134.9124
-56.67815,-750.0775,143.59006
-96.08693,-2660.2317,149.07722
-100.01861,-2079.337,117.882385
-18.307295,579.9545,165.41599
-65.28952,-1807.2185,126.929504
-90.58982,-2855.2952,136.20796
-240.73952,-2859.0,140.6627
-124.084564,-4016.5671,109.717125
-191.9643,-5680.547,111.08394
14.339899,191.90562,143.11705
-299.26334,-2672.3254,152.07475
-83.103195,-1100.8235,170.96503
-208.9235,-3054.9102,133.19157
-76.26517,-577.0205,143.49593
-172.12561,-3219.0088,139.44153
-29.303938,-538.6146,133.71036
-321.141,-6495.9517,110.823555
-60.2133,-1932.6155,144.353
9.941797,321.6959,154.48132
79.05042,1335.3346,160.30162
39.046825,-991.02893,133.71765
-18.110323,127.69401,145.28247
-423.80942,-5415.559,126.106544
23.356552,-498.2642,163.84213
-265.5038,-2758.894,134.85925
-108.418625,-997.6775,129.40381
-33.059277,-99.034325,137.09727
-101.22552,-4178.3667,124.68838
-436.3217,-4733.6094,139.6937
-153.62544,-1906.0044,136.67247
-228.78006,-4503.009,137.5858
-111.383575,-389.5756,146.18553
-238.68642,-3927.9421,118.871735
-13.336085,-1339.1885,140.02449
-90.3021,92.57786,139.04172
-166.18364,-1507.8411,127.57141
-156.24434,-1972.6418,132.34001
-113.79312,-189.407,141.82217
-212.18462,-1512.8196,137.17766
16.349743,82.22013,151.59644
-90.55048,-1435.1367,128.22194
-183.5527,-2027.0305,124.081726
-93.384125,-491.12723,151.94969
-299.3368,-5399.019,131.51538
-119.01149,-2121.1492,126.83627
-100.03773,-891.9513,150.44089
-10.868781,-734.3699,156.52905
4.1672306,-1124.2289,131.62808
-82.40223,-1212.1653,132.23778
-518.53687,-6436.6763,140.4779
-155.33037,-5563.6113,107.78007
-294.97913,-2926.8347,136.02715
-202.85493,-2042.356,141.57573
-185.42868,-4578.7563,135.87018
-260.64645,-5066.6006,115.9774
51.874058,730.3942,168.34854
-230.76974,-3594.2195,125.89592
-265.57736,-5888.1177,124.24476
-175.75394,-2917.2256,136.43652
-55.46928,-541.8771,148.53935
-279.20798,-3381.723,138.22542
-154.82495,-2682.4094,121.77778
-166.61102,-1762.7314,136.69823
-70.815765,-4158.635,111.92975
58.196186,332.8362,155.11438
-373.51276,-4243.474,153.37791
-182.82742,-2992.278,128.3616
-92.75852,-3207.417,124.81688
-34.12656,-905.3108,169.91196
2.6097898,-203.77687,127.150345
14.947679,-60.037865,139.3651
-105.418785,-320.50345,137.98824
-135.68625,-1938.9475,146.25034
-153.50496,-3094.6052,124.74765
-117.64609,-1655.8052,133.50027
18.411726,178.17802,142.9854
2.467269,-304.97415,134.76134
-159.77237,-1485.646,144.89401
-95.681435,-1667.0891,151.91728
-107.81945,-1284.1094,139.28455
-176.67409,-1625.9346,135.87837
7.9684258,314.59836,153.04036
-312.75696,-4248.6914,149.26202
-111.34145,-141.33443,131.22774
79.202705,636.824,126.740814
-264.6375,-4166.055,120.52087
62.539566,30.268593,150.93669
-95.53027,-1589.4858,120.75491
-192.33665,-2108.1384,133.6865
-262.1338,-5089.8364,109.26987
-401.8483,-4395.6436,140.77951
-249.36061,-3489.7595,118.2641
-31.20498,-722.75977,138.8899
33.514317,-614.3091,148.223
-46.69017,-662.3445,156.28802
-84.21545,-1417.185,139.30966
-527.296,-6969.602,113.48083
-222.22632,-892.9857,156.77765
-98.22251,-2396.4465,108.529
-528.22925,-7169.691,123.72924
-78.77469,-3450.9656,121.26434
71.25741,394.50446,147.13142
-2.6131372,-479.23038,137.76898
-295.1523,-3977.9685,133.89172
122.2909,1698.7361,152.89496
156.02005,295.3867,141.01079
-70.39038,-2126.1675,122.58183
117.8863,527.953,157.50798
-16.413023,96.8939,151.90294
-218.25853,-3957.215,117.496445
-110.335785,-1001.61804,141.91708
-415.53088,-6400.453,122.45535
-252.88243,-2733.9932,139.55228
-164.45007,-1635.5142,134.23996
-214.86917,-3212.6313,134.14732
-122.50551,-4655.6733,104.42274
-102.42664,-1452.8557,122.14928
-201.06241,-2346.4626,140.50285
-120.835266,-4023.0833,125.08231
-40.8857,-129.63368,172.56053
-414.89624,-3898.9167,116.009315
-31.020216,-1605.0549,152.43672
17.937067,-1401.4456,138.04272
-32.623283,216.10106,152.70204
-589.6206,-8510.883,111.86948
57.716305,527.4371,150.90524
-34.324306,-1985.5276,141.6405
-294.596,-4166.317,112.67782
-132.62785,-1462.7703,140.5328
-18.019445,-3460.4563,136.37053
76.152794,345.82315,143.6176
-196.94052,-3267.262,134.62921
-359.6069,-6196.076,120.2362
-107.89928,-911.8342,156.6477
-329.29614,-4248.966,134.11858
-732.2164,-10830.661,139.13002
-130.20752,-2212.1562,157.77827
-464.51978,-5901.833,124.9012
204.71649,1879.846,150.09586
-16.284311,-465.91922,145.98755
-137.11674,-1140.2452,139.73642
-222.16869,-2321.3867,135.32008
-256.40363,-3849.6853,138.57748
-198.58904,-1791.5486,124.714874
30.342968,267.50882,153.54533
25.317616,-832.77136,144.69217
-23.155867,-1271.5962,138.31723
-286.23276,-2414.854,117.67128
-393.01236,-4774.4995,126.05238
-159.00743,-722.37524,155.6155
-118.17497,-1538.9602,118.07948
-194.46976,-1442.8652,142.83357
-308.50146,-4074.2527,111.29343
-272.92245,-4217.409,135.78242
-105.97749,-2149.2964,155.37634
-36.61722,-2423.5728,132.20207
-35.539986,-1820.3555,145.81273
-268.7292,-5290.0215,123.78446
-425.9522,-5469.577,132.20163
-314.26608,-4898.0815,136.2273
-272.3511,-3545.1716,119.87395
-183.10338,-3409.6624,129.28384
-230.44318,-3784.6917,161.27412
-34.871277,-1182.1094,142.84305
-52.785458,-1051.214,156.0594
-382.6581,-5597.698,126.35588
-365.0017,-5232.1396,150.61029
-271.42767,-3591.3196,119.22582
-257.6306,-1770.0596,177.25597
-76.684204,-1474.3093,130.21257
-489.08224,-7316.9834,103.223114
60.324036,377.1032,139.98456
-104.35624,-2202.8188,141.91063
18.525557,553.8586,153.51382
60.113525,1315.6198,172.74937
-290.70135,-2580.2327,146.37482
-267.36902,-2886.6953,134.69283
-377.4079,-6212.0034,118.17357
-111.06466,-3190.517,114.59192
15.142024,-3056.6216,115.978615
-146.84639,-2306.4038,147.47475
-220.52168,-4387.035,136.19136
-10.525836,-867.0425,143.2239
-301.46365,-4207.627,132.3008
-154.94753,-1919.3359,147.3073
-48.231617,-348.4512,140.45335
58.67557,-1474.6926,131.7278
-211.96915,-2639.8455,148.1183
-77.457886,-522.98425,131.69327
-300.9543,-4499.4126,114.26233
-110.136154,-1552.5322,151.69193
-225.9743,-3104.6482,138.49362
-55.94859,-754.71387,146.80844
-80.53554,-2653.4116,126.79107
-250.81377,-3710.2434,137.52625
21.615807,423.6605,153.09181
-306.8438,-5754.741,126.54228
-40.686657,-478.58975,138.86569
-171.86702,-4692.0347,131.97116
59.74704,1126.7682,146.52684
-126.30876,-1131.1927,144.2783
23.790806,1167.853,141.98637
-135.14258,-2877.5552,127.20283
-174.84633,-1957.9897,133.60692
141.32187,1399.1804,162.42038
-215.44878,-4158.499,107.054146
-479.63544,-5050.029,122.449394
98.29875,-943.286,136.09534
-143.5024,-1241.2554,148.97955
-334.6142,-5573.49,140.23503
-146.81985,-310.6791,141.29602
-205.90854,-3766.827,131.98334
20.816902,90.49143,154.5746
-157.4223,-3129.2168,137.61945
-229.91194,-3913.6985,128.56882
-17.34918,458.49713,152.2345
-76.55734,-1879.6687,136.7605
-151.98729,-3643.0208,105.32664
-225.0142,-2814.7354,111.958496
-314.2486,-4398.3145,139.94958
-74.69408,-717.18945,137.16812
-350.57782,-4242.1787,108.421814
-401.02197,-5264.044,117.828674
-462.5953,-5573.2363,117.1204
-95.93302,171.42064,145.35512
-180.17667,-1927.8423,136.84134
26.261374,542.5066,163.95079
-270.37436,-2397.9097,152.01677
-158.67,-1370.8538,134.47267
-255.97148,-1757.5347,152.0394
-37.630325,-1278.2297,135.0011
-426.60587,-8273.398,115.84594
-40.19563,-2777.6785,128.93144
-199.23781,-3939.7004,112.36243
-237.43312,-3480.6462,124.73379
-214.19426,-3416.7795,130.38187
-286.33344,-4497.465,137.78207
-130.08781,-3512.3777,120.53723
-326.6087,-4949.721,139.4813
-43.49258,-1057.6385,125.54515
-53.01639,-697.522,169.97507
-182.03728,-2228.1667,135.64307
154.98149,1622.0968,154.71263
9.951112,-2275.4849,134.54672
-97.062515,-1292.9519,155.35274
-256.91293,-4041.2512,122.46342
-297.91476,-4504.101,125.87776
-279.4723,-4042.5632,119.00469
-121.440094,-1316.6577,147.6391
61.91045,-364.402,148.10344
-86.7712,-2739.4226,124.94568
-114.16098,-2178.11,138.85526
-22.37425,1544.6188,153.58542
-369.04657,-6093.51,116.414246
-24.943102,-1565.2256,130.98253
-75.61955,-3794.9124,132.35622
-90.75636,-1414.0447,146.31615
-403.9882,-6009.3613,138.08871
-35.06407,-2441.4534,127.07577
-74.20348,-348.95828,124.65062
-498.85434,-8004.6284,127.12467
-129.87291,-1598.9797,139.14131
-172.01952,-3239.786,110.98987
-34.199318,-592.292,141.43562
149.12451,-502.1044,139.01195
90.156715,922.9364,148.47328
-183.72583,-2617.0427,133.59245
-244.84999,-2714.3787,136.53662
-153.28514,-3894.4714,118.38569
-259.13358,-4079.8083,115.985054
-101.97845,-1810.8579,147.27936
146.36118,1474.6123,165.08623
33.047394,-510.56497,143.10269
-158.19997,-4019.6028,143.71602
-198.29196,-3571.5134,111.25001
-133.5942,-559.91187,179.95906
-214.40085,-2363.9968,119.67853
-119.86937,-1718.0029,129.80914
-167.29323,-2280.7239,147.62263
-117.93297,-2899.599,136.99828
-337.76462,-5088.481,123.34273
51.90667,-1842.2612,138.54053
-316.42456,-4133.0464,111.343025
-179.75153,-2072.8647,133.03227
-209.86618,-4344.6343,111.29248
-385.6211,-5638.5,126.00024
-286.07404,-4489.8804,144.87793
-217.27261,-2631.4805,127.9413
-219.36128,-1996.0176,132.22958
134.10403,-5.108421,157.41008
-236.83609,-2632.9417,122.88104
-246.42867,-3496.222,124.31906
-21.732744,-826.2036,128.04008
-98.457756,-4301.579,132.51622
-81.32451,-1481.0854,124.33686
66.64602,-278.8638,137.84041
-171.64555,-4636.604,124.63597
-287.46814,-5659.579,110.08812
-177.96004,-2214.217,124.226715
-193.83682,-3065.1157,135.14429
-238.65697,-4036.9333,134.56363
-129.78429,-1557.6335,155.40991
-273.1086,-3197.8286,117.5637
-456.8992,-6399.2188,98.33077
-124.879074,-507.89334,143.93123
-165.71823,-4492.76,123.80904
-133.36292,-1420.8267,110.46111
106.528694,-801.29736,142.26315
-119.08037,-4416.6743,126.30541
-18.605383,-797.00745,138.74394
5.794856,-3483.6262,136.62883
53.914783,2032.5236,167.2863
-256.92313,-2523.8115,159.3538
-365.81937,-6623.7725,129.43823
-231.74074,-7260.2236,108.78745
-113.41754,-3054.7092,161.04266
-353.10657,-4994.3877,124.62926
-213.73875,-1004.38306,144.01479
-279.72537,-2951.341,113.438614
-669.4924,-8660.173,114.302376
-9.568215,-345.2206,165.45142
-26.666822,-104.883995,127.31081
92.92457,-79.66537,163.49704
-84.224045,-1855.8184,124.983765
-250.54216,-3870.8635,143.22891
-178.41109,-2911.6985,137.91942
-186.65149,-2923.7554,138.35086
-213.40791,-5141.588,135.48213
12.276322,-1675.512,124.18389
-175.53546,-1817.0867,135.64618
-14.7497225,-1106.9553,129.27365
-91.38522,-3081.458,108.70575
-67.287735,-1493.6421,125.64207
-31.45077,-964.3031,139.92522
-386.79813,-5355.972,117.091034
-247.31227,-3210.894,137.87062
-211.64185,-4550.061,98.368164
-463.02573,-6287.7524,113.86016
-517.3608,-6903.117,140.86015
-216.93214,-4594.9985,120.13371
-157.78802,-2536.4658,136.34354
-342.68533,-3790.4705,105.45724
-361.81622,-4245.853,145.77579
-125.33357,-2566.1367,140.1368
-132.716,-2674.3933,117.72964
-139.2055,-3715.4329,111.396675
-300.94165,-3828.778,130.58185
-355.22507,-3100.3604,109.96311
-116.289,-1905.3196,125.276924
72.508736,617.5373,147.79568
-124.86342,-1418.1914,143.73079
-409.51053,-6959.2207,124.50202
-109.62267,-1121.8884,185.80888
-431.77707,-4676.0317,105.80737
8.757739,-1115.7855,139.72952
-522.3169,-8949.041,115.56066
-54.364094,-358.15005,152.05977
-8.239833,613.45154,156.76286
-157.91017,-1811.7263,138.99768
-130.51747,-4816.691,130.1145
68.87962,1172.0735,132.0914
-90.36755,-1109.8129,145.95851
-79.60727,-283.80655,135.05759
-383.18564,-7109.011,118.975975
-126.70593,-2873.5925,123.452034
-137.74023,-2722.964,134.27225
-280.6658,-4246.701,142.36406
-398.361,-7165.5645,115.68592
-99.00958,-870.4957,154.45477
-24.01909,-1579.8206,136.11925
-188.08797,-3014.394,124.50712
-145.40646,-301.6874,163.1558
-147.90572,-1137.3053,150.2835
-201.7544,-1988.0295,139.05609
-352.8001,-4055.658,148.23409
10.956188,-2580.083,130.12305
20.966578,-3992.3245,108.78231
-12.189681,-2099.8447,148.13254
-335.4828,-4710.5674,119.76528
-181.68532,-4594.442,117.15113
-46.403435,-682.4719,130.00636
-191.69662,-4043.9128,131.97017
2.6452913,151.68895,151.08855
-138.35063,-1342.9382,138.98969
-69.9091,-2740.3372,131.05464
-10.636117,336.79404,137.68655
-363.8343,-6300.0005,104.479
-259.64505,-2908.613,155.21902
20.638388,1317.1564,156.19241
-202.3759,-3397.5447,140.5906
-54.8418,-910.17285,145.75098
-238.4394,-3341.738,135.32028
46.191998,-249.96059,151.18637
148.6722,1838.3593,171.45312
-8.081977,-1191.1221,120.754005
33.327034,-100.48373,144.01791
114.49992,-169.68349,156.74011
-25.524405,-2766.9172,118.238
-39.44824,-1316.3718,138.42632
-76.23138,-2349.8528,127.134155
-278.49335,-3750.4583,141.14111
-208.09355,-4645.5923,128.03868
-74.42109,-1095.7246,157.8534
95.450516,-1040.5022,130.2314
-65.70502,-1231.2065,113.62405
65.49592,302.988,151.12848
-97.0431,-532.74817,137.38121
-137.3174,-1933.0903,161.9503
-48.692387,256.28537,145.42447
-178.04384,-5228.1694,126.65935
-76.26352,-2258.1287,112.86135
-111.89818,-2352.7534,148.44498
-57.19813,-1781.6077,134.99518
-168.08745,-2386.74,131.3427
-256.28986,-2445.1958,127.971375
8.067864,635.2867,178.34235
-234.171,-2732.929,148.51367
-219.11966,-2616.2703,153.74817
-176.54797,-1193.7568,140.06995
-281.3869,-5075.15,123.32038
-343.37277,-4486.2544,145.11884
60.76569,-677.1952,157.14122
-46.390118,-302.0082,153.12425
-110.4934,-1209.8044,123.85133
60.119976,-1007.94775,149.98274
-14.219209,436.8822,146.43216
-200.46576,-3524.135,139.95787
-143.44118,-2430.6792,118.40376
-93.11307,-795.97034,141.61557
-390.716,-7626.2935,101.07204
-281.76395,-4162.5303,131.31636
-478.5494,-6113.923,117.56479
-403.0259,-6889.8257,112.672516
-287.72366,-3828.221,139.42966
-66.190544,-2616.103,131.2324
-268.47522,-4250.266,146.94115
-511.3005,-9765.087,113.00419
-293.932,-4769.022,117.26161
-61.17554,-224.32362,155.37225
-156.44432,-1785.8674,132.00954
-215.97794,-3314.1663,130.63504
-408.2289,-3997.7122,136.27187
-222.9895,-1561.5881,143.36456
-156.07893,-3397.7332,131.2066
17.106243,1004.1925,143.00801
-357.24948,-5602.918,123.87997
-374.22678,-4283.709,127.73657
-631.4189,-8052.9497,128.06763
-231.84007,-3342.2869,138.7378
-276.73993,-2952.981,146.17223
-260.7678,-3918.616,139.98964
-12.4141,-398.168,154.19095
-182.8581,-3410.6853,131.62941
45.647022,536.3793,165.84885
-97.78064,-1514.2009,130.83052
-209.52516,-4535.1216,127.977806
-570.6786,-6790.9414,132.75935
86.48459,508.7598,148.4549
-208.1295,-4279.5522,128.37788
-212.59207,-2521.7231,124.585785
-247.39348,-3506.0813,123.40198
-280.68518,-4506.1987,139.88521
12.37063,-2335.727,136.3162
66.9075,380.94904,133.70984
2.2941895,144.75822,147.71451
-88.030495,-864.08435,145.2356
-220.3812,-3480.1316,119.55187
-277.77612,-4529.9536,132.91823
-150.62238,-3132.5017,137.85286
-461.56104,-5345.358,135.79385
10.493987,-480.55362,142.17514
97.22629,-876.54834,132.7977
-326.71307,-5715.1753,140.8623
-435.93805,-6260.5737,115.999886
-143.59059,-3795.512,119.55966
-161.2343,-2246.5896,146.75113
-1.3135538,-2033.5603,124.70457
40.35795,635.5394,140.05011
-87.17554,-1652.2698,127.99557
-108.66973,-1705.4766,129.76352
-167.28506,-1910.4814,129.9675
-236.99696,-3263.2405,126.31788
121.54233,-264.29178,142.20631
-13.016925,-817.8154,141.94568
-392.61826,-7040.489,96.11276
-67.08291,-1573.4111,138.88394
-131.44995,-2373.5894,132.09868
-130.0128,-2491.7637,133.56335
-129.33237,-2217.4324,117.094864
-150.41318,-4870.8394,102.616394
98.03671,158.28325,130.58144
63.94177,214.09392,143.303
-370.10452,-4065.0383,129.81273
-61.70532,-699.40857,130.21806
-64.44679,-235.72719,139.91917
-321.1966,-2583.1338,149.55629
-230.98343,-2654.9863,138.66135
46.723587,-244.63356,155.987
-50.415333,-1181.5747,127.76502
-289.4041,-3563.2874,127.0987
-30.399858,-560.54944,140.949
-63.23029,-1485.4966,144.66216
-244.43074,-3501.0095,143.85527
-52.16634,-514.5653,147.39893
-67.205864,-3120.8413,116.800385
18.691086,-1271.4307,132.48856
91.039894,903.64,170.15161
136.1276,1886.661,162.95439
-538.83167,-8148.197,109.7124
86.18254,-740.25476,132.85953
-166.50735,-1933.5261,119.979805
-57.217587,-187.69753,157.34265
-5.9051237,-1874.4016,146.13574
32.11652,1608.8586,172.31956
-83.43053,-2547.0637,124.01558
70.7903,946.0463,140.51944
-124.2159,-945.8451,142.9943
10.413532,-689.8274,147.8705
-160.88786,-2961.1577,131.77415
234.05107,732.5413,149.25227
-594.5594,-8176.611,107.37406
-367.7671,-5038.239,132.36754
-98.82276,-2911.534,131.3915
-74.05538,-1371.3906,139.35979
-102.0429,-2426.6553,141.6755
-212.04419,-4528.9707,130.92538
-157.80708,-4399.6504,109.61933
-125.99228,-916.76794,143.96538
60.137817,102.13004,143.79832
-38.334816,-1620.7874,134.2966
-87.84367,-640.5254,167.30708
-286.05865,-6057.9897,127.18017
-160.13443,-4008.5754,133.06712
51.796566,-411.74734,132.89096
-207.287,-2602.7659,153.0425
51.58716,1050.2671,146.44966
-166.36353,-2421.3152,133.06265
-106.08246,-2111.007,152.29361
8.849384,689.8511,145.79059
-393.9518,-5105.274,147.47563
-21.564997,-824.1896,128.77014
-170.35411,-2633.9624,124.61204
-46.49771,-336.92337,163.31306
-199.9668,-1425.4988,140.33522
-460.6048,-4811.156,140.61879
-40.66135,-583.66016,152.55577
-494.8804,-7090.2344,103.53762
-182.42474,-3334.6057,114.5121
-208.87628,-4561.803,110.310875
-198.83714,-3753.9001,113.301384
-255.98375,-3287.6252,163.21861
-138.38219,-2592.3955,135.54498
-277.78433,-3314.2068,147.32744
-172.63907,-3886.0417,117.84742
-30.706316,-3207.863,111.27481
-276.31186,-3768.1794,134.32536
-30.242094,-1713.3333,144.84087
-308.52167,-5572.092,102.87729
-253.67381,-4122.085,128.88315
129.54681,48.10209,147.4035
-276.35568,-2504.5874,131.11829
-115.28575,-444.78494,158.0808
-35.558834,-2452.478,128.23946
-186.62709,-2191.9246,138.1397
15.848373,-23.33712,153.61403
-27.591722,-1900.8391,150.05313
-421.04953,-6989.402,137.78947
-27.039213,-4197.8877,127.28473
27.79164,453.801,128.04707
-126.24161,-2226.0183,130.4829
-185.60107,-3757.9197,133.29105
-165.00346,-2382.0586,128.58452
-39.208786,-1898.6443,131.8118
57.20298,708.657,143.59448
21.968025,-4953.711,129.59322
-155.87201,-1936.7397,147.1472
-357.33356,-5635.722,133.42825
-149.07545,-2405.2422,117.02471
-310.6294,-5891.6216,112.50405
-12.072499,-1542.4683,144.13055
-237.36848,-4364.1514,147.32281
-289.14023,-5388.927,139.95314
-115.59819,-3061.8875,130.25414
-169.44061,-1387.78,131.98436
-281.8918,-4506.1606,118.688995
-306.31055,-4680.5977,143.24667
-1.4373331,-1128.7125,137.9938
117.62779,1108.1184,161.82094
-165.58151,-3046.896,148.09433
-191.1143,-2796.0723,138.98277
9.858805,147.9008,147.24263
-389.13486,-6729.89,114.11035
-13.4554205,-2265.3315,133.39708
-226.34769,-3306.3762,133.63124
-189.77225,-3020.5815,130.89198
-83.84391,-1130.8151,141.7359
-156.47278,-762.2676,133.74416
-37.41737,-481.76822,159.54173
37.57625,-284.48026,155.22368
-79.74829,-3495.343,140.41475
-186.21161,-2589.136,140.93626
-128.76306,-1525.3159,160.50162
-2.006217,-2419.0947,133.83531
13.308729,-1981.8518,126.60418
-41.20365,-1578.4629,107.87986
-314.89,-3129.8762,150.15744
-532.4977,-5995.1006,124.56109
-162.67815,-4127.65,107.70636
-327.12408,-4894.9937,121.096924
-103.19065,-2552.016,142.54593
-16.915323,-703.5249,143.67091
-114.44858,-988.0254,143.92796
-369.41852,-5435.027,125.13029
-299.6679,-6082.344,128.14326
-185.67421,-2406.6309,127.513405
55.01638,777.31415,145.68129
-113.732376,-783.90686,136.996
-224.63086,-1660.6567,130.04437
-12.262219,134.23991,142.97896
-208.73315,-2803.075,139.86897
-157.67032,-2579.0918,109.98064
-148.19594,-2867.0713,156.4367
-185.16907,-2072.053,141.11389
-211.24564,-3737.322,120.66011
-201.18947,-2677.1145,131.39992
-524.7044,-6491.6006,134.0286
-85.057236,-982.9324,140.908
-229.95271,-5080.746,123.351685
65.268486,992.7841,148.01207
-119.17622,-1222.5166,170.10693
-190.91711,-3222.0967,149.54688
-153.18681,-1329.4031,142.00801
-180.24797,-1728.2935,132.97005
-535.7463,-6245.1978,114.14062
-381.74646,-4112.089,128.64444
-148.40202,-2557.6267,125.963936
3.4743671,-236.89662,142.29477
-291.17377,-4698.0513,116.51339
-28.302195,-1155.6157,131.16875
-64.18565,-2019.4819,119.8983
-92.761345,-2275.9707,126.06745
-8.364228,-95.582115,146.19122
-285.47067,-4650.3647,132.56197
-271.8147,-3955.844,132.28583
-110.505005,-3779.0208,137.74118
-177.92326,-2703.9504,117.37402
-17.204546,-1014.6697,148.53513
-52.487072,-300.80386,144.64781
-74.19758,-3175.5332,124.30952
0.76703167,-1607.5798,124.17374
-51.046665,-2032.1018,127.427086
-292.48337,-2075.4526,145.72787
75.444016,-465.4578,150.8092
0.76120377,355.74164,137.91516
-103.2259,-1239.1582,137.88728
-125.77229,-2888.7297,125.54555
-533.4412,-8064.553,109.39187
-226.92757,-3556.429,147.27731
72.542564,-2204.9636,122.238174
-114.0887,-2395.9236,151.14014
-40.732277,-480.11234,153.81364
-182.18633,-3044.5923,129.72
-323.09067,-3683.1697,136.04321
71.70902,646.92523,147.53174
-294.38687,-4460.7026,127.6971
-33.6473,-764.8745,142.40735
-233.74828,-2025.9175,137.90623
-139.67024,-2771.2295,134.41939
-227.61017,-2503.4575,145.98404
72.30431,528.0061,139.6982
-73.75526,-1155.9083,135.93143
47.67596,372.76224,155.4408
-16.448256,847.3471,148.38959
-165.50871,-3956.0515,98.75695
-429.64236,-6088.3345,136.72272
-96.88364,-2497.679,117.79247
27.6244,942.69684,150.0626
-26.476152,413.08777,159.82257
-339.4935,-3378.6326,140.76382
-66.9466,-2006.1321,134.46033
-225.68866,-2112.6487,170.82764
-122.30705,-3340.0002,138.808
-108.88451,-2236.8596,148.0845
64.976524,860.2644,157.52046
-139.02393,-2624.5203,146.2353
-22.889578,-81.94198,147.51414
-144.04196,-765.87024,147.91936
-21.814959,864.0004,147.03908
-224.1366,-2475.0667,142.64403
-234.42163,-3588.6755,123.404655
-500.0817,-7455.6284,125.91704
-266.0433,-1721.9612,148.68773
-79.02964,-1999.6216,127.27043
-260.2037,-2967.428,136.75505
-77.43338,-701.19714,149.22954
-167.84242,-2563.7544,133.17055
-31.249647,-1103.0176,125.13395
-186.849,-4470.7246,128.69322
-99.98884,-5302.063,129.49344
-71.69054,-2248.055,126.784584
-13.009276,-960.58594,123.674355
8.622306,849.6666,150.38168
133.14679,1283.0975,147.84784
-88.97921,-4958.776,99.63091
-105.79574,-3717.132,119.99063
-15.684258,-1195.3943,143.93144
-291.34222,-4535.3096,130.24129
-652.5406,-7070.3735,128.2794
-126.83124,-1537.1404,177.81992
124.57491,864.6802,152.10387
-141.96156,-3574.4993,135.59291
-241.05199,-3491.4246,141.00717
-345.5995,-4132.002,134.77066
191.36342,1401.1333,160.897
-350.39764,-5243.0117,115.39305
-86.701485,-953.92773,140.28296
-174.45468,-2606.5256,134.27914
-386.7793,-5387.8896,128.59886
-125.006424,-2374.4644,146.03273
-37.718674,-912.8434,175.12845
-553.9759,-9312.502,111.791084
-197.01778,-4837.5586,128.54227
-227.3229,-4239.922,130.28885
-355.9105,-4705.699,129.57745
-107.52038,-1316.438,138.52182
-54.245113,-2692.1023,136.58878
-193.455,-2271.3464,133.43288
-163.5345,-3531.468,143.96405
-421.6272,-6320.8867,98.82666
-115.52368,-1778.4797,142.47263
-164.81648,-2369.3564,141.94681
-49.218937,-1265.4656,132.67674
-1.8198824,-199.52577,127.60109
-118.52313,-3009.353,117.83682
-0.56817913,-566.18884,128.85555
-41.91888,-2053.6682,145.61307
38.602318,-2090.2427,141.44937
-205.87706,-1535.7468,131.27849
-205.85426,-3844.9705,128.42795
-295.07016,-3170.0786,121.60222
-155.44537,-2847.1418,153.403
-141.54433,-1047.4463,169.72992
-219.98946,-2532.615,126.69527
-605.9686,-7064.2666,110.0178
61.14709,1419.1649,152.52911
-34.228653,-2875.5198,111.423676
-138.13298,-633.7903,143.9894
-396.4273,-5119.3906,130.50171
-150.57343,-1662.581,141.2423
-315.11438,-7398.2183,106.17345
-186.09723,-2751.448,109.0804
-74.25045,-2590.3484,132.53447
-122.90082,-983.25977,161.89497
53.685703,-1283.2812,128.52362
-73.091484,-3243.9153,119.36324
-97.86723,-262.55814,170.64447
-181.6658,-4993.8247,128.37766
-381.63205,-5079.492,109.94272
-90.71819,-660.6561,155.95782
-61.799297,-2118.6035,122.47679
-387.0245,-6545.2104,115.89678
-75.008705,-1998.4407,137.36743
-251.25435,-2387.3,145.2971
-341.69736,-4552.2144,148.95778
-212.68288,-3721.1775,139.01476
-318.9808,-5023.0728,125.21708
-109.611664,-1769.1975,147.18755
-32.852985,153.3084,174.65227
-477.91675,-5625.1055,142.06639
-97.4974,-2848.9092,127.74304
73.40649,68.20054,148.20633
-372.13998,-6763.8887,116.82771
-451.80045,-5505.966,121.89292
123.87505,756.67883,165.36993
135.43561,-228.19203,140.05408
24.314194,-64.62533,150.30428
-140.97043,-2728.7358,114.03344
-159.7488,-2360.754,139.48096
-97.77767,-2811.717,126.53272
10.302363,-1283.0122,120.46357
43.750328,432.3535,136.787
-8.088059,-277.56778,140.35158
-108.7345,-5278.8115,119.53316
-83.70699,-2925.8708,110.72465
-145.43246,-1782.0137,148.33824
-35.912575,-1127.4136,133.6041
-123.47142,-2720.6614,152.38664
19.308939,-1042.9668,152.60974
-272.50116,-4743.3516,115.8606
38.928413,-447.97037,135.65787
-560.1545,-7179.0166,143.52292
-161.56134,-6124.0024,105.59791
-636.70166,-8472.411,129.83208
-291.91827,-3148.5388,142.79834
-98.58418,-1178.5734,159.9058
77.63892,1386.7717,159.49953
109.49789,1120.256,162.98427
42.690937,-2901.5247,136.6847
-287.0984,-5076.0874,141.62283
-201.94371,-5186.0547,130.28877
-395.04996,-5790.361,130.277
-449.89218,-6495.929,139.36609
-13.823623,-978.8932,135.05347
207.48756,1089.244,155.44713
-360.2625,-6873.0356,121.54515
-33.939934,-861.3163,148.51184
-18.078806,-103.44253,140.57388
-85.628174,-840.5852,168.15843
-202.50879,-2186.5186,146.38399
-109.45468,-857.18384,125.31613
-112.62395,-1469.1062,159.40605
45.893475,1121.7308,160.58398
-197.63219,-3126.6738,143.86714
-4.222066,-1900.8159,135.86287
-112.07817,-611.03125,143.8554
-98.664635,-2113.2588,133.22295
0.51883984,-807.38257,159.83228
-237.23561,-2598.8765,140.20863
-360.57303,-6700.012,109.475266
-180.20827,-2561.596,127.76253
-106.30168,-2662.9485,117.48287
-102.94045,-1340.3813,142.4702
76.6352,253.55388,129.50441
-133.41591,-1435.7837,141.36407
109.255684,936.9533,152.11382
-97.0296,-1609.3582,134.0701
-304.6177,-5170.9053,119.61151
-115.45235,-1595.0576,158.1368
-298.9463,-4168.046,114.78059
-109.162094,-2227.8274,140.54503
-33.566734,-582.5204,153.50436
-636.233,-6428.1523,130.07748
111.603096,612.5288,151.95303
-38.672752,-2562.2546,115.7033
-59.494144,-1241.2119,143.085
99.54513,1101.7605,149.2262
-448.16437,-6147.9106,136.28737
130.3045,517.3097,164.79893
-47.64046,463.18338,142.01912
77.57307,732.3939,149.32153
-189.25539,-4365.3,145.17764
-13.265664,-149.55971,177.4205
-485.01346,-8110.4146,109.35127
-656.1574,-8977.662,114.18522
-638.1763,-7422.853,123.85196
-292.65836,-6750.823,103.28839
-229.4769,-3821.096,123.75376
-673.1285,-9937.874,123.45692
-294.44357,-4042.6306,130.79117
68.18249,841.8922,166.82913
-145.57214,-2666.4563,129.18953
-354.01212,-3745.697,133.41437
54.874233,-163.5696,137.02473
4.3397207,843.4093,149.60904
-285.8445,-4853.872,101.75227
-175.36958,-2954.66,147.53545
-435.94427,-4638.405,116.34446
-345.50876,-4233.668,133.79034
-94.860596,-1851.8955,113.19682
-239.74632,-2880.9893,133.68243
-196.50029,-2978.5486,137.5701
-383.23203,-6244.4,135.74033
-101.99816,-2142.2822,134.19585
-24.695158,-2134.798,117.76756
-300.05072,-5054.7017,131.5701
-87.985695,-3840.5232,131.33911
-209.2488,-2963.2612,153.2517
-1.1139135,-2233.7583,124.945465
4.6387453,-1831.9502,136.0598
-19.36297,-266.0015,158.21939
-185.32732,-1861.7126,141.02261
20.03087,141.81657,138.69386
-112.5526,-2735.652,123.27148
-100.473526,-1332.7722,159.27643
-273.71466,-2725.7734,140.42831
-213.61455,-1588.6997,135.15274
-150.42754,-3270.969,127.25033
-312.76477,-3842.922,129.20674
-76.093376,-226.18068,155.83841
-259.17023,-5387.081,116.29679
-195.37688,-1398.8098,121.426605
-147.90634,-1623.0461,123.40225
-165.34282,-4537.049,118.20492
-85.5447,-889.5005,122.57455
-179.65501,-3432.5774,125.38469
-233.48375,-3050.9148,139.5336
-107.123055,-2219.981,133.89212
-155.477,-1603.1707,125.76899
-448.7233,-6141.8115,110.45178
-60.60983,-1756.8779,136.2775
7.4571733,902.1138,140.94307
4.02827,-1261.2974,135.41878
93.3363,-1218.8127,149.34546
-9.940881,-2849.5793,132.02818
-48.896427,-1964.1494,105.026405
-73.53071,-833.7146,152.048
-304.9403,-8574.432,68.18454
-61.519093,-1844.0105,128.75266
69.93301,485.71017,154.90138
111.93012,1011.846,159.62111
-363.4699,-5049.179,129.6327
-206.58206,-3461.242,142.8982
-16.316793,-1537.677,135.01659
-122.567825,-1441.666,140.14543
-6.378564,-2818.3167,136.35263
12.9314785,-2151.882,113.40365
-284.40634,-4116.437,132.3644
-391.92764,-6130.607,115.72198
-100.523346,-2682.3804,143.133
-159.73793,-5219.0454,131.18979
25.15731,-685.9536,147.9789
-380.0721,-5762.4966,128.42159
-123.23534,-2260.8154,156.29005
-88.86816,-1215.0835,147.35588
-414.89856,-5037.8745,115.57308
136.91786,147.42961,147.35542
-368.98615,-6513.5435,105.66429
-95.84114,1083.609,163.77916
2.2677746,452.06186,156.27042
-17.442858,-955.80273,140.82327
-112.17569,-1425.4749,168.81303
-221.20457,-4393.6875,132.64604
-6.1290045,-169.93178,153.62454
-587.9475,-8997.356,131.75337
22.901564,-645.3887,127.01596
85.16883,391.5386,161.00307
-81.47119,-1023.2073,135.39275
-195.74,-2702.503,148.40112
-317.16568,-5056.999,131.92278
-135.88895,-1738.7178,138.76839
-161.86494,-1696.0483,168.61043
-134.2856,-1708.9497,126.97591
-253.86058,-5455.287,118.87703
-237.23038,-4180.7446,119.84572
-316.63196,-3620.5603,150.51399
19.328072,500.889,150.84576
-86.17383,-1856.0339,136.56337
-128.3881,-1889.5078,154.9428
-292.91272,-2918.802,135.41295
-383.4046,-6429.5254,105.45473
-26.821665,47.344704,160.81757
-35.94396,-1246.0532,132.99854
-163.48267,-2115.7131,115.72213
-148.93916,-2350.2998,124.59996
-81.39258,-1646.7952,162.01398
39.753983,-3198.1323,140.47845
-35.935966,30.46244,150.22519
-16.719088,-1211.8811,165.48987
-148.3443,-2271.4492,133.41872
-19.657026,-1999.8235,131.41373
119.69969,786.0682,146.303
6.692254,-286.77798,137.35506
-55.547977,-399.11893,138.24835
-39.232895,-2158.9775,130.27425
20.37666,417.287,149.5296
-131.19858,-966.3611,145.68152
22.544075,-86.93093,147.1173
46.11897,-467.3091,144.25429
-173.91373,-1347.6936,174.78952
-181.36443,-3695.0989,119.53218
-55.092503,-878.92676,147.01349
-18.874216,-557.35034,130.8718
-38.581512,-3389.798,136.94125
-531.8871,-6251.761,119.7229
-93.65193,-1665.0037,124.42382
-41.567673,-88.32247,139.09332
-300.29123,-7236.7017,118.51147
-100.763084,-1091.9777,128.48941
-88.79411,-170.28358,131.70186
11.524093,-287.12515,130.5657
-326.0083,-5804.3906,124.94333
-211.51253,-3604.299,116.930534
-37.03748,118.96879,159.93762
-120.77617,-2892.867,136.77438
-218.31367,-4225.101,139.81789
-200.86783,-4060.675,135.58218
25.762775,2064.1245,153.32002
-189.84311,-776.15845,165.60501
-442.8084,-5442.35,136.5686
34.66175,-789.6846,130.96454
-72.89084,-979.9951,146.58385
-14.248385,-423.2133,124.052704
23.450079,1182.5752,161.59251
-329.25195,-5389.8325,142.31274
106.69659,82.35551,143.52852
9.595743,-211.30116,133.21417
-23.824663,-745.35706,144.23537
28.888865,-474.16116,151.26164
-291.3731,-3219.7563,136.39471
-182.7728,-405.19193,154.29918
-174.20667,-4138.674,110.716934
-233.13185,-2836.5737,132.95512
-99.65287,-707.0973,129.23131
-377.8505,-4598.047,140.84819
-223.51527,-2977.1475,142.01567
-244.44493,-2435.9375,146.87871
-59.35039,-55.691307,145.9661
-214.2334,-2755.6367,117.93321
-179.83179,-3403.6877,114.71153
-345.80597,-3539.0603,141.58842
165.18253,1915.8464,144.14096
-130.6529,-3183.8025,128.64476
-412.31238,-6447.1694,89.348946
-255.17842,-2143.1206,130.20848
-99.83232,-2229.0115,152.28479
-28.154676,618.2916,161.97769
-162.89316,-2952.7473,112.55336
-113.65773,-1251.8655,141.6358
-147.00987,-2623.6575,144.01003
-177.69176,-956.0393,137.7748
54.797306,-817.24915,133.60736
-25.593973,-3177.4414,135.8524
-127.10402,-1188.2227,156.10802
-90.45174,-1845.2407,128.60275
-298.5692,-3926.2268,123.66203
-78.69454,187.7213,139.38115
-2.590148,-880.65344,145.18274
-309.64334,-3444.4685,121.30895
-97.16129,-1141.4369,133.6494
-17.99434,-978.2705,126.84252
-302.5007,-4835.2563,102.74774
-10.30066,251.87267,162.00862
-675.1264,-7627.065,122.564476
-38.716568,-63.874657,153.39095
-370.6653,-5177.2324,127.6923
-81.62539,-551.31116,161.70416
-107.59549,-2034.2905,123.811646
179.9534,908.59735,158.41435
-156.80269,-2538.2312,132.00504
-700.6888,-9595.538,110.98429
-121.75534,-921.1322,154.0799
-208.00984,-3896.6174,123.33931
-162.93652,-1978.854,123.21515
-485.40866,-6682.5557,125.24235
-36.796944,-2344.7793,139.32455
-142.82713,-2479.36,126.781845
-138.5014,-3004.9524,128.25903
-198.79384,-1097.1329,129.09097
-381.75064,-4741.2554,140.21014
-100.46012,-2316.624,126.89521
-235.25024,-5522.485,106.63608
-98.361374,-4712.94,155.1966
-215.77434,-4797.4463,122.29692
-379.20663,-4630.185,138.65656
-472.15182,-4900.991,125.45581
-342.48157,-4045.1228,121.90039
76.147385,208.80174,146.15137
-197.01883,-3387.5686,125.46325
-245.56053,-2609.0696,145.79015
-367.51486,-3570.1692,128.50931
-120.80583,-1323.3562,153.41031
-300.2568,-3334.7468,136.64722
24.000792,656.308,145.95175
-228.24951,-2539.6826,140.35149
-17.631563,-2226.33,138.24637
-268.49948,-7382.444,129.88782
-461.99393,-5285.461,119.08093
7.2981653,-431.17728,147.84357
-26.193605,-2138.7722,129.92012
-76.71686,-1847.0813,142.5684
-384.6859,-5748.6104,125.30967
-418.6297,-5446.986,133.32538
-398.08643,-6754.969,115.87054
-279.74844,-4905.1475,135.0265
3.8664703,-778.90234,140.03175
-46.38213,-2646.1814,124.28542
-160.16579,-3702.133,150.21373
-12.781711,-2052.6064,126.62743
-517.05914,-7090.355,106.04089
-158.3153,-2679.1458,154.10597
-188.28134,-1722.2153,159.13628
-169.6224,-1116.6531,153.49065
34.45951,-40.224022,145.31677
-335.0671,-3884.765,146.8598
122.78131,674.92377,144.98077
-208.15979,-2264.0874,166.6386
30.291527,-72.55294,145.82053
-75.18307,-1576.4556,129.1603
-616.134,-8682.912,111.97019
-436.4063,-5882.71,112.50117
-204.34094,-2646.1882,113.65993
-132.2322,-2650.8044,125.65389
-408.07343,-5913.978,117.105194
-171.7669,-2934.5234,136.48523
-3.4011164,-788.0525,134.83618
-180.56337,-2088.3132,121.63891
-43.785324,-1369.6111,134.16309
-564.38354,-7093.4424,142.51312
-93.76415,-809.31824,132.19557
9.423087,-1366.3706,129.98888
1.4209843,-2361.105,140.14317
-442.17236,-6708.977,104.90342
-165.66603,-4998.544,94.61061
-228.54587,-1956.6782,154.36118
-241.9492,-1832.1272,131.86827
103.23294,-1462.3279,159.73822
-343.5114,-5622.749,124.49861
-122.35242,-4019.6233,112.21208
-44.444477,29.614418,148.22522
-307.64304,-3065.1338,135.38882
-325.86505,-5662.586,118.79962
-362.0866,-6238.5083,136.04791
87.008644,-1918.5732,136.36285
-273.58395,-5691.38,103.841125
-326.10117,-5792.526,103.82287
-209.61244,-3609.384,136.69878
-288.96545,-3871.4924,120.94933
-420.501,-6160.205,111.65358
-75.98904,-1750.77,153.74335
-80.959366,-293.4788,130.20078
-206.15541,-2056.6187,157.25748
-206.3865,-2051.543,147.04266
-1.57405,-1058.8953,170.7218
-88.144844,-686.2394,140.03293
55.931183,566.8552,147.81151
46.175613,78.55515,126.8923
-146.62396,-1988.5879,130.92798
69.51338,636.05786,178.1166
-207.97878,-2063.1155,142.66898
-192.74576,-2358.6936,126.63308
-216.9774,-2222.915,144.7793
-195.37004,-1572.7666,143.05513
-321.04745,-4915.685,117.13996
29.907953,-707.88,160.54414
25.336344,-869.7737,125.83705
-53.793133,455.3536,166.2231
-170.71393,-3710.3572,116.790405
-10.721528,-2163.4834,126.26696
-414.41602,-6548.611,108.65432
-106.12215,-247.02687,139.20808
-120.45181,-3866.056,125.941734
-28.335417,304.7814,161.1798
-18.82055,65.51151,150.07822
-45.42415,-102.08321,170.21631
-177.80138,-2987.964,108.79712
-168.33018,-3733.0032,115.66633
-47.620144,140.96031,181.86235
-92.139244,-102.13186,159.60202
13.05176,626.92896,165.55467
-301.37476,-4627.202,143.54652
-53.080402,-1617.7339,118.58516
-359.1495,-7573.4497,122.17361
130.09679,195.46666,142.49632
-177.42662,-2761.528,139.18202
-159.12105,-2104.8337,125.05566
12.17372,748.0063,131.46185
-126.889755,-1333.7439,133.93552
-232.24948,-3188.0994,129.0316
-468.93137,-7752.274,109.44616
-282.94095,-5397.185,125.99442
-510.3373,-6458.718,132.50226
111.39536,957.4137,138.8223
-352.93375,-3635.9426,145.57635
-307.9729,-4429.634,125.109116
-102.56406,-907.7388,168.36679
36.003296,1191.3384,160.35507
-69.933136,-3067.3013,135.58517
-252.49657,-1960.4453,132.0622
10.165996,-4211.6665,133.88814
-31.304544,-489.5065,127.58086
-457.00333,-5493.0747,130.89217
-79.5704,-1408.9143,148.0259
-14.928807,-1517.3933,139.69186
-25.440218,-3144.8105,121.94581
-51.077343,-147.02333,140.95424
-200.4694,-2802.151,121.214424
-174.45547,-1747.262,141.42622
-198.92085,-3551.7507,130.36958
-51.879086,-1491.8367,146.6425
25.360785,513.43256,153.60478
-68.65183,133.46269,133.59557
-123.836075,-1563.0203,142.35455
-128.22864,-3435.9377,121.78283
48.383884,531.7679,138.24084
-133.82655,-1783.8799,136.85274
-89.996284,-211.47621,167.28279
-156.24887,-2587.161,154.3224
-512.28217,-4653.8013,116.56857
-213.20624,-1991.4424,123.93927
18.08609,-1498.1768,145.71661
-125.802704,-2004.718,118.41229
-76.578606,-790.68567,161.7644
-67.94013,-5227.067,116.45038
-56.682888,-198.71205,155.98116
-344.4795,-4772.01,117.7101
-296.19116,-3968.8855,116.28497
-190.04143,-1650.4563,132.10138
-47.114437,-1736.8689,136.699
-239.15097,-2703.247,125.614655
-145.3426,-1783.2954,140.71986
-370.7671,-3383.8015,139.96748
-186.50972,-1253.3613,159.35225
-355.37558,-4077.07,113.824036
-379.14926,-6607.6177,111.45616
-92.85511,-1407.4741,131.36217
-116.34361,-1646.4246,144.77272
-154.62473,-2604.5608,118.88722
-380.09155,-4859.938,113.37506
-124.6812,-2388.445,140.64877
6.5117035,703.65967,157.35043
-205.33609,-3062.311,137.59215
-28.758135,1067.0715,139.2943
-41.55102,-696.04297,150.07242
-27.071795,-874.0188,152.96484
-310.63092,-2874.9087,135.35318
-239.99135,-4305.4004,142.73096
-133.70764,-1671.0815,151.71416
-61.252018,-3397.8777,130.11981
41.5609,150.00237,168.44351
-320.2191,-3955.8215,155.46774
22.497477,-552.0084,139.38614
-223.18353,-4044.9812,133.75728
-83.70569,-978.78796,145.89682
72.46347,-648.35925,146.10036
-74.64514,-898.647,142.93106
-312.5111,-4051.2546,124.07324
-375.0295,-5804.922,107.105576
-99.71753,-3843.738,123.177925
-124.655365,-140.18074,135.27432
-162.69096,-1319.4595,140.29312
68.73499,91.77146,139.62218
-193.98837,-2707.163,148.51462
-45.21931,-1156.1906,136.64516
-331.78745,-5225.447,116.56188
65.40833,860.32733,170.80069
-320.4762,-4219.93,114.82348
-47.217957,-1065.4781,136.69197
22.33599,-1268.6304,139.47855
-272.72287,-4238.5083,124.140366
-85.73368,-646.6925,152.2628
-118.80354,-383.03177,169.22043
-53.546062,-1225.989,139.09602
-32.909966,-456.1636,134.52899
-118.85649,-2386.5398,119.60016
-210.10844,-2885.6433,132.59077
-60.8417,-739.1367,133.8768
27.733906,-855.20447,142.86102
-102.4157,-2023.9016,135.63927
-131.85269,-926.2948,140.8315
-237.51988,-1973.396,154.85764
-28.130472,166.27446,138.91571
119.89789,510.3642,165.5435
117.673035,-820.33105,150.72052
-170.88799,-1467.04,149.82404
-14.503528,-237.09743,132.7064
-297.48724,-4757.0835,106.36884
-84.37014,-969.63135,152.57407
-84.22043,-1727.2837,146.11987
-90.43978,-4934.6523,106.232666
-57.997494,-288.2382,134.82257
-149.9669,-3526.0588,134.15884
-385.62454,-4646.3413,146.92714
30.224356,189.37169,162.6646
-55.713573,-1448.8462,120.55386
-77.398026,-1527.5098,165.71515
-261.52106,-4193.8335,139.9338
-113.29231,-3689.946,140.87646
-105.31835,-1892.5918,134.13441
31.784086,-610.7013,140.3417
94.09894,314.3549,145.7808
4.5208664,-1888.5403,136.22165
-134.05315,-2222.0137,144.12227
-35.519306,-6298.218,126.26188
-48.961956,-1386.9727,117.426414
13.086278,-115.30819,138.1937
-519.3873,-6530.3203,108.56763
-152.26245,-1455.4812,130.89497
-214.53514,-2361.78,129.75089
-24.682394,699.0705,132.02663
-176.23502,-1816.3286,147.38766
-89.57547,-1297.9329,153.02986
-217.93611,-1622.8267,138.30264
-223.25456,-3375.4187,129.36955
-88.32604,-1643.4597,164.1409
42.531128,1887.549,155.12389
10.532573,-774.48694,122.829254
-266.14645,-3911.7883,132.87057
-195.74265,-1871.992,112.78816
-702.5938,-8122.722,119.96414
-167.5004,-1994.3152,131.2527
-30.617807,-2641.1194,132.02682
-227.64227,-5876.659,97.8682
-216.32713,-2614.333,127.1489
-88.961205,-2988.7932,137.4725
30.681417,-260.84915,123.84644
-231.8417,-2376.9346,129.54175
-112.30185,-479.96524,168.47003
-235.57762,-2409.7908,151.21274
190.30191,390.98007,129.6779
30.864214,110.75016,157.06818
-261.53604,-2424.2878,163.63551
-50.44956,-804.1549,126.604126
-23.946203,271.66257,153.8869
-130.44196,-3199.9194,120.73621
-176.52928,-1478.2375,148.90923
-364.5396,-4497.7856,121.78149
-356.38293,-3192.5598,139.45293
-543.06274,-7795.0083,111.26309
-256.183,-6761.231,95.75928
-126.84119,-718.9143,165.98595
-143.29189,-1585.5784,146.6939
-112.5988,-1124.1162,130.0593
-117.24193,-775.1719,121.55253
-39.90487,-3259.1736,147.51823
11.8248205,-1053.7135,146.8774
-1.6502733,-287.9805,149.79909
-198.69864,-2621.7727,125.937935
-68.057175,-1457.6763,130.05214
-193.68164,-5059.3765,111.90926
-429.43845,-6995.1216,125.287636
-162.20087,-3012.5278,103.06023
-374.9093,-5773.5586,109.85437
-36.673843,-1059.2526,152.44905
-245.9175,-3797.8596,115.71926
-55.14864,322.10318,149.05484
-340.22873,-3619.7986,129.37553
-142.9322,-2907.987,129.54228
-373.5102,-4337.6543,120.160255
-112.13628,-3620.1267,126.01404
80.43013,1856.9232,163.52164
29.416443,764.78864,160.82109
-234.21573,-2093.855,173.89827
-288.07742,-3690.9207,122.38125
96.281685,2228.0405,144.76308
44.287476,904.60645,145.64325
-255.65285,-2763.2542,150.40015
-98.15147,-1512.3574,111.64494
94.55785,950.3355,142.29689
-163.54608,-698.0243,147.13745
-112.75037,-892.9857,137.68863
-84.59601,-1666.978,119.801025
-121.78244,-2532.5493,120.85904
-194.61243,-3625.238,125.14849
-174.61359,-1174.104,135.94981
-331.78253,-4796.8413,133.62413
-552.9541,-6974.5874,143.78262
-0.8490572,-207.0182,144.96027
-135.31227,-2396.4673,123.08008
-93.3073,-4713.4243,137.04076
-23.458132,-732.9169,161.32668
78.85422,463.42514,160.00517
-330.43933,-5537.9,122.88939
-254.55138,-2233.1243,153.09288
-36.462025,-1512.3882,129.68541
-83.25963,-631.39465,143.52588
-209.80777,-4789.353,93.30441
-51.722477,-1937.2952,125.32091
-516.7088,-7883.351,105.1532
-142.78926,-2106.4321,117.90872
-153.066,-2548.7375,115.501434
-178.16942,-2565.6814,146.57394
13.217555,-372.5209,153.80095
-404.39908,-6115.0117,131.43463
-27.726648,-2356.0369,131.2144
-432.63306,-8204.414,125.204735
-416.04318,-4333.378,131.86967
-348.4867,-6005.665,129.25085
-626.0072,-12494.43,89.022446
-181.24086,-2638.775,148.75073
-158.05885,-2383.7283,124.46004
-138.70972,-1074.3273,149.24704
-55.076633,-1366.3601,139.77948
43.856884,287.73703,159.84866
11.189663,-220.43971,143.22102
-608.2365,-6554.911,128.3418
-226.23764,-2593.698,124.68839
-60.590015,-1462.7651,122.2921
-251.80415,-4480.715,142.57613
-258.11755,-2708.0342,131.42076
-227.31075,-3082.043,127.60039
-422.02032,-7143.6597,119.95036
46.19917,471.4494,137.48778
-443.56256,-5249.502,107.773346
84.03627,498.15344,144.4211
-267.96753,-3227.8894,130.46054
-223.07162,-2960.6045,108.74686
-553.2617,-7678.6577,108.869064
-194.08023,-2440.2092,125.634735
-144.2706,-1858.2256,138.68333
-262.98312,-2486.5935,134.02869
-58.65106,-908.1222,149.76
-431.40082,-4617.237,131.59076
-148.28326,-2788.1672,132.0531
-374.6181,-5878.2983,125.26249
-90.95548,-4316.867,122.1502
-476.13245,-7910.269,136.51416
-169.49837,-1757.7537,140.92047
-336.3025,-4155.9087,133.51605
-223.99968,-2299.4595,126.39705
-58.316166,-2547.7039,121.5525
-41.8955,-706.1177,141.55107
-30.611753,-413.51724,185.54515
-173.24138,-3134.699,123.69323
189.78809,-987.21436,142.80904
-567.0187,-6253.394,151.86642
-307.0993,-3367.8064,136.05254
104.95097,688.9707,145.0243
-42.028164,-787.84924,137.06792
19.524149,270.56808,135.6387
-184.85612,-2165.0437,140.4942
223.99588,1662.6154,159.42798
-285.33734,-4499.955,116.16513
-171.46161,-1673.0889,143.8512
-161.50743,-1949.7832,145.51527
-68.32856,-1246.1797,145.5769
-162.21393,-1255.9617,149.10565
-7.043208,-1229.1343,149.96292
-95.432274,-983.5547,126.60054
-205.77997,-2728.698,139.90819
-121.513245,-2572.2637,138.22629
-196.8351,-2737.3186,124.95107
-266.53778,-3830.6614,146.15468
-125.06117,-1557.4766,146.99187
-319.33368,-5405.505,146.18439
-417.40857,-6756.5967,114.065445
-423.21082,-6552.028,125.358795
-49.327778,-668.0869,150.36372
-68.90864,-3382.4817,117.22271
-101.5694,-2046.3552,128.68594
-163.08987,-1839.1313,136.4768
-294.3022,-3276.4084,117.99432
-2.9969206,-43.57711,139.19284
-438.64243,-6056.837,115.42119
-423.15155,-6743.846,113.03867
-467.70538,-8033.4497,102.449066
88.3807,809.98535,139.99837
-391.21518,-6405.182,111.44486
-388.49036,-3470.5896,153.71323
-86.90184,9.534279,161.18655
-4.20543,-1865.696,125.94642
-26.16263,-692.65955,151.73598
-170.73233,-3137.9673,159.19083
-21.61244,-686.44226,149.45407
-85.325966,-1051.8213,143.94968
-66.721375,-360.44644,127.371315
-151.9808,-1940.0916,128.28828
-156.78072,-3091.0176,125.09318
-124.64839,-3647.214,133.47931
-207.20786,-1966.3918,152.63527
2.7919397,-525.5996,152.57661
-132.99785,-2318.6025,109.40959
-274.90692,-4229.0186,112.57803
-280.7961,-5010.563,106.15948
-235.14502,-1369.4341,130.41867
-200.2798,-4497.515,114.61459
-468.9014,-5665.2515,137.922
-47.20669,-427.00137,142.88892
-45.65124,-581.59937,150.09671
120.38314,338.18826,142.10399
-30.476828,-768.7853,151.60359
-288.62064,-3115.0774,146.6451
-234.21172,-2564.3967,134.91042
-266.7097,-2468.8728,135.18121
-24.380938,-649.7909,135.20923
-497.50516,-6616.0747,94.836174
-126.757935,-2045.6233,151.38666
-115.00078,-2818.4624,144.19427
-4.935893,-740.7195,139.40842
-386.30402,-4430.1055,112.439835
-195.021,-4971.1597,109.44982
-119.263214,-615.37866,145.58562
-340.92044,-4986.7427,113.62938
-231.64801,-3561.2869,119.360695
-286.80536,-3183.1807,131.9862
22.223862,-1252.605,140.16933
-301.5878,-3907.6052,129.75357
-188.16312,-3474.428,107.312996
50.135063,-794.3745,128.16266
-231.35097,-2277.5425,162.91452
-394.91168,-5334.8784,128.8088
-7.8609266,942.3461,145.86961
-154.12558,-2856.0679,140.72041
-324.63327,-3510.0652,135.14423
-212.40619,-3934.278,133.28777
-11.325252,-502.579,133.65334
-45.293633,-636.46277,147.52242
-52.228146,-330.43155,169.09773
-312.21225,-5439.61,106.77056
-356.59445,-5954.4546,112.20243
-418.44846,-8207.995,88.048386
-40.59286,-620.4684,148.14229
-232.807,-2448.3406,109.87027
-212.7389,-2054.0408,133.47409
-62.76652,-315.00967,148.28185
119.960396,-491.70987,148.27084
-228.14735,-4732.0474,146.36328
-219.93951,-2739.8179,145.30357
-250.55208,-3504.6736,129.86113
31.608055,68.06309,169.15346
-74.04199,-2661.645,134.4215
-375.25113,-4954.691,128.6337
-401.94522,-5665.9434,118.75729
-266.4334,-3297.4827,126.422874
-75.45304,-2109.0925,136.48785
-260.98422,-2784.4004,136.77655
-301.06766,-4866.765,134.68678
-34.974606,-1992.6104,130.6362
-287.37286,-5037.8022,119.20633
-133.40154,-986.2434,143.83911
-25.324865,-280.39896,138.3563
-34.460655,852.2835,179.8046
-214.21602,-3162.9976,150.61035
137.02028,-39.271935,142.04823
-0.8689203,-635.23425,140.8506
-87.3518,-3977.432,122.27077
-102.03485,-2428.0562,125.429016
-337.70364,-2993.8328,132.24437
-306.26813,-6509.5684,160.05879
-13.308398,-465.74893,152.85138
-274.82773,-5423.357,124.63345
-273.39462,-3103.3518,124.15146
137.86044,356.77878,161.57834
-52.952984,-4762.3394,114.65852
-277.65198,-4234.2837,130.19128
-259.2056,-3758.9211,131.07552
-66.84766,-554.6936,130.14307
-37.024002,-3354.342,126.38684
-258.73663,-4176.6045,117.18329
71.80607,1397.7023,155.16699
170.80183,1913.6002,142.42848
-196.29842,-4488.9336,147.71538
-85.61519,-3448.1765,139.15646
9.95221,-553.65186,142.40685
-396.06873,-6028.5083,121.225296
23.19511,-220.9916,134.66466
-200.46605,-2855.6873,150.52032
-85.31796,-465.25247,137.21141
-156.8779,-2716.1184,119.92566
-122.74629,-2999.1716,127.07332
-130.24153,-1022.14624,142.32607
-75.69761,-1561.1829,130.21375
-242.1823,-4039.5652,129.76965
-133.84306,-2016.867,155.9885
-146.21786,-1214.4446,151.05458
-48.507366,-1736.3027,121.78665
-339.95346,-6730.2104,126.87484
-200.34206,-1822.8191,151.13463
149.01706,1379.4137,153.98741
-153.33058,-2018.9836,123.108696
-118.71689,-1094.0884,146.40356
-35.030785,-477.08035,137.49222
-75.60178,-62.15139,159.39835
-46.467957,-1215.615,149.92316
-237.81886,-2888.9502,134.43251
-241.27946,-2035.9531,142.7404
45.997128,813.75433,142.8726
54.45346,-681.8312,135.80238
-338.60406,-3443.5813,113.23379
99.39867,90.037575,146.38377
-98.16388,-3545.6194,146.18617
-43.1698,-1975.2139,139.51157
-27.882261,-449.02237,140.34068
-59.990345,-1364.9834,135.95123
-285.0623,-2338.1238,152.36722
-241.58003,-2969.8064,138.72513
-212.52397,-3766.949,137.77228
-218.92735,-2743.154,142.17204
-269.5732,-3158.3027,145.103
-264.2271,-3528.1086,139.65726
-104.844795,-3675.047,127.92789
15.029305,-845.04504,146.43996
-370.761,-6787.0713,141.12701
51.032864,387.3728,147.3213
19.039516,-2137.9866,145.07626
-115.76195,-2199.273,120.454544
-334.24142,-4172.625,137.02602
-217.32436,-3447.5906,114.76716
-121.88454,-2502.0623,144.62183
-41.74783,-1412.971,126.31868
-252.35689,-5006.1787,132.34602
-225.29984,-3447.985,144.30598
-201.68846,-1788.1643,131.59195
-59.403416,-1297.1436,133.24812
-145.76587,-2054.2788,138.75903
-26.38804,-2370.5193,131.55272
-5.6471453,-151.79292,129.64812
-211.20761,-1100.8962,163.87085
-319.28015,-4474.0923,133.60326
-55.985844,-628.39404,135.7755
-66.59123,446.98996,153.02132
20.418783,-11.83297,149.01695
-292.49188,-2829.1184,137.54022
52.072456,-317.5015,136.06122
64.03848,817.2326,148.31596
10.742296,346.50223,174.32779
-77.21117,-1037.2113,136.00792
98.501755,-1322.4844,151.04778
-188.7833,-2431.273,155.26593
-178.22728,-2634.953,139.35577
-67.680336,-10.423485,157.30292
31.618908,-1480.7383,137.96948
-41.03426,-132.30666,131.47618
-73.29453,-3138.1162,121.58657
-225.52914,-5490.917,115.303986
-420.16824,-6616.143,111.141014
-469.10693,-5957.488,135.61064
-117.38017,-965.26416,151.75029
-135.39685,-2204.446,143.4788
-141.62794,-906.0332,149.87251
37.614914,-3761.552,139.39227
-17.17814,-73.64889,149.94324
-75.05085,-1417.2793,140.76997
23.114252,-1086.1654,140.3529
-495.63535,-5659.448,143.37775
1.7733154,687.8327,161.70708
-264.26892,-4254.1235,136.9901
28.517971,286.25272,161.44385
-119.71158,-614.99084,130.04594
43.662254,460.9652,138.36247
4.9732847,88.58201,128.2335
-144.07747,-3698.3938,104.61766
-116.63295,-1759.5867,123.18003
-400.62085,-6395.5215,107.31611
44.997807,1654.164,157.03494
-174.12463,-1778.9292,125.98263
29.518711,100.506386,132.3848
-281.19995,-4313.2354,110.402374
-162.34174,-1333.2539,145.66335
-292.6159,-3464.6877,127.046234
-258.12723,-4157.784,145.82669
-274.16946,-2927.0178,163.07921
-115.715164,-543.56226,157.9407
-98.54436,-2500.9504,149.06575
-32.1181,-521.7748,144.77167
-253.4969,-4556.397,118.094734
79.2275,26.613869,141.2339
-187.73691,-4445.257,127.44032
-65.79021,-212.76698,150.61288
-498.91202,-7982.029,119.451454
-257.50403,-2717.4414,134.40247
-23.851236,-794.8873,148.07816
-22.119154,-1639.3901,138.57547
35.39329,-191.37135,139.29507
-69.690865,-2177.107,129.13333
-89.52527,-1596.0708,141.36246
-28.517496,-798.27625,167.77782
-129.10146,-1499.1011,123.1275
-166.39223,-2688.9526,144.39186
-114.357574,-1813.2468,163.89291
69.44853,315.36252,162.12935
-108.41481,-439.1946,162.99104
-517.28534,-5991.9165,131.63219
-70.51012,-5234.789,130.20987
-168.13023,-2073.5742,136.36221
-210.89183,-3710.196,148.86412
-39.5428,-800.7451,135.9385
-76.16587,-747.0476,158.05923
-462.36896,-6248.2915,124.01412
3.3314276,-191.16347,129.84357
-180.21082,-836.14453,135.07565
-588.2927,-6737.174,143.11716
-32.766525,-278.5474,146.39618
-170.62508,-2164.361,117.381485
93.30198,562.2812,158.69955
-96.28803,-4913.83,128.51692
-55.195843,-2062.2395,128.00836
-168.42107,-2603.7412,148.17035
-162.31068,-1563.7056,149.17395
-7.630145,-1432.3247,131.17636
-332.3095,-5856.725,130.05139
65.027466,408.7717,152.97165
-491.69324,-6493.2134,124.45074
-196.2776,-4116.64,128.71
-45.600838,-2803.6958,120.18981
-11.138068,70.52268,150.7392
-216.66672,-2522.0159,147.28265
-446.74094,-6506.2427,117.46912
-20.369627,-2382.1953,122.95012
-198.2996,-1771.7817,140.80229
-88.676384,-1126.0765,131.88731
-163.38396,-3259.513,132.54538
-415.9773,-5908.4087,119.55708
-320.182,-3650.9133,111.32844
-49.198414,643.3634,140.7188
-136.76147,-3180.6477,126.2955
-173.51392,-1879.5608,131.50949
-50.665836,-2059.6196,113.483765
-31.054533,-1878.3679,143.8255
115.11717,77.99308,138.10187
-452.0331,-6166.1606,130.87917
-49.30531,-543.01306,133.68037
-82.360794,-1426.7998,144.5393
-107.23658,113.27372,142.83449
-203.74524,-2412.276,147.94429
67.84938,1483.9855,163.3698
-33.0748,-906.7722,166.43892
-8.385158,-476.4091,147.58951
81.90987,233.55046,148.113
47.557816,-1397.8855,144.96227
-172.71574,-1830.4592,121.70117
82.54247,-244.97365,155.55202
-775.2044,-9138.869,127.86564
-277.7421,-4537.025,117.334114
-10.283935,-1518.3503,139.97382
168.14412,-199.83803,134.49612
3.9234123,-1209.5249,173.957
-76.63306,-1936.8508,125.14674
0.67664814,-1810.469,146.5872
-364.72714,-4987.815,125.25268
-520.9474,-7605.193,123.896
-102.12345,-2026.1458,127.11324
-210.71785,-3229.2817,134.97194
-46.21198,-3825.3928,123.51027
-64.99389,-560.46423,143.70883
-271.99774,-2791.5334,142.34035
102.84272,1742.3307,142.1399
-165.61423,-1813.4512,146.37761
-285.9259,-3127.79,128.00299
85.19233,-1517.2354,141.5645
-455.80487,-8188.478,113.22936
-379.30753,-5134.3325,138.09401
1.42764,-323.76456,131.3045
-215.86902,-4030.66,120.678154
-54.433224,-3113.4946,125.122536
-568.378,-7612.9897,120.50796
-496.03745,-7495.4526,109.77768
-103.677864,-563.6133,134.30864
-173.68687,-5218.4336,122.07906
-92.04605,-1445.3127,133.03302
-313.39987,-4966.672,143.18237
-391.9665,-3793.3362,136.79439
-301.044,-4106.028,143.35216
-176.18881,-3438.45,130.96114
-95.09676,-1286.5359,132.51915
36.156563,-1041.874,123.955826
-159.27098,-1101.9302,147.48648
15.692671,-307.75308,148.095
46.570103,732.49927,139.80128
-4.4869986,-582.30615,125.493
-140.96596,-2893.0098,135.0388
95.50445,333.0189,146.97643
-205.55647,-1824.2725,153.42741
-234.71765,-2117.0576,121.919556
-27.266432,-2839.402,126.01299
-162.6063,-3157.0532,124.21109
12.0730715,666.3925,143.14905
-69.47773,-1703.6182,115.55403
133.78754,-894.96106,124.81562
-343.7189,-4602.7856,108.55951
-466.6939,-6147.618,131.56905
-112.54755,-2337.5732,129.18742
-225.6606,-3745.1326,136.98134
-354.9021,-4745.8823,137.47284
-74.96187,-2520.9072,122.12809
110.86159,1779.916,158.12996
-90.57352,-702.7682,149.44936
-79.72482,-2998.087,130.76518
-39.624207,-1226.6277,121.60367
-67.989334,-2569.529,133.42969
-3.0669527,-435.97855,182.33899
-186.01062,-2615.4766,134.69862
-92.58468,-868.97,145.86949
13.229442,-117.61727,143.89746
59.486958,-1134.4412,137.98024
20.256466,862.7621,164.87135
103.89924,-336.13724,132.35681
-194.8942,-2010.4829,153.36946
-116.98338,-2785.6433,111.70421
-267.4008,-4408.404,115.73888
-177.49846,-2213.017,138.99135
-322.76547,-5376.6826,129.42455
1.7621441,-729.6354,154.45404
-15.261136,651.20233,129.98996
-94.98561,-1169.8024,132.35394
-253.44661,-4581.999,112.41595
-27.327204,-1477.3171,138.26344
67.189445,-591.4574,152.28229
95.963875,100.12577,147.18181
-7.139083,-329.3793,139.76494
-209.5338,-5781.5034,111.00264
-120.76614,-1424.2451,158.51402
-410.43655,-6540.865,126.08527
23.785852,-744.69543,132.8387
-320.7811,-5409.304,130.96127
-232.03897,-2365.0566,127.820114
-74.58914,-1531.1665,155.35747
-181.72371,-2200.8567,143.30147
11.2699,589.1317,149.74739
-219.64099,-2685.5127,129.78848
-254.01472,-5194.188,121.62428
-193.35657,-1790.6201,122.0959
-134.49352,-1474.5327,124.28193
-138.84756,-1748.1768,140.29617
178.9302,1216.1558,163.2506
-0.6790495,-1203.8635,122.90081
-114.928894,-1094.8964,173.77115
-608.02234,-7156.5522,127.78981
-203.76303,-2406.78,115.95226
-154.28844,-3077.8372,146.08217
-157.34851,-2895.6045,113.19627
-75.00572,-662.8191,128.67365
-99.7513,-2734.944,122.21704
-110.84303,-1577.1294,153.20538
10.769263,-914.0853,134.56226
-381.97916,-4494.206,112.68802
-421.9333,-5729.347,118.41141
5.972356,-1685.135,133.79013
34.73052,120.327736,147.84987
180.64949,224.4304,140.9846
44.853363,-338.67776,129.38075
-25.775633,-1685.7078,129.74258
-69.379776,335.0967,161.43668
-26.136873,336.223,137.51819
-419.0568,-3408.3865,124.59385
-155.46664,-1897.6353,150.8601
-379.93414,-4849.5903,94.2973
-273.6355,-4302.8955,146.65144
-21.27125,-1843.4048,121.42508
-218.43944,-6146.4224,119.41823
-339.30045,-7622.655,121.67692
-252.35002,-3417.866,131.84225
-167.90804,-1973.8491,148.72559
-2.2639647,336.87613,151.05946
-127.900696,-2111.6594,169.01213
-269.29352,-2303.0847,146.99077
-54.301846,-144.34059,139.86949
-71.575485,-35.02755,147.03021
-105.22627,-2991.651,143.5543
-320.25876,-4343.1685,113.4331
30.927675,551.7973,149.82906
-7.7124853,-858.3313,142.5107
-237.89822,-3738.0046,120.58369
-308.93863,-2977.6724,134.07326
-226.80644,-3560.5193,126.85402
-71.58404,682.71564,146.94531
28.86891,-201.4286,141.89162
-78.95941,-1122.6722,139.5312
-300.89795,-2725.7222,132.7749
-43.989418,-3276.9485,133.63734
-255.47997,-2583.3713,137.97809
4.740465,-19.437157,139.27606
39.562477,547.4659,147.25166
-27.230536,-2505.3994,121.07353
-32.96488,-1437.9707,149.23578
67.97979,-3097.4648,127.0231
-373.6979,-6658.441,126.632065
-192.89742,-4888.2446,113.90129
-19.564154,265.55392,134.2173
36.616985,-2122.545,138.3865
9.890009,483.24814,139.14755
3.8103256,-982.15125,152.57463
-125.33287,-2157.9133,125.27084
-80.24904,-681.72644,150.33827
-489.33734,-7553.3354,124.10165
-101.41045,-5024.6133,122.71524
-431.13324,-5024.1816,118.836586
149.66295,-2574.1404,126.81353
-243.5186,-2592.481,152.66231
-168.69693,-2959.5256,143.53374
-31.912863,-2996.1143,123.69465
201.97447,-223.1045,133.32861
-39.69483,-421.22073,157.43842
-69.99938,-3220.8655,112.14054
-259.65408,-2129.8481,130.2537
-180.07697,-3271.8484,129.34496
-602.1741,-8593.731,107.98269
-70.141266,-1013.5602,138.68306
-211.29971,-2981.0325,127.44308
-482.80823,-7494.3384,119.788345
-115.86185,-595.8906,160.22534
-31.316172,-2197.8306,123.499756
71.72315,-2306.9355,133.00847
-223.09218,-4182.7603,97.02154
-280.89325,-3077.3508,160.20015
68.297745,-885.47656,139.96765
-189.36653,-2848.2168,126.60762
-307.5321,-3827.092,143.18298
-127.742676,-3011.4688,124.145386
-98.695625,-2649.2314,119.534546
-86.27094,-903.1638,172.22702
-157.90802,-2342.2544,151.94919
-187.34047,-2696.4578,135.91667
-340.85794,-6371.9453,115.93698
-225.50002,-5105.5024,130.97084
-146.59242,-4327.032,130.85454
-243.9135,-7697.143,83.95967
-372.01218,-4729.793,148.93059
-309.97437,-4200.843,138.79329
43.6572,-39.82833,143.48453
-95.035835,-60.928246,156.91234
-329.02872,-6018.6387,125.44204
-135.13338,-1468.79,137.70985
-357.5649,-3583.989,112.514984
-76.209236,-748.0763,151.85927
-140.72955,-2868.6294,121.58917
-77.26498,-136.11024,154.59398
52.22344,-337.4302,152.74004
-293.26602,-4319.1333,120.32938
-246.48338,-4023.2346,128.44597
-20.683306,87.45298,148.19972
-141.27985,-2088.3835,158.58833
-29.128286,-1115.6073,133.98297
-273.7746,-3942.451,120.58249
-587.40735,-9215.9,97.20043
-14.771474,-2705.1353,131.61957
-50.168125,-1328.3464,155.8179
-170.57214,-3055.9658,124.161766
74.24577,870.25165,161.57225
-128.461,-815.0537,127.91184
-44.924854,-797.8828,145.52844
-456.14822,-4892.389,143.22243
-148.32817,-3238.0955,141.3516
-2.2951078,-600.2932,133.34885
87.4847,1193.149,147.25412
-163.38933,-2304.5557,153.1549
-189.09038,-747.3684,148.79353
-103.96213,-2997.7415,140.04807
-188.10954,-1624.5198,142.88602
0.7293625,-850.7932,138.95328
-271.88174,-4910.9053,123.95103
-144.00706,-1988.4902,140.9209
-430.92075,-7142.7017,117.04443
-2.2466478,-204.56569,146.12463
-162.80676,-3024.2378,122.281624
-15.462028,-1074.6339,157.9389
67.121895,-2375.1987,128.83664
18.737122,-2025.1177,132.66324
14.03293,-102.77322,125.77579
-430.0223,-4265.05,133.93283
-48.475452,-575.65015,162.55621
-64.5918,-2239.4746,155.50078
-514.5179,-5098.041,125.8049
-96.03099,-999.8989,151.22124
-293.9889,-3810.2488,134.82005
-277.0414,-2146.6394,157.09496
-172.37292,-1899.8403,117.41976
-230.99815,-2209.8706,140.21355
26.243834,-1530.6382,174.72482
-3.9092722,-2941.8992,140.20708
-9.449513,-2296.7705,124.97788
-58.95183,-676.5029,153.2622
-290.74353,-3828.407,129.7721
-518.37616,-7234.302,118.9681
-264.75458,-2464.9019,146.75261
176.22673,393.25235,158.25034
-170.15265,-2802.7805,129.7875
-287.80637,-2695.538,142.27278
-61.465137,-1638.1492,127.885895
-186.83617,-4607.474,127.22416
-344.06418,-4308.023,156.71956
31.857382,-809.39624,139.46793
-59.806698,-680.5215,132.80067
25.252508,-860.7196,153.2874
-191.2929,-3021.785,132.39427
17.140423,-2050.416,156.74736
-202.51695,-2187.3582,157.55661
-420.5603,-4793.5107,120.8029
-89.33642,-1022.98584,140.75392
-356.02896,-4634.4316,123.98921
56.024403,-643.65784,135.92566
-53.64683,545.9716,152.36667
37.378334,776.01074,162.91661
-217.26578,-3728.4348,123.025826
104.5528,-1164.6371,138.77286
-251.41869,-4863.467,120.02932
-299.932,-5134.703,110.486496
-224.32407,-2697.9314,128.54854
-365.57245,-5421.1514,126.35168
-370.0618,-6097.1978,121.687675
-210.16505,-3650.4744,138.75703
-236.67543,-2503.7827,137.73149
-379.00162,-5026.8027,114.097275
-48.655064,-1516.824,153.25198
-198.74934,-5532.068,118.94965
14.479087,-353.67764,136.78856
-148.20398,-445.65384,170.76132
-323.37225,-5957.5923,117.46317
-191.73474,-4178.511,128.38997
-31.932077,-2694.0125,114.81512
4.2426443,-2148.1902,126.39881
-49.09981,-45.800743,137.08224
-232.60669,-2074.6187,131.82956
-49.69939,-2306.1106,146.02336
-587.2541,-8000.7866,114.594604
-349.27258,-4566.418,140.21803
-25.024744,-3011.2039,126.89657
-146.8295,-3317.303,126.157845
111.31991,-1332.2988,123.58677
21.03563,-86.67635,140.8578
-55.085873,-1655.584,149.06296
-5.1375074,-281.31998,149.35594
-136.36359,-4099.87,130.46425
-69.35391,-1786.8909,140.64648
-81.671585,-718.272,139.59357
-133.40497,-851.7085,160.22458
-286.2829,-2811.6028,124.05324
-322.928,-3665.5872,120.29033
-479.9415,-6102.5703,143.61372
-83.00612,-2377.297,128.84126
-266.1391,-6323.4146,108.6848
-263.09253,-4504.115,110.34708
-342.20023,-4523.267,116.78373
110.92968,244.54283,148.78703
-127.057785,-1612.9812,153.31502
-149.68129,-1978.3457,136.35081
-274.24686,-4184.6445,122.31633
-46.68126,107.70353,145.49283
-432.62604,-7045.177,117.221085
-193.61612,-1985.6482,145.74658
3.3983402,882.7778,170.49683
59.062252,1002.7474,155.32315
-175.13914,-2518.9177,145.61745
-40.20669,7.5662007,158.96684
-309.01312,-3058.3909,132.23738
-215.16045,-2121.0715,144.73195
-316.80945,-5382.0645,123.36692
-175.10184,-1159.9358,158.9469
117.23752,-1359.1606,128.73293
-273.80212,-4397.2188,136.95059
-45.940437,214.56718,146.76555
-85.290215,-4202.7705,137.40599
45.230717,299.41843,158.22034
-38.56662,-535.1666,139.97795
-315.47803,-3908.7224,141.15279
-85.369286,-649.3987,151.82494
-210.97722,-4179.002,141.57306
94.23655,1632.7568,168.51654
-255.9597,-3076.8264,134.3901
107.0942,258.02322,150.07121
-145.29617,-2741.692,136.72247
-407.53903,-5127.055,129.38406
-70.16693,-179.11293,156.0665
-304.42996,-5009.237,104.3339
-65.91444,-1612.123,133.54971
-258.64725,-3007.4045,131.68108
-269.1637,-3916.3762,144.7564
-276.58258,-7303.3623,121.56265
-176.96927,-2004.5742,111.61647
61.329838,-459.90005,131.62708
11.686302,663.50684,148.76028
-59.61825,-23.587975,166.30255
-179.058,-3149.8577,134.6903
-27.98635,1176.528,150.55492
-210.51434,-2027.3535,151.67438
-263.88647,-2584.6401,134.15887
-18.359957,-546.8396,142.87766
-131.18826,-1806.2649,144.75638
-387.86478,-6342.775,125.34875
-229.44395,-2355.6772,153.45029
-129.46053,-1798.1035,144.5828
-179.0924,-2852.2322,150.78233
-153.98662,-2691.0613,147.07402
-193.80637,-2926.5286,145.09344
-239.47957,-5489.515,132.29155
-107.16643,-2723.503,133.12405
-231.96986,-5516.982,105.86232
-127.93225,-1373.3098,139.281
-150.52066,-3755.7493,120.80865
126.45071,-197.33705,138.9358
-116.671524,-1549.3938,131.99152
7.810814,-2541.354,126.40183
-208.93965,-2881.967,128.18268
-488.6498,-7557.0513,136.08209
-389.2382,-6136.639,115.66318
-187.69156,-4100.2085,125.176445
-244.26952,-7732.5376,112.04441
-167.519,-2825.7332,127.08142
-288.87933,-6055.9995,119.74021
-177.13075,-2675.7058,166.44395
-60.92381,-807.1195,165.80658
-194.25824,-1505.7317,148.57991
89.18099,-3307.6765,125.8086
-2.1145563,307.25528,154.86917
7.1029396,62.89408,153.78593
9.341662,-1168.5537,134.46025
-235.31125,-3066.312,142.7252
-380.01944,-7081.5605,99.50928
-58.7335,524.9691,152.55612
20.271011,-2446.6316,135.71477
-460.66742,-5946.2036,121.26321
-296.27762,-5580.238,111.54493
-116.93335,-3447.8416,127.72747
-55.03593,-1346.0312,151.15111
27.23568,-225.01662,134.78664
-155.9079,-2016.8635,137.22713
-129.96541,-4061.2493,114.25754
-229.35655,-3873.1877,119.01172
-422.58667,-4588.2744,151.33997
-54.08578,-473.52615,180.46693
-403.13513,-5559.8374,129.1026
-573.03754,-10114.943,103.55758
77.27959,928.5812,151.57434
20.030827,756.3579,165.47952
73.96401,74.62705,128.53494
-87.23587,-1141.1688,131.03505
-213.11546,-3960.818,118.85252
-414.15192,-5498.22,115.56555
61.274044,-63.988792,135.63673
-320.9536,-3650.4778,118.79079
-207.65826,-4019.5554,108.95848
0.11828897,-1369.2942,136.23953
-177.09224,-2852.2974,142.1019
-49.05466,-231.46559,141.86284
-46.057392,-1241.0115,138.6563
84.4402,-364.5773,144.63739
-175.42224,-3072.1204,133.51678
-121.23929,-1951.0696,122.71854
-49.767178,530.4206,144.66849
-76.311584,-885.8784,164.69746
-130.61084,-5213.5776,115.23051
-12.470096,-2331.205,141.43059
-410.33936,-3935.2869,143.06801
-131.61554,-2833.629,144.3695
-97.71858,-4465.6665,128.772
-239.66383,-3044.3755,137.09909
-119.10112,-716.7052,145.30322
-145.07121,-1649.3433,128.65474
-304.3688,-6944.365,130.88174
-7.5230055,-365.55948,170.33401
-202.49533,-2801.802,132.6615
-207.81453,-2340.9646,133.31459
-203.1113,-3021.7463,119.90824
-240.13634,-2152.5142,152.13164
-128.1467,-2686.637,123.73686
110.910736,-255.54066,147.67337
18.87302,678.6201,155.2492
140.70654,-174.7566,149.9821
-190.24905,-3423.7014,148.27138
-197.82928,-3103.8489,124.56725
7.82985,-360.05655,142.07324
-184.86336,-3006.1824,139.1859
-139.99748,-4941.3076,122.35875
185.62305,2199.4817,163.46452
-268.10178,-2742.1343,126.9433
-418.26016,-5751.7773,127.37331
-33.980568,-614.8402,131.6469
-45.60002,-668.3196,156.16273
-115.514496,-1615.5051,127.10593
-124.034134,-1304.323,133.73735
-75.00298,-1034.7933,138.49513
25.455408,-79.99227,150.31711
-12.0256815,-2157.195,154.55116
-248.23653,-3957.7673,138.08426
-536.2785,-7163.3896,104.56808
-285.9891,-3707.8948,128.51027
-176.17036,-1503.456,143.44513
-91.57233,-1119.1959,137.2255
177.47673,1479.9489,154.25348
-40.824615,232.89091,172.79048
-213.1009,-3365.1394,131.82271
22.761559,582.4649,148.39626
-100.15596,-1949.2307,148.09102
-49.146824,-2318.7185,157.8227
-92.25524,-1933.4314,153.25938
-251.64561,-2923.1519,123.96081
-182.09154,-3365.826,144.67096
-357.46725,-3239.4353,127.8062
-66.4834,-1584.8523,135.9127
-200.39017,-2340.9326,137.14854
-24.24872,-1082.0205,134.98122
-286.67154,-3967.5242,147.64885
42.477123,-481.08524,159.192
-9.011622,70.46537,149.42336
-271.57977,-4106.411,118.328255
-40.27772,-139.64662,164.0957
26.233154,-488.21768,134.40225
-564.8117,-8891.463,111.52525
-258.0505,-3523.173,134.08218
-3.535058,-2047.0615,139.89117
21.757973,-1098.4607,120.31357
67.61205,1381.1306,149.10995
69.74748,-919.4513,151.44994
45.642036,-83.92544,133.26619
-297.25552,-4678.438,133.67036
-153.15137,-1055.1558,158.55171
-213.2146,-2253.3948,128.29744
-161.88971,-2502.3928,124.39059
137.04054,404.85715,163.7907
-19.017534,-2247.72,112.073425
83.03966,110.980995,138.08333
74.05998,-204.38722,147.04416
-315.45724,-5478.6504,116.66638
-47.546436,-1853.0342,116.85078
-661.52136,-8428.463,109.66022
-336.13943,-5006.707,135.04869
-96.937775,-1382.7256,120.711815
-28.804243,-1624.3076,141.3285
-308.53778,-4784.9556,120.78397
12.996682,-268.1757,152.203
9.498523,-116.6683,160.42598
-250.70375,-3196.054,135.2686
-47.74879,39.799965,156.68451
58.503014,-32.749535,162.81505
-340.06256,-5752.1006,126.26192
-201.95444,-2550.1543,128.7563
1.6397734,-1438.6223,130.35104
-123.200836,-1837.1509,108.95831
-391.6856,-7139.4897,114.23055
71.221245,-622.92944,133.49527
-96.085266,-1373.7366,138.90894
-226.48242,-995.0349,152.12091
-409.23923,-5209.712,130.51521
-160.93674,-2092.0527,146.21902
-20.16855,-1212.5718,132.76712
94.18439,1149.2261,158.54106
-32.069374,-215.06789,142.33214
-161.0576,-3368.7693,133.3563
5.0965157,381.63895,152.71443
25.785551,1505.8943,142.83879
20.230068,984.40314,168.1474
36.932575,-885.8064,142.27165
-72.03659,-1661.1636,122.45165
-123.598404,-1483.3364,130.37906
-320.47116,-4251.339,131.50423
-111.01982,-1543.7139,143.206
-200.09044,-3441.8293,129.59639
-199.08092,-1784.6775,138.22722
0.9383087,-91.76467,146.41054
27.480942,1157.3883,140.69194
-149.74576,-2406.4802,142.54605
-78.53393,-3002.3242,120.45717
20.37553,-222.91786,148.26295
-226.4067,-5520.624,109.20608
-379.22363,-4026.178,127.014595
-286.44937,-4329.6772,111.216805
-14.430028,-2512.5884,128.19849
-59.333607,-1004.3723,135.34808
122.84481,959.4593,159.87354
-35.605774,-224.31679,154.67079
31.58564,475.3005,162.83424
-112.88243,-1892.9316,135.52615
-84.66915,-845.44226,146.73888
-271.06238,-3485.2004,139.53357
-329.24692,-4555.9194,130.38232
-117.29625,-1414.5364,141.44658
-13.624124,419.6448,134.69249
23.818302,609.3866,132.43791
-400.93954,-5693.3213,144.21283
-270.84006,-4332.2837,130.34128
-177.12979,-1977.2847,153.94722
-297.67206,-3527.07,155.39427
41.15696,-588.02673,152.44725
-176.23088,-2660.8032,136.68729
-512.6095,-6416.2334,132.82721
-87.02654,-1768.7546,145.57661
-29.985395,917.5893,162.7506
-46.690258,-667.59863,126.63849
-164.3623,-3421.8088,143.10323
-96.509834,-2145.7446,124.545944
92.23663,924.1637,132.65727
-147.93076,-3883.015,145.06468
-64.727806,-1877.7583,147.03233
-367.35602,-6731.863,119.20306
-40.80561,-310.51004,134.80649
-159.46397,-2403.5642,143.40622
-375.35144,-3901.3757,144.04416
8.28233,-1806.4092,142.84244
-81.462105,-7.235679,167.09302
-20.94671,-989.17615,134.17664
-47.803364,-1128.1587,140.23495
-189.05649,-3540.7463,129.94408
152.00992,-579.8259,143.74132
-141.44014,-2114.014,125.73524
-255.65422,-3587.5276,143.0845
-6.0789003,-932.2739,120.678154
-318.6445,-4536.5435,167.42833
-399.4079,-4972.2344,135.03351
-453.24023,-7477.224,102.25247
-237.97643,-4484.8125,143.82552
-76.39721,-2735.273,139.76044
-202.35995,-1845.867,150.05894
-226.32861,-1742.114,136.98763
-72.10374,-910.89685,135.11197
-159.43042,-4114.157,129.28624
-75.86765,-532.4027,133.31776
-10.288062,-926.379,137.63467
-221.5028,-3511.8992,138.54172
5.3918905,55.629677,148.46013
96.83064,902.40906,137.1212
154.08498,1055.0847,146.41182
-620.95496,-7928.4976,143.59836
-159.16193,-2037.55,135.60167
-77.744995,-1466.3359,124.70432
-111.247795,-1465.8193,128.47849
-15.618196,-709.91797,146.19955
-59.885784,-108.80691,159.66852
-248.38399,-4683.4985,145.48763
-176.41846,-3749.5168,145.6342
-103.73458,-453.75784,154.37425
-55.719196,-51.62893,148.53508
-157.04855,-3275.1262,126.490036
-85.424774,-734.1433,122.257515
-48.899914,-1365.885,131.04837
-22.395327,-1027.9601,149.56685
-96.94539,-1299.2839,137.34375
17.662708,-882.6177,147.31877
-4.8880014,111.776405,155.47588
-267.76907,-4259.469,125.74491
-47.442387,-2096.7986,133.83386
-129.08292,-2434.0444,111.47069
-44.637634,250.3256,190.56682
-4.6879454,-913.7544,129.10146
-187.01576,-2737.1497,117.4798
-437.04666,-5765.3125,116.660774
-99.151276,-751.49976,128.2217
-114.90312,-5215.4126,108.19234
-96.69419,-937.70764,141.78427
-229.20465,-4901.5864,132.61995
-345.60553,-6365.9253,107.29804
-13.408107,-1368.1357,122.14257
-176.1296,-1797.3057,109.82545
-218.19125,-6563.8096,121.09118
-230.06491,-3417.3723,122.44929
40.03638,731.58405,135.68729
49.47026,342.1473,145.41888
57.207573,252.01134,143.6757
106.309586,656.0258,151.71587
-207.43535,-1848.3789,147.0662
-440.58203,-6119.473,133.22083
-198.74583,-2787.6265,116.934296
19.049225,570.11084,138.4264
61.587177,201.79271,155.57146
-612.2653,-8401.421,133.52182
-127.964355,-1887.3882,136.63765
-110.38527,-1490.8953,122.883865
-378.6962,-4516.794,134.55971
-44.187767,-573.1041,141.0933
-252.48921,-2672.038,143.51788
-166.94498,-3071.6252,132.26958
-180.97083,-3884.1614,127.27855
24.84666,-628.08887,138.57353
106.2707,-498.68192,157.35834
-334.10962,-3940.089,133.48405
-20.913633,-735.95667,147.05255
0.4996824,-478.6884,144.96124
21.621683,-1297.2754,133.43974
-110.61183,-2292.0764,141.26472
-198.44582,-5701.5938,129.50343
-237.12918,-3888.2043,120.19218
-78.50496,-798.46533,134.60075
-519.8848,-7062.4707,127.83254
-81.06756,-2089.3984,155.70514
-338.81094,-4804.9194,111.16772
-114.01468,-320.09097,152.7547
47.750378,-1594.4663,142.46371
-144.25533,-4779.5737,108.23972
-71.51725,-1233.1482,139.58746
-444.1759,-7692.647,126.69641
-25.568342,587.5835,143.2278
-406.82663,-6194.488,137.72095
95.95655,920.3281,149.06488
9.4532385,229.17155,136.09244
-81.60548,-1188.7561,140.62158
59.105755,872.89954,161.28108
-177.82057,-3448.2756,137.31497
-193.68205,-2099.5134,135.68663
-139.1612,-1087.6414,154.38431
44.208416,229.75908,138.19696
-273.37656,-4281.9634,125.1105
-612.4528,-8034.2456,90.8002
143.17564,-2954.7966,153.7482
-348.5933,-5089.6616,137.33386
-554.07025,-8050.0337,113.30666
35.91847,948.8459,145.65533
-121.12776,-921.6034,129.62
-76.20702,-354.4932,153.38959
-81.75955,-1371.9597,133.6373
220.76811,2289.4277,170.18407
-259.69113,-3469.8733,128.8131
-21.910135,-22.737389,137.06216
-171.08734,-1802.3677,136.9751
-224.98793,-3485.777,120.31578
-110.839714,-1613.969,131.4462
-336.19232,-4072.2434,126.226616
-31.789564,-537.6322,160.77315
-201.42386,-2475.8237,168.86967
-255.38896,-4700.4375,113.41242
-144.91734,-1740.7815,136.39436
-294.44058,-3087.0593,148.93
11.654624,-502.68607,131.8456
81.02396,-2880.1738,124.84027
-40.039227,-694.1105,132.59052
-570.5117,-6011.601,108.01979
42.336506,1145.7395,142.23616
-56.708035,-2211.9956,118.820915
-158.19664,-3683.2058,136.50038
-209.22627,-3303.2102,146.5562
-1.6784449,-1600.6086,134.80893
-320.9204,-4642.613,161.42957
-18.258184,-2383.2776,117.82104
13.866651,108.756325,135.66737
-153.7244,-1929.6218,135.9266
-32.30553,-980.7306,130.61336
-170.46182,-1919.312,116.86251
-438.23917,-6020.0674,120.00459
35.008873,999.392,131.96622
-255.74129,-3383.7512,126.28418
-397.66608,-4589.249,132.7912
-77.017815,-1596.0405,132.53513
-75.19949,-4890.552,134.86964
-33.052105,-584.96704,139.56094
-82.713554,-1985.6653,143.22215
-459.37466,-6825.8735,125.593864
-153.1925,-970.30383,151.22588
-241.16725,-4428.991,136.64761
36.26004,-1019.30347,131.83432
-217.13663,-5531.391,116.561455
-409.4223,-5032.326,112.665955
-236.8932,-1724.8318,141.07948
-49.098133,-2118.4578,143.77585
-301.4644,-4952.7163,120.053444
-261.08945,-3910.656,143.1377
-58.45647,-500.2897,138.52007
35.518112,-287.16885,127.56173
-216.62083,-2830.257,120.74295
-233.30696,-2989.5493,141.03159
56.49484,-1563.749,158.39014
-92.88551,-1789.3306,152.39511
-63.711826,-1995.8591,118.689415
26.924566,-1775.916,131.2686
-436.6565,-4062.9485,122.33131
-348.0026,-4408.424,125.414
-162.95107,-3896.9924,128.84015
-97.42022,-2506.071,135.29848
-742.87067,-11380.095,97.04135
-10.145036,363.90137,140.32901
-83.43706,-1230.477,144.75327
-41.47595,-761.0017,143.94507
-135.94418,-2802.8408,142.34222
26.928741,1328.6053,180.02464
-11.340821,264.6743,142.83374
-232.19276,-2603.695,161.65645
-41.388065,-3135.4216,127.37397
-48.544537,-642.4219,143.90411
-4.147071,-1187.0739,143.38626
-207.98509,-2401.071,128.12013
-166.06836,-4097.426,124.952446
-97.45753,-1965.956,147.07265
-230.03032,-4795.687,140.26038
24.55703,-124.3066,131.02061
56.795982,203.59392,132.85979
-2.9446325,1348.4149,140.97462
8.947785,-836.89087,129.16705
-478.06967,-5196.2925,130.48306
-16.221659,340.15555,163.44936
-248.34615,-3103.7502,135.87819
-313.41046,-4149.0693,125.08351
-94.90538,-1497.1877,142.94998
-224.36725,-1776.021,143.1629
-23.161543,-135.11317,151.22357
-132.23442,-3399.7297,109.75484
-188.71106,-1826.7485,146.00505
-99.71394,-1972.3735,146.0487
-218.00017,-3417.368,147.44162
-333.35245,-5021.518,114.89117
-57.164265,-1351.1267,131.74661
-239.1481,-4692.637,145.26083
-197.00072,-2995.886,130.3217
-94.15049,-2216.032,152.85782
-160.3373,-3143.2598,140.64478
10.322594,-641.87976,144.03185
-367.75388,-6045.6763,118.39915
71.77268,-1092.3744,143.05864
81.88313,491.65353,147.36691
-133.32538,-1216.2253,145.34439
-318.45728,-4415.936,123.73616
11.011187,-1312.2588,134.97269
-106.70121,-1971.813,158.05406
-322.41107,-2689.4194,151.87192
-238.43536,-4312.9556,120.675156
-77.18108,-1175.4019,146.47049
-73.45213,-1262.1965,129.84016
-92.94296,-1421.7764,124.03752
-3.1040087,-1096.0919,136.80284
-81.742836,-1205.3389,147.49272
-149.54901,-2617.7278,131.9773
-174.2382,-4681.312,123.31832
-228.66696,-1407.6709,143.3995
-177.03748,-2659.5107,124.537025
-44.845238,-1616.77,121.884445
-30.958078,-1089.9852,134.87924
-431.17978,-6802.0547,135.89241
-36.319557,-1419.126,125.79575
-189.05362,-3177.1807,139.15636
-143.25056,-1903.7351,127.12761
-226.64536,-3486.0256,132.44768
-323.60687,-3226.4697,149.24892
-232.90358,-4556.9136,97.3156
-166.28242,-1594.0293,144.33813
-629.23975,-7639.8384,82.6142
41.974346,-339.0264,138.16113
-80.39206,-2419.7502,133.66385
-2.8097124,-978.45703,140.84586
-31.642149,-719.3496,144.37003
-37.95387,-2793.2275,136.32088
48.087,719.89685,164.62624
-359.6931,-5176.336,110.11335
-470.45276,-5625.2773,125.05028
-217.03026,-2397.2712,137.53838
-67.5608,-2011.8799,150.18198
43.24698,-3437.7522,127.43813
-279.8057,-5494.416,116.69462
-158.02992,-1114.3325,134.2823
-209.91478,-1904.404,159.43268
-108.1537,-2685.6252,127.71102
-14.123271,-423.30923,134.31567
-393.02023,-6910.1777,128.11862
27.347185,-898.8876,132.65675
-190.5268,-3939.2556,131.49898
-175.7235,-2287.3267,127.05471
-42.13687,-1852.6919,130.292
-324.31433,-3767.2166,128.55211
-130.45375,-2927.1323,128.60655
-286.14926,-3655.07,144.28754
-214.04628,-2518.1833,133.46599
-270.99548,-4249.1514,121.3101
-92.47658,-2113.6477,129.85352
-87.94452,-933.2986,141.30815
-123.95773,-777.68176,145.91058
5.5750628,-826.296,151.13297
-194.45387,-3026.8787,139.90067
-169.66068,-268.86343,138.0712
-92.93568,-686.1471,141.59663
43.32913,140.77782,158.19179
-230.35927,-4188.7627,128.84721
-509.2369,-6715.712,100.34502
27.34526,-805.24756,142.43985
-576.10266,-5724.7896,137.75157
-37.853096,1017.541,148.91711
4.4821043,-1556.1184,132.75339
51.660896,-761.7887,137.83058
-114.5493,-2126.4846,126.30781
-178.21356,-1465.6611,137.2121
-167.45604,-2539.0986,135.50362
-142.16295,-1616.4211,139.92123
-202.73074,-3671.7786,131.43332
28.762323,176.09135,152.42882
20.920752,-2520.5605,134.64212
-110.37218,-4106.376,123.224106
-914.22815,-11440.63,113.9121
56.178642,-1604.1401,134.05928
-62.57488,-773.97327,139.48798
-278.33347,-7187.094,126.386215
-229.06102,-2309.665,144.93446
-172.87874,-1589.3816,156.965
-68.20865,-2585.3672,122.41369
-297.52048,-3786.2517,132.22047
-88.72595,-1043.898,139.3454
-239.85063,-3555.7688,150.28403
50.720818,-409.85538,136.10623
-118.35614,-1670.1023,122.1057
-4.386365,929.79364,147.63437
-245.43001,-3811.078,124.92957
-363.08487,-5203.576,132.10814
-133.12022,-1051.4618,135.26065
-139.43645,-2611.8997,126.84788
-46.87376,-304.18338,151.07541
29.662397,282.9529,146.30315
-351.28906,-5526.762,129.10815
12.776047,342.37082,155.8096
-146.64896,-3539.6804,124.82269
-57.260563,-1736.0352,119.33382
-127.8284,-1777.9453,133.05766
-316.24396,-4203.5513,142.9023
-113.98242,-1296.7014,147.94167
-258.11575,-2400.2488,136.80597
108.58078,150.43236,141.92943
-171.11574,-3757.825,135.20033
-63.4939,-1646.9011,123.60339
-54.59302,-1296.4207,125.51781
-161.37059,-1499.8474,155.65176
-150.77045,-1513.9517,129.94838
-299.69003,-4856.677,101.169945
-135.56483,-2195.0715,122.07439
-202.43193,-3127.9956,154.43277
-355.58368,-3283.7185,136.53456
-103.84598,-1260.8572,171.52654
-215.08965,-2870.1467,119.34151
-609.1745,-6829.725,133.8602
-388.55408,-5194.626,134.80779
-440.4995,-7073.8623,111.22749
-567.6666,-7031.7515,124.4221
-77.57114,-920.807,137.75641
-25.504179,-946.92676,143.67285
-188.35612,-3363.7292,136.23798
-326.89984,-5747.018,105.54813
-148.56575,-3414.3977,144.70102
-227.75327,-4299.101,134.76819
-38.69607,-3139.3286,119.73094
-64.584335,-751.9734,135.87146
-163.7364,-3362.5486,108.37103
-377.8352,-4695.267,121.155396
-150.71474,-3363.8997,144.46783
-192.88782,-3536.4065,125.13419
-272.76306,-3559.1116,158.01782
-9.860841,-526.82886,137.02379
-153.33226,-4753.147,135.11868
44.99016,-606.197,134.68056
-222.81378,-2249.2246,130.95253
-26.956167,-873.3136,171.3197
44.12243,279.82834,148.01027
-213.68814,-4755.0923,98.54866
-69.66911,-4074.0222,132.32156
-62.107853,-604.94116,149.89093
-196.65858,-3523.382,127.97833
-252.9659,-4342.432,117.15992
-145.04753,-2847.8633,121.541374
-65.76454,-1699.3181,134.63052
6.9219913,744.3724,138.40565
-473.5413,-6040.0356,130.31653
-187.87413,-2025.6096,129.522
-395.01187,-5820.774,135.98982
-47.052845,-3150.1145,143.129
-113.23695,-3918.659,117.92417
-495.05984,-7679.2524,117.79347
24.962564,-1163.684,139.12694
87.417984,-335.79337,130.00069
-7.738473,-546.0132,148.20361
-300.71448,-3253.2703,139.82178
-176.61607,-4944.358,109.77374
-62.982418,-799.708,160.22086
-110.232834,-2098.9316,135.18748
-124.156906,-747.3208,145.13878
-87.42961,-330.6094,147.78328
-2.8359213,-130.06947,151.7543
-173.54321,-3430.6077,120.91709
-248.00993,-4550.8574,127.73575
-52.879337,-2644.7998,124.32517
-89.71517,-1082.4604,155.28096
-313.90237,-3452.157,134.53172
-275.49973,-4497.019,121.603386
42.538616,1130.9968,165.50894
-262.62732,-4316.7075,128.18777
-109.80413,-1502.0664,121.74232
-223.49268,-2176.3108,161.76729
33.45286,-732.9801,139.24527
-450.41745,-5772.6064,127.07156
-124.46817,-1467.7649,131.67851
-378.89117,-3518.408,138.21852
-33.06975,-1002.99866,152.91667
-299.71567,-3092.255,135.16663
-172.42145,-2788.6816,118.204834
-159.81491,-1421.9136,127.38125
-153.83829,-2403.6577,118.10313
-296.8516,-4721.0547,120.476746
60.392006,-2349.377,135.62895
36.756996,-1858.0688,135.14182
-13.528445,-412.6791,134.70569
-96.52053,-1745.7917,160.05896
-69.054276,-366.70718,129.5285
-78.82736,-591.9315,142.75
-26.498743,-2378.4575,109.75907
-182.82225,-3284.8567,128.12035
102.42032,473.17056,158.39856
-360.88712,-5322.441,137.32193
26.814629,535.6295,143.39708
-31.383326,-325.2112,145.71184
-379.34494,-6660.008,112.451675
9.108426,-1201.2085,124.377884
-171.20178,-2034.7498,138.00995
-156.36618,-867.68396,148.14175
5.413415,433.78268,139.79903
-87.78262,-3217.0137,163.45483
7.413804,545.99744,139.1877
-575.2603,-9205.375,95.57536
-570.0873,-6368.8896,122.12327
-124.72206,-1451.2483,126.62006
57.42489,-72.26101,139.16745
129.54959,214.8126,132.36996
-221.4903,-3748.153,125.529205
-210.67819,-2280.8806,137.58098
-77.10597,-635.3578,122.977196
-244.06206,-4321.859,138.70416
-199.69737,-4278.9653,116.89294
-120.219574,-1606.7615,148.75331
-75.777695,-1723.2576,129.42262
-208.3015,-2381.9116,120.39805
-399.4842,-5057.3115,132.38382
-290.89978,-1727.76,153.61526
-157.63567,-1329.0171,144.58694
-228.96931,-1649.7144,148.58188
-5.2195387,-278.1984,189.62762
-97.11157,-723.156,150.36688
-475.7793,-5352.6567,130.20662
40.670727,449.42923,159.01924
57.73972,19.027687,156.07127
-148.424,-1794.842,137.69153
-318.23975,-2389.2988,151.24113
-74.26403,-1826.2141,117.63954
-279.03708,-2927.0107,137.12169
-125.840485,-2299.3186,138.11899
-44.375416,-304.97916,160.08698
137.87485,529.0506,151.28816
-68.24821,-873.1033,128.54985
-477.15118,-5775.0205,99.73794
-355.77966,-5199.227,109.76161
-142.50607,-2634.4841,146.02663
147.3231,1547.6825,158.00739
-133.93097,-2400.3757,129.5993
129.90675,52.54496,150.74641
-393.95206,-5145.741,119.15932
-108.34064,-2175.302,146.50891
-7.4335794,-1959.4019,150.60411
-93.85854,49.094215,149.23218
-164.51118,-3034.7134,133.45235
-109.33325,-1052.7445,151.06795
-93.26497,-1335.6785,142.06374
-393.49637,-6698.11,125.61586
115.85866,-891.3613,136.48547
-9.133109,-1754.2717,149.51717
-337.08493,-6103.844,113.90536
-30.713602,974.0932,160.08904
-54.426266,-2103.3865,128.81207
-281.58798,-3528.452,136.90062
-91.67806,-1235.4485,160.90688
-143.02982,-894.31506,146.94478
-390.34534,-5161.349,118.88583
-116.18707,-1069.3795,135.04567
19.589106,1268.076,150.79393
-80.03004,-149.63618,136.20993
-233.31224,-2528.33,164.0914
-341.17755,-3712.3064,133.76472
48.052807,779.0092,140.07634
-434.15588,-5516.442,121.67485
-269.56836,-2106.303,129.49419
-252.72261,-3876.2927,139.33017
-73.831985,-2298.9763,126.50787
-267.6451,-3708.6746,138.86276
42.651665,-93.51119,170.35062
49.57276,1783.6328,165.68271
-224.87126,-3567.922,132.75258
27.694948,256.05167,135.08302
-380.2115,-5236.0723,135.27394
-270.64362,-3982.7048,178.16649
-168.7323,-1553.0173,134.52995
6.4383106,410.29422,152.36102
66.64211,403.62402,141.03162
76.56861,-384.95108,139.39919
-5.6865683,468.20285,138.98027
-64.45106,-488.8289,130.21783
-175.26292,-1854.7,152.13043
-158.04164,-1966.7004,127.05229
62.345566,-57.058495,130.5838
-228.48833,-3044.3037,160.13423
-338.7889,-5765.224,108.39306
-107.47563,-869.6013,149.98128
-380.87082,-5349.727,144.34352
-94.68256,-317.00235,131.2531
-82.03953,-3109.9907,139.83586
128.59697,894.7335,164.37231
1.9969864,-2886.305,119.77639
-10.197579,-6.3335185,164.42197
-250.11171,-3795.9636,123.2981
-133.11035,-602.6498,130.98787
-464.8028,-7262.9673,114.34552
-91.497055,-1584.3813,126.7583
17.806461,23.2714,156.32692
-66.220245,-1334.487,127.66661
-54.721928,-2240.3052,130.91147
-131.11649,-1580.7441,109.11536
-76.543526,-1076.3737,129.06673
-15.757115,-427.58304,158.51723
-81.25751,-141.47487,138.92184
-608.09955,-7849.727,141.05995
-397.0335,-5607.976,133.78995
-139.3894,-2348.9316,135.60579
-191.45201,-2587.153,125.66105
-71.981,-1349.4805,146.80415
-68.65456,261.82925,162.96817
-257.8146,-1990.992,139.39859
28.745869,315.2172,149.28435
-520.1501,-6578.9497,120.22013
-82.24052,-638.04224,134.0503
48.99291,754.83435,161.4997
-68.99829,-90.909996,148.67906
-181.89807,-4290.1157,120.14556
-94.860115,-1083.7808,155.85193
-181.57773,-3223.6501,132.93222
114.43638,-657.73364,152.34091
-77.52468,-1093.5016,175.06003
-106.61452,-875.75977,140.91643
-614.4383,-6289.578,146.54051
-58.79481,-364.7665,144.21886
-232.38033,-2763.1152,120.47867
-99.88163,-812.19556,145.4056
-91.6379,-2439.6038,164.9854
-139.72577,-4519.266,130.52974
-140.18382,-2057.9768,135.82042
138.5913,817.1516,166.1226
96.71706,662.976,171.89333
-293.6239,-3845.3406,140.13683
12.251113,-571.62683,147.5848
-212.56714,-4554.349,119.440346
89.82443,-2271.7212,119.89059
-16.63191,-1.1599957,170.57295
-119.18234,-2265.165,147.01944
30.614733,-525.4187,133.3759
-408.04706,-4832.9683,131.67311
-139.35944,-2436.259,112.78215
-92.17831,-2128.8435,147.26282
-129.42024,-1916.1504,129.93102
-132.2848,-1157.0195,122.28741
-19.698881,-744.68835,126.48256
-45.90823,-2711.1692,139.6613
32.342323,-968.4989,142.40172
-251.86028,-4028.5872,143.09901
60.75524,301.21054,131.34738
-151.02263,-2727.2524,142.28552
-221.85365,-3749.2947,131.63107
-127.72679,-1795.5623,123.41112
-161.81607,-2477.9458,137.05745
-172.62808,-1683.5286,122.74983
-298.86392,-6217.4053,141.46867
-140.50214,-3227.3923,146.83177
-96.64655,-139.41139,131.90408
-278.0624,-3129.348,139.53198
120.047905,406.1345,137.06813
-78.738304,-3404.098,134.44196
62.756386,240.37584,145.38722
-264.84634,-4370.0137,127.57927
-253.62889,-5727.187,115.7251
29.872387,-1671.3667,133.37598
8.225055,-2252.1775,117.00038
-38.636635,-1760.7261,123.40646
220.25621,1267.8915,147.76938
-498.5245,-7544.3823,126.889656
-19.806684,-550.5802,143.94609
-113.80867,-4070.1497,120.60867
30.62985,-641.37976,134.54182
-135.8143,-1998.096,130.08342
-45.963326,-84.05569,143.28516
-336.07205,-5190.554,127.46992
-342.405,-5807.6797,113.69866
-205.66588,-378.50882,149.33154
-138.4817,-2497.4595,119.002045
-132.17096,-1611.7974,136.89627
51.972805,556.1872,178.07512
-152.2591,-4253.672,110.13211
-62.184246,-57.596764,132.8985
41.210564,-948.2217,132.82164
-154.6752,-2278.236,119.35986
-112.828354,-4612.306,109.50966
17.268549,-685.3507,145.60254
143.89302,895.043,168.28378
-163.42021,-2113.033,158.93393
65.07613,-602.8762,139.26036
-2.2683477,-186.82436,146.29974
-46.97159,-3449.7146,125.77705
37.736004,-2860.096,123.67278
65.64363,429.24606,154.80322
0.36234948,-35.822533,157.08405
-490.09152,-7705.8335,119.608154
107.62595,-2462.2188,116.86365
-208.05267,-1857.9626,161.34088
-403.12262,-4088.5696,149.88026
-178.58745,-1774.9702,122.452126
-135.0893,-2073.0154,172.55624
8.081491,761.9403,124.704575
154.55933,427.60794,137.8475
27.895014,1164.838,151.81741
-242.50365,-1545.084,149.41194
61.901222,520.6409,145.58965
-30.340227,-885.64453,129.27046
-143.8162,-948.3568,151.05077
-483.82977,-6589.5903,123.86283
18.479538,255.48485,141.4187
-237.06631,-3096.307,109.11338
-315.84238,-4795.4766,131.62195
43.7412,1262.576,176.88527
-79.02887,-1256.7285,139.74692
-161.6968,-1863.5212,174.40709
42.879612,-741.17725,147.65175
-238.06512,-3238.8694,129.60962
-558.52814,-10352.868,134.5693
-212.92815,-6020.7285,137.68999
-54.047413,-2802.6426,143.03978
112.32055,-114.55056,155.84569
-341.04907,-6230.466,114.11954
-192.77997,-2152.7478,138.9514
-151.6856,-1527.9966,139.00145
-304.05664,-5429.1357,121.4089
24.863039,-355.21365,132.85536
-245.1675,-6041.3887,145.66443
-115.293045,-2961.4497,123.72519
-291.81778,-6256.537,142.21458
-114.160385,-388.62637,165.5999
-36.996532,-1928.0935,148.6895
-115.71628,-755.44226,174.68883
-164.86426,-3213.2686,137.66699
2.8442726,-520.31116,157.77814
-293.4891,-3852.531,124.76285
-209.62354,-2830.5527,119.04607
-531.39105,-5181.713,109.03872
16.007915,-122.7333,159.14366
-385.07812,-6586.1484,115.222595
-49.637432,-18.305077,149.24716
28.920103,-1230.946,137.8392
-379.61087,-5341.914,120.333046
-251.2855,-2924.1423,151.90971
-62.250683,-124.50289,133.50658
-9.295348,-1944.1099,112.13921
-87.92563,-2577.714,149.19455
-127.45099,-532.68066,147.23
-252.2119,-2490.264,146.53206
-511.11154,-7605.406,140.09341
234.70811,1297.9692,160.16515
96.08339,282.1301,145.00774
-213.72404,-5089.9917,114.57211
-514.6583,-8175.4,95.17537
-301.2523,-6246.242,131.7531
-200.0749,-3301.4587,124.72016
-465.8176,-5825.554,129.05133
-193.5472,-3627.5564,131.34653
-161.80017,-3751.2864,122.11131
-191.29393,-1621.7908,116.51453
-178.08499,-5083.9497,117.103
179.05147,-2382.4773,152.84267
0.184432,684.3338,156.3565
28.169657,134.7899,159.94838
182.08548,1562.2704,143.74692
-367.06412,-4571.069,133.16719
-128.02754,-1992.5986,148.3256
-531.0454,-7809.4956,119.65949
-243.0584,-4499.0063,113.66222
-119.65738,-3406.0251,139.52145
-136.50807,-1390.5623,127.83368
41.318993,302.46475,148.64363
-508.29727,-6334.438,103.74873
-74.408005,-547.0243,149.30418
73.30421,713.44476,160.94197
-190.18622,-1980.0474,147.42322
-167.24014,-3273.4377,126.87923
-53.872547,-1301.0352,150.1443
-9.476474,374.671,152.11638
-296.1802,-5596.616,114.138245
98.49319,-631.79944,144.52759
-41.981358,-831.3872,138.57277
-142.987,-1148.4066,137.0048
-399.6079,-6885.3335,110.32133
-63.846165,-1048.7377,121.911896
-12.342338,-136.97871,153.32698
-58.55299,-1997.602,130.25012
-201.50081,-2198.6094,116.488335
-246.59001,-4917.096,145.87305
31.20207,623.35046,152.5022
-253.89888,-4941.6943,133.09631
-115.11615,-1123.6179,157.88876
19.646444,-1130.1876,137.48738
-78.59299,-619.7019,138.48001
107.09225,598.70233,147.11685
140.30281,784.10535,153.81375
71.01589,313.1224,150.29782
-45.042107,-1436.4292,163.16962
87.97597,-1048.9576,124.85294
-127.162125,-2956.7058,140.94052
-182.58041,-1742.2961,145.76338
-621.7793,-6925.659,118.31258
-81.99073,-1303.3984,139.08441
-27.818861,-833.0099,135.95457
-40.296867,-3655.7253,130.27962
-236.46364,-2855.4966,135.40985
-202.40544,-4256.5054,118.853455
-106.99564,-1874.1951,136.35226
-75.05833,-2214.4302,113.92966
-228.56203,-3374.884,113.11717
-39.34839,-244.6122,140.08957
-96.27254,-1696.0735,154.79971
14.291909,-273.7012,134.75592
-267.78854,-8292.488,105.30328
41.85362,252.68315,148.13489
-66.76792,-836.073,144.9907
42.455418,543.418,146.33247
-40.405354,-838.38794,134.84396
-93.30236,-1241.2932,156.79147
-141.33742,-3324.2483,128.54272
-74.84125,-1544.3447,136.62724
-344.1472,-4216.927,126.057655
-505.23965,-5489.0254,126.15222
71.168365,1704.7186,155.29666
-159.6463,-2930.2705,141.38466
-139.16191,-4162.8423,120.40116
3.2421007,-125.994835,147.05177
0.61107254,1140.3204,141.61748
-330.7603,-3078.6624,151.03738
-60.164433,-431.79715,131.1016
14.830402,251.07994,144.89032
-100.49895,-2677.6125,138.4914
-128.42247,-1582.2256,156.44113
-219.60252,-2413.384,145.71217
-120.23485,-3822.219,118.71856
14.382145,-266.97574,142.018
-331.89896,-5257.251,106.69971
-70.72081,-1212.4705,117.22381
-38.741623,-1424.4463,161.97168
46.723366,-998.11633,123.61497
-67.34168,-62.668602,144.46242
-97.00088,-168.1498,145.74155
-12.1082735,-531.4961,139.35588
-177.70235,-1981.1038,154.40703
62.027946,1617.2556,147.63828
-224.5982,-4700.792,125.825935
-106.5611,-2101.014,147.71475
-280.13635,-3260.8098,137.11537
-73.89354,-2267.6638,128.95087
-166.424,-1987.4995,148.62566
-159.08809,-3098.229,172.28075
54.94182,279.8455,158.54436
-143.10751,-1333.1279,140.22693
-169.49843,-2617.5217,147.12407
-288.59503,-5467.4556,124.842155
-374.36185,-7005.951,131.293
4.7673235,-530.45496,158.90633
-164.87683,-2296.3035,140.59029
-5.3503256,515.2113,140.95166
175.20961,1837.1005,148.2488
-10.928531,-396.46695,130.96028
-270.7789,-3252.0623,108.43466
-114.45035,-864.4863,151.14444
-345.9538,-4710.8193,125.23631
-288.83945,-5209.304,122.612114
-50.627476,-2107.4326,134.03409
-149.3591,-1643.102,141.92003
-198.30186,-2808.5251,152.42873
-39.72726,-2242.6135,139.77625
-6.0489435,-217.82607,151.77257
-77.63881,-981.7694,164.96446
-209.0873,-3440.9675,165.25615
-296.16293,-3619.3801,136.93353
75.06841,-1349.3181,142.57649
-342.68353,-7072.948,92.76516
-136.49731,-1504.4741,148.91469
-482.61536,-6647.4414,93.667816
-67.63844,-539.88293,161.99826
-290.17725,-5914.606,105.96589
-265.51285,-2742.6216,135.17227
-216.02528,-3699.402,139.77731
-229.58914,-3737.5613,128.43326
-88.86576,808.62964,169.97203
-21.56769,92.70408,154.5179
-140.39919,-550.50195,139.83997
-252.84715,-3346.5627,129.65848
-47.28115,-1944.3464,153.4327
-89.925575,-665.458,167.81328
-235.63004,-3351.4158,126.45252
-57.201916,149.03123,163.03114
-122.28752,-4497.5728,118.90336
-194.02791,-3689.9348,104.10206
-384.27234,-5102.3447,132.02507
-161.34306,-2231.8384,181.21103
-402.56754,-5288.256,123.95437
-433.2228,-3316.7322,149.17949
-598.6076,-9030.291,116.89362
-213.57251,-1971.8147,145.04112
-42.580307,-1973.0181,113.423615
-106.74742,-1731.9675,128.43668
-96.89266,-3435.487,121.24833
50.20708,-119.00143,135.75829
33.426624,247.3878,142.08057
-106.348015,-1094.6378,144.23987
-101.963615,-1646.4858,150.31934
-6.5233145,-70.15603,159.37364
-7.211726,-1946.0068,144.40932
-167.99765,-3185.2876,121.20862
-203.1002,-1902.8914,137.16325
-72.90309,899.51447,158.94945
-105.41584,-1401.2256,156.1022
-117.42493,-2048.3083,135.42583
89.86352,1740.5841,147.7836
-277.1613,-2847.4424,143.13745
-122.93924,-1617.439,145.76196
138.10217,1861.467,158.01945
-42.19693,-1253.1736,144.44093
-206.70026,-2340.12,140.84358
-167.59071,-2325.9248,144.0696
-26.755693,-2357.598,125.88413
-19.236792,-1395.6245,129.99303
-16.458055,350.8096,152.76721
-139.92935,-833.9424,124.75891
18.76361,112.8986,148.7279
-598.43555,-8090.8657,126.62624
-6.51332,-1123.8728,143.80605
-140.3139,-1901.8301,132.60338
-185.54012,-4469.1226,94.57581
-348.11942,-4843.624,127.92711
-147.56631,-2636.4739,124.971214
118.6585,1204.4036,149.3044
-77.62062,-797.2101,152.03821
-179.64075,-1603.6033,128.57237
-499.80692,-6077.541,125.08134
113.206764,-833.7689,137.68132
-34.022636,-431.5408,135.09991
-57.388187,-2652.8643,123.90275
-289.88614,-6332.481,122.105545
-133.07004,-1649.7261,143.59128
-114.79468,-2374.112,140.49988
-330.1169,-4811.923,117.850876
48.388447,850.7817,147.47025
-379.9476,-5391.7905,108.81991
55.12648,-2317.4287,138.7369
-384.49463,-5412.527,124.54892
-59.357876,-327.9705,144.17078
91.461586,-263.07547,141.61754
-289.8889,-4130.7646,116.77666
-46.268772,-178.62611,160.38506
-458.90656,-7162.637,136.77972
-197.2078,-4006.9817,109.44836
-31.797949,-1412.1309,143.51451
29.814882,-570.79785,174.37709
6.8343954,-2613.7998,130.08559
-46.429325,-2723.5398,133.24205
-236.3598,-4000.8953,136.6431
-523.4948,-9311.915,95.93828
-237.83568,-3494.573,113.5989
-119.393555,-923.5919,126.474945
-308.66443,-4287.501,130.56772
38.208466,-231.34108,142.03345
-366.22015,-5623.5454,119.97504
-45.764755,-1570.4075,140.1184
-407.5774,-6201.3896,145.4057
-207.01857,-3869.676,135.45052
-161.02895,-3258.6384,154.5307
-370.03784,-4316.1777,127.08107
-369.3913,-5549.3047,117.33404
-124.95654,-1766.3691,139.78189
-119.15999,-1859.3708,143.36154
-61.14596,-1707.9048,126.812065
230.7174,1425.2772,167.09866
-351.13,-5743.985,122.68458
-154.24681,-1471.7778,147.14235
-285.8211,-2698.7178,142.8917
-166.02019,-1613.282,149.35759
-207.14838,-4627.0557,128.68102
-537.7062,-9552.338,102.20331
-70.167305,-818.0586,150.8396
-8.925019,-886.2804,143.82127
-138.64224,-2140.9941,113.79104
-97.30409,-1422.2747,134.55757
18.813883,-1213.2175,144.35701
-80.1001,-1586.8931,129.44305
-201.68723,-3685.049,161.3255
-179.23082,-2220.5317,126.27059
-121.990295,-3858.3767,126.61847
-352.38004,-4682.081,114.817406
61.46348,-2657.572,126.95709
-136.65475,-435.78116,162.73805
43.76737,-3840.5076,121.235435
-276.82617,-4469.899,135.41696
-412.67282,-7829.732,114.744896
-140.25911,-2727.3315,125.07317
-147.7218,-3919.6375,141.8183
-9.452243,508.0093,139.91731
-207.26212,-1997.581,165.72815
55.00341,621.5885,158.37614
-635.7566,-9414.396,104.165
-199.27472,-2179.2666,150.10419
-162.15907,-3594.5964,142.04924
-150.28023,-1780.0908,174.69731
-56.015377,-895.0791,154.09428
-212.09,-3957.931,139.92758
107.96281,515.4819,152.50783
-413.05145,-5653.727,124.88943
39.567757,-1091.7588,133.92116
13.396398,148.69127,154.35309
-229.28467,-6260.884,108.058876
-311.573,-6949.193,115.60038
-225.05507,-3916.0051,117.53358
-271.0246,-2725.2363,132.75613
-230.5525,-3225.9705,132.64992
-225.66476,-1905.5049,133.14192
-471.1694,-4924.833,139.2016
-120.76274,-578.59094,180.97643
-367.36,-6126.6045,133.99445
-577.60077,-6080.543,113.43277
-36.339428,-453.50027,122.368675
-486.2071,-6066.637,132.2188
-315.92505,-3591.339,119.33182
44.996574,1190.2281,151.74527
-138.20767,-3566.2615,134.37012
-345.25485,-4208.6187,119.65252
-131.06212,-3437.5662,122.58567
85.40959,1415.0114,152.93982
-72.65996,-774.6494,166.86009
7.3465786,102.50089,166.51564
-81.09724,-2546.8174,123.286415
-115.71652,-932.88025,148.52806
14.36102,683.6389,161.49586
-469.2939,-7013.337,98.10167
-89.17909,-1301.7432,125.86373
-151.15869,-1598.1929,175.72037
-41.8005,-903.7246,167.05215
-178.78809,-2223.352,158.95363
-112.62152,-3874.3567,126.720764
-178.61502,-2876.3806,123.332275
-48.392605,-319.42776,148.32018
54.072628,-3061.0547,127.95638
-345.28784,-4535.809,127.161125
-21.563581,-1941.6545,141.50496
8.507372,-994.17566,135.33401
63.4596,-523.0912,120.32569
-143.38034,-2632.2764,140.21342
-141.42638,-4844.993,115.294525
32.39922,-642.286,145.97383
-346.38846,-6403.157,106.78365
-89.526436,-917.96094,140.22926
-101.56908,-389.57657,167.03749
-37.232906,-3797.7092,148.83556
-98.96298,-3707.6096,114.34948
-320.51578,-3208.8276,131.18767
-642.42816,-8974.179,131.0586
23.93041,-1292.6741,135.81325
-90.69989,-2275.7922,136.39001
52.489964,-347.506,136.49048
-116.970215,-2586.7786,144.84874
19.315317,-886.36475,143.73425
-72.0745,-3052.0076,122.10933
-38.306477,20.623817,133.45953
-66.35502,-880.2743,155.31737
-165.65839,-1115.7141,155.63235
-177.63196,-2962.2122,121.18449
-461.89923,-4115.029,130.26736
-79.633125,-1233.2246,145.65788
-62.26395,-2948.0796,135.73526
-171.9874,-1920.5742,129.03069
-500.70242,-6011.016,118.91509
-151.99821,-2201.7773,127.611145
78.54461,112.62345,163.9224
-24.055647,-910.44055,123.781044
-152.22293,-2350.2083,115.111046
-279.3757,-5038.6387,117.45662
-65.41059,-401.90836,142.7355
-401.98227,-5839.0117,112.81908
31.34475,-1577.9602,139.38638
-59.975918,-2065.6125,124.57733
-245.58406,-3375.1355,133.5675
-142.56511,-1071.596,146.535
-219.93121,-1109.8849,155.97566
-132.14323,-2657.2727,124.027534
-134.16089,-2096.374,130.81926
-304.2309,-3110.3896,132.73958
42.468643,-1235.0496,134.57108
-37.90621,-1270.9407,144.25398
-41.397736,-1678.8818,148.20467
158.84773,-653.03186,151.26855
-305.85968,-5378.3545,113.70909
-97.35792,-2795.289,129.03368
83.83852,1674.3085,157.06763
-346.96924,-3452.6125,119.161446
-49.39983,-526.5403,138.18681
-451.99942,-6236.642,130.04765
103.6795,-163.07185,139.46326
-281.4333,-4727.2305,121.497
-153.85974,-5801.9834,104.0124
11.4041195,-185.51674,145.7982
-80.31604,-493.55093,159.95665
-257.26147,-4577.5063,117.36464
-10.727658,727.4531,164.44904
-18.189512,8.050514,143.08124
-272.94238,-4533.711,98.494865
-72.82624,-2136.9941,139.81604
-56.10603,-503.27225,152.63849
12.3121605,-2513.305,141.00415
-36.184574,-2064.2456,134.03864
-259.1152,-5138.473,121.07406
-106.24865,-1374.7964,146.76985
-324.88733,-4662.786,114.12352
118.25424,325.64896,142.46092
7.0378723,346.16153,147.58075
64.74463,1284.5874,146.19524
-119.96069,-2612.836,150.60817
-102.152,-426.87784,148.9794
-3.8614798,-999.6843,135.77553
-157.7972,-2495.1445,142.89438
-120.72575,-1358.3225,144.49738
-41.988518,633.2246,152.24127
-79.83653,-3163.3804,134.90126
-28.450754,143.98705,154.50967
13.492489,-1734.0415,132.7011
7.6287155,1069.7236,152.00008
5.4261875,-1497.8838,141.39592
-169.999,-1820.7434,130.0402
-65.005135,-596.7793,165.41795
-141.15845,-1035.4552,134.04793
-170.83261,-2898.479,141.23392
21.550972,-687.41626,138.99278
-330.14304,-5294.264,124.049255
-14.768134,-1294.7192,139.37315
-104.14806,-1017.53723,155.19005
-261.1981,-4108.4824,136.34866
-161.37088,-1474.2849,137.07509
-112.27045,-1618.3821,144.85622
-159.74625,-1311.4639,133.66606
-287.4572,-2450.9785,154.81618
-173.3847,-5817.606,103.72158
-50.126713,-1922.0085,128.98407
-122.8629,-1301.8704,129.91295
187.98642,1187.1638,152.83536
-185.46432,-2074.1184,133.38547
-310.44925,-4351.9683,121.14381
-164.54665,-1469.1343,133.85884
-237.49165,-4764.7354,106.07951
-151.52888,-3216.6782,128.44135
86.03206,759.1096,137.3901
178.59059,-2259.492,133.29887
-38.551468,-101.465904,144.08192
-270.07468,-4353.1484,133.62117
-241.4182,-4406.994,153.84192
92.22528,-2759.065,140.82414
-367.51797,-5261.984,122.46457
-132.68945,-1940.0947,134.62665
-280.81738,-5068.344,145.56674
-20.903444,-1930.3105,122.4881
-319.94818,-6030.526,126.987816
-200.47362,-4322.4536,126.12698
-197.78441,-2588.3723,124.37549
-210.34435,-2293.6667,135.46025
-39.739395,-1148.0114,133.7029
-204.49472,-2893.7976,143.00137
-59.87022,95.97996,151.82336
14.108917,-1018.96326,134.06837
-229.48297,-2309.0938,133.0057
-28.665422,-889.7689,146.32649
-3.8172216,263.00626,158.85602
-109.5806,-274.31607,148.82619
-483.24203,-7034.4414,111.76206
-66.69329,-804.11694,171.09534
-547.7521,-8705.494,126.916756
-154.9064,-2200.142,164.0899
13.644212,-1866.533,154.10146
32.127323,257.76932,150.36089
-92.88798,-1431.7302,141.46825
-133.19147,-796.55994,163.1467
-96.7776,-4817.3853,136.28654
-91.5642,-2443.0735,134.10596
-342.99402,-4033.2175,122.67236
-83.32415,-3563.4636,115.563545
-74.75309,-1692.1611,116.702
-147.32166,-1145.0007,148.84348
-100.710495,-2952.1416,133.0522
-467.21445,-5641.8276,121.04704
-123.19165,-1191.593,154.4804
-203.95601,-5738.763,129.83176
-191.59706,-2090.3035,141.38719
-475.26685,-5358.075,108.016945
-233.501,-3116.3577,129.39053
-282.98856,-3378.9392,134.12958
-195.30786,-3440.0618,150.30667
-3.264863,-469.43948,133.38394
105.91729,-895.61694,143.00139
-269.66592,-4123.451,137.58156
-225.7527,-1773.2996,127.205635
-406.08884,-5112.754,134.02016
-128.59221,-1034.3525,134.5116
-286.77444,-5874.9863,96.00777
-208.49998,-2217.867,126.754135
-214.87584,-3261.8855,125.319084
-159.40295,-1261.77,133.43365
-240.79741,-2912.939,130.42418
-277.8963,-2731.542,119.64683
-176.95567,-3513.3445,122.54632
-424.54605,-6777.454,107.77453
-227.68152,-3762.6833,123.51588
-137.2648,-3683.8044,133.75975
-47.387794,-1286.3667,131.63025
-63.87718,-786.9706,143.32828
20.672432,-1122.93,133.16643
-260.92215,-4633.633,124.56302
84.15005,674.0451,174.33795
130.13173,-790.5813,153.86078
-215.5634,-3554.4636,130.106
24.15849,-221.35085,143.26578
-164.78981,-1788.052,121.74434
48.357494,-176.5077,170.33012
-122.494385,-2083.957,136.26917
-196.36533,-3440.617,138.15446
-26.266138,-975.69226,116.60263
-155.55553,-2735.7922,138.28987
-96.599396,-1233.2649,147.16313
-140.70078,-2446.4773,125.35036
-37.772583,-2262.0796,118.64103
-304.25815,-2416.8691,161.65822
-280.5469,-3507.927,130.92142
-427.47937,-6133.8584,133.29048
-210.30548,-1652.1772,152.77013
19.248669,491.47833,139.2839
-200.0819,-3694.532,128.21468
2.4201584,35.388466,161.70477
-498.70255,-7350.404,108.168846
-150.35571,-4631.3745,128.75327
90.851875,-1528.2705,133.97002
-161.75172,-1372.3484,145.63939
61.830513,569.73944,175.71553
75.11924,-2883.5332,116.63999
-168.5673,-2242.5923,136.64217
-18.103579,-848.9508,153.25632
-91.4718,-628.9263,158.83774
-190.10864,-2217.6008,137.02554
29.320868,-283.27982,145.56804
-192.81741,-3025.31,136.10599
53.55322,917.1532,155.09293
-109.904854,-3031.3384,121.945496
-47.454056,-1992.1006,132.88858
-540.3348,-7871.094,98.3016
-330.1959,-5469.421,122.73874
4.9273434,-200.76015,150.63129
-263.59247,-3016.9822,144.23322
-221.05484,-2481.8481,146.23994
-185.0778,-3636.7444,138.73955
-127.005554,-1164.0641,139.31644
-563.40173,-7451.9204,128.81915
-171.16818,-1424.9001,135.76385
-213.06781,-5705.8955,118.02659
43.03698,-636.0696,140.0693
-658.3937,-8991.532,127.82827
-17.95144,-1200.6902,110.64619
-435.89572,-7238.7524,105.953835
-409.03357,-7125.3784,121.381996
-190.50026,-3709.697,135.61089
-111.74962,-926.82996,144.77258
-329.7585,-3115.6877,131.30606
-272.09067,-4210.4233,142.93265
-8.248895,-23.43679,173.24948
79.56586,-901.65393,143.42876
-195.73434,-3789.4524,154.80086
-115.99039,-2182.3462,127.00125
8.018408,-2255.396,119.14401
-150.49599,-1432.7473,126.43889
-91.47233,-431.767,139.75389
-11.965785,3.4039693,146.17125
-252.08388,-4099.324,119.50608
70.628876,340.77414,142.09418
-259.56897,-2269.8816,144.67903
-442.8933,-7255.564,105.0077
5.5756702,-197.21681,151.57507
-339.75073,-5150.084,120.44401
-206.72008,-1309.0796,141.23521
-200.14268,-2308.0403,147.27658
-162.1977,-1982.7625,130.77873
-198.52817,-2226.389,147.92162
-364.45712,-3972.366,149.35434
-107.31002,-1266.6697,157.12076
-232.93979,-7384.316,122.78294
-305.4599,-3718.1135,130.70438
-254.61531,-3119.707,134.38179
-151.53041,-2202.3108,144.59256
-147.83232,-4000.1677,152.42302
-147.2593,-2274.153,132.26486
-291.72723,-3423.802,145.31256
-604.448,-7953.776,120.459816
-109.14858,-1997.2788,125.08179
-413.3879,-5159.695,127.78461
-368.67856,-6617.179,107.72582
12.892614,178.60893,128.78282
-192.16158,-2148.2747,137.04324
52.878536,370.44495,148.0205
143.2447,-267.59976,143.03021
-263.28796,-3043.6614,124.15539
-155.7039,-1896.802,137.18474
-134.8075,-1658.0068,131.64444
-12.461545,471.19687,151.29536
110.15574,1359.1324,168.05618
-77.410286,-1562.5898,136.79918
30.133718,-651.2687,120.497635
54.8729,-1847.6001,137.30498
-540.7248,-7356.272,126.57434
131.2113,20.757362,147.52328
-409.09204,-7244.941,116.709015
6.3112373,740.60565,139.40112
-249.81416,-2832.164,123.13116
-77.46895,-2543.029,134.52962
-511.35568,-7608.0747,105.93651
-207.0893,-3901.8909,129.38985
-191.98325,-3340.5085,119.054474
57.43066,1429.1045,156.71092
-76.582565,-2205.6047,126.141174
-316.0774,-5078.782,131.12207
-186.81015,-3879.6653,134.44652
31.222338,234.05125,143.4306
31.146467,-900.7617,150.30133
-183.4701,-4441.0854,145.96614
-307.4168,-5481.083,127.49134
-62.909786,-646.73706,138.68246
-381.14456,-5817.5913,119.22394
-289.75397,-6172.603,107.8514
-100.47315,-2157.2786,165.61507
-39.78986,-875.90295,135.9944
-34.364582,-437.18875,151.94179
-204.84541,-1295.3796,129.19794
-29.100737,40.45945,174.78949
63.186893,761.0085,158.84027
-350.38806,-4918.4053,113.24754
-69.911804,-2918.5056,128.0691
-66.89112,-74.025475,155.1077
-776.6545,-11911.939,133.72131
46.873604,-1265.6006,126.07984
-54.08433,-1095.61,154.55595
-177.09094,-2764.1616,127.60697
-439.73447,-5419.7935,130.83675
-200.91676,-3436.199,127.12324
-189.13235,-1422.8945,152.63654
-264.62476,-4881.829,127.90595
132.46857,1549.1134,146.76707
-545.1383,-9630.717,100.57516
45.419556,-557.2661,141.96971
-507.2643,-5622.019,127.25553
-77.95835,-647.60986,158.41304
50.63159,-964.72253,140.84364
-147.14018,-4147.71,114.233444
-238.22066,-2638.0251,142.65031
-102.97821,-1532.8777,152.38918
-91.661766,759.42114,168.10191
-80.28982,-987.47046,163.51833
-100.34009,-882.0167,122.77943
-56.31664,-635.2302,138.55238
-240.283,-2347.133,148.1461
49.726517,300.0065,146.3031
-283.76505,-3646.2537,121.82419
119.64076,-2376.8381,123.394
-7.0201693,208.75706,151.59798
-293.1341,-4193.3555,142.20055
-134.18126,-2050.9133,136.89429
-247.42348,-5934.7275,116.97134
19.722544,-1517.9585,131.36006
-271.62033,-2296.2056,137.378
-243.87624,-4024.2693,109.56554
-153.20041,-3681.2136,140.09917
-146.19215,-1429.2668,135.92427
-63.453938,-1016.29663,130.46223
-836.7536,-10331.791,114.31116
-108.30818,-2863.637,137.11633
-243.3926,-3355.2507,127.27323
-131.56215,-2004.8762,147.24948
-216.06279,-3207.5564,112.63021
-36.431404,-797.84766,160.48332
19.286377,-675.54517,136.45227
-445.80417,-8531.928,114.70326
-45.364273,322.7546,161.84114
-357.55878,-5164.4204,135.86795
-123.60179,-1360.0491,120.19522
-104.20632,-883.48,139.38857
-146.94185,-2802.406,135.98872
-242.01479,-3364.279,138.91028
62.722687,-379.38345,143.51257
-68.07963,-103.35873,149.29475
-124.174576,-1220.8804,127.19465
-164.88403,-3200.1724,128.9737
-199.3669,-2962.4111,131.61674
109.42235,-158.2712,142.77046
-23.791914,385.0771,153.63008
-98.9035,-1830.8142,167.35655
-142.29205,-1187.6887,123.89556
112.26361,552.2877,136.54749
-212.92725,-1529.7708,141.19606
-181.35933,-2206.8167,162.3608
-27.300154,-1115.6326,154.78767
-322.77667,-5101.1187,125.4122
-143.96333,-4790.3345,116.5452
-97.05185,-1728.2126,133.16422
-56.59107,-1054.8867,140.47931
-140.97925,-2172.1792,136.10703
-142.04738,-1838.969,129.46777
-260.02362,-3723.8254,120.875435
54.78778,-32.28756,141.2172
69.76157,-505.6165,147.53343
61.0431,-2607.6113,140.31857
-250.82808,-2997.4678,145.51936
63.246773,256.0403,144.20424
-148.637,-662.76355,143.53535
-89.88374,-2162.23,147.87799
118.47417,2242.3333,149.17212
-71.54593,-307.62186,141.70332
-40.99119,-2161.8315,121.06072
26.481386,1398.2975,152.83676
-290.28275,-5700.7383,109.82658
17.564678,241.63127,152.0991
-304.49536,-3630.759,119.99882
-184.48721,-1991.9321,149.63669
-20.794317,178.6898,158.40947
-124.23505,-3967.367,115.21611
-19.924067,-1181.7972,159.07321
-265.06335,-4262.4365,112.15223
-245.59196,-3354.6125,97.65162
-22.153028,412.33575,148.09949
-126.71478,-2425.5374,126.415825
-122.29678,-1406.9529,122.735695
-91.97413,-292.5928,138.55937
-22.780664,-886.3882,147.18506
-435.64398,-6789.387,119.22095
-66.45469,-1306.384,155.93674
-54.82887,-518.9745,144.47865
-51.004208,-1745.1272,121.70699
-178.92336,-4604.901,141.64427
-143.8288,-2283.2026,145.97108
45.6409,837.70087,171.33711
-487.7244,-6796.9995,126.65011
-610.0766,-7948.5806,122.65499
-197.19627,-3094.3862,116.2242
-259.1505,-5233.744,121.71116
-514.9181,-6979.41,109.1496
-149.0017,-2882.8672,140.31361
-189.27925,-3904.0168,126.613014
-495.68277,-6631.03,162.83012
-349.09735,-4033.7473,138.20035
-422.84338,-7639.7573,104.100525
95.60136,-88.469444,134.80052
-210.51863,-1638.1367,134.65028
-12.478608,-1448.0583,127.78209
76.07225,-615.6858,130.45724
-727.2921,-9768.728,114.66049
-119.32785,-4062.1355,133.07858
-312.31726,-3627.0984,131.36069
-107.25756,-2104.89,129.97719
105.256775,1364.4188,160.56201
-767.1305,-8921.439,116.72639
-44.12358,-3957.823,112.90695
70.88428,-847.1542,144.43565
-8.0501795,107.59275,149.7678
-175.54913,-2394.1216,135.28778
-89.18115,-1390.3596,147.35631
-348.1728,-5286.661,121.24373
-208.29755,-4538.3823,146.2063
37.228924,-1104.9751,142.05347
-71.17586,-3262.3308,113.83656
-180.75914,-3348.7996,124.04468
-47.263397,-1125.6825,124.45602
-265.54025,-3764.4646,136.06187
-98.670876,-986.70447,131.9777
-51.988712,-1278.1165,145.61992
-580.14905,-6864.1094,143.22025
-63.79675,-1284.7256,136.51762
-210.95132,-4698.9727,134.10902
-152.59537,-2548.8877,137.9272
80.6814,303.41635,147.75047
-327.8431,-3047.2478,163.85901
-137.42477,-895.58716,142.97707
-350.8844,-5475.84,125.98313
-123.075516,-908.2949,146.74168
96.46848,33.139137,145.68587
27.07531,-12.726585,127.36209
-80.78398,-1600.2876,124.69524
-132.47089,-2450.7869,122.91202
-204.12173,-3735.324,114.703995
-461.58115,-5406.977,118.53461
-170.20074,-2332.4683,157.91698
-114.84865,901.3888,157.65935
77.24245,-343.3179,148.39676
104.68743,-401.09097,139.35991
-210.4608,-2224.0308,129.06117
70.46254,687.6668,147.03242
-226.7705,-2601.8738,137.8465
-387.0438,-4450.4707,121.10775
-112.18359,-3171.7534,129.95978
22.824251,333.63797,143.50359
-227.04825,-1889.315,168.73477
-23.263498,328.35867,148.54083
-83.90939,-2249.7778,129.75806
96.194405,173.76231,147.0247
-115.923294,-1060.7965,170.56769
-165.81854,-2878.3032,127.31587
-124.11192,-2328.1194,126.35567
-180.71323,-1376.2859,142.75774
-422.71857,-7282.574,125.9242
-290.04816,-3360.6438,138.31602
-145.20706,-2231.4846,134.15057
-194.19618,-3675.3772,122.51941
-174.82458,-2172.7324,134.84433
-168.54024,-2566.1836,144.4671
24.549412,694.4758,141.92726
-105.03113,-2447.6567,122.624466
-182.8019,-3402.3083,139.93915
-325.50644,-4016.839,130.07198
78.21584,-383.4894,140.3434
-90.378525,832.32623,147.94617
-127.754395,-1407.4109,135.30434
252.10562,-196.77785,137.64778
121.57213,483.8045,159.67252
-188.59753,-746.27954,123.42621
-115.38493,-1440.6965,139.33289
-420.17773,-5679.4116,110.26221
-371.71677,-5516.9136,121.041916
-475.90616,-5731.4595,154.10231
-312.35565,-5679.725,112.766815
-67.855736,-1563.0806,133.38719
-28.068422,-1656.748,126.39664
-516.72644,-6518.5454,103.12487
-100.366936,-1021.1118,155.09787
-67.27099,-2187.2437,143.02515
37.530445,-418.1923,150.246
-97.50285,-1204.8755,150.24133
-301.90054,-4576.4087,129.53928
-238.91422,-4485.6265,127.68519
63.562687,-383.0623,149.67603
-120.940765,-806.2345,148.8115
-562.38885,-8304.09,119.792534
-228.94981,-1968.6741,143.8486
-13.89582,23.401833,146.35605
-28.761908,-1424.519,119.54829
-63.98834,-2238.3904,148.67693
128.6241,1487.3796,154.82632
73.780876,589.0908,153.65405
-26.232851,-62.64846,145.96748
9.202083,-1060.8806,154.35194
-165.44485,-3118.7778,142.64687
-281.43497,-3024.7664,112.37911
-793.28394,-13789.542,107.92164
0.9973211,-2906.175,131.81192
-231.91606,-3742.8826,131.37125
-305.48328,-3822.4553,142.02943
-45.777603,-922.402,154.1654
28.70296,-65.924034,150.42238
110.70616,420.9921,139.3896
-17.798838,-691.26074,153.04582
-125.78871,-1439.062,136.89618
45.028534,-2752.8296,136.93977
-69.98484,-2191.1155,143.71687
-249.87123,-3354.661,141.78374
-372.8673,-5068.2505,144.96481
-145.2574,-1793.9094,129.67474
51.2868,-720.0227,138.21677
-271.4552,-2636.6946,131.81415
-142.21548,-1718.1045,132.70807
71.90818,-442.59476,152.80981
-291.06577,-6349.5176,119.20779
-87.10313,-2921.7454,127.41828
-176.69122,-806.0602,177.20119
7.64252,1323.8981,142.35721
-174.04555,-3026.0637,123.63551
-39.337166,-438.11258,149.53796
-267.56354,-3574.8098,106.54261
-46.484398,-915.50757,143.41971
-41.698135,-25.662926,150.9651
-276.26324,-2531.798,142.16835
12.609931,-1735.815,139.28397
-432.4935,-7402.262,108.49617
-191.48378,-2456.743,161.23354
-117.66362,-1817.9343,141.04396
-30.487677,-373.64786,131.01297
3.561205,356.42365,157.1993
-113.95514,-724.30554,153.0314
-205.23546,-2607.7295,139.35637
60.617348,872.8369,155.8398
-283.9064,-3451.1746,135.89552
-200.36224,-2182.3755,151.16188
-431.97794,-4401.1147,133.1301
-20.088644,166.67943,145.80328
-201.34023,-2310.827,124.64752
-242.18346,-3114.0317,134.79552
-487.09125,-6178.109,133.9349
65.507706,-4232.8677,128.5048
-57.198612,98.65037,137.79736
-334.09814,-4947.6216,113.31252
-418.77542,-5297.6743,143.80453
-154.3379,-2045.0981,139.11473
-327.12787,-4226.2964,127.69876
86.60873,643.9049,168.09457
141.95163,-1988.1636,133.7505
26.244776,-628.9182,132.50546
-244.27907,-3631.6848,147.82716
2.189558,-1117.6915,122.37102
-438.52756,-7230.7295,117.51967
-94.3428,-1396.1709,138.93483
-64.191345,-1624.4575,138.9298
-299.17175,-4658.6885,123.49783
-87.38583,-2253.9812,115.197105
-195.96332,-4271.0093,130.81572
-192.70108,-2007.6921,156.86942
-118.572556,-2042.0242,141.53995
-215.7803,-2266.4824,139.34221
-42.015076,-2727.9324,122.68685
-347.07672,-5066.009,123.754684
-128.27106,-1835.9988,135.46144
111.607506,261.15738,136.60349
-185.79327,-5183.8364,124.63124
-105.25436,193.8239,154.38159
-322.2958,-3835.3801,132.9033
-219.98143,-2614.74,138.0929
-91.249985,-1459.6045,153.53996
-352.75082,-4200.9727,129.77475
45.38227,-1059.1565,133.47314
-586.8739,-7019.2095,122.35009
-482.00632,-6757.124,109.515236
-704.7686,-10344.236,119.71349
-184.2485,-2460.5784,129.52779
86.75141,-133.29237,123.96983
-275.00238,-4566.822,128.10661
-113.60013,-3159.3699,114.554886
-77.416176,-469.90396,144.7281
-402.66415,-3877.8987,111.01375
-173.45836,-2015.6304,112.94043
-128.04913,-2695.3223,143.56662
2.4983616,-1989.3418,135.72482
-151.37634,-2804.1472,147.52267
-349.85156,-4238.9253,110.32591
-480.4103,-6544.3823,130.19759
-159.45403,-2995.703,142.13173
-87.15819,-2402.294,113.12607
-220.0522,-1974.1104,139.14658
90.34313,651.07446,162.80086
-213.24577,-2112.5156,123.718925
-39.283222,-3419.1326,114.988
-166.61577,-1731.2827,125.66419
-547.4853,-9105.771,108.518394
-374.96112,-5245.519,126.99492
-72.39473,-2766.3105,123.77523
-328.3953,-5554.841,105.246284
-435.27087,-4322.95,119.549446
-160.55017,-3164.3403,122.06058
-251.47508,-3157.566,119.92903
122.47613,1655.4552,143.31221
10.603023,-194.58229,154.40482
123.176704,1064.5066,158.03477
164.28412,-53.25991,158.94579
-163.5917,-5093.117,113.02673
-177.52626,-1002.54736,144.47784
-347.0007,-5325.2856,134.75755
21.58788,1262.744,159.22403
-36.95807,-1421.707,145.56367
-195.363,-2582.1465,129.32149
23.910984,-73.48556,149.41559
-189.72298,-1855.0046,147.06464
-236.00006,-4543.209,118.03571
35.207317,-1441.3279,147.87967
-84.72239,-1397.302,163.35396
-319.88217,-5142.8726,103.03485
-216.04007,-2658.93,124.72723
18.995329,-138.59132,151.53769
2.7425041,-985.93823,134.99947
-224.5197,-4160.0806,118.76128
-77.34021,-1653.2458,118.01888
47.277332,-1557.6536,152.85043
-174.42908,-4163.48,114.01477
-375.83273,-5889.7695,107.715385
118.87054,1527.3123,155.30972
-135.4066,-1514.9946,158.76788
-208.29344,-1942.2026,123.41402
71.078384,1093.1384,157.33073
-181.3075,-1973.4106,126.474846
-179.3187,-2974.4854,133.22942
-218.38486,-5611.918,134.38531
-242.7795,-2111.2473,120.92856
39.816593,524.0944,158.9919
-275.90863,-3270.235,144.74232
98.06778,-366.32047,143.34291
-90.75989,-1539.9568,149.84447
-272.4084,-4751.8013,127.85682
-81.79567,-1888.3191,123.843056
-220.06146,-3084.298,121.39162
-69.764824,-705.99036,163.02171
-0.48743728,289.73752,153.7056
47.572548,854.13885,161.27655
-193.15094,-3666.9875,124.31566
-442.3252,-6643.435,149.34879
-84.82092,-2975.1667,137.67868
65.12052,-980.01746,145.73566
83.86906,-1132.1343,141.83357
-75.65661,-270.59305,150.7979
71.72833,-2231.245,115.30279
-28.300158,-510.51407,150.56442
8.176038,251.16777,157.92932
-122.14882,-1760.585,126.93234
-241.03969,-2344.6323,154.75507
136.65555,892.0828,190.75177
-58.23373,-121.98403,137.61717
-338.9544,-5801.6826,118.202995
-276.2784,-4070.4534,126.12818
-325.84836,-5721.544,123.33103
-114.824905,-1601.8247,122.1591
-134.18065,-4334.1475,137.50194
24.458212,-539.00037,167.98537
-30.679426,-595.7445,140.7266
-167.35663,-2642.0269,137.16689
-52.999714,-695.72107,139.72708
-39.159294,-2831.746,137.29407
-116.657196,-2417.0767,124.596825
-225.79378,-4550.917,133.99164
99.94056,995.50006,169.18567
-209.22849,-2574.4534,130.17738
-179.31659,-4036.3508,111.48863
-262.53308,-2532.6968,151.73595
120.51027,-128.46352,147.26782
-167.90848,-1696.9148,117.85119
-177.0348,-3548.4304,117.08214
14.0022335,-48.637352,138.63268
-42.34869,-1978.8489,138.4949
-54.98534,-666.6074,164.39978
-324.21634,-4156.2134,135.96033
-236.67686,-1054.9866,153.46815
-119.984436,-3011.5918,107.158195
-136.73077,-2025.377,150.39906
-15.673444,52.96714,133.11655
-113.14838,-614.31726,146.64592
-176.63293,-1886.7163,132.05817
-103.62747,-1924.7278,142.95471
-219.70288,-4132.9995,140.28273
-185.9152,-2028.8557,197.70303
-1.0835485,105.62882,155.8184
-372.2357,-4816.809,119.14247
-55.230503,-2080.835,127.07047
-112.601074,-912.0502,151.57103
-268.38037,-2908.3093,124.91712
9.023116,-876.35913,138.1466
-278.5643,-3737.827,128.49948
-98.15927,-1360.8208,149.68521
-252.19096,-4493.732,135.01154
-581.18524,-7772.4087,124.579414
-206.9545,-1805.0613,143.6498
3.791997,38.71958,136.7602
-235.68271,-4758.7974,122.881065
-124.40794,-3710.1306,121.48743
-187.0573,-1699.3784,127.31087
-427.48663,-6002.1353,125.36671
-309.52628,-3898.511,131.98625
-252.92564,-3722.302,144.57756
-66.629555,-1043.4872,136.63368
-46.575592,-5551.551,109.10858
-144.15216,-3818.7336,125.50347
-306.35794,-4817.1313,126.056496
8.476996,-679.9675,145.68065
-112.11952,-1295.6697,135.30382
-438.52185,-6582.2935,112.99511
14.919452,-800.2528,134.23393
-193.90012,-1738.2856,129.81375
10.354077,-945.11,131.22746
-337.8683,-5346.468,115.63219
-140.77103,-797.33936,164.05164
-42.05844,156.69719,155.30557
57.034866,-474.82498,151.18414
-52.782276,-953.22595,146.88293
57.631756,-1311.0356,132.93481
-122.34996,-1125.567,155.6743
-74.68998,-978.47375,131.10013
-160.33606,-1972.6707,133.8786
39.03635,422.58276,140.06952
-87.3197,-1095.2906,131.48605
-121.64458,-2857.4097,122.36745
-144.21889,-1307.0869,156.81117
20.785301,238.59117,152.81224
-255.51671,-4331.358,133.5177
-176.94038,-1258.6597,142.57506
-249.43279,-3041.232,134.9212
-134.15793,-2161.6213,126.724976
48.03225,926.38354,147.76566
-208.79979,-2651.5496,136.85461
-510.70023,-8571.221,113.98634
86.894936,929.763,150.69719
-69.513535,-409.13162,166.116
-101.94456,-1447.989,169.70026
45.757328,-133.95332,158.91745
-87.507034,-2426.115,136.66092
-200.94109,-2317.7263,129.65172
-148.75496,-1508.8191,169.35533
-224.20758,-1352.7261,134.35971
5.5379057,-1478.1577,136.47581
-121.13577,-3005.2952,159.6311
-1.8593416,331.33865,157.82628
-215.36086,-3115.1172,136.2896
-135.59525,-2473.0603,131.05618
-53.727924,-645.14014,150.30981
-147.55305,-1098.8218,136.10558
-179.71846,-1402.5491,136.2687
-28.345865,-2116.477,139.9783
-84.40944,57.934364,158.42836
-7.1571493,-1286.0574,124.72288
-425.23123,-7184.682,122.036125
-156.82272,-4000.6584,129.34282
61.45151,1566.9484,157.87863
-130.04033,-1870.948,149.70645
180.43358,1102.3824,147.43195
-541.03815,-7094.0957,133.14572
-382.0975,-5705.4277,151.75043
-7.859679,-420.02054,137.56865
147.66179,19.356972,141.57683
-135.9975,-1174.4915,147.0603
-96.0184,-305.7023,147.45496
20.374886,-312.9014,136.65213
-63.448444,151.17296,178.13086
12.141812,800.3727,166.075
-171.35674,-2880.2346,126.23706
-182.98932,-2225.3657,129.65121
-115.61656,-449.96426,141.966
-306.14914,-5774.439,122.32199
-108.29958,-1702.5095,123.28254
-147.8048,-1470.1187,143.8512
-7.208314,555.9666,168.40239
-25.80065,-794.8911,142.88799
-168.84589,-2823.1848,134.72348
-202.62025,-3855.3796,131.45967
-649.58185,-7646.682,143.11035
-3.968646,-1657.0032,135.79404
-130.0379,-2992.4475,122.883095
14.11846,635.8647,172.47737
-105.25763,-221.28297,156.76242
0.4135122,-182.80775,165.67287
92.89943,-961.6288,137.40709
58.764397,391.56668,144.38388
85.08326,394.45898,165.80356
-142.19655,-629.8854,140.88338
-66.10502,-501.95804,161.8829
-48.954365,-1928.166,130.46764
54.474426,-282.163,141.55785
11.127224,-1873.5911,149.28201
-50.813725,-451.14078,167.07718
-75.729546,49.499794,153.12709
-77.0387,928.5364,144.5008
-747.0986,-9374.108,111.49691
-254.94337,-4311.666,133.07794
-12.536227,-759.7981,129.36
62.09786,1479.6154,168.7687
-79.69826,-1071.5289,129.66144
-225.98344,-3695.1292,109.02742
-34.5764,-378.0933,149.76663
-374.064,-4155.9595,135.2397
-108.06254,-1111.0881,144.41519
28.342691,1190.5383,152.52951
-111.39461,-3362.6355,106.62338
-254.49492,-2687.5898,143.49309
-558.96936,-6730.3965,137.37585
-14.289079,198.23564,148.74745
-475.05466,-7380.3433,133.87477
-36.893574,-458.85452,167.20729
-275.72003,-3482.8079,126.01279
-23.16852,240.18279,151.19511
50.542854,711.48193,154.48494
-141.54086,-1573.8335,144.32637
-486.22214,-6663.527,125.1128
-139.70625,-2384.3801,148.03926
-157.03177,-2012.4626,127.5546
-56.983135,-657.5692,139.4423
-20.467054,-2200.0156,149.10587
-191.4078,-1720.6519,136.88521
-366.58276,-5764.341,125.21905
-618.12616,-9366.2705,108.76915
-37.675785,-692.6245,132.53542
-207.34956,-1627.3218,128.30699
-159.08963,-1568.196,151.36694
-170.30179,-2996.4297,139.10556
-123.67142,-2970.044,122.62859
-14.446786,-372.51492,152.35388
-175.57251,-1407.1262,143.80095
-160.66199,-1567.6587,140.21623
-229.07204,-4601.186,123.468124
-170.95906,-3268.8303,127.57321
-26.912256,-382.25235,151.31999
-102.49303,-1799.4106,136.8334
-229.29213,-4361.548,95.25434
-46.018528,-4592.4155,109.05448
32.29323,661.9772,128.33894
-1.9968157,-2002.9727,136.2542
160.25026,623.9839,152.80673
-247.58913,-2871.8125,127.13727
-3.1952276,-1908.1526,155.20837
-189.34131,-2125.3352,124.81692
-106.89905,-819.34155,131.63971
-214.94632,-1132.5782,146.48218
27.710817,-439.41434,140.17168
-127.967896,-1426.999,159.5513
2.984539,1167.1241,149.84561
-239.2517,-3971.9856,124.438095
-3.515027,13.407021,156.13377
-131.68933,-1059.3904,134.02766
-146.50299,-1456.906,117.26877
-363.67996,-5183.747,101.17653
195.35977,-1097.02,136.1049
-220.51979,-3305.9548,130.42923
-121.401306,-1605.773,150.83093
-39.51286,-35.09652,150.76247
-409.41287,-7115.9,82.1869
-99.19677,-1405.603,135.58675
-3.7064238,-1921.7092,124.113235
-63.913937,-8952.939,93.40787
-83.72665,-3111.9226,137.35765
36.16189,-1510.5784,133.23433
-192.69507,-6006.456,120.9363
7.2628956,-2463.833,127.664665
-216.29443,-3089.9692,160.07584
-118.034195,-1963.4648,124.43721
-354.9538,-6056.192,116.32752
-4.785203,-878.1603,117.52305
-97.166,-1225.4993,144.15166
-425.31277,-6376.321,133.03503
13.628571,-15.914146,140.25673
-141.19722,-3207.0427,127.539764
-142.749,-1132.9803,147.54494
-135.57681,-2030.081,139.21405
26.034437,-783.8496,131.0134
-345.1309,-3169.3325,138.15013
30.072308,355.85284,145.2212
-36.875973,-377.20535,146.2431
-576.3399,-8262.885,117.3056
-26.03678,-682.3369,131.2783
-38.093754,-829.2024,138.56464
-367.25122,-2792.8127,128.94888
-105.15184,-1003.33435,146.4948
-80.32569,-1761.6763,155.08868
-82.0697,-1119.7888,151.2135
-161.20631,-856.8873,129.98978
-124.65042,-1465.1956,137.9562
-117.82477,-3383.3596,123.01098
-86.48106,-1672.7949,126.01455
-130.49176,-522.99,160.15009
-201.73392,-3080.5369,152.83727
-284.82446,-3144.87,140.48631
-159.02892,-2215.2234,143.76659
25.452341,200.30388,160.5089
-396.65012,-4996.408,118.44401
-399.22803,-5984.5,121.88201
-116.281006,-1504.4895,157.13269
-275.95923,-2755.669,147.44482
-227.29498,-1908.2468,138.20549
-104.16956,-4555.543,153.9463
13.886865,-2000.5127,135.83635
-106.44812,-2800.8813,113.56512
-180.93263,-3346.201,142.64813
-118.81535,-3549.8904,112.80826
-154.66754,-978.75305,183.41997
-106.747955,-1052.9531,160.94463
8.339368,-958.37,150.5475
-132.21997,-2414.4783,143.45668
-112.515396,-2170.5752,111.023766
-72.48085,294.07114,173.4507
-259.45786,-3728.9294,123.77285
20.265255,-1304.763,131.7374
-103.46387,-2010.658,123.098816
-253.92186,-3494.672,123.7459
136.06294,199.71294,131.98459
-26.647642,-430.81265,150.19524
85.75284,319.7969,126.02776
-131.13712,-2312.286,131.82133
157.34554,-221.36244,163.29591
21.519543,-2337.5315,135.58589
113.788795,-533.1715,133.83197
-89.01595,-1806.2908,125.4777
-76.65308,-1229.0781,140.94731
-156.61911,-1277.1262,149.07045
-67.71205,-1382.2861,156.45389
35.34905,-476.59085,141.20055
-213.37657,-5373.537,115.914185
-332.17456,-4395.04,124.239975
-334.36978,-3175.7817,164.49086
-66.49946,-2313.8875,122.54063
-339.7469,-4432.956,124.80458
-10.17982,-1237.1482,143.15324
-219.05756,-3687.3894,130.48839
-137.5161,-2820.8972,144.72061
-94.31744,-2192.4978,127.275894
-180.63885,-2917.8843,127.98095
17.041256,-1016.64,140.46147
-400.60135,-4867.6235,132.86682
-218.48608,-3925.8694,146.22295
-274.5194,-3244.9724,115.48387
-146.4194,-2728.6433,123.406845
-468.40045,-5881.721,123.13257
-254.35884,-2115.5466,129.11066
-197.75227,-3637.6213,121.849434
-108.46737,-3697.4016,134.06577
-103.84633,-1726.5886,137.22986
-2.8779764,-714.0908,115.10078
-71.19677,-1010.41504,137.78094
37.63911,-1081.1742,141.99017
-213.47299,-2408.9126,148.57513
-300.4516,-2750.8877,155.59341
-67.65807,-1982.0901,129.85919
-3.3952856,-980.855,156.46017
-194.95926,-1925.335,142.49016
-276.77075,-2815.6562,145.4734
-86.22934,-252.69972,163.33386
-164.9723,-4835.8076,95.560684
-391.2419,-6011.3804,134.15414
-653.96747,-8809.962,139.2975
38.521248,-185.39894,147.95288
-275.5,-5120.0156,120.04355
7.9128246,-800.7555,160.54875
-22.743502,-1092.6155,122.17924
-130.39275,-4597.557,114.19459
-90.10757,-1044.291,144.49907
1.4587364,-349.80777,149.83023
-448.62866,-7483.4077,103.58932
-198.98091,-2620.1833,130.92064
174.2886,1666.7935,159.35037
-267.24078,-2433.97,133.79872
-466.87222,-7598.431,121.39694
-146.10036,-1805.8049,139.14503
-192.44432,-3701.0198,139.34213
-21.38748,-1286.1301,163.88745
-67.2555,-1271.2515,144.31744
-35.96665,-644.98804,131.53209
-371.95792,-6721.4595,116.64622
-22.640844,243.14653,170.27982
-222.27826,-4011.9124,151.79971
26.155323,-1221.5227,138.50858
1.4124441,-263.00137,147.675
-75.68552,-547.5409,150.95921
9.066777,-2075.5854,138.40591
-78.29567,-363.1719,153.96686
-164.51863,-4888.4233,102.58042
-70.075836,-267.0391,142.7559
-231.58797,-5159.3765,128.39778
-45.386208,-2094.3645,128.87299
-565.02545,-8595.221,136.3698
-222.9134,-4281.492,127.5399
-173.83519,-2584.0022,147.22719
-288.08228,-5453.1367,110.18986
41.861607,216.71959,148.33882
-85.036255,-1763.7151,141.92155
-282.82797,-3485.569,149.85727
-6.6125937,274.41153,156.94592
-134.84322,-1003.9762,140.03406
18.488497,875.82086,151.0738
-154.51627,-948.4833,153.00343
71.71224,-1432.9607,148.43427
-237.94298,-3356.3557,126.939964
59.944744,-989.63965,136.74075
-158.41765,-3416.7043,137.82216
-35.80898,-1936.7751,122.60766
-246.52937,-3775.5193,145.44554
0.8875866,-1767.9316,115.697266
-357.3747,-5043.701,139.14977
-16.104162,-761.27405,134.53015
-54.146885,-976.6278,149.43999
-244.41664,-3806.9148,139.41742
-255.35765,-4056.51,145.87466
40.797726,805.83295,146.13744
-179.9257,-3264.8118,116.10993
-68.49402,-952.91077,158.28447
-430.18295,-6581.9033,124.77461
-114.16388,-2975.365,110.97361
-73.332054,-522.7047,141.35556
-589.2065,-8841.864,131.6665
82.41119,-846.3905,142.82625
-143.52794,-882.55237,139.4986
-37.233906,-1027.6693,135.50206
-105.30486,-2099.2148,139.22267
-212.54176,-1751.6128,127.55341
-154.7666,-3588.5403,123.568794
-322.76105,-3413.1003,124.9263
-375.43896,-5130.13,106.13849
-167.4174,-983.2875,127.38323
108.64537,1056.6857,147.75552
-210.00789,-4387.509,142.08714
-149.97049,-2564.6577,118.18502
-135.55086,-1650.9758,148.35919
-225.13033,-4226.3403,128.68283
-154.40633,-3227.476,119.91006
-88.298,-965.7296,121.768005
-162.48099,-4280.2227,129.54619
-83.72188,-1054.9823,151.48366
63.61358,1332.4153,153.61862
-297.4547,-3563.8704,122.313965
-271.9022,-5345.3374,111.095055
-33.54488,-1739.0288,156.304
21.747046,571.8593,140.84486
-168.04811,-1225.4844,129.31802
-238.06364,-3605.5203,131.21248
139.66515,389.21005,139.0456
-54.855686,-637.5232,132.2591
42.0085,1622.7645,147.02464
12.773989,754.2473,135.70685
45.01298,1333.424,145.6372
-917.66296,-10655.152,104.473946
-36.53944,-1407.4644,144.93562
-356.98697,-6553.75,100.75473
-482.82956,-6063.9575,126.42282
50.712376,-257.0828,163.84059
-79.250404,-12.347557,124.97172
-110.607925,-795.06836,149.9003
63.90561,-30.418785,127.48242
-419.80927,-7499.403,128.37949
-87.05705,-1896.2407,145.01984
-435.96457,-7057.302,124.424416
183.86092,1817.3077,162.22156
-4.495591,-2385.101,121.74467
-177.87883,-2129.796,180.85504
-231.388,-5186.2827,126.62071
63.85762,639.0685,140.61479
-75.25503,-1222.7952,153.15652
-174.605,-2836.7026,120.91059
-58.182476,-12.052635,175.19983
-189.639,-2693.7122,130.94554
-74.81209,-1332.9651,118.875084
-48.169247,-439.37515,128.3742
-54.610966,-3474.5364,122.34239
-447.09534,-9988.767,103.831764
-231.426,-3321.9114,138.80199
64.341644,514.02563,175.8153
-133.39085,-3022.2559,127.25972
-280.31625,-5774.885,137.21977
-115.41411,-2340.2349,122.91642
-56.644253,-1057.6289,145.44966
-68.7596,-292.1713,127.594246
-29.59984,-811.33203,133.55391
-245.75426,-3125.6802,133.30086
-153.27324,-1811.6499,134.88501
-71.09024,-1404.2009,126.89697
42.87889,-507.5674,141.31825
-52.76373,-645.3545,143.54857
-429.36823,-6984.579,144.83252
-170.70268,-3242.7415,134.14085
-156.3082,-2740.6814,141.56967
43.63447,544.8419,144.10965
-34.081753,747.19037,154.82951
-221.69864,-2852.6377,130.92664
-209.95273,-947.2715,144.95065
-197.59636,-2708.7275,143.06128
-130.27238,-2045.689,118.44277
-259.61142,-5549.16,119.17821
13.439029,-1142.9357,126.08801
-142.62514,-5868.5586,100.12169
80.99239,187.61821,131.54224
59.322594,2042.1344,144.75737
192.94572,968.4787,137.70564
-118.01387,-2556.5393,142.78488
9.667688,-1405.0437,149.97784
-127.08214,-2405.971,99.47428
-231.49007,-3409.825,146.1635
180.12105,1099.7391,146.79408
-465.26666,-6228.215,123.00589
5.5015526,-430.47232,129.37775
-359.36102,-5819.32,136.29788
-118.812225,-3823.993,106.83621
-67.682755,-404.79068,143.18307
19.141392,-1352.6648,142.1252
-189.55997,-5002.2744,123.80274
-369.86078,-5388.3228,164.79971
-197.78369,-1288.4817,141.18956
-466.40018,-5369.7676,155.09444
-144.59987,-3020.1914,132.36545
-370.48322,-6155.4443,118.707886
-149.12999,-910.76306,155.57837
-118.5056,-1112.9043,122.17826
-34.570465,-2471.53,130.33507
-240.83388,-2894.2505,133.06668
-242.02974,-4598.104,107.13326
-54.517002,-2212.1128,145.99802
-106.43824,-3759.0388,114.56686
-70.7473,-1310.0413,153.56573
-375.14612,-5245.7485,139.35213
-42.177315,-45.23153,149.3119
-100.41495,-2083.676,129.9676
-40.704918,479.64203,143.93341
2.5697193,673.2586,147.78777
-439.94193,-5344.2563,125.676
-172.82729,-2593.5852,111.841545
-220.49362,-3084.682,145.2762
-55.01105,-1053.4626,179.01456
-195.17839,-2457.2766,121.82528
-15.4335165,-2170.8423,147.79248
-419.77182,-5459.9854,112.0999
-316.80414,-5289.8726,117.24243
-268.9255,-2342.7493,144.61128
-292.02783,-5322.9844,116.753624
-280.60733,-4360.659,138.55537
-9.722495,-1618.9907,147.31938
-170.60442,-3363.577,138.11853
-3.565364,-1386.6265,129.00174
-33.46055,-893.57434,134.49315
-64.58831,-2293.0981,135.60457
-314.7416,-4981.795,127.14423
32.99336,411.13513,159.59778
-646.3407,-9507.778,98.67568
-101.05267,-2673.28,117.43497
7.1250753,-767.6394,142.8841
-201.18146,-2251.945,130.07668
78.49474,1011.5254,138.46901
-314.5582,-5773.345,118.32148
33.219006,1966.189,159.2417
-53.670345,-368.4767,125.10024
30.54756,342.2797,141.97684
57.156784,1259.3959,147.53366
-196.5007,-1825.8809,144.81078
44.66404,-488.5956,145.28015
17.05715,1352.1527,142.10695
7.8822355,-1263.7126,143.11707
-701.3599,-11181.956,115.671974
-103.54551,-1387.0696,155.36443
-84.20408,-961.5653,137.15854
6.6325397,-1894.467,131.098
42.66578,671.83185,163.87526
-314.3947,-5403.8306,120.05437
-134.75648,-1581.3367,126.28797
-162.41144,-2110.5718,123.52938
1.9449377,277.29288,135.97116
-110.64984,-1478.9033,154.50363
69.09792,-285.53653,148.84497
-76.943016,-501.5258,135.14296
8.706534,-361.44095,156.79091
-37.9847,-2148.7266,135.61395
-83.05099,-225.35963,162.355
-136.91505,-1542.7917,136.7569
-267.2625,-4259.646,147.56078
-487.98264,-4563.842,133.98006
-19.330404,509.50797,173.36263
-35.374424,-875.3312,135.55621
-22.779291,-1034.2914,131.44276
-13.40644,-501.87955,131.88396
-142.9999,-2093.4702,125.45251
-17.194532,-109.10946,138.41492
-157.42877,-1744.435,133.4027
-112.90564,-1129.9523,131.49857
-34.38046,-1449.6882,155.44604
136.0399,298.5165,137.4002
-85.826355,-1121.0764,164.25131
-241.38411,-2725.0186,118.67097
-150.32686,-632.4231,144.06882
-47.286583,-248.52748,127.0061
-17.12234,444.71484,144.15225
-187.2711,-1320.5632,142.33846
-153.08687,-3266.2805,140.46524
-149.60239,-1697.7644,152.79073
33.580772,-339.913,124.24576
-278.21423,-4315.2876,119.59192
-59.10789,-2388.372,144.32889
-573.1976,-11020.375,95.525925
-421.90833,-6051.623,128.88388
-116.226776,-1983.6902,134.38432
-361.3631,-6674.9985,97.97965
-163.45593,-880.5856,142.96326
-190.84013,-3945.3386,136.38022
-99.81466,-1522.3635,133.56763
-111.957565,-3320.4841,108.90857
-204.71696,-3034.5935,128.32051
-102.77991,-237.02626,137.70876
-237.6761,-2001.4543,167.21553
-226.23447,-4229.6787,135.08882
-351.22333,-5885.176,130.58195
-92.84563,-3000.7996,118.018196
-58.38435,-3169.8088,119.06995
-171.1332,-1035.0123,123.82123
-154.73431,-6991.0073,92.34051
-236.38316,-4969.542,101.38906
-45.263035,-1625.7424,115.68571
105.056625,1735.3607,164.79395
-165.14867,-4398.288,131.17928
-545.89624,-6302.9717,121.39393
-46.05347,343.40933,129.80196
-45.801586,-3432.952,141.63365
-49.7448,-524.46704,150.45282
-365.76303,-6889.818,134.44785
118.4232,391.721,153.97328
-454.84784,-6288.232,104.31506
-144.83597,-2184.7708,147.47316
-57.40671,204.17906,132.7138
-171.60854,-1387.6501,141.52054
-110.24638,-3497.552,138.24495
-218.96042,-2108.1482,127.98481
-12.23899,-1561.7307,145.00626
138.54684,914.1819,149.8114
37.850647,49.56974,148.63269
-71.20885,-646.895,149.19644
-23.867247,-3183.6602,122.83199
-224.14229,-3617.6023,101.564064
-161.08623,-4467.8213,87.152565
-63.047016,-2074.0063,135.60982
-386.4922,-6783.5063,121.59755
-205.36362,-5523.396,109.39878
-191.36322,-2581.1453,151.3607
-152.87532,-3046.702,130.63171
-145.95998,-2068.254,159.68596
54.202152,879.5153,140.87724
-248.81404,-3803.7717,124.80717
64.35158,622.91907,163.04625
9.646341,-1125.49,132.88841
-216.27289,-2379.5366,120.863
-86.07396,-559.27734,137.20842
-118.742386,-562.18884,140.68294
7.177575,-643.71313,154.10194
45.050064,112.56663,143.62767
-45.097317,-679.1194,136.06836
-25.788233,29.618446,130.61064
-68.09776,-1392.7012,143.90466
116.493004,-106.146935,135.63902
78.538574,227.27892,141.27448
-105.51855,-1730.3164,124.47965
-41.924896,-1779.1096,124.92621
47.337593,-374.7958,145.95934
-377.40894,-10504.76,131.56908
-24.12911,-640.99817,151.78328
-261.98004,-3816.797,130.48131
-215.08449,-2178.83,142.78433
-111.759186,-3743.8127,123.90064
-31.442099,-2988.1875,117.81287
-285.77356,-4311.8667,133.3617
-239.90257,-2906.8918,125.99144
-354.78217,-4140.0317,136.12389
-139.47949,-1578.7275,147.93408
27.531822,510.31644,152.7092
71.73164,-968.40955,145.23969
-314.34744,-3243.366,131.70183
-7.78946,-2079.4233,151.45215
-109.48451,513.5131,165.65971
-74.960915,-3404.3074,104.70609
-378.683,-4142.8696,126.43629
-334.32892,-3783.5984,140.42963
-326.29788,-3501.069,149.83119
-122.90286,-1798.8533,131.27786
-387.1594,-4699.206,117.53265
11.119536,355.9146,144.25377
-59.678173,-1236.7329,127.429306
-203.54033,-2409.6487,134.56161
-190.11713,-4442.616,126.78941
-56.552074,-3397.5579,131.28706
-239.29146,-2711.089,125.04438
8.206225,-1215.6926,143.57465
-486.40494,-6590.4004,104.53178
-302.16013,-3028.0571,152.05927
-328.04813,-6274.1963,129.69429
-387.69028,-4690.8726,138.59477
-89.24641,-953.2521,145.78957
-451.88574,-5434.836,137.01646
-142.04938,-4177.124,136.74059
-346.7174,-4305.6274,122.21323
-183.87402,-1765.8091,166.29231
-137.1527,-3394.1355,105.83126
10.963711,-806.38245,155.51276
-395.95786,-4127.2207,131.05113
-527.8667,-6484.528,107.84993
-159.31691,-1167.0547,146.73895
97.86395,923.15735,143.08807
-163.11143,-3474.5315,107.48314
-74.81923,-729.1653,152.97495
61.484634,328.8099,136.13678
-304.23254,-2994.2017,127.98122
66.71772,-414.7891,127.71552
-427.98145,-5691.2573,155.69409
-448.12067,-6568.507,127.10559
-125.85823,-1387.2012,128.25066
-144.23386,-2179.5078,127.93273
-12.52638,47.459084,153.51091
-470.13928,-7708.474,102.07444
-62.353413,-2456.4153,121.303604
-138.34175,-1296.2346,170.10414
-197.09375,-3559.5017,145.3611
-485.9293,-6802.0483,145.89801
-281.0554,-3568.0134,126.19139
-75.54068,-1704.1804,151.40979
-294.50317,-3458.469,116.12241
38.931595,-2004.968,132.36296
-41.393856,-3407.1062,112.392426
176.36057,1660.8629,145.98096
-41.969784,-1239.7256,134.43091
-313.12866,-6398.445,107.88411
-17.164549,-2615.6602,119.25275
-253.50209,-3194.7024,148.06462
-152.79874,-2439.6506,139.21616
-211.58867,-2106.8823,130.14514
-55.23039,-845.1228,117.12462
-365.6719,-5230.173,120.88458
1.4812021,-629.42993,150.64297
-382.4869,-5268.3516,150.67473
-147.3469,-2147.6873,142.57538
-395.06885,-5674.566,101.88133
-288.74045,-4930.2056,129.32086
-84.44013,-1276.1018,142.44643
-135.29584,-2938.1006,110.47694
-166.40958,-5052.9004,106.16232
-197.92659,-1944.9746,146.51439
-202.36746,-3713.6682,125.82393
-235.29756,-3382.535,125.65644
-189.3624,-1823.9536,149.27948
-479.65152,-4653.735,137.35583
-134.16658,-1265.082,114.65341
-116.31641,-768.6338,164.54703
-543.45636,-7797.565,99.51754
-550.79974,-8917.893,89.29658
-108.81081,-5139.496,108.929886
-339.09268,-3188.5283,139.13766
106.08991,363.3857,144.34001
-248.01552,-5183.1514,118.904045
-191.38348,-3398.5798,148.47664
-512.4703,-6566.2715,130.49553
136.1817,1171.8973,152.67307
47.336605,-158.4861,140.25629
-131.71335,-2853.0723,122.09698
49.872242,868.9973,163.38954
-189.16295,-4341.5664,130.3365
-357.79694,-4216.1577,140.1983
-181.05238,-1993.1753,125.89399
-368.50235,-5997.6655,129.50243
66.22766,1533.9983,139.49306
-92.14004,-336.8257,154.24506
-147.47708,-4278.536,129.22992
-47.467365,-974.86475,131.53181
-579.5622,-7352.7075,142.64087
-22.783262,46.01664,133.50099
-41.06905,-1477.1868,138.82951
-404.22644,-7336.1313,111.3696
-496.55136,-4798.842,146.79028
-488.6582,-5335.633,125.14349
1.5449839,1201.7295,165.59834
30.544464,174.83012,138.05606
-75.596245,-682.1815,140.62854
-73.10282,-190.29335,150.01743
-235.051,-2660.5132,139.10783
-305.26474,-4698.86,121.738495
-165.0125,-1074.7931,167.5435
-180.95203,-3292.4822,163.27255
-174.01474,-1365.9136,146.02162
-20.861773,-492.0497,143.21503
-375.01917,-5004.1416,115.611084
-168.63841,-2253.5,143.51894
-134.0897,-925.31555,141.97917
-91.41875,-1559.458,127.30663
-211.36996,-2982.8633,138.29642
-203.65071,-4068.089,108.66846
-285.60748,-2862.803,154.0893
-77.366516,371.51654,152.3531
-2.908908,-430.53128,139.44077
129.98727,-896.2283,144.00209
22.460909,-1593.3062,170.09322
-120.472275,-2467.4895,124.60178
-32.377937,-1521.1682,138.44238
-39.8387,588.44824,151.24226
-330.41644,-4303.726,120.71525
-30.595564,-296.3572,150.76399
-22.560648,-138.05385,149.55501
-236.97261,-3031.93,130.39697
78.00634,633.4248,153.0157
85.80275,242.09239,128.3856
-113.455124,-3732.2576,127.88965
-194.2377,-2148.7402,122.194756
-202.25768,-3603.5217,138.11752
-333.32336,-2695.173,129.81517
26.214264,-853.7711,138.40598
-206.09215,-5102.592,110.52778
-195.38904,-4900.177,99.65964
-365.1236,-6965.055,124.72619
-169.3625,-2455.7002,122.50505
-276.53983,-3299.451,134.73016
-87.47953,-1513.0156,147.41731
-300.12473,-3436.6345,135.52621
91.88535,-1506.3269,138.27634
-7.0662184,-1464.427,144.5821
-143.25441,-1843.4453,122.64495
-147.2432,-2768.094,162.58171
-380.77066,-7178.5654,100.709076
-172.08484,-3778.6057,113.52897
-79.28089,-2866.1863,131.28532
-142.83403,-2451.6096,147.36731
-14.498363,-1671.1475,137.15375
-133.02171,-3790.5188,105.03775
111.89501,696.41876,158.60289
-183.62936,-2028.6567,138.12343
-409.57162,-8098.225,97.3172
-574.0318,-5788.891,148.23027
-611.8535,-7983.647,115.11335
-153.09534,-4086.9065,150.84615
-24.25559,-741.19946,144.42665
-143.8602,-1444.9861,134.68828
-155.14757,-3467.9138,141.08669
110.673996,1437.832,155.02902
-293.05118,-1850.0803,137.28737
10.647593,812.2921,154.92204
-92.01531,-3243.5413,107.91976
99.801414,1685.1263,160.23262
-86.51651,-2161.1865,131.56148
-15.434316,-2658.7427,145.94449
-180.90897,-4332.133,129.94386
-6.875739,42.26603,145.42764
-0.25546744,722.9171,147.9126
-209.803,-3354.7917,118.491325
72.792854,-1150.885,138.43575
-137.09439,-1582.969,150.93129
-125.32231,-674.0349,146.96751
-431.40237,-5046.1616,130.46521
-108.21268,-1575.1113,132.61142
-38.616375,-1526.4258,139.64383
-61.810886,-2601.6624,139.3668
85.165436,1496.0371,140.03314
-218.80803,-3270.3127,124.05395
-196.21938,-4687.461,133.97003
-481.63168,-7236.2783,109.269516
-179.63492,-1700.2151,147.72816
-15.525891,-1276.2129,135.14119
-305.4606,-2403.176,143.707
-276.55533,-3561.111,134.17532
20.864029,-1344.8044,128.06807
22.222853,-1969.4299,143.87653
-318.38956,-4574.503,124.43711
-265.48553,-3690.7834,139.73973
-111.52902,-1800.9766,160.26245
-304.4609,-4494.659,125.27424
-100.09121,-2624.0833,162.34206
-240.4557,-1618.2754,146.3269
-274.75964,-2530.3677,138.93146
-139.83664,-765.5459,144.78706
-8.68208,-255.80592,136.05203
19.983437,-1090.3201,143.54288
-135.71103,-2033.7109,153.89667
-243.80424,-6535.553,116.75592
-215.3604,-2467.824,146.2449
-124.36331,-1040.5897,134.16414
-266.20114,-3369.0002,122.2352
-329.18088,-3660.3264,108.174416
-99.87325,-830.5165,127.10853
-301.66235,-5089.911,143.74536
-356.96085,-4719.488,132.02435
-47.778248,1286.759,160.80388
-114.37425,-2316.178,138.89877
30.861477,-1200.4548,140.72067
-45.99011,-1035.5111,167.77734
-307.37772,-4967.6,139.08528
-1.1588373,-1688.1707,125.263535
-213.64238,-2230.9382,147.26927
-353.03503,-3974.0476,138.05698
67.626755,1209.3939,157.7611
-107.39107,-1357.7214,130.05247
-735.1972,-8420.402,116.94639
-442.9099,-4088.4934,137.88509
-58.814426,103.26292,130.99007
-381.62802,-5791.091,115.32706
-76.6516,-1721.6667,140.1997
134.91417,591.86835,142.03717
-187.18742,-2112.661,126.834564
-440.09958,-5480.9146,113.441284
-52.483433,-1923.0652,126.069954
-225.51634,-3969.279,114.14889
-147.2488,-2735.5955,110.43347
-320.0484,-3470.2102,175.59091
-212.9556,-5120.0664,122.51442
-152.0852,-2817.0068,132.9452
-83.74483,-1024.7473,130.06056
-85.18617,-2571.1392,124.27966
11.065877,-646.9314,145.06323
-103.53239,-1574.6833,143.93465
-404.71274,-5655.5684,149.84457
-156.14163,-2971.6494,123.86685
-229.84793,-4602.449,128.35493
-69.27929,-82.540855,141.12532
-302.90668,-5750.1353,116.29607
-76.93423,-790.2749,139.28903
-54.024326,-1047.3457,140.01651
-163.88492,-3183.6565,135.58412
-327.726,-4307.861,150.49722
-187.76405,-2979.345,144.02393
-14.205754,-442.68985,139.43718
-86.55222,-2449.37,115.238205
-326.71613,-5517.3716,152.9157
-124.156265,-1713.5522,128.51045
-398.8259,-6081.1567,113.622116
-157.07314,-2620.4395,140.45285
-498.225,-5469.995,133.29411
98.25293,346.85562,129.45
-239.20995,-3227.6626,131.9437
-277.61945,-2238.9607,143.25732
-121.12755,-4101.868,131.45396
-153.27394,-2533.3354,151.86548
-46.51188,-227.92067,160.89417
-75.52479,-774.4087,139.7741
210.42308,1699.7534,163.49953
-48.32432,-3336.3367,156.91228
-289.2533,-4194.2495,103.70897
-294.10394,-3601.5315,139.78178
54.543407,-334.75784,153.12889
-450.44324,-7613.024,107.73889
-124.80751,-1578.4497,137.83649
69.628586,383.34393,143.61786
-218.17085,-3531.719,159.91293
-44.51734,-752.1056,148.3564
-219.65355,-3178.3906,129.5218
39.49631,1001.68054,162.49544
-52.35973,-321.7288,143.04048
-17.343214,-203.76942,152.39491
-192.91402,-3414.821,120.93946
-23.921553,-622.8517,137.0311
-128.84558,-1311.7219,123.14023
63.559708,-1339.065,114.33317
-94.64335,-1184.1534,128.2665
-161.88977,-3123.7437,134.62938
-339.9619,-6187.8066,97.9067
-335.12164,-4161.7964,123.46858
177.07968,708.38794,144.92813
-48.25948,-825.13513,144.59177
-273.49106,-4528.5327,110.21568
-281.6362,-3219.906,136.87395
-119.58247,-352.0845,128.72763
-93.68141,537.21765,166.52904
-246.50627,-6632.8574,109.12791
-62.287083,-597.59607,159.21884
-58.73621,-370.2947,163.71751
-197.16678,-1127.9543,147.21436
-322.19202,-2743.2026,144.4786
-91.453865,-598.9226,169.20374
-165.68163,-3820.0745,132.587
18.226152,1219.7439,179.45447
-100.81702,-1007.17236,146.59834
-81.91685,-1117.077,128.57828
-47.21675,-1558.541,154.22566
-241.50426,-3009.823,138.58513
-482.55173,-6853.815,124.319405
-462.33276,-6831.0786,107.45216
-181.38622,-2738.4834,140.82819
-97.98139,-570.5121,131.19508
-169.78146,-2888.1658,143.34508
-543.8721,-7076.1445,133.01639
-107.689964,-2312.3823,126.82702
-136.84375,-1845.2488,141.49835
2.189475,781.6959,161.62059
-125.82579,-2036.1311,136.90924
41.2489,-453.16214,150.07596
-338.09467,-3928.0984,123.93747
-259.03778,-4999.5337,117.338455
-291.38266,-3679.1033,125.34556
-96.69624,-211.4839,147.83498
-197.05458,-1149.5502,161.35213
-173.92021,-1290.8533,154.43988
-156.53214,-2838.6733,147.27557
82.136604,1048.2289,157.83232
-196.0008,-2930.7446,128.1057
-194.88739,-3939.8215,108.355194
-441.9956,-5774.9946,119.206436
48.634,-153.79805,147.89772
-271.3952,-4392.0483,154.44249
-55.563694,-1248.804,148.26227
-14.837731,285.6929,152.76585
42.991753,-344.2211,147.55406
-221.61853,-3423.1394,112.28966
-151.88571,-2419.7617,129.65872
-226.10947,-3954.1477,122.29449
-172.48572,-2601.527,175.42757
-110.06314,-1466.2783,154.62299
-382.99686,-4471.346,124.03682
-137.03473,-1220.5854,140.1969
-185.4036,-2052.825,128.34135
-166.24178,-3494.885,136.04315
-25.522352,1213.1075,155.64122
-271.99707,-3367.443,135.00345
-45.659405,-824.4043,132.36488
-128.131,-2229.9475,133.1906
-68.62431,-382.34207,167.5507
-382.842,-7835.18,105.090034
-220.46837,-3699.3323,108.47043
11.939861,-841.78625,130.13663
-91.845985,-877.8904,154.49875
-214.33502,-3646.8674,145.87523
-120.68054,-688.0924,152.10197
93.61194,1748.3234,168.89601
-45.184456,-440.14883,155.83086
-379.80673,-5474.9565,116.64953
-6.919236,-2294.737,141.51408
-60.535877,381.30344,175.60257
109.813934,-37.165733,143.17685
-141.5258,-3918.6204,114.4327
55.794746,-1998.2458,115.75466
-173.6427,-4269.0244,115.349014
-327.10477,-5521.924,84.54503
85.59625,1158.5092,145.60056
-99.650826,-1382.9739,136.19205
-41.068157,-1470.6218,145.3703
13.077962,-870.3353,159.40814
-282.50345,-3935.0154,142.23764
113.58687,701.2605,148.90085
-307.5099,-4916.484,134.13141
-340.0988,-5014.5474,125.642265
-160.70264,-1698.8591,122.25279
-148.06477,-2321.9312,144.12935
-305.99448,-4077.2058,122.30464
25.736814,9.817116,140.11392
108.90354,-2156.3105,125.4746
-208.71269,-2778.1628,133.77573
-161.30624,-4137.1606,123.14767
-328.81396,-4514.0264,132.08607
-239.35994,-3153.5273,129.9591
-305.01907,-5594.668,126.40614
-49.916767,219.70964,141.85509
-247.28493,-3217.3262,134.82562
-53.78993,-1874.9409,147.09114
-174.00705,-3623.1843,118.67674
14.809034,-839.7023,125.16388
-394.39584,-4934.8164,124.54737
-310.70435,-5539.3037,128.99042
-89.75425,-3969.0657,111.933586
-35.07007,-1287.2356,132.76593
-257.44833,-4808.5264,143.98161
70.86469,1215.4446,138.01784
-246.99623,-4246.2812,124.95444
-120.28348,-1024.5466,139.8642
-66.29905,-543.7473,185.55983
-325.88904,-3426.5535,123.079575
33.81043,-825.1648,131.30153
-303.22406,-4858.245,149.75548
-211.14021,-3290.6282,122.178246
-152.84286,-2060.2126,121.79955
-81.74695,-1018.077,143.8803
48.47671,574.6537,150.90515
-196.78835,-4684.8496,119.55351
-190.73636,-2418.5889,141.4783
-274.10083,-3522.1423,128.57494
-297.74,-4257.883,142.43878
55.945797,896.1061,165.73753
57.370857,-1833.8767,116.68135
-129.90997,-1239.2087,156.8547
-17.092627,-112.047264,143.46184
0.17404267,-1582.5181,120.565865
-124.47774,-1012.6195,165.18683
-135.90211,-2128.9314,178.57109
-211.36005,-3703.8494,139.03835
121.09456,513.2105,149.81638
-571.4031,-7089.111,127.09867
-243.1704,-5292.852,118.17536
-318.67416,-5153.161,151.0528
-33.65818,-543.11426,122.878525
-5.4787073,-1530.6089,119.26394
157.3506,1241.111,159.90303
-262.51654,-3027.3103,136.3159
31.499752,-894.2063,137.67154
-555.3213,-6723.583,114.464386
-509.8779,-5472.371,133.71178
-389.35068,-5847.092,141.65657
-108.27123,-2156.8196,150.45782
-264.73935,-2632.8599,127.30918
93.409546,463.88657,145.58488
-103.45191,-434.28006,145.42122
21.02536,591.7546,168.48499
-583.35474,-7804.234,111.695274
40.348667,1161.5771,146.48454
-54.9828,-280.5009,129.46088
-32.69273,-1755.3838,138.99594
-321.22025,-3797.2703,98.65906
-114.636826,-2544.8574,140.48183
-140.05727,-2316.9216,132.05956
-88.547165,-1190.1914,154.57587
-81.62686,-1990.5991,171.38579
-276.7163,-4420.327,108.19734
-98.61408,-1050.3776,124.761
76.06328,-1620.8552,146.89699
-96.74553,-619.9103,147.07173
-77.525406,-1004.8237,134.94983
-185.91728,-1323.4644,127.014046
-194.28754,-2826.6982,139.14302
-233.74667,-2582.217,137.68016
-79.505135,-2872.1775,126.92938
-263.04492,-2864.4722,142.78545
-210.74266,-1370.3811,137.87889
-226.59702,-3390.1335,122.81272
-9.051425,-1790.8611,134.4751
-164.79344,-3588.7678,130.82607
-3.6385508,-1928.9348,123.468254
-157.89066,-2074.4287,142.96619
-168.43611,-2299.136,134.59196
52.251305,-765.11536,146.22668
86.15605,-1116.3356,134.90038
-88.455696,-1215.0691,142.17052
-183.78694,-2099.1667,135.9164
-248.32225,-4090.862,154.51747
23.139496,961.6511,152.18486
-205.23468,-2500.088,132.92844
20.547554,1099.6365,149.03535
84.64442,-684.98096,140.03722
-137.2643,-1951.562,145.89784
22.605438,-1173.5546,145.06465
-202.22389,-2433.8528,140.7294
-14.480081,-1324.5352,148.5162
-93.66998,-3249.1155,135.10622
-55.213062,-814.7313,151.6501
-312.8604,-4712.1895,128.24559
-640.0878,-7996.065,107.60302
-91.07747,-1860.6248,131.59373
-672.6128,-7844.4155,117.31047
-188.79562,-3551.902,128.25333
-30.199434,-518.3882,145.02182
-455.23932,-6356.8115,145.72084
-80.400246,-1034.4575,170.84949
-303.99194,-4762.455,144.12827
-26.257463,-1507.7129,129.7634
92.0854,-273.42838,140.16844
-321.59534,-3676.1072,128.28258
-309.5875,-5923.2603,100.583496
-193.94792,-2817.9248,141.52634
52.112907,-1833.7183,138.45074
-486.9518,-7210.8584,90.70738
-185.38501,-2655.0623,121.56051
-480.17578,-6870.495,120.48635
-59.17171,-2005.2314,138.23952
-280.8286,-3952.7625,137.55377
-78.404076,-1299.4524,150.08102
-12.657439,-714.2156,161.86696
51.93284,-1029.0431,137.26997
31.246367,-1718.6194,120.42438
27.346992,684.5146,153.33426
-88.63396,-462.55557,145.40596
22.551926,66.34971,146.91899
6.986165,-1520.5723,131.40184
-184.69109,-2100.804,138.94574
-284.8499,-5712.216,137.89923
-60.592236,-533.0482,156.88307
30.27376,894.4188,168.39194
45.858967,1201.6576,153.68134
-134.84354,-3064.9915,133.76767
104.938225,1614.0508,153.86221
-198.48492,-3714.985,137.71944
-28.574198,-665.41003,144.74622
0.7423439,-902.9308,118.26574
-359.0171,-6021.1494,90.56597
-17.742056,-1072.0426,148.74147
-127.720505,-1314.8372,133.04239
-50.484478,-2533.178,113.81643
-108.860214,-1180.8516,141.48013
-567.4421,-6706.7036,132.81499
29.765076,-2649.492,131.59723
-220.37762,-2456.6724,141.98409
-217.03897,-2636.1309,129.59467
94.25196,-199.41664,157.19447
-458.5341,-6965.2993,138.1046
-400.0496,-5033.0483,115.591644
-155.80994,-2207.6213,141.41899
-298.10846,-3221.2722,138.85144
51.037,-560.7539,144.88445
-63.78124,395.65738,129.73927
-302.73212,-3135.2007,133.45319
-148.46742,-4013.0066,134.25923
12.238786,-570.8059,140.76839
-118.210785,-932.74207,122.38109
-27.03205,-987.7145,134.7127
-339.91122,-6039.2754,131.22308
-451.66684,-6334.0356,116.040276
-78.15699,-1165.5509,140.84933
50.527622,-1205.7397,133.18105
-80.501045,-1732.8762,136.83246
-157.77693,-4897.2725,134.89417
-93.40721,-1256.7048,136.74414
-305.65826,-5419.3833,119.889725
-206.45877,-2596.005,114.32556
-180.988,-4170.475,133.90201
44.130882,820.22504,154.50983
-82.35028,-1160.7007,136.32599
-529.2009,-5584.8833,119.891525
-70.09781,-1395.2051,134.64679
105.44474,-1960.6472,130.55478
-43.520405,-574.88354,129.56648
-523.0077,-7534.804,135.04576
-289.60434,-4210.9136,149.41856
-87.40737,-407.26505,145.50227
43.194798,146.70976,143.0892
-425.86194,-4758.425,151.63654
11.176214,-402.5132,143.52412
18.612476,233.14928,186.93497
31.501076,-255.907,150.45311
-316.56253,-4053.2585,115.786804
-150.42679,-1417.6028,136.00679
35.874897,-1461.8164,134.41644
-124.56329,-1103.9612,147.68489
-260.58517,-4333.025,124.03355
-7.1489134,-890.97375,133.65698
-54.162426,-479.96292,150.75766
-309.62256,-4108.437,126.21344
-54.4042,-816.4961,140.87576
27.222746,-2612.5908,151.56654
-480.05328,-9953.417,118.6584
-76.88869,-1561.2532,134.2283
-557.6044,-7258.9893,140.21725
-307.4682,-5540.6772,110.687096
-163.64388,-1819.7168,141.67937
-16.327742,-2567.168,121.65543
-130.75237,-280.35477,160.2953
-260.57422,-3086.3594,115.30581
-228.79807,-5203.0503,114.66014
-30.377298,-950.32336,134.50891
-50.108143,-1196.8489,143.90817
-615.7329,-9912.861,104.22063
-173.56468,-911.4464,175.75635
-61.211536,-1050.2433,125.08088
-117.23442,-1234.3281,149.49731
-331.88593,-4571.7397,127.84189
-37.287132,372.844,137.44986
18.59862,-1962.095,135.59608
-85.25962,240.51628,136.548
40.881,1243.7817,162.61513
-132.50996,-851.0663,145.92288
-258.93573,-4389.1562,107.25964
-8.267993,-2376.362,111.08283
-71.02239,-5553.3354,112.343445
69.47726,2098.994,161.00446
-288.16837,-2320.2761,165.66383
-223.12431,-3346.9407,123.51233
-121.122086,-2666.5425,145.40007
99.428635,991.4409,163.52812
-123.10614,-3229.9502,118.66072
-84.19556,-2666.3867,146.89812
-61.813923,-1227.9429,143.70927
-326.90472,-6505.428,121.09472
0.32125565,-388.8002,138.01607
-118.5114,-278.15457,143.44695
-76.00717,-1451.1438,147.80013
-202.73126,-4234.3765,128.20514
-160.8307,-2273.5056,134.81964
-166.23701,-2959.563,131.55614
-237.06242,-5064.49,128.21167
-197.37102,-4072.7834,117.8059
-337.22867,-5333.0234,124.70028
-297.45227,-5644.1553,119.90701
-74.1479,-1750.7468,111.48808
204.51324,819.59326,136.0852
-295.85645,-3685.764,123.32703
-374.44998,-6270.973,105.66592
107.12713,1620.4188,169.40244
23.504898,734.7972,155.44737
-79.719345,-865.7876,148.67082
41.068554,540.58887,145.3751
-668.51776,-9284.059,119.09823
23.595343,-77.44369,130.76857
-252.98885,-3640.7664,138.258
-63.324345,-760.397,134.13426
-629.62646,-8964.031,106.126205
-237.09361,-4456.3013,116.6998
108.31876,247.49907,161.17984
-261.38867,-3091.1736,119.488106
-34.49604,-1857.6375,150.33618
-334.98776,-3011.6062,133.79063
-233.32703,-2545.6238,136.18565
-212.33371,-2813.282,124.53243
-228.73642,-2859.2195,106.57175
-332.20715,-4453.5894,118.504555
-108.92984,-1469.7168,142.52937
-112.84259,-1529.9287,147.86807
-81.07093,-2027.0652,124.966835
-32.425278,14.0336075,149.71655
-59.433826,-1312.167,141.06189
148.44328,-498.95547,143.31198
165.7251,1653.7461,166.13666
-50.42113,-2640.829,109.097244
-120.13783,-79.44009,145.57259
66.18193,-989.07056,130.56494
16.204605,-894.7848,139.48698
145.37474,-166.55006,150.43382
-72.219185,-2025.5652,129.51108
-311.61703,-3701.5984,139.63565
-69.67771,-545.776,153.90099
-322.8562,-3283.532,134.42705
-32.702938,194.39244,157.36935
-127.05336,-1639.9146,137.71773
-199.4882,-6071.434,111.12552
-99.83227,-1578.634,130.8791
-112.04573,-1245.5576,143.31516
-124.91762,-3696.073,128.47954
27.608105,-781.34155,155.43773
5.97546,-950.5325,138.33528
-112.60426,-2966.5735,123.77849
-328.3507,-6271.267,120.91021
70.77055,402.37845,154.92302
-255.73332,-3318.4963,142.0792
-477.60983,-7616.6597,120.61189
-84.77767,-2892.4348,123.18544
-27.519407,-573.4177,135.80885
-289.60712,-5628.9653,120.7019
-94.330635,-2041.6301,138.53674
-339.83963,-4933.673,109.333755
88.59364,482.50546,134.79974
-165.59755,-3929.4255,128.39345
-414.19382,-6540.0693,107.05716
-20.25551,-2894.5747,130.63132
104.10849,396.1402,155.87605
-300.49408,-3216.7922,139.06589
-196.04218,-3858.7458,122.58194
-158.42139,-2784.2668,122.60705
88.60927,-567.98364,138.93262
-178.35101,-3377.6604,152.9178
-305.73624,-5465.051,156.99
-53.751713,-930.56335,141.54324
93.95703,362.7682,140.063
-109.735085,-2211.2612,126.61802
-291.10474,-4995.421,124.34266
-6.488984,-693.584,144.15987
13.259008,-81.03426,150.29031
-58.070522,-1676.0706,125.76784
-288.93622,-4132.4497,118.513725
-270.04886,-3853.76,112.20979
-168.29921,-2592.5303,126.39806
-6.435109,-468.34073,134.57764
-231.42407,-5090.1543,122.29867
-52.998135,78.81608,152.9472
47.45544,844.7591,150.30066
-78.26671,-2210.7112,116.931625
64.70118,-554.76636,145.61552
-84.575806,-1530.2954,133.73398
-131.8751,-2358.8545,135.39592
-447.49182,-5001.474,115.934845
-214.57431,-3446.4514,112.42967
-284.93076,-3110.6362,141.18398
-393.69815,-5510.146,108.78597
-42.364265,-1400.1311,144.16743
-96.25625,-781.0624,149.02188
22.933197,-23.926048,146.55035
-115.821884,-1185.0361,125.59557
-107.6589,-1220.1052,132.17142
-84.52691,-1916.8933,123.38461
-253.06981,-3822.472,125.98368
-187.15823,-4241.03,132.1165
-190.41356,-3575.6604,174.34586
-47.01163,-1239.4048,136.89235
-10.809005,-376.84732,161.30453
-574.96124,-9809.191,92.389244
-102.52124,-2319.3555,138.56682
-228.9178,-2431.6477,149.6608
-434.23694,-5828.626,154.4772
-26.278849,-461.62808,142.35347
13.887834,-841.1144,133.25449
-126.25392,-4318.957,105.37702
118.84362,1367.1606,148.99916
-340.39743,-6119.8755,123.48217
-185.84216,-5268.3604,100.44327
-31.892748,-375.28336,147.34564
-138.88368,-2963.251,129.59792
-151.21088,-1581.6785,163.7533
-347.90106,-3271.1711,157.81793
50.919662,666.8122,147.71605
-328.8025,-3949.051,138.03287
-255.36848,-5332.4624,119.70222
-19.036955,-645.8706,137.06398
77.631134,960.50885,141.19632
-677.0208,-9337.4,111.524445
-202.23828,-1615.2439,124.26149
10.995296,20.933266,137.94388
79.69482,-673.5939,143.58492
3.5327826,-1060.2028,123.64114
-187.27936,-3956.635,137.20692
-382.08887,-5508.9756,130.49925
-108.16756,-1518.437,138.9794
-177.4643,-1630.4392,178.13817
4.0030613,-436.2167,163.31674
-46.206577,-1878.7534,148.75143
-18.224245,-2461.496,129.46121
-164.76537,-2132.6245,128.30986
-33.141525,-1503.3623,136.75328
-307.72186,-3195.8743,134.5793
-189.92134,-3084.3828,129.44345
-166.97502,-3509.554,159.21883
-27.393854,-398.33853,155.9624
-299.4673,-2573.5972,140.96687
56.925655,-1688.9014,132.21753
38.99461,-1902.9341,110.43077
-256.7499,-1852.0457,142.27211
-54.152523,-1329.0747,139.35303
-7.72326,-973.6863,148.26357
-62.488613,-2976.3452,135.08583
-144.09384,-1301.6208,150.45789
-204.34308,-3233.4102,132.22208
-115.57704,-1581.0525,147.17671
113.39952,1342.851,143.01253
11.730267,161.38554,147.8705
-41.292904,-904.6124,132.10309
99.47407,980.91693,141.19803
119.28362,310.93283,153.11084
-132.64221,-681.2816,152.1964
-208.31879,-2873.245,125.058525
-105.79007,-914.3944,152.11931
-126.95157,-2111.0146,116.40389
-30.442183,-404.1492,141.05362
-99.420654,-1261.627,137.96898
-201.84637,-1824.3794,147.02428
-16.986032,-542.11975,164.65485
4.16619,-911.9866,141.1115
-102.682846,-3064.882,116.538345
-213.15495,-2796.6362,143.58617
62.913708,274.0884,127.54992
-126.24429,-1070.7185,146.49323
-36.656784,-859.21594,150.48695
-182.3144,-5418.686,128.20784
-449.5692,-6863.6064,115.26287
20.938494,668.2935,151.05414
-122.853424,-2628.954,136.55223
108.487144,-1530.3416,122.79481
-83.97904,-2834.7708,155.76407
-376.41837,-4829.1123,139.55894
-41.841988,270.413,148.16774
-70.853065,-2066.1025,138.56804
-185.37933,-2784.8352,133.90779
-159.25247,-2179.1528,128.23978
-522.2585,-5393.772,130.42453
-287.51138,-3564.258,119.33298
-51.185513,-535.34875,156.91754
-94.29424,-2309.8801,137.73903
-228.96953,-3804.8982,158.5587
-20.444792,-2864.6838,137.44579
-142.64201,-1309.5286,143.8198
-259.61716,-4227.663,123.30929
-322.02228,-6086.863,121.91205
177.36975,331.49545,149.23413
71.92322,21.508034,135.14626
82.334305,1284.19,176.38942
-323.29816,-4961.642,142.94206
-70.63562,-308.09476,144.60843
-234.27774,-4886.8516,128.67822
-118.29761,-3854.1653,139.49483
-26.634096,-814.5857,128.23619
45.5888,-392.21402,154.16582
-75.71007,-642.5006,149.2511
-119.7599,-990.7888,140.78926
-207.76506,-4154.603,130.75023
-197.3048,-2473.9976,152.5149
-7.839465,144.18407,158.54836
-67.02195,-1589.6909,139.86978
-376.57465,-5444.6846,132.4262
-66.710396,-323.21878,150.80974
-31.173872,116.67283,142.2635
-56.92467,-1584.7761,147.64273
-48.186535,-1946.6621,141.90997
9.964749,575.1928,160.91246
76.993034,264.23935,144.31345
-238.65146,-2522.9111,147.98457
202.75322,1056.2802,155.48956
-114.227295,151.21825,140.91675
-383.9894,-4928.393,133.12637
-31.293863,-1689.0803,113.82645
-51.768673,-4575.587,103.200615
-545.7252,-8825.957,116.85513
-85.63689,-1070.5789,160.10283
-170.35683,-1943.9099,127.181435
-233.51564,-2320.4807,151.24055
-144.95972,-1819.1807,119.42726
-102.11431,-1687.1057,135.06786
-168.26439,-3013.0793,151.5545
-299.23093,-4041.1252,119.92675
-329.71545,-3741.7268,147.07797
-140.41476,-3705.3577,135.25578
91.87922,-319.7272,138.24648
-88.075386,-2782.0781,127.54012
-362.70135,-5767.1865,95.018524
-271.0603,-4046.8713,144.0597
-368.65604,-5890.3003,121.27579
-39.371525,-1292.1345,144.1979
-130.7486,-72.29873,166.93263
-203.2921,-3072.6655,157.88234
-264.7973,-4014.0818,138.47838
-138.14719,-1728.383,138.05644
-213.44734,-3240.1008,135.92105
68.097916,-19.317467,150.43478
-168.35745,-3959.0344,118.734146
-164.52205,-4593.675,111.457794
104.77895,-528.4138,143.00272
9.961114,-1305.9624,142.94429
-181.19745,-4228.6777,115.815025
-213.60754,-1424.4954,141.28886
-111.52144,-3380.723,126.54904
-88.86841,-3686.0945,105.845146
-366.2913,-5469.0894,133.43951
-187.33154,-2281.27,124.86114
-202.80614,-2826.6763,121.27945
99.10321,1063.199,166.48051
-101.68029,601.86646,166.06187
-537.76025,-7658.061,106.043564
-410.3514,-4561.0728,115.10445
47.77573,-5597.68,117.93313
152.9881,551.27716,158.21791
-44.011303,-347.02786,146.92122
-43.59212,-1474.8127,147.10616
-309.21588,-3594.0134,145.57637
-118.26567,-2838.6836,128.29056
118.33526,812.91406,163.51913
-300.49896,-2790.1074,143.85461
-156.23912,-2865.1716,130.56837
-256.7584,-2468.6125,119.463066
-163.61858,-1653.3413,125.01953
22.670752,130.63908,154.02367
-359.4476,-4679.0366,128.00508
-100.61415,-2878.3547,128.60797
-163.61119,-2489.4414,128.83151
-96.512375,-514.10486,126.71163
-193.41457,-2597.8184,144.69478
-382.50934,-6513.9717,127.39128
-344.26004,-4949.4443,123.61017
95.16382,534.45905,144.45943
-246.76634,-7518.057,93.93371
-520.5211,-6867.528,127.41276
-137.90045,-3132.6604,128.47552
-76.80974,-1008.3406,149.34325
-444.2545,-5269.8906,123.19142
169.92734,371.41986,147.26645
-172.81755,-1873.1299,154.48672
-90.33477,-1521.5955,121.69206
-30.966734,-1857.4629,137.69012
-411.80978,-5833.763,109.59066
-270.90103,-2930.8132,156.69434
-67.271904,-1803.487,150.94269
-331.1559,-4100.283,100.28485
-71.08383,-1422.6611,134.4498
19.14335,-1172.1868,134.6095
60.261513,54.181496,150.05861
-59.238827,-1065.4584,129.51505
43.521618,-907.02344,147.06525
-174.86346,-2759.9534,143.58966
79.34966,661.0485,142.3071
-197.97484,-2398.791,131.17302
-80.592384,-1458.0994,141.49495
36.10931,6.694863,144.08461
35.17709,-1037.1366,135.27861
-343.2055,-5458.6,128.67589
-414.6734,-5338.361,129.35916
-34.312443,-1594.6741,136.49863
-314.78827,-3291.5017,115.976814
-259.69116,-1882.291,159.46255
-99.59508,-1161.094,134.05696
90.5621,-351.86612,158.92693
-105.97459,-2592.2905,121.49897
-89.547775,-2871.2522,137.4721
-244.46239,-2571.5898,161.70712
-295.15698,-3589.0515,112.9652
-104.9424,-1334.9448,131.55164
-42.75907,-1784.3672,124.76716
-216.74359,-2775.027,128.80373
-138.61559,-1237.5452,132.59924
-121.03233,-1522.9492,149.0518
-232.8188,-6407.3843,113.48963
-36.223934,-84.65908,136.78679
-413.46204,-4792.901,154.62383
-366.98456,-5633.026,117.82851
-197.40898,-3685.5388,138.37465
-305.7615,-3948.764,122.30855
-531.9181,-6717.874,124.796104
108.05391,1729.5793,153.5534
-27.569227,-659.35046,159.11133
-127.6022,-872.3948,134.84775
-71.54601,-267.46915,144.86438
-30.00406,-2280.6692,116.01027
-405.6531,-6757.0015,104.515724
-400.9539,-5984.707,118.36615
-290.7941,-2452.1528,124.081245
-145.58163,-1628.4133,143.71884
-157.55038,-1557.052,138.86238
-320.78018,-5114.7046,132.96176
14.059916,-3735.5803,139.12291
-316.06308,-4807.083,118.412186
-202.32416,-3421.6023,138.98282
-277.91562,-4924.166,113.91374
-203.49857,-2776.458,135.02036
-539.248,-7759.8413,108.09863
-146.3492,-2801.909,126.03565
-68.44032,-2858.0845,123.842606
-12.498504,-2164.2834,112.24832
-541.3911,-7719.362,114.87749
-539.0882,-7420.32,113.44203
-401.561,-3697.6077,135.56487
-269.689,-3187.1875,123.932976
69.45562,-77.00442,136.27057
-576.7319,-6650.762,123.371994
-93.77286,-2441.9055,128.68495
-139.43626,-1583.971,139.45508
-133.96597,-1865.7727,138.91388
-39.51636,-583.6304,156.14236
-79.0546,-826.8971,136.7669
-209.85452,-3958.305,126.95106
105.58461,313.01175,131.713
-108.5674,-2220.391,145.83994
-74.99942,-1486.1934,125.10498
-117.36305,-4788.1226,116.43912
-8.278611,8.554909,152.9369
-222.36752,-2839.314,142.68501
-338.04547,-4412.438,138.26082
-174.53445,-1745.8152,158.07822
-210.62947,-3074.8647,121.30399
-168.62253,-2358.0254,131.01486
-437.72018,-8379.926,118.76751
-459.92712,-4421.5537,118.58193
-504.51285,-8632.091,108.95383
-329.04425,-5925.6406,117.94359
-61.887257,-758.0331,134.34187
-205.13509,-5618.9497,135.60854
-29.78871,-498.4175,140.57391
-315.6515,-3229.267,145.04807
-101.89805,-5369.884,119.108574
-185.52444,-1973.1863,133.75992
-62.65582,66.30198,151.27225
-663.587,-8845.325,134.08414
-47.04878,-1060.4939,157.63274
-31.750631,745.8869,168.50876
-169.52563,-4980.9336,143.38318
-18.505522,-1131.4319,118.98815
-102.33877,-626.2844,141.33617
-85.08569,-1019.8705,139.14409
-470.5401,-6021.3203,116.07121
-0.51720715,-77.86782,136.63474
-214.38292,-2460.6472,134.3162
35.04792,-943.3965,140.50912
-79.59871,-1820.167,146.84409
-225.97508,-4418.33,137.96045
-59.351933,-1665.6211,155.79398
-218.00581,-2300.96,122.21685
-158.89474,-2449.4058,153.64708
-308.5699,-5445.622,108.68056
-90.16893,307.22244,159.16528
-227.03444,-2785.5117,155.841
-93.17715,-2768.1208,120.829506
-345.61508,-6882.648,125.77834
-211.74614,-2069.6895,150.87532
-162.26845,-3609.883,132.03636
-155.99252,-1766.803,131.5306
31.68011,357.31595,137.14755
-78.89359,-661.16406,143.31274
-189.55556,-1335.8176,154.56786
2.7893553,603.678,162.382
33.015625,-2207.374,126.44514
-149.61948,-1717.1345,143.81723
-478.58582,-6768.026,117.42572
-319.75446,-4411.3687,135.00673
-129.41745,-624.5928,138.56715
-359.3728,-5634.6396,139.52373
-109.83506,-411.48196,143.40855
-127.33232,-1536.4241,142.90076
-49.596867,-1022.931,136.3032
-145.33572,-864.35205,157.62286
-363.85712,-5567.863,128.0189
-128.94124,-2335.3162,135.24382
-62.236195,-1435.2927,129.493
175.62462,473.68823,157.98279
-293.91568,-2962.557,123.89787
-331.4746,-5066.07,117.45093
-203.76997,-3695.1184,142.00916
-83.282524,-3056.2192,143.23378
-11.720706,-1084.5782,127.78561
-131.7334,-2604.2808,151.9092
1.8522148,-13.165733,139.9824
-324.36646,-3891.534,147.35725
-152.79008,-1342.7815,121.13394
-111.3791,-1153.4694,149.70456
-30.130072,283.4421,143.11511
-194.4321,-3184.3342,141.16145
-78.52044,-1622.1235,135.87971
-282.99234,-3545.0837,120.93238
-41.25138,250.60661,144.45006
-131.17387,-3671.054,145.33124
46.095814,-980.20166,142.00175
-295.5312,-3946.7756,133.11047
-251.07487,-4077.8386,120.515724
-411.68854,-8192.491,105.56404
-44.80156,-1013.4751,138.0336
-36.389317,-2924.8647,130.48965
-190.9751,-2266.2112,129.96297
-404.96964,-5242.356,134.71219
-191.20685,-2063.715,130.16809
-41.20842,-1942.1118,139.01067
-390.8965,-5295.987,123.519936
-185.00546,-1661.4199,140.86473
13.476022,-2200.491,119.96095
-112.34868,-2142.0593,116.27533
-91.24664,-1456.457,128.62581
-385.96307,-8357.765,126.07518
169.61876,-355.17422,154.60095
42.092678,-859.5592,150.34406
-157.18968,-1184.736,129.58496
-321.46216,-3646.365,137.42998
-136.20569,-1539.0725,152.1747
-163.85284,-4659.2563,140.47694
-146.26129,-993.3009,142.79173
-63.038486,-1047.2898,124.99653
-502.48898,-5764.9673,135.68507
107.158966,322.62277,149.48428
-214.15787,-4817.212,113.43984
-376.6383,-4792.9336,129.90257
-70.0028,-1799.7861,125.484566
-200.61182,-2541.364,165.22772
-42.165363,-1205.9607,134.46556
-129.94075,-2467.5225,129.44832
-89.48239,-2581.2273,128.56328
-420.6159,-5743.2026,122.39423
81.94255,660.30554,160.44673
-126.2041,-2945.4102,138.16321
34.935135,381.25558,148.18181
99.163734,46.030006,134.27858
-186.61592,-2845.844,148.17355
-257.01562,-2773.269,128.30478
18.66496,1030.5753,148.66959
140.9451,2127.0537,146.64587
-213.51909,-3082.1123,120.03275
-144.99757,-2055.9329,136.22687
-431.45712,-5998.721,139.97946
-170.64272,-4033.674,103.46765
-136.50603,-1384.3718,147.01561
-176.47198,-4330.7695,113.984886
-680.19,-9347.847,88.60848
-134.41824,-2525.493,144.39812
-394.6835,-6567.407,120.53875
-20.592474,-897.65686,140.16698
-42.421803,-266.15616,129.81816
-127.81738,-1593.8784,143.33116
-79.175186,166.72258,135.79082
-141.8188,-4823.2583,130.34564
-183.46956,-2078.7117,130.43262
-59.373325,668.93134,154.31096
-268.2688,-3468.1804,138.95363
-79.08448,-2124.5933,148.47105
-171.95268,-2612.7305,131.96457
-124.33891,-1070.9437,155.59445
-15.726651,-654.213,148.87787
-28.399115,-2525.0242,141.15242
-246.30644,-2634.0361,131.62653
-345.2172,-4883.837,115.16014
-571.98816,-9119.801,103.24309
-184.2909,-1691.4749,145.26193
-271.28406,-5229.3364,141.78888
-165.88966,-2968.0872,133.27315
45.631145,1458.8613,153.51628
-197.86575,-1772.5139,158.96024
-161.65471,-3563.5994,102.82415
-11.821807,120.730995,140.26602
-58.991207,-1502.5637,135.6039
-464.2314,-6869.026,124.129875
-163.57768,-1985.6172,109.90821
-165.90746,-3353.9285,122.896194
13.810986,1118.0992,156.97453
-248.49019,-2344.5479,152.80418
-473.8898,-5241.815,124.62005
-320.17548,-1843.3066,142.32507
-96.77359,-1274.7603,150.56133
-368.1816,-5905.329,137.82532
-97.06542,-674.9071,131.9132
13.995666,-1112.8641,137.5729
-8.560048,740.2994,165.11426
-397.62158,-4452.0645,134.82558
-415.29028,-6168.273,106.27707
-259.07297,-3903.2966,130.72041
-113.266785,125.886086,137.99916
-60.973957,-2738.0767,125.3054
-449.86392,-6887.588,104.2906
-177.1567,-1622.9609,117.73941
-99.61067,-1627.7515,134.33943
-342.91357,-4634.4595,114.03288
-460.50443,-6998.405,104.515884
-410.1671,-6564.008,135.551
-328.84656,-3652.1663,144.60248
-119.12628,-1192.9856,139.67027
20.83751,-463.02505,162.2857
-515.1798,-4834.6206,150.08601
-30.61019,-675.3302,166.1185
17.518194,-959.2047,130.2944
-25.939116,604.24365,137.14029
-299.64767,-4172.181,112.56739
58.701195,-308.55533,145.17305
-224.53804,-1757.9626,120.48787
-424.2777,-8332.21,108.704544
-427.9301,-4675.346,132.48346
-154.57812,-1660.0537,116.50141
-339.27496,-4519.179,142.6354
-251.04137,-3760.0422,103.22936
-21.64081,45.17472,171.84271
-42.13676,-3189.517,118.43193
60.739857,-221.95119,148.08571
-230.5483,-3295.5208,139.26859
-408.8206,-5089.657,132.94473
-86.61496,-1964.2261,150.24512
-206.64186,-3068.1755,138.21642
-172.06836,-1909.5034,150.51382
-247.6392,-4234.5215,115.19321
-147.15025,-597.90076,140.43643
-12.034459,-3022.5913,127.58234
-338.6193,-4464.727,140.12383
-67.25304,-664.9918,148.34737
49.356274,303.4736,132.7378
-52.745983,-1864.4553,132.26726
-7.826173,-115.7687,149.59367
-169.60205,-3402.0486,144.77411
-212.01085,-5334.379,139.21161
-282.40802,-4966.116,116.14176
-28.506784,236.21483,136.59506
-97.10276,-567.3959,129.8352
55.13479,64.353676,154.84538
-129.49661,-2580.4045,143.44398
106.47338,-120.97579,134.02505
-325.43808,-5320.3213,115.08369
-568.3111,-9672.373,130.42987
-34.408398,138.33714,136.95703
-100.08895,-1535.3586,148.03508
39.252598,-1014.58276,140.65517
113.2034,-521.4103,145.2682
-17.329828,-955.55457,132.54095
-49.94528,-3049.1804,112.285774
-25.49167,-145.37929,200.65047
-146.59846,-4184.8623,124.932724
-73.411736,-1358.6389,130.07072
-375.9915,-5468.0684,146.19911
-29.422163,-1321.9021,150.52916
-11.48346,-933.5337,123.879776
-184.64363,-2212.998,134.97388
-26.173704,684.74493,138.02328
-95.77057,-646.59094,126.85272
-183.09062,-1581.6526,147.5267
-227.0624,-2688.2126,156.33365
-137.9168,-477.62698,166.31868
-302.6926,-5563.191,119.02223
-446.59,-4706.845,134.78867
-10.58146,-1182.4567,130.56903
-247.62602,-3878.3909,124.31159
-332.669,-4947.704,133.07973
54.045357,-742.4175,144.75949
-508.3182,-7135.1904,127.08164
-133.91093,-1818.9648,136.29646
-302.9252,-5101.351,109.35079
-520.06915,-6461.958,116.67801
183.90771,1484.3662,156.43077
-144.25397,-2590.5813,135.22058
77.39608,-1494.5037,138.53691
-6.5181856,-1001.5182,143.22528
39.008347,106.18992,138.46445
-424.39185,-7101.0435,87.519585
-531.11206,-8015.809,121.5315
-69.13654,-1362.2524,157.03706
-424.66467,-6623.898,140.01758
44.28708,-875.9767,150.42293
-9.215123,667.44995,165.27663
-110.658936,-2273.2988,135.24214
-221.18246,-1652.6018,145.94801
-22.480394,-316.60806,161.73686
-434.4135,-6325.4,137.2394
-250.08635,-3066.3977,170.65022
-69.90829,-357.9706,133.65817
1.8776321,-1705.719,128.37509
-130.47606,-1773.8962,146.04793
-14.6002,-1500.2957,135.05228
-346.46606,-5468.4004,117.66824
-179.78847,-2826.242,105.96564
-119.28432,-1795.1042,160.78716
17.51013,-758.88367,143.84741
-105.635574,-389.92654,135.24702
-323.8002,-4849.1543,132.47905
-37.20523,-103.83059,136.19817
-90.26505,-2549.438,117.84114
-88.61589,-1844.6768,134.78668
-37.01038,-553.96375,154.7666
-187.82648,-4327.9946,133.84444
-59.52975,-1945.4514,132.60643
-682.5361,-10171.441,102.981155
-20.996954,-475.97635,153.14012
-111.44196,-2576.3623,128.1551
-146.09808,-2523.304,127.14244
-177.08794,-1538.3723,141.08598
-425.03244,-4898.23,141.70912
-164.34628,-3662.9011,125.38523
-120.60989,-2561.8347,129.44731
44.165012,-459.51773,145.23343
-66.535515,-956.06177,132.97597
101.86627,-151.86574,135.30415
-294.58737,-6030.182,125.631256
69.88859,-2477.299,121.20419
-89.82554,-1805.626,131.77397
-125.70892,-956.85376,154.46321
-239.99818,-4052.989,122.7534
-184.14156,-3465.739,139.9735
-340.90723,-4777.65,122.15704
-165.1865,-1346.407,160.3709
-33.153477,-2126.6643,134.82584
-132.22127,-2461.5547,127.279144
15.044877,702.87726,158.10646
-252.26543,-2201.2297,157.9283
-335.47943,-4869.5645,138.22725
-165.81271,-2708.2131,131.82552
-166.90324,-3035.3286,124.89794
-101.453064,-711.55786,150.1472
-207.10796,-3611.1926,117.11663
-140.28387,-1437.3513,170.77383
-65.32632,-2344.8977,158.31601
-246.18245,-3148.7412,133.95686
-33.089348,-963.9231,135.57513
-34.421074,317.68277,150.68364
-212.18181,-3441.4343,116.22032
-90.32136,-2242.0483,124.96483
-243.6609,-2189.85,136.44394
21.3651,-801.2283,127.96219
-77.820435,-2710.689,126.25211
-52.294415,-1360.0667,129.2034
-251.87242,-5398.4663,124.493576
-189.18297,-2017.3069,136.35887
-180.17044,-2857.326,153.09671
-85.07499,-3232.076,126.33687
-70.31572,76.512856,137.91183
-31.882181,-2402.625,140.32515
-184.63007,-3660.615,113.780785
29.552645,426.08865,149.74495
-262.17108,-2782.4863,139.82518
-6.06306,-1253.9246,128.82617
-412.59512,-5737.78,142.63673
-83.71332,-2029.5806,126.1978
-278.9884,-3827.5896,135.13548
-134.37836,-960.9623,135.60172
-111.725845,-721.5316,173.54819
-135.22577,-498.8737,166.20425
-181.7923,-2126.1902,147.88834
-79.2476,-3707.4392,118.55736
-176.6502,-3604.3445,156.35237
22.478836,258.0192,138.2296
-2.4414968,-1265.8169,157.30032
-551.3539,-8363.402,131.47049
-25.790987,-1475.385,140.23137
-153.22179,-1584.096,147.20212
-317.49942,-5288.1006,118.09766
-31.317171,-3238.431,136.79391
-8.878913,-237.56947,146.83601
-348.8141,-5212.2603,124.04463
-123.55759,-1814.7363,119.86462
-312.6323,-4622.496,111.54156
-141.91411,-1893.3557,136.65704
-0.18343642,-466.1542,138.68439
-234.09883,-2955.87,125.54284
-0.5485563,35.974342,133.32605
-215.46263,-4083.1453,132.30545
-209.68423,-1370.2827,153.28734
-408.9216,-6402.042,105.986694
-61.2171,-297.95316,149.2375
60.491882,-1356.5996,141.45302
-361.81503,-4733.3057,103.554886
-78.99328,-329.18875,154.9986
-203.78937,-3195.012,153.44112
69.98641,98.29185,137.01299
-38.184856,-1001.0349,151.88635
-269.0706,-4433.9995,110.27209
-229.42523,-4556.0835,104.347496
-140.46164,-1010.5499,144.67325
-192.4471,-4143.5713,124.637665
-401.89075,-5280.212,133.60771
-76.25312,-1651.9065,133.12767
-330.63098,-4462.433,115.30054
-143.17574,-1203.4648,146.69272
-83.32951,-239.39272,140.71455
24.245193,-1926.5337,125.17881
-4.4155607,-1572.842,134.73842
-194.01324,-2240.6282,139.20268
-25.01092,-749.26733,132.62448
18.488714,-734.48865,133.85931
-216.82185,-2016.5339,139.39352
-6.280238,-240.28835,139.02258
-168.88446,-1459.396,143.83316
-74.202225,-1539.8162,149.38676
-237.10686,-3268.2273,126.53373
-238.29135,-2982.7114,108.114525
-412.10385,-5998.883,151.45401
-32.524433,446.12772,160.79028
123.81003,447.04636,131.20903
-5.2869596,-671.9746,136.2592
-85.31691,-1389.1907,156.15897
-16.61711,119.91178,139.15259
-127.57361,-810.8933,147.677
-324.82068,-3957.3987,133.1344
-10.275512,-608.3408,139.27988
12.5778055,154.89659,128.8077
-137.9385,-457.2642,144.73694
165.65105,1107.2408,161.05963
-357.71136,-5512.524,128.36317
34.579033,491.2853,167.39062
-10.337127,-202.31764,158.96
64.70007,785.208,149.1684
-196.2141,-1897.3511,133.39827
47.903522,-1350.8069,115.45718
-67.68981,-3301.1448,106.29727
-125.48787,-1394.0364,151.9158
-370.73117,-4061.9788,129.2098
-153.3348,-2598.68,129.99666
-246.97227,-3169.7603,131.39893
-210.52461,-3104.2598,137.33876
-75.71589,-986.84875,129.80954
-126.46396,-3069.7493,121.85918
-279.2976,-3654.696,103.58308
-124.70479,-3769.864,119.383675
-108.729164,-2456.972,116.19819
-459.00693,-6488.4175,116.995186
-479.0257,-5354.919,139.3417
-554.6996,-9389.949,90.1086
-2.4031992,-3595.3582,155.92249
-76.17648,-1939.5142,140.65785
-16.299875,-291.61893,136.32866
-257.89197,-3369.7468,139.90526
-402.1728,-4850.6294,138.74658
-41.74878,-1358.5869,148.64458
-57.130962,-1634.8062,122.87101
-322.4583,-3948.075,147.79886
-315.18323,-5120.6846,136.99483
-76.296,-1465.8208,154.04945
-21.573095,-974.20105,155.03653
-77.687706,-1875.7485,129.13434
-55.33189,-1256.1536,176.49788
-92.0872,-119.60598,134.2711
-412.59415,-3505.529,127.92452
-146.16357,-1450.4614,141.81126
-329.91187,-6355.037,120.83112
-47.093723,-73.07406,145.64131
-89.35162,-1644.4377,138.06075
-337.26434,-6027.625,117.3683
-344.16223,-5500.857,116.17331
-107.77643,-3371.8826,111.72105
-98.065895,-2366.326,116.980736
181.78416,981.3026,155.30801
-203.0235,-2682.655,111.89276
-90.8344,-1213.5278,138.03374
-220.06935,-3581.2234,113.0823
64.417366,-352.39688,141.93712
-64.760056,-2261.8188,130.8787
-38.380405,794.4444,154.39781
-206.03137,-4395.9023,110.07262
116.25399,1910.8091,147.16074
5.854104,557.5875,172.75044
69.160965,594.44403,138.58655
-114.30452,-1614.7727,123.69276
-571.2563,-8775.403,130.29503
-231.98993,-2843.1394,126.14891
-514.5917,-6853.8364,133.96768
-197.61893,-2965.401,145.27452
-203.47504,-2320.9797,131.37502
-38.54323,-303.02396,152.88895
23.219118,-564.02234,128.79015
-181.79367,-3709.9553,138.86597
-161.20404,-1819.9502,132.77008
-164.88052,-2328.5347,113.01033
-8.615939,516.9536,157.2918
-251.93422,-3994.16,154.53198
-70.44298,-1108.3965,167.15062
-426.90817,-6188.1997,119.27804
-162.43379,-2312.4084,148.624
-98.69771,-1403.0862,143.4882
-214.36023,-1927.7158,137.02466
-34.122124,-4137.53,103.641426
-47.10534,-1236.7305,141.24036
-409.3517,-6740.2715,118.904564
105.08256,1489.3225,149.56998
-107.011,-1444.9824,141.25746
-80.82487,-1623.241,158.98798
-432.90027,-4143.5024,142.87302
-214.79619,-4166.2773,129.54669
125.10549,-402.78262,135.3713
-93.48378,-1407.2073,139.27951
-392.97134,-5245.8423,118.08045
-279.6905,-5660.2666,140.18495
-239.3262,-3291.1003,133.12262
49.41461,567.77386,154.89616
-226.93617,-4036.054,131.48416
-64.26723,904.22687,158.73985
-139.67624,-772.4404,136.0542
-285.3038,-7002.9766,115.89584
-376.25327,-4809.433,129.63588
-64.0241,-1728.7727,159.11086
-373.03394,-5687.052,120.22319
-134.31812,-1563.271,147.03912
-110.5504,-718.5381,148.5375
-318.62393,-4067.8538,130.8516
-378.42773,-4359.6885,109.12801
-169.01872,-3539.3362,142.64996
-259.4497,-4729.5767,126.88527
-372.39786,-3389.9832,124.31501
-164.06987,-2242.8308,126.51808
-309.3858,-4320.4155,120.33069
75.90747,-370.30325,130.99695
49.000835,507.26273,145.2778
-68.85763,-697.4612,139.35214
-98.38796,-1805.9231,151.58832
40.79704,-1563.7891,149.28984
-29.308783,-457.98782,138.83386
-25.914633,-1670.3557,135.09349
-181.80682,-4458.2056,122.89014
-439.96808,-5983.6123,121.71294
-285.06204,-5066.958,126.750595
-23.468248,-982.5477,125.515594
-213.35242,-4476.822,123.72461
-420.50305,-7274.502,124.6832
-12.499751,352.10443,135.63577
-290.46097,-6552.663,94.73885
-176.5524,-2281.4238,116.41054
-156.54599,-1668.1621,134.38828
-143.39174,-580.58276,162.99399
-33.47313,-6.120628,143.94806
-169.92783,-3024.407,126.66662
-130.6659,-2019.9187,141.63847
-288.8726,-3824.5793,110.966286
-110.80045,-2257.8323,131.99773
-318.63385,-3909.9187,125.727264
58.98771,1514.5237,156.65768
-121.62677,-1647.4688,150.69574
36.27763,-213.23476,127.27723
-126.061035,-2672.4172,132.66914
-97.74298,-3733.9558,127.85677
-594.5735,-7040.067,127.91894
46.150368,-994.28174,132.19899
-222.18448,-3533.8997,130.5734
95.47059,-749.7715,139.91068
-298.64572,-3891.7937,123.06914
-72.889,-1440.6401,120.50025
-410.2828,-6593.1113,127.26113
-207.2372,-3520.2454,106.82949
-61.733517,-1403.3645,163.28989
-125.36632,-2986.0256,115.16449
-124.629974,-2651.636,132.23438
-72.901855,-1535.0674,139.84367
-233.88634,-3108.5903,123.65408
-517.2984,-7539.5854,100.852425
-179.35913,-3552.801,137.30405
-73.03717,-390.626,129.40936
-189.01953,-2684.771,124.64958
-71.09086,-1221.1313,138.64926
-82.36854,-2216.3093,132.9672
-285.69534,-5691.2134,114.769165
-142.52061,-3924.4348,147.4765
-11.829476,-2327.629,129.8277
140.75255,1054.8281,130.48103
-317.68372,-6049.283,98.58882
-298.81985,-4037.138,119.19878
-159.45901,-1382.895,142.72925
-45.414074,260.8547,154.29749
-15.939843,-619.5718,164.51447
-201.2234,-3583.8103,137.19621
48.089813,-816.2505,158.21855
-41.656273,-2961.5623,136.69853
-357.4511,-4189.4995,135.02557
68.89655,1417.6486,151.48964
-98.36983,-3187.5,131.36023
-200.8844,-2164.6367,120.455795
13.61772,-1864.4124,132.1808
-60.739567,-1726.8201,137.68338
-116.01767,-2008.0176,142.69507
-274.46524,-2294.5652,161.62704
118.01739,505.11298,153.66313
52.756336,-1143.1012,137.44455
79.254875,1480.4773,154.46906
-329.39917,-6176.878,122.64144
-85.28719,-791.2207,149.81844
-282.69498,-2812.7014,158.09245
-62.926403,-1975.0056,130.4212
-63.73235,-4166.6875,128.13795
-89.90312,-798.45703,139.85658
-124.1705,-678.4623,164.32635
-75.43081,-1837.2991,138.46507
-258.81577,-3749.449,128.09073
-263.25186,-2984.0564,131.88339
-201.80319,-1564.3718,156.15897
-83.990845,-2044.4722,138.10968
-53.08533,-915.0654,125.00903
-224.56377,-4198.1357,114.19229
-386.0039,-5573.838,133.31259
-91.466125,-1695.812,124.909355
-403.7783,-4549.7104,129.7135
-51.954456,-808.1931,140.66016
-211.11353,-3316.7742,120.74154
-66.40359,-1477.1494,147.16829
-133.94377,-2448.0845,129.79224
-28.754839,-2556.3008,143.33348
-123.632095,-2241.12,147.9139
-263.8003,-3620.9143,103.912285
-281.44974,-4553.5586,141.63538
-101.19523,-3211.762,122.38915
-171.87895,-2846.1035,169.53802
-526.4672,-7010.183,120.05758
-277.59183,-3867.5466,170.19678
-31.176847,-1426.3967,153.92117
26.91767,80.06907,159.54042
-315.70737,-5833.64,107.75763
20.52118,-1882.5605,123.12139
-27.093302,-1092.9082,139.92712
-370.07947,-5900.288,138.50452
-25.702272,-2083.5173,161.84895
-100.83972,-1879.0422,135.51619
-19.15687,-1262.4775,152.6224
-166.73718,-2907.7622,131.3321
-451.74124,-7102.6377,96.471214
60.546585,-2545.01,115.45839
-159.16953,-1349.4995,132.70619
-74.55732,-254.34999,149.8599
-79.11158,92.626015,146.16107
-215.42516,-2534.9292,118.6214
-240.3527,-4052.9475,109.15314
-33.342144,-913.94995,137.35388
-237.05927,-1904.7659,158.16689
20.542603,528.2818,140.46832
-127.7767,-1644.4316,142.07181
92.14326,33.606667,137.45119
-84.13836,-3375.3655,112.264275
-304.3639,-3398.1677,141.69308
-41.17175,399.44705,143.75528
126.026306,963.8765,149.9513
-185.25986,-2035.043,141.50237
-515.4815,-6632.834,118.28855
-7.777108,-2498.045,149.56781
-103.02293,-2748.9707,136.99695
-130.34576,-4397.0293,103.14839
-380.13773,-5294.3037,120.288666
-161.24226,-1439.2063,130.36745
178.96878,-1226.1277,145.93683
-39.303795,-1172.9999,120.172935
38.571735,-1326.8965,152.38843
-83.47308,-2137.8206,138.3953
-71.488625,-1443.4172,169.58446
-299.21936,-4270.422,144.47644
-122.02602,-1265.0417,136.47519
-243.03828,-4715.317,116.862206
-100.206154,-878.51794,143.0169
-68.6716,-2504.1172,125.160324
-219.3839,-3986.552,125.3327
-107.847694,-2070.7544,132.51509
-7.477,282.48502,150.92944
-346.71625,-4927.2524,113.80809
30.12742,117.44065,145.80644
-314.5277,-4037.515,134.22145
-18.302862,-2362.8171,126.95458
-164.23428,-2278.4702,157.31555
-203.04507,-2127.393,123.89493
-55.78718,-1022.12524,123.52522
-103.29517,-951.577,154.39627
-290.5562,-2521.033,124.001595
-354.3356,-6388.8257,103.112175
130.58147,-1316.7322,138.26588
-95.83328,-3769.431,130.47058
72.58957,5.179726,153.16348
83.03101,-1894.0862,131.49738
90.57933,-1523.4319,132.31305
5.6597195,34.425514,146.47282
-61.668713,-908.26794,142.962
-147.51268,-1719.074,134.9176
-423.92517,-4234.41,116.39954
-241.64738,-3319.6687,113.34999
47.457092,848.2617,124.48144
-84.51591,-385.23563,151.89525
-162.9904,-4014.3289,130.06888
-132.44379,-3261.528,136.2987
-520.2346,-7354.5493,128.09995
-32.387627,-1219.1917,148.65224
-177.06972,-2854.4001,130.1092
-407.21826,-6058.4766,122.409004
-257.73383,-3298.8513,147.73567
-120.0966,-2049.1313,124.91869
-161.49423,-4245.2773,112.70946
-298.63565,-3466.2473,148.16228
-438.47665,-8111.48,95.156845
-529.6601,-6051.8867,135.91843
-24.919645,-1736.5503,125.24717
18.339417,-1238.2593,138.3093
-101.12428,-1441.2349,141.31969
-179.27797,-2329.6624,140.52818
-171.64159,-889.14307,144.00827
-131.62964,-1971.1323,135.79156
-318.95816,-5454.982,117.09425
80.692726,1296.2137,150.43658
-142.58528,-1525.7502,124.73244
81.17879,244.29008,139.79199
-92.50498,-178.6349,153.73643
-190.74652,-4635.36,132.7216
-61.042225,-3224.1748,119.7682
-163.30933,-2017.5547,154.61502
-295.78027,-3461.783,134.18976
-181.09645,-3966.0793,104.695786
-180.90254,-1399.6646,157.12498
-120.12547,-1759.302,139.2342
-111.95123,-2717.3965,110.22491
39.860798,-789.85535,143.0861
-83.92114,-2558.067,136.99496
-213.47415,-2588.6475,137.0352
-18.218843,12.964638,147.17453
-119.85071,-2456.0166,159.14673
24.980879,-793.97974,129.96706
-314.57068,-3264.5017,142.56111
15.466366,535.615,136.65019
-191.6795,-2988.8413,147.6552
13.970942,67.74552,147.4514
213.93831,1460.4226,165.45636
-597.2877,-7528.565,104.72458
3.56808,-1525.239,142.31699
19.059175,-675.31396,143.65591
-163.5208,-2425.168,132.03758
-387.29663,-3832.2668,131.744
-270.9266,-4283.2695,135.38821
-15.819993,-986.7456,142.74423
-139.86853,-874.91833,163.98183
-293.55066,-4986.763,146.99767
-62.007893,442.54343,166.35767
-290.1513,-3936.2078,131.49933
-228.6995,-4485.2456,90.02983
30.208244,-759.0211,139.41484
-14.748643,-830.60925,143.30322
24.026022,-477.1403,147.45584
67.49808,251.98546,137.03719
-149.45108,-1505.646,141.25282
-128.57664,-4752.8936,114.68335
-248.22533,-3244.0725,132.0722
-53.18031,-668.5408,157.15408
-27.225801,-446.99368,130.01361
-164.67322,-1752.7778,131.43155
-277.6032,-2571.9934,128.38272
-53.978954,-1859.9331,144.49963
74.86451,-240.22755,146.8909
52.547176,505.54657,140.29674
115.16945,867.7853,135.7696
-6.5900946,-557.56433,153.23405
-430.74127,-6786.487,113.73251
-24.75017,-1508.6558,130.95569
-68.04513,-1980.6707,141.2434
-229.25722,-2939.2637,147.5159
-139.94867,-3309.908,127.36726
-169.0097,-3789.0916,126.311516
-267.582,-3473.2947,150.28642
45.53862,-1666.3982,126.61302
-246.01308,-1437.4717,152.71509
-68.25533,-594.9606,174.8475
-146.17917,-1318.7261,144.35475
-171.79901,-2177.9702,117.50386
-51.19083,-1291.4446,143.27962
-147.32571,-1883.1414,141.97571
-290.54724,-3332.367,139.7472
-175.36533,-3060.3972,148.12076
77.047485,597.9694,151.20161
-118.53488,-2631.7854,128.29984
-145.93642,-1611.6333,135.12556
-159.5066,-2611.8074,110.07601
-84.24051,-1136.8428,144.54973
-51.050114,300.67575,152.95114
-9.743196,262.3895,164.64134
-98.53058,-677.4905,144.25099
-36.26441,-1159.1127,153.75555
-117.92769,-1497.3462,143.34985
-84.45369,-1865.0715,140.6771
27.147734,74.502785,143.41301
-330.5962,-4401.158,127.67094
-177.57812,-2571.6458,132.1238
-22.740103,-647.06665,135.42554
-153.22952,-2722.778,127.02793
-83.94268,-1265.4451,158.41698
-58.114017,-1174.6096,144.36089
-242.76894,-1602.0122,138.86592
51.2668,-860.6028,130.92021
-151.70271,-1602.3308,138.66083
-172.7095,-2664.8657,126.011696
-344.7239,-6883.985,137.03989
-165.01115,-2500.8848,115.894844
-315.62238,-4850.126,129.48926
-58.66232,-866.55896,164.3752
-103.37365,-3485.552,133.09608
-24.720827,496.183,162.58138
-62.79907,-3463.903,144.8937
-302.79153,-5700.5903,118.313
-108.367836,-2515.5264,158.34624
0.15804765,-77.02383,140.42511
192.49103,1754.0035,160.21922
-97.96952,-3220.1968,118.14044
-175.96173,-2937.4995,136.98698
40.694645,231.32463,142.87311
-231.23676,-2020.7119,149.1436
-423.55984,-6340.0273,131.4118
-223.15558,-4024.2825,123.98757
18.023117,-790.8783,126.32362
8.752546,557.8997,140.96114
-120.459366,-1957.1414,140.52628
-1.2684965,-24.990929,158.72095
-219.71237,-966.745,147.15907
-36.149895,634.1828,149.75824
-296.04202,-3959.9104,126.47019
32.41043,-1345.1226,147.7564
-127.3246,-2426.3208,119.723915
-82.17491,-2418.2383,124.983116
-45.328876,-1517.6453,127.659904
-13.084037,-1003.5254,139.56592
-105.079796,-1735.103,126.06271
-263.90878,-5796.2363,119.67866
-227.69012,-3944.1765,135.71294
-47.180595,-1359.9685,149.21654
-201.16614,-3183.7954,125.71753
82.80511,1384.164,149.49971
-116.07898,-1926.2827,110.54472
-141.1042,-2519.7815,134.13094
-174.17654,-2918.9324,118.71964
-126.26332,-1543.7295,147.27841
-112.23619,-2459.1704,143.31886
-19.215998,-485.4772,135.59209
-78.149124,155.5092,156.09547
170.81364,648.13477,156.19868
-228.67128,-4667.24,143.43631
160.96313,-751.07935,149.17749
-136.76074,-2467.1414,124.423416
-366.32214,-4066.0398,128.51118
-60.66395,-1416.0747,164.4257
-34.02017,-57.117577,138.01765
-227.42421,-5108.2476,125.36062
-440.88885,-4783.4736,115.44367
-366.2202,-5523.177,117.51983
-311.72983,-5871.9873,145.50514
-149.1994,-1915.6113,125.306625
-111.363945,-1760.2766,173.4659
-327.30844,-5792.5117,104.75229
-9.027043,-706.0248,133.46806
18.235764,-1507.5991,134.67322
23.321056,-2060.4492,125.505226
-385.82236,-6006.9785,107.993256
-7.333432,-284.52933,155.21144
-143.52586,-2547.6604,140.38469
-42.928783,-710.751,140.94543
-46.28539,-1383.0884,135.91757
-109.789116,-1317.0369,153.87709
-156.26622,-2515.5903,125.50421
-270.53662,-4594.36,113.155045
109.500725,821.395,146.23598
-51.45783,-950.40686,128.21774
-36.733166,279.2197,128.90906
-75.5148,-1286.5955,142.73843
-11.068864,-1252.7952,141.33658
-13.257077,-327.35403,145.26964
18.49457,1023.22327,149.32689
-29.143064,-1644.1809,135.96187
-23.008226,-1397.5017,134.79584
-127.44809,-1137.7339,134.18858
32.685307,164.84813,149.33958
66.28424,315.59195,154.15503
-243.51387,-3362.3162,139.92154
120.62688,-911.6179,127.83971
-529.022,-6401.9478,134.33179
-229.61198,-3123.7856,143.07346
22.634851,-325.04617,135.68172
-621.85034,-10587.239,112.62399
-231.21693,-3819.2253,122.88483
-199.24968,-3473.0881,131.08942
-241.52245,-3614.804,139.71555
-45.219822,-1619.456,140.75389
-81.53573,-1288.6289,136.8455
-84.208595,177.4976,140.75623
-33.159447,-3285.2673,119.4054
-390.6874,-5369.4746,130.20975
-103.05682,-1669.6748,132.69998
31.583637,-345.63516,165.02907
-124.01849,-988.69055,146.30595
-258.6576,-3935.9954,106.92373
-253.73631,-2710.2925,127.26718
-447.59967,-5426.0264,122.393745
-475.8704,-7110.291,119.035126
-56.025845,-1278.0393,129.43106
-150.73486,-3878.9397,131.09303
-416.65137,-5457.6562,118.712715
7.2686462,776.63635,167.77289
-43.01803,138.99577,170.532
-259.26157,-2248.447,145.58923
-52.659107,-2568.3457,140.44446
-353.73807,-4481.3916,139.84425
-498.2939,-7173.46,135.04324
-12.579082,621.2817,144.82959
-98.61619,-1770.2253,134.96558
-404.37943,-4484.316,134.47823
-373.6352,-4476.1865,123.72533
-243.63463,-3775.8123,121.7568
-10.926232,-62.039085,149.18178
-309.26526,-3874.5432,130.42557
-186.28612,-1122.7355,136.47707
-180.8648,-4490.556,111.806984
-140.33968,-4906.4243,128.72858
-193.42703,-3463.1858,128.86751
1.8145342,-2211.5447,137.32567
41.08088,-1767.9644,124.465706
-42.110294,215.0078,141.2983
-393.4325,-3775.4553,124.384155
-74.45378,-649.94666,143.2937
-168.59451,-3743.452,136.71283
67.59702,-1127.3568,116.77258
-227.85602,-2410.9275,164.27037
-125.796585,-3266.134,105.63134
-276.29095,-3809.9358,128.514
32.3064,1041.3097,138.83522
-82.02926,-3014.6694,122.50596
-83.94457,757.3891,182.13042
-101.78906,-1586.2324,126.43646
-179.75476,-2101.439,153.56871
-65.1821,-2330.289,118.95266
-43.784138,-634.18823,152.9902
5.9250603,-1980.3606,127.49513
-49.433643,-998.2091,149.33371
-337.86426,-5766.587,103.072586
-148.7652,-1885.582,151.02243
-323.02588,-4216.572,118.87774
-6.685807,-694.4188,131.24252
-127.08185,-3283.218,122.26721
-180.28001,-2499.6887,122.34461
-393.16904,-6679.534,137.88133
-303.8155,-3199.8584,113.91499
-257.7014,-3393.8245,144.80414
-76.94743,-2420.656,149.84738
-45.079304,281.57224,157.43146
-278.58383,-4129.6416,129.3176
-189.35223,-3799.015,127.94685
68.78551,451.4163,138.70894
-2.103076,-1347.8022,121.19785
78.250374,398.86203,154.22002
-139.05989,-3446.282,135.29611
-17.12855,-2703.4014,112.72424
-182.6113,-3152.8647,134.37968
-142.10898,-3623.216,112.59891
-23.335546,871.09937,167.91331
-6.082074,919.8015,169.02951
-63.167614,-122.53182,140.65346
-297.76263,-2492.462,140.66579
-87.488655,-3042.4214,136.40616
-56.69881,-2284.6792,128.11746
-275.1508,-3445.0754,122.220764
-59.247128,-1928.7085,113.8859
-33.23662,-2387.0251,118.89927
-166.47726,-2652.085,146.3193
-8.882529,-360.44876,153.8992
-364.69553,-6702.7334,135.53365
-139.51796,-592.18884,125.73567
-287.74634,-6289.5625,104.12805
-122.47351,-910.5587,140.87154
-214.28926,-3125.4146,138.09116
-7.617757,-3474.654,152.3101
-71.868835,-464.25333,145.16812
14.806109,-677.5973,141.1936
-69.106834,-989.5217,158.93199
-141.85704,-1426.7937,144.36783
-377.22372,-3724.881,139.65471
-111.10713,-1975.625,143.29576
-195.11469,-2581.4893,120.263855
68.4958,15.129982,150.61018
-447.96332,-6172.4565,140.78503
-276.1313,-3749.7122,131.94472
-71.874535,-1164.7805,149.47215
-171.0354,-2315.554,129.87003
-224.68126,-2603.2214,141.99446
-182.623,-1974.0188,146.25354
-322.31674,-6795.074,110.51688
-90.42326,-1330.998,118.25974
20.084656,197.30504,131.50113
-134.63605,-2242.1296,127.12816
-233.71451,-2636.4475,133.02734
-359.08322,-6188.0195,126.967735
-69.43123,-2772.0886,105.7762
30.842066,-725.24585,149.37102
-204.92642,-4154.581,138.79979
-146.76212,-2054.6287,127.686615
3.297944,-1677.3284,129.02861
-76.25407,-131.28438,141.80054
-193.67159,-2359.2886,139.89429
-65.72052,-2374.4153,127.71112
-241.02971,-3608.6184,128.75403
-148.19672,-908.05005,156.46472
-259.0049,-4416.2925,117.84224
-34.901424,-928.1034,151.47298
-259.13138,-2989.4873,113.87694
21.62904,449.52646,137.64542
-344.5516,-4995.96,135.37866
-149.93301,-533.428,131.0955
-296.5851,-3912.5369,124.14893
-596.9624,-8327.992,114.4662
12.828081,-363.6796,148.32733
-191.75565,-2489.0127,120.66016
-331.6794,-5648.02,124.65925
-380.67453,-5545.6655,131.95673
-370.655,-7902.777,129.13107
-17.776033,-157.46309,138.39864
-446.73694,-7109.7715,109.334915
-249.65425,-4103.098,161.85231
-307.0426,-3847.8376,149.83344
-421.97537,-5658.072,136.83951
-298.56613,-3860.3474,112.56492
72.13012,1414.8333,147.94315
-150.14153,-2801.5574,146.24716
-139.64024,-1543.0364,183.24905
-19.95899,-353.18362,155.17618
-169.41658,-3367.2375,113.37466
-75.913216,-1594.0083,130.52197
-152.82855,-657.2589,156.51408
-146.64526,-2156.3416,126.48533
-160.34232,-756.94666,141.1082
-225.11491,-4967.8,123.43895
-31.474646,295.53604,153.53358
-27.254427,910.1754,154.3333
-173.57997,-1335.7559,138.73433
143.65462,1853.6388,144.6766
79.905716,1557.0762,158.93715
-217.86583,-4955.506,133.67578
1.9941273,-3890.972,114.22071
-109.52304,-1330.3547,128.5424
-198.85889,-2907.1685,150.75945
33.522236,237.56108,140.18874
-125.89235,-2427.8877,151.64975
-156.51831,-3638.949,133.22075
-127.54254,-4414.392,107.743004
-89.82013,-2424.6113,125.599884
-239.36296,-2975.3784,118.687164
-318.2372,-5286.6562,99.962204
-53.325024,674.3132,163.54057
-213.10406,-5711.396,141.13564
-474.37402,-7887.6187,96.11704
126.68331,1745.3375,158.61816
-343.49707,-3966.5422,131.00493
74.13149,1626.4408,158.46255
-402.73114,-4625.4355,139.4714
-212.66544,-2417.8262,159.36987
-532.3141,-6276.2104,123.34312
-128.87825,-847.964,138.06335
-65.45183,-1087.4187,139.06819
2.0855007,-265.67935,146.79753
-96.01615,-1938.2466,140.23239
-232.0116,-1877.8811,127.23267
-137.047,-3329.91,120.01141
-5.638093,-193.31325,131.73372
-27.806318,-1944.1077,135.67538
-183.0413,-4001.6692,127.26759
-112.511856,-1116.7367,133.53009
83.937355,-1494.6309,118.514626
-372.4647,-4563.741,114.29172
-262.3252,-4348.244,136.0551
-220.63145,-3148.9102,109.37649
-11.828425,-1264.4102,135.5439
37.949776,534.33765,144.50911
-291.1574,-6034.296,125.08757
-499.97617,-5057.243,128.13257
109.49942,2067.3657,143.5197
103.42045,519.0375,144.13588
-218.18048,-4702.1523,116.31093
-145.36122,-3231.5195,138.09644
-793.10956,-10536.275,131.959
-314.88574,-3577.8464,121.684654
-149.50551,-1833.1125,138.52129
-267.53955,-3210.1243,130.89531
-186.473,-2508.997,138.64114
25.472605,591.7967,161.18152
25.288233,257.7714,151.56955
-61.465076,-31.361229,120.69337
-83.08213,88.81541,135.78755
-62.917057,-1175.7274,134.96747
-50.381855,-1828.3542,127.102135
-96.03988,-1506.2815,123.34913
-214.71535,-2530.3152,123.74703
92.48563,-784.6349,141.7045
-318.09232,-4212.4365,116.09672
-350.7106,-4650.5312,130.54013
-20.592695,-1039.5481,134.51477
-102.343735,-1343.5317,136.64569
-94.358284,-748.8281,175.85732
-204.58838,-3444.4006,121.35205
51.377686,-1665.603,128.86668
18.03028,995.3945,150.79407
-253.86842,-5080.116,106.19143
33.841366,366.5819,134.88493
-398.7874,-5455.464,132.95062
62.054443,-1567.209,125.39877
-94.76312,-155.43593,155.62315
23.854967,-691.2394,135.73181
18.785664,30.745094,158.18228
-124.620605,-1037.5621,143.39592
-649.0659,-8841.985,111.29245
-288.48425,-3601.0598,143.14272
-200.27727,-4069.3142,131.16843
-20.694399,-1729.8286,118.824295
-207.25092,-2483.2795,110.74268
-143.43683,-1141.1492,136.20444
-268.14316,-5860.609,106.68105
-173.99277,-2982.461,142.73727
-342.16772,-5090.7505,110.73694
104.84228,108.53605,140.37982
-341.119,-4901.7466,112.04195
-754.6819,-9241.614,111.33091
-45.73804,-2110.2258,113.477875
-21.123545,278.3837,144.82758
-204.97366,-925.4696,129.07898
-250.48808,-2318.3389,142.25218
-62.150295,-2010.4175,146.9801
-257.78845,-3323.946,124.646805
96.64524,-320.79886,128.88843
-358.3602,-7890.5337,94.09412
-410.0791,-6355.5864,124.68222
-79.38448,-1563.2332,139.73187
-551.0004,-7193.615,113.43268
-86.42355,-1505.2756,122.359436
74.084915,-250.77309,156.33337
-367.0177,-5077.3877,123.7064
7.287903,150.30522,158.57355
-386.27994,-3628.944,145.54478
42.248837,-1580.6436,135.25957
-193.83307,-3697.7195,133.35437
-152.65076,-1830.949,128.07916
-38.238987,173.00768,139.6572
-403.9326,-5384.9233,129.53836
-51.626186,-2821.1702,107.07541
-503.62558,-5577.5996,146.35738
-58.53935,-2616.8672,135.44598
-42.074112,-1592.9636,129.15985
139.73637,997.1551,149.15115
-6.382802,-939.0665,134.86618
-158.26352,-1546.0896,137.72372
-101.819824,-1520.8838,163.56581
-262.55026,-4788.0366,122.57948
109.7877,2128.887,167.17296
59.588104,516.5539,143.0659
-341.5281,-7264.88,108.94167
-452.11316,-4735.6504,139.36882
-275.1992,-2599.3591,144.1968
-72.256325,-852.59143,155.774
-429.30093,-5945.337,130.83018
24.188221,-663.41345,156.32068
-51.430607,-828.64124,150.30487
-189.96042,-2188.8655,119.40263
-136.22916,-819.69946,153.22966
-179.09901,-2556.1565,107.49568
-527.21686,-8408.924,125.73736
11.578943,219.9818,151.74675
35.227173,-2153.331,119.83689
-153.3477,-1724.6057,139.59866
-65.01155,-3046.082,130.7842
-56.429684,-539.1693,155.19933
-7.0457335,-789.4514,148.39922
60.182346,-2339.324,129.78969
-99.978455,-1674.7107,160.05792
-409.45047,-5131.8896,134.2851
-229.40076,-4921.9854,100.03476
-790.29706,-11301.355,107.425125
-92.104935,-2272.4802,121.721596
-153.02856,-2641.4622,113.611
-173.1179,-3168.053,133.4639
-326.3755,-4416.235,134.51042
-9.775094,-4030.45,119.03085
-211.88306,-3089.386,125.65851
-114.87744,-633.6094,135.25558
-193.34874,-3408.1995,120.725006
-291.36545,-4021.6208,136.23389
-26.381895,-1373.9587,143.18375
-49.875904,-1210.5845,139.69354
49.178577,-221.0353,132.83667
72.86963,101.27628,164.15636
-169.00938,-2995.3179,138.34575
-214.50362,-5625.6875,122.32904
114.35543,678.10333,167.65125
-314.42477,-5599.9077,134.62424
59.581245,-1485.1396,138.20084
-19.250555,822.3681,147.97173
16.159252,-626.5431,146.58656
-110.00153,-1111.597,133.78049
-181.99313,-3428.0417,124.709785
-117.140945,-2299.1775,134.80432
128.81131,411.32703,140.12354
-185.42749,-3956.5813,144.67235
-227.17366,-2860.0984,136.57097
-168.34302,-2944.8955,135.05223
-83.813644,-147.91719,141.77863
-133.70244,-1951.2825,170.56038
-322.22153,-4114.1045,134.96877
-31.98977,110.76115,144.93703
-212.51294,-4578.595,104.49903
129.12482,405.00793,136.91605
-27.918158,-2599.7585,141.81245
-170.217,-2530.333,133.01167
-225.07474,-2622.469,134.23744
70.15805,224.04674,137.75769
-31.165682,-853.50903,172.5053
-139.07047,-1234.612,159.8201
-50.954304,-1708.9741,122.76815
-79.851074,-3466.1096,143.59024
-26.65005,-942.6731,141.49608
94.96677,-35.652794,140.51445
-252.44124,-4564.9204,117.96855
-265.25085,-2563.4211,122.13758
47.122196,1141.5879,150.17783
-119.94505,-3119.6565,114.94989
-47.757122,-876.4369,140.4573
-306.3686,-4002.3425,135.1652
-104.96246,-303.52017,135.1574
-131.21007,-371.94534,177.91116
-66.77067,-1046.4236,150.24098
-97.07199,-913.37964,146.96806
-321.12045,-3507.4333,143.1964
-209.76558,-4009.0618,121.03341
-240.72163,-4213.3315,116.56113
-150.60938,-923.7285,153.00923
2.6284714,-1511.4438,137.9611
52.742935,-2721.9536,153.88855
-106.5392,-2825.3281,142.07616
-58.703983,-2567.083,131.9999
-12.4852495,-944.48047,149.18929
-33.142765,-1762.0835,132.96698
35.011772,261.96524,137.6586
-70.74436,-518.3904,146.29234
-31.53179,241.92723,161.31169
103.85556,521.03766,148.37282
159.03859,-455.8538,136.28554
-212.26083,-4393.68,126.5498
-314.46237,-4172.419,129.55234
-47.189693,-581.39734,144.099
13.397687,933.78326,145.04968
-52.225735,-751.35815,125.6917
53.24769,1483.0781,171.53276
-364.21533,-4704.9336,141.91913
-184.91571,-3511.0354,137.824
-179.70549,-4296.75,122.11747
-53.414883,665.3143,148.91219
-160.16432,-2908.472,125.72263
-192.8724,-2743.5664,145.51276
-193.67229,-2024.5642,170.06622
-233.5511,-2516.7349,145.72195
-287.7328,-3571.5183,127.93655
-152.33868,-4298.2676,120.68476
-23.813414,-1043.1648,132.48003
-52.68397,-1535.9524,126.932335
-297.9526,-3606.4226,111.77328
5.0941133,-1874.27,144.13687
49.136703,-2104.283,124.12188
-59.687977,-631.05286,149.8576
-159.19199,-4951.5137,124.558846
-160.26521,-3433.97,120.26699
-91.18259,-2862.7065,130.42892
-138.92271,-2098.6,143.197
10.21028,-779.558,141.94858
-111.20515,-1673.935,133.72092
-480.43326,-7372.765,119.64021
2.8740387,-872.8237,145.48045
-91.001205,-605.0304,137.25304
-39.085945,-338.52835,153.4089
-68.05846,735.98114,144.26595
-8.535069,-116.44576,183.43073
-88.49919,-2473.4084,134.26405
46.381886,-514.48083,133.7827
49.046978,-1899.4573,137.63739
-219.49493,-2403.8179,121.75804
43.215797,-454.90616,185.03398
-128.79965,-2596.1804,140.90634
-204.13489,-3019.6282,157.1521
-271.481,-3852.5105,134.60797
-75.13102,-877.8633,146.9837
-308.86075,-5459.832,123.70475
-121.77945,-1767.0657,138.81967
-508.1451,-8335.059,129.0343
-0.97622585,91.98783,147.4949
-90.81449,-3385.6672,124.67798
-240.91847,-5969.74,127.69559
-192.78622,-4360.8735,119.60115
-290.67688,-5715.859,134.36214
-13.187455,-1104.831,159.19637
-88.70443,-3171.272,110.924515
-31.44176,-1244.3757,164.21942
-176.59396,-3800.2302,129.5383
-73.05726,-680.8158,133.1325
-655.7617,-6720.8433,109.074295
-170.21677,-1299.199,130.80653
-178.7482,-2888.5752,114.30675
-138.4125,-82.106895,151.01546
-7.070565,-85.02773,131.89218
-220.62819,-4193.889,110.58232
-148.39403,-1124.9033,124.274796
-130.51192,-3372.9202,154.56349
-176.9671,-3188.0117,153.31757
35.85731,764.64813,159.79935
30.037268,199.86101,135.71667
-45.416954,-3806.1477,119.095345
-140.29095,-1927.0698,135.18004
80.91902,463.60324,167.21504
-126.30318,-869.8279,158.59256
-288.51578,-4310.122,132.25288
-119.597015,-1113.6366,134.9236
-152.17912,-3368.9197,136.78491
-435.0903,-6034.4185,99.77438
-253.96303,-5020.4556,118.93426
-161.9895,-2615.2798,129.89336
-230.23209,-1911.3977,122.444466
-243.99156,-2470.8706,122.75649
-125.78218,-1219.5737,158.988
-60.940838,-723.75085,121.567444
-151.11575,-3153.3975,134.63887
-100.227516,-1672.113,126.83096
13.751617,-1475.5789,138.6679
-266.54065,-5459.149,145.2864
-151.0807,-910.92175,150.25974
-184.12006,-5009.3794,113.374504
40.41695,1553.6447,171.71202
-170.94661,-1553.6755,159.44087
-187.91542,-2439.1946,144.4306
67.96025,634.39746,149.11853
-198.04688,-1333.3945,130.48683
-119.64891,-4001.154,114.18364
-37.609055,-1039.1741,151.85884
-100.07893,-3424.411,120.76536
-243.80122,-5459.635,122.17499
-198.40546,-3102.2786,119.27902
-176.48734,-2078.6545,132.72461
-172.40717,-1038.2681,145.33437
-324.47598,-6628.3613,104.27357
-132.0878,-1905.3425,134.07205
-323.93692,-5458.4937,117.79501
-205.41219,-1987.9973,126.30682
-395.51242,-5807.3296,137.1832
-139.90627,-3107.7432,132.78447
-191.52432,-3811.8167,144.06418
40.46388,565.2606,167.6753
-200.46819,-5292.363,122.51251
-503.37222,-7410.6294,137.7854
-265.89105,-3669.5002,107.010574
-33.714153,-494.7322,136.52634
-86.8248,-266.3472,135.50829
-151.9945,-1050.0391,155.21681
-107.796005,-1561.2844,142.47142
-371.88815,-5222.151,107.75814
-113.17476,-3712.8928,116.00525
-2.8035688,-813.23596,151.67632
-10.031552,-3054.5667,129.71176
19.561865,468.79962,148.6889
-145.2355,-2957.4333,149.31671
-192.67805,-3063.6523,152.01166
-174.44833,-2026.9868,116.80752
-211.49228,-5336.901,125.05298
-64.53644,91.61765,145.36516
-574.1051,-6037.3013,126.8399
-6.075385,-134.34792,138.44688
-215.68427,-2451.2314,146.91248
-302.87585,-3446.741,141.13982
107.10101,1246.1927,146.31349
-36.733047,-594.9634,166.36809
-89.98401,-507.48648,119.60217
-136.3701,-2759.7925,135.33891
-222.75746,-2524.9287,164.07378
-297.88788,-4060.2395,137.49338
-136.6548,-1146.7922,151.06801
-87.363075,-1655.8481,162.40565
-306.06396,-1593.1628,152.07045
-195.89534,-2773.8013,146.6914
-129.19423,-3061.8582,111.37145
-604.5513,-10782.816,122.85428
-114.96341,-1724.9358,138.304
-104.42541,-2493.7532,146.75992
-426.6813,-5282.0967,112.27616
-26.5268,-2557.5076,142.91125
-98.64729,-2952.558,118.36438
-49.240124,650.4207,162.78647
-393.80917,-5806.7705,131.15028
101.37738,1421.4695,167.76053
-126.53044,-3411.2756,125.30497
-172.43845,-2924.0557,114.305374
-94.520035,-5013.272,133.4832
-67.28418,-3568.5647,127.143555
-316.71295,-4549.1836,134.0247
-306.04608,-4863.091,135.65125
-59.823925,-1488.2322,141.32898
-198.11627,-1044.3003,154.83218
-15.964131,-2665.7803,141.2716
-120.95036,-2490.1736,112.31741
-527.6985,-7618.5356,115.99886
-280.68805,-4088.822,135.30252
-227.98344,-2720.531,121.086815
-311.2575,-6321.888,131.21054
-5.5441084,-732.2053,127.845604
22.65606,-1201.6709,167.77443
-270.79816,-2778.0183,166.69296
-287.03592,-2839.0747,126.70078
-252.82133,-2186.9148,150.27234
-22.968786,-350.27164,126.43513
46.81214,930.0873,165.32652
-137.25638,-1470.956,136.93175
-227.22,-3032.6787,126.49443
-219.4808,-4488.8657,127.71272
-235.04256,-4872.1997,113.43163
-182.47176,-1777.6562,139.49083
-169.89221,-2719.8237,142.46742
-333.24844,-5230.248,139.01265
-255.54668,-2126.0332,157.07736
-75.59594,-1305.3257,135.48189
-114.39195,-1053.0347,145.29622
-367.4087,-4719.0967,125.486496
-3.5050383,-400.34476,155.421
85.395996,-1672.1909,124.66974
-127.91815,-1248.1028,148.44179
-105.202415,-1861.615,140.41347
-165.05501,-2993.5017,147.99973
-104.91662,-606.3102,170.08125
-105.68813,-1198.8105,133.19998
12.202076,-1644.877,131.3038
-114.30322,-3252.3044,136.70201
-3.834258,-333.3173,133.41788
39.68946,-981.0913,124.12726
-437.0444,-4421.058,120.90763
-90.68943,-1529.7783,157.1116
-196.57864,-1371.5332,149.6721
-308.12723,-6872.086,103.05831
-202.45886,-3291.4534,126.875946
-1.4402075,348.76398,145.06114
-101.15546,-696.5099,132.65727
-31.411718,1237.8972,166.43428
-257.13797,-3467.1047,140.63744
-5.9005327,-1802.9553,131.38408
-175.87537,-4866.589,122.616646
-478.09818,-5605.2065,133.46564
117.271126,340.81454,138.08768
-170.20457,-2571.8938,143.5401
-62.882565,-1093.433,146.0708
-89.593506,-1750.0193,143.06697
138.77475,419.07782,125.67922
-312.27002,-4397.919,136.52681
-409.1576,-6024.416,123.81471
-163.09303,-1446.5227,126.21123
-33.681396,-1092.1458,149.62358
-356.4197,-4617.926,119.961235
-50.22549,-478.09525,127.63765
54.17951,821.8406,163.14746
-71.1816,408.71393,164.39975
-56.637737,-1152.9243,144.74107
-26.054514,-951.0034,139.59784
-159.45891,-3456.052,130.34389
85.25749,157.38615,143.2594
-170.49887,-2883.315,119.99595
-134.07776,-2749.0076,137.64745
-196.47261,-3896.7556,122.16342
-41.010815,-3976.0266,107.92011
-304.2916,-3728.4998,121.08817
87.55671,1664.4918,152.0985
-10.965539,-1380.4553,130.67377
-161.74544,-2146.164,134.14763
-136.61188,-1982.4756,129.42905
-808.5182,-11341.34,128.63365
-135.51125,-1133.6146,150.6043
11.599833,-2654.8406,124.03588
-49.966373,-2183.4026,120.318565
-334.21,-4448.5317,127.4628
-267.90164,-5529.498,125.997
-58.892017,-455.27188,165.98337
112.47661,-695.27124,132.19975
-547.81586,-8186.2827,84.67653
-280.82788,-3350.8684,130.7063
-289.2366,-5716.1567,142.52611
-271.04584,-5472.26,124.74676
24.38367,-480.73795,131.24641
-153.7857,-1998.5237,124.20057
-230.30434,-2748.6758,130.33789
-120.16176,-3719.343,129.26958
-16.849531,-1341.4429,126.29324
-249.93834,-5338.008,95.665565
-158.60493,-1631.6956,160.76811
-216.14325,-2201.3403,122.12878
-287.9136,-3229.5774,127.61943
-281.67517,-4745.221,115.29745
-132.85341,-1606.4241,145.93579
-123.602936,-1708.7859,145.93738
113.025345,143.40782,133.22342
-87.596664,-1282.8386,139.35854
-195.92116,-4158.1475,117.8262
-393.67224,-5015.1377,129.41531
-198.77829,-5721.437,109.02464
-237.22235,-4930.47,123.77549
-231.34982,-3023.631,131.43402
-24.470438,-1329.2097,136.06133
-26.023542,137.95805,151.48735
-372.11505,-7662.469,102.83338
-134.8886,-497.7305,142.8366
-42.70214,-1896.1396,136.36063
-23.971415,-395.0906,133.61969
-288.27658,-6393.52,118.37537
-449.1138,-8504.962,129.45213
33.566746,-803.87085,135.03003
-670.7272,-9762.398,112.195786
-115.87236,-4786.4985,129.65024
11.593781,-1498.1042,145.32579
-21.467756,-1117.069,143.87407
165.09805,762.7965,144.89
-19.146242,-1262.8291,142.3724
-267.61752,-3580.639,129.2307
-212.45518,-3100.9685,143.00604
-119.06111,-1171.9802,174.77931
18.189417,-276.08865,161.0007
-188.78854,-2986.9001,115.99817
-55.47942,-1850.3352,129.52211
-120.199066,-3751.3997,119.789825
-303.01953,-4596.849,118.81021
-288.30762,-3180.492,113.99486
-77.22061,-2544.8455,133.81993
-260.64362,-4337.044,119.49472
-222.57748,-2648.0815,140.81538
-162.23984,-3093.713,134.40991
-147.26648,-6236.338,98.35336
-265.9855,-2590.2356,130.98857
102.488815,-616.32043,130.54149
-287.0183,-2442.1729,132.74443
-220.47092,-3568.9485,107.97909
-151.14067,-1695.7468,135.08932
-146.09799,-2625.8362,139.18004
-167.9466,-1978.9216,145.699
-29.332148,-2292.1665,136.83969
-202.62149,-5566.954,123.76743
-192.77972,-2241.1597,126.17915
156.83188,2013.4133,156.16237
-227.28642,-3147.5461,142.42056
-312.18704,-3582.3054,139.79993
-393.45706,-5338.5366,116.375435
-54.80276,-148.68025,193.46964
-264.01822,-3653.926,125.407394
-154.10747,-3624.6785,135.00162
-117.36522,-1898.8535,131.46712
3.1456661,-865.8104,176.02066
-495.38864,-6707.2275,121.60172
-145.7634,-4335.753,133.43472
-187.0427,-2694.4255,121.16818
-379.82767,-5489.13,136.77899
-513.2857,-6207.405,121.572075
-229.849,-2941.5195,155.6528
-149.90015,-3428.8254,151.96648
39.090576,631.7196,134.73598
-264.35648,-4548.3066,132.8193
-642.863,-8862.934,136.595
-37.59975,832.49896,143.36281
-33.955956,-524.6455,153.52304
-236.64055,-3609.0422,128.32014
-125.57663,-2378.9187,147.32666
-210.25763,-1052.7479,145.15216
-185.93689,-1961.7542,133.63646
-7.339965,-268.72293,140.68828
-149.32605,-4414.6387,112.52568
-348.59415,-3494.4705,127.58898
-403.6618,-4689.949,128.26662
-216.66443,-3090.4878,136.22612
-95.18064,-158.09431,143.6975
-371.07516,-5538.368,118.98869
-156.4969,-1552.708,142.67824
110.13973,1220.4768,131.81587
-58.060192,-827.3512,138.43764
-405.37207,-7110.9043,114.5232
-59.252254,-2658.5596,125.68624
-470.92603,-6248.7974,115.41612
-243.10188,-2963.5693,141.67905
-111.394325,-600.50916,120.131966
-20.814249,-212.72218,161.30537
-278.94772,-4799.6577,135.00948
-231.29854,-2792.3035,134.2662
-494.14606,-7370.928,116.0443
-225.71953,-3799.428,120.56593
-373.00732,-5715.459,143.73367
-389.5065,-4290.143,134.9792
-286.91068,-4656.676,133.98734
-1.0030622,-792.5769,134.82863
-109.244415,-1995.2463,150.20801
-177.82343,-2709.2937,126.68381
-87.47055,-2139.7131,134.76102
-484.25586,-7366.9575,110.2269
6.402133,18.176003,159.48398
136.37624,90.46812,143.60991
-672.02234,-12244.45,108.505295
42.1552,691.22186,151.49368
-231.02956,-4173.2817,152.38554
20.373056,1049.2714,146.20078
-210.1894,-2432.3206,135.23804
-201.27487,-3143.1055,125.31117
-95.712944,-985.1632,148.3024
-45.629982,-820.35596,148.34145
-320.37872,-4648.623,134.30618
-7.620063,-63.62478,148.40347
-147.09938,-2479.2395,119.63691
-263.31738,-4211.0366,142.55565
-183.19206,-6682.1206,99.95452
-180.46677,-4105.8667,139.00198
-360.3714,-5203.773,128.87395
-58.25577,-2593.249,156.52118
-282.42795,-3399.8225,127.38999
-80.64355,-1566.8086,147.77711
-208.9571,-1911.9216,129.6957
-118.44707,-411.4091,160.39185
-107.390755,-363.92776,146.4842
-226.92346,-1679.282,137.29521
26.481117,127.81858,145.21326
-356.01816,-3571.2625,140.69699
-202.92902,-2510.2573,151.84314
40.148438,911.9924,153.24785
-284.40454,-4687.4023,120.41292
-318.75964,-2878.2644,137.82391
26.10242,-284.54398,148.27003
-126.26387,-1668.9263,120.36607
-188.87704,-2801.322,123.970024
63.21201,955.35785,157.74417
-78.566444,-1429.7957,152.87018
-631.46027,-7214.046,138.71754
-313.39624,-3873.9246,126.15686
-103.507126,-1380.2812,136.08276
-328.28928,-4200.0757,118.91513
-168.95514,-1262.8962,168.52641
-71.13235,-2592.3103,122.4354
-54.959133,-1757.8848,135.50026
-325.4797,-5141.578,136.12811
-227.39629,-3379.2751,144.67686
27.949936,-276.71976,164.39796
-15.80753,-2122.0906,130.65733
-61.731884,-660.4971,159.55533
-45.448784,144.65752,144.7194
-369.25052,-4324.8193,132.1868
-121.646576,-2644.9822,145.26157
48.19273,649.4315,162.37047
28.540464,-1099.4663,139.41147
-344.01285,-4255.172,101.81482
-222.70528,-3439.215,153.36327
-178.88847,-3055.2925,123.37494
-36.127045,-1525.1816,129.8202
38.151783,573.5795,138.49673
-410.2064,-5711.7554,114.33902
-211.16946,-1057.4556,156.91159
-527.7862,-8271.745,126.107796
-200.32454,-1925.2725,138.52753
-217.16823,-4016.7483,129.64844
-74.71782,-743.73047,130.98926
-356.54846,-5438.2485,135.0098
-5.372815,-215.16005,150.5913
37.28652,-30.041954,153.06763
-185.10988,-4013.216,132.64314
18.484957,-1011.1138,152.74586
-39.3523,-553.4579,135.71948
-241.3318,-1503.2822,139.51967
-408.20575,-6035.0483,115.51168
-674.0058,-8400.455,123.28449
-9.79396,-1449.8494,133.39502
-61.14979,-1638.0535,136.36568
94.94158,1064.6813,141.06705
-132.07832,-3802.6882,118.27276
-209.37987,-5304.344,115.17406
-64.42102,-1324.6584,145.17859
-6.432187,-681.3705,125.69463
71.77014,1282.4241,138.13155
-306.01132,-4494.253,134.51297
-476.53665,-8298.83,120.52241
62.15851,836.9394,138.3876
-61.62486,-814.42957,161.46268
93.50224,482.88498,149.15431
65.45413,38.880287,141.5651
17.775446,267.45694,163.01035
-146.64575,-1896.3196,134.85435
-385.8193,-4986.391,132.02406
-514.66907,-5840.379,132.97948
1.2419462,-1609.6262,140.2695
-33.13427,-1005.22375,135.9723
-368.11023,-4462.939,132.34799
-28.706175,765.1247,143.8557
91.45271,167.04503,139.3049
-406.82022,-5055.0293,132.73734
-202.86972,-3497.214,134.96939
-327.80853,-5116.707,99.01075
-78.47177,602.71466,132.80951
-332.08636,-5401.673,129.4043
-9.219232,-96.63058,143.65901
33.64348,-228.99586,164.11743
-57.778767,-1049.1702,130.16641
-79.965096,-611.1987,145.99634
-122.25113,-2437.1284,120.981674
-494.47784,-6019.8975,146.88478
-206.22305,-2075.7463,139.6035
-575.2244,-8744.509,120.93623
-738.2368,-9985.704,121.66419
-225.22026,-3701.797,113.46651
-120.01001,-5424.9287,118.4109
-29.581553,-1243.3767,131.973
-15.278655,-247.68044,155.46577
-453.82608,-7090.515,135.75554
-116.81409,-2598.0332,129.78937
-30.28119,-1181.8518,140.2585
-186.20786,-716.92737,146.94183
-192.6739,-2961.0789,126.8046
-76.61583,-300.83902,133.81987
-95.58314,-1838.5994,123.18795
-403.709,-5383.676,117.16211
-343.06775,-5324.466,131.10666
-52.511868,-2177.7454,149.44963
-111.90068,-787.1581,130.81204
-96.52428,-778.5448,137.08951
-121.18686,-885.64246,142.57599
64.88973,-1128.4945,143.70078
108.805336,1787.2924,166.92249
-2.526536,-305.49283,174.84836
-127.043,-942.1162,131.07146
-210.16034,-2114.563,143.77812
-74.22077,-1493.8052,132.56429
86.87677,-2026.0525,146.58278
-3.563016,-567.86743,134.7
102.35767,-974.8729,138.28897
-716.39545,-8747.893,116.12378
3.9753485,-15.277306,168.6245
-289.9086,-5559.3604,116.07593
-474.57336,-6302.7495,127.46389
-94.59551,-2139.0571,142.35614
-39.003067,-2758.309,147.6182
103.2926,562.07666,156.58173
-331.07587,-4657.1187,143.90073
-211.13872,-2095.417,146.03674
89.76723,-1045.8313,138.66066
-307.95084,-3552.3015,140.42894
-269.1602,-3762.1257,143.29416
22.446762,418.014,141.5657
-306.5292,-3055.7522,146.16684
45.46507,-602.36646,137.35732
-184.06178,-2602.4863,124.11289
-190.4418,-1985.8794,162.99004
70.58789,-543.0603,163.93912
-69.05973,-2662.027,131.15018
-310.81046,-4150.137,139.04292
-28.656107,-118.51571,149.01631
-72.767296,-1033.1437,166.24492
-388.04654,-5365.5244,152.07509
-91.95432,-174.82594,166.20703
-172.13019,-3062.4233,107.558685
-177.83356,-2809.463,118.24826
-107.11943,-1237.405,161.0208
-43.09836,-45.6448,155.84546
-81.522316,-317.61685,128.94167
-29.930498,277.85233,151.5672
-40.759636,-2171.5144,130.61555
-168.51225,-2845.9736,143.2882
-396.4485,-6007.317,140.81688
-235.05898,-4268.5884,126.930595
-203.12271,-1863.2817,139.30661
-94.210556,-830.3507,134.82071
-41.768665,-1879.0957,129.86859
-48.093212,-15.856102,163.88217
-546.97034,-8399.506,95.55532
-112.38867,-1766.5303,121.52918
-50.56777,-83.49459,161.93199
-315.86835,-3838.6863,134.61716
-301.8617,-2825.9272,144.79866
-142.23882,-3015.4539,129.27007
-10.117919,-817.97595,142.60915
-9.699819,-466.15225,150.8227
-223.21608,-2925.8562,135.02402
-43.56831,-3128.8823,138.80116
-220.10759,-5806.3613,114.90747
-195.73569,-2732.5435,138.44603
-82.754196,-841.5901,168.95094
-224.59169,-4897.73,116.65118
-74.691284,-2544.8787,114.17691
104.64846,-554.9364,137.83553
-248.97816,-3691.533,162.79355
-72.31201,-573.0065,134.91965
-33.08123,-412.54898,135.9986
-116.94299,-1820.1641,139.62817
-331.02405,-3588.6038,125.01678
-240.29561,-3234.8132,123.53049
-162.65169,-2809.9705,133.17627
-95.99968,-1608.0139,155.72198
-441.48648,-6773.5786,115.26209
-30.921831,347.2133,139.21216
-61.774014,-346.33926,144.74919
-383.4763,-3558.785,132.35394
-342.00668,-6141.194,108.37646
-357.48157,-4828.2812,125.15339
-448.35284,-6673.524,124.0252
-449.90863,-7052.699,114.50869
-140.452,-2380.4858,154.4428
-20.358877,-1241.7192,125.90875
-80.68589,-742.4448,139.69269
-414.57083,-5355.3687,132.57047
58.3718,-522.7926,151.79172
76.77386,908.0938,157.34418
-121.76219,-2388.7385,134.2386
-139.97447,-2702.6145,130.83429
-249.72267,-4582.5747,100.36314
-126.65877,-1696.0044,139.43561
-75.1296,-1081.366,136.8689
-0.11279585,-799.9127,133.24332
-228.29012,-2700.0999,129.24078
39.93133,738.5888,169.57094
-335.02515,-6107.4546,117.45159
-138.68965,-1571.2168,130.41055
-32.72801,69.52659,140.0224
40.686058,236.26036,148.71724
12.586678,-288.21915,141.78613
-110.37047,-2254.5803,126.08366
-361.7164,-5579.217,130.47038
-432.43478,-5995.7256,129.01814
-159.40277,-2278.5503,143.05173
-131.83559,-2589.1003,141.57144
0.77059937,-78.2532,139.24391
-95.05763,-1811.6538,133.41907
8.102207,735.1354,150.24167
-44.918037,-127.94924,160.21637
-108.97212,-1452.3264,142.24872
54.536205,1545.0787,144.07729
-91.327484,-2602.0408,144.28918
21.76795,-131.66835,152.2436
-18.838999,100.82658,143.12544
-86.621445,-1968.2847,131.1672
-344.87552,-3226.8318,147.95306
-101.24758,-871.4148,148.79788
-181.47142,-3379.7078,141.30489
-295.54004,-3524.6018,104.71363
-102.62992,-1726.3376,133.39824
-245.71281,-3186.076,125.891815
-223.47601,-2001.4688,141.44478
-246.18327,-4092.4812,127.2573
-95.70065,-1300.0281,156.53581
-265.96896,-5558.2236,125.37082
29.930473,-2556.223,134.0979
7.0776567,-539.4761,158.33713
-190.67247,-1403.9534,138.8939
43.64097,-4421.185,122.28262
85.558136,1269.3702,147.79137
-211.62689,-2154.4521,143.91379
-106.987785,-1228.6106,145.60378
-7.2947245,-134.34877,148.66888
-63.427425,582.7073,144.59166
-179.09355,-2961.32,141.59761
-588.81006,-7972.399,117.121895
-103.0111,-3492.0989,139.35193
-72.88611,-652.53174,141.45444
-416.40137,-6721.22,99.62171
-168.73233,-2980.4492,127.16389
-299.80258,-4340.5557,109.97068
-88.337234,-561.5237,121.47821
-18.209352,-1547.9517,132.2202
-95.65465,-4290.1704,143.10933
-159.46167,-2115.2686,162.04024
-126.66,-1667.6033,147.44713
-6.712903,-1094.6932,144.64801
-434.17545,-5693.195,120.511826
-22.49814,-1716.273,150.8259
-66.44135,-3370.0652,145.0891
-137.50243,-1365.6667,122.97578
-373.1557,-4955.0557,141.27231
-109.77663,-3096.7998,130.45757
-479.34714,-5671.484,122.34015
124.637505,1372.2778,150.09969
-177.01268,-4260.549,116.67509
-53.906506,-1403.6384,113.714134
-337.69232,-4961.3857,150.00471
-104.54079,-3215.2295,138.23427
-413.47583,-8282.988,117.35549
-133.76253,-1828.2966,145.53925
-7.877116,-947.83496,171.00302
-7.236787,-666.62036,143.0589
-290.29272,-5600.0195,138.94577
-167.2639,-709.8987,146.7765
-106.1727,-1494.3416,116.502426
-178.62679,-2271.3018,124.029884
-466.3015,-6685.712,133.60963
76.70839,-1255.5608,147.01706
-89.935814,-4187.56,139.39203
-137.88048,-3701.969,139.42833
-429.61743,-7393.8823,117.01412
32.570293,-1800.0454,125.54362
-122.91034,22.768227,144.16652
-280.64566,-5483.4624,130.67154
-53.452312,-2528.5852,120.68154
-78.954636,212.11754,161.88338
-125.16893,-309.82864,162.43073
-160.38353,-1824.5264,132.98706
-384.11053,-4779.147,131.98985
44.238434,922.6123,153.85825
-408.5396,-4404.906,143.7703
-387.9848,-6738.226,115.64489
-422.1984,-4555.655,127.380516
-89.880424,-791.3157,135.23277
106.28014,573.7646,135.18478
-515.208,-8520.211,106.54862
18.458334,-2304.4253,130.96732
-132.45877,-2449.4055,132.31758
-411.05447,-4606.453,147.3347
-213.84866,-2800.835,124.444305
-416.1744,-3805.5105,138.13783
20.846437,-1352.9084,130.3679
-49.451534,-817.99915,138.90833
-46.889194,-2054.5222,136.56142
32.89735,-4180.286,112.0151
-76.07731,-889.15735,130.90756
-18.030027,-990.6687,123.698906
-95.78672,-420.02396,150.37912
27.954422,172.21739,169.17813
-238.11699,-3558.114,129.90518
-196.36705,-3232.885,135.24237
177.37506,935.54395,153.39496
-105.58051,-1527.7175,137.95363
-233.52203,-4809.315,121.93819
-18.338823,-50.43142,137.8554
-341.54355,-6093.861,125.97828
-59.553036,-222.1598,147.7376
-77.18561,-1354.6516,157.32895
-59.479862,-1538.0686,135.35213
-250.72478,-4313.5425,144.84752
-250.47636,-4335.065,109.18517
-132.58871,-2226.804,127.32397
-248.6003,-4734.261,121.94012
-159.25113,-2201.9387,156.08354
-184.4959,-3254.3767,129.49927
92.17663,2115.1965,148.59962
-54.357624,-932.6008,146.84267
-183.80391,-4508.6436,125.01946
-470.9149,-4869.628,132.60767
-364.33725,-5966.0464,127.14215
-53.04118,-2351.6055,133.87874
-266.16306,-4207.6304,111.524666
-93.82893,-3452.8816,112.31362
-538.70776,-7420.861,132.0038
-309.9109,-5212.774,126.17773
-129.18001,-1114.026,126.451126
-43.433327,-2495.336,137.1493
79.38681,-874.6157,132.35312
-37.94667,-1906.3916,131.80318
27.642664,466.69516,134.5326
-368.015,-5148.8237,123.89954
-191.9015,-2740.869,120.5996
-145.47604,-1639.7512,138.81468
-4.4982786,-309.1824,143.74922
-282.10696,-4609.1055,139.101
-141.26779,-3342.574,128.08551
-94.61539,-1416.6838,131.0705
-97.7878,-712.1283,129.90714
-328.8726,-3531.7395,127.40635
-238.57573,-5271.7036,123.77967
-246.51595,-1863.5493,120.698906
54.397327,1810.605,162.86635
-483.93832,-4798.186,125.03572
-49.270428,-1001.11426,141.29544
-233.42908,-2894.0823,109.21438
-42.778004,-201.32997,127.74061
-76.66183,-1463.8069,133.86919
105.61008,118.23875,138.79536
-330.07886,-5504.856,110.17084
154.85356,1110.9858,137.10414
-37.289974,-1746.7817,136.61852
-150.14034,-1496.665,165.92566
-337.95215,-4434.7573,145.25963
55.357018,-1229.8992,119.19606
-267.74814,-3650.2576,118.145256
-6.287221,-8.054405,153.18552
-128.84294,-4735.931,134.97224
-232.64938,-2582.1138,162.4479
-47.206303,-1309.4114,149.68915
38.843845,-112.11947,130.58145
76.90159,-694.1118,145.02284
-67.52635,-2608.078,118.161415
92.17636,665.04694,159.339
-237.2221,-4859.546,122.30431
-129.45267,-968.34106,132.05678
-259.91183,-4162.732,117.32817
-42.548786,149.33733,137.59332
2.2480278,-794.9375,135.306
-144.30496,-3448.181,151.97346
-139.97726,-2334.2324,125.39508
-98.108955,-2145.5264,135.61473
-338.78967,-3934.112,112.88054
-232.8648,-3869.9885,123.420876
-183.5825,-2492.5798,138.05322
-71.19261,209.71617,151.42677
-7.0230207,-2819.7954,117.650276
-79.16169,-1126.8667,126.075066
26.863258,1247.5123,168.21942
-74.37508,-1753.3508,117.24153
4.8395977,91.30607,138.96562
48.352688,-74.03622,139.53122
-127.08891,-4777.5293,94.26915
-27.996588,-1366.8289,133.36932
-199.63264,-3321.9114,116.69416
-423.09827,-5838.8296,130.37357
-266.06754,-4347.8555,126.52196
-225.27905,-3301.9026,108.00306
-193.44505,-856.0454,153.83127
-193.74564,-2086.4744,139.89359
107.22289,493.83493,162.09259
56.143005,1107.5723,151.79585
-43.31883,-851.1741,140.60358
-84.54888,-897.70386,129.31322
-112.113846,-1428.9683,159.68588
-348.35303,-6227.9507,136.4889
-306.43253,-4780.534,133.33652
1.9789047,169.72728,130.50626
-14.049668,-632.4863,151.28584
73.065636,-2260.0515,132.1435
-232.98965,-2506.768,132.34856
-152.68024,-1206.2236,144.60164
-75.23406,-1609.9761,127.85154
-222.80045,-2602.186,133.15083
-48.9529,-1378.9604,144.35634
-95.383995,-3386.2883,134.42076
-135.53452,-5703.096,112.357925
-377.44086,-5970.3594,138.47153
-228.6936,-3507.841,136.82819
-57.036495,-197.1791,160.49574
-455.379,-7756.943,112.11847
-179.72815,-3116.222,117.2122
-217.7063,-1967.2239,151.23033
-118.33734,-348.52237,172.83092
-43.099453,-775.09534,128.29924
-16.222433,-599.2041,120.434494
26.405361,1117.2941,151.65396
-195.11507,-1188.7617,146.80075
-1.2116613,-1850.3406,122.6546
-337.65396,-4322.7783,121.75386
-65.84642,113.4224,134.56113
-243.0453,-3010.7283,123.76449
-447.46146,-5385.273,129.48201
-83.87307,-808.88525,130.61647
40.22939,-2016.3416,145.50525
-62.899837,-367.14005,159.059
50.53023,806.858,141.52782
-31.206339,-1449.367,121.91077
-173.51115,-2907.3062,126.38839
40.95672,37.953957,135.93454
-597.99475,-8745.566,123.88817
-95.724174,-2910.105,120.95423
27.544588,-1258.935,143.5653
-332.7143,-4097.373,132.54486
-55.031536,-3716.2556,124.59931
-178.52531,-2809.737,140.37035
-157.44202,-1719.4773,139.5452
18.089087,-1176.9114,133.18967
2.8685532,-1027.0385,154.54059
-38.56491,732.8455,146.50385
-82.36743,-431.34573,143.88663
-236.02022,-3291.8293,152.39488
0.946928,285.28476,137.8907
-349.21594,-4527.57,128.70131
-221.099,-1136.752,155.9672
-495.89487,-9254.114,113.21077
-236.3173,-1867.0137,132.20804
99.42895,615.61743,141.38129
-182.42122,-2284.4888,121.677414
59.68366,931.9143,174.4729
-148.0815,-2292.0151,144.04958
-144.30597,-2743.851,129.75429
187.9505,1230.6611,152.4739
-188.00021,-4765.264,127.80741
-119.7108,-1063.9612,154.7512
-413.9886,-6338.924,97.95228
-144.8848,-1782.8835,132.00711
-747.6265,-8616.973,114.497986
-117.91336,-2827.5178,149.51372
-64.02477,-1422.9565,136.78966
-276.8848,-5144.675,99.923515
-333.0652,-2766.2517,171.48256
-45.534004,-437.49454,143.76953
-49.352055,-1756.5713,134.30405
-229.64468,-4188.0703,115.36313
40.244823,-16.129295,143.27805
-185.71788,-2946.0237,108.53593
-193.0851,-3873.531,139.88643
-88.02912,-1607.8801,152.4618
-618.20685,-8962.302,133.79375
-392.58658,-5922.998,114.74691
-239.18503,-3914.5422,119.76842
-38.76428,-2933.8625,128.00806
-183.87144,-1970.8818,150.77626
-88.096405,-2117.9072,140.55563
-220.26657,-3591.6096,120.703156
-233.6351,-5035.263,125.84793
-60.468487,-910.94653,138.97186
-272.05304,-3678.427,126.56597
-50.147137,136.04716,156.40941
-55.73653,-2630.4187,112.472824
86.81148,711.6255,156.09978
-6.2219725,553.38,154.82062
57.567783,463.99042,143.01576
9.78584,240.42754,147.6813
-177.63733,-3605.307,114.842026
-60.811115,-1395.2659,139.54472
59.948612,-1178.9141,158.33644
119.36164,1240.5123,155.063
-154.297,-976.88525,123.68969
-96.24272,-1051.9332,128.94377
-243.91972,-3458.7302,153.97023
-134.62178,-1682.1016,129.25488
-185.78897,-3558.969,141.323
-103.54358,-1502.331,140.987
-22.014452,-1020.4735,165.42084
-108.1293,-2357.4807,143.64645
-194.26492,-1598.5417,158.6751
118.4357,-61.04165,158.26382
-428.44113,-6250.0283,126.374245
44.15808,-1096.1318,124.54762
-11.046807,-242.79115,146.2918
-261.86072,-4613.31,128.38176
-524.9872,-7383.274,103.297104
-76.63559,303.90292,161.42323
-235.43718,-3974.6633,140.01782
160.11885,1995.7515,166.45656
-254.2205,-3378.9631,126.31502
-368.6688,-6214.8193,107.324905
-320.9884,-5410.2236,102.20238
-52.003925,-690.75037,147.19652
36.773457,-320.22452,142.43819
-328.12115,-4470.9883,122.04955
-324.92987,-4028.5881,141.33243
-376.3976,-4818.98,135.84581
-25.673178,-861.7301,132.86055
-199.8693,-2186.2112,145.55351
-140.77182,-1790.0964,142.01234
-414.7208,-5225.307,119.108376
31.919119,54.071877,148.49826
-96.45066,-2603.2007,120.81937
-69.223045,178.03355,153.48956
56.829212,-714.5287,130.8791
-450.59116,-6051.1895,131.52757
14.226542,80.97532,143.57242
-463.16168,-6615.413,89.64601
-66.30383,-2267.3252,123.92212
-589.4988,-6933.128,130.6308
-151.29604,-1936.1226,135.08533
-387.4648,-4159.2324,129.77153
-66.70878,-1622.4385,136.17097
-211.41005,-4448.8013,115.988106
-272.93378,-4089.452,132.58986
-319.19345,-4514.3813,121.52017
-111.65683,-2127.6968,145.27644
-53.48763,-695.55054,143.8435
-197.27708,-3142.252,116.48741
-393.0836,-3995.3274,132.60866
54.550224,-938.1781,151.61745
43.344856,-1676.7993,114.501076
-379.37204,-4982.248,143.21266
-94.97067,-2608.5813,169.14386
-319.6749,-5584.0674,116.568886
-570.4653,-6459.1924,112.00231
70.52688,-652.1206,148.97821
-162.69337,-2086.9756,141.09943
204.46205,1001.478,155.58058
31.608807,-848.57214,152.68932
-34.169178,90.59464,146.4899
-158.82196,-5166.7363,104.596924
-3.0801725,-91.27883,121.93924
-707.36206,-10694.705,99.553535
-303.22388,-3568.2732,114.54976
-400.65842,-6225.3286,114.97102
1.4056969,-893.06445,150.38277
-24.607481,-869.36633,139.1774
-62.46977,-2536.9534,131.02594
-31.423254,501.0494,152.07922
-172.16048,-2717.7898,136.70732
-166.6384,-2184.6387,138.34453
-14.411727,-938.37134,142.0173
-113.12337,-4438.482,114.79722
-341.4468,-4021.721,122.1111
63.92249,1075.9484,149.88992
-155.90184,-3688.6208,130.31804
25.337208,526.45294,142.9591
3.834527,61.388405,129.51553
51.85136,282.48636,113.574394
-121.5063,-1419.9207,153.44461
-100.36118,-75.185326,139.30775
-253.40483,-2916.0676,144.00735
-101.55004,-2093.612,144.08786
-310.23547,-4401.6987,139.23804
-509.01004,-6837.9434,133.72128
20.279919,-656.11804,142.00227
-140.14703,-3874.443,107.16838
-197.12117,-2941.7244,127.56171
-227.88626,-2630.1758,120.24899
-127.8844,-3029.6594,151.13832
-138.81682,-3190.4065,144.62238
-413.34085,-8122.6235,102.13744
-51.057415,-1649.9873,139.05911
-249.37273,-3894.5603,102.735855
-59.1219,-2023.8533,119.393654
109.69067,760.311,146.97438
-240.01643,-3255.2625,133.60321
-341.73785,-5299.3857,116.42714
-374.71896,-5048.466,130.95732
-30.70537,677.25555,129.63144
-459.07135,-5158.2017,146.0017
-287.27905,-4594.9907,123.191025
-146.26337,-1456.3782,141.67992
10.093047,564.1364,175.38158
-117.984055,-2992.0688,131.54588
51.253956,-170.4264,132.63994
-84.64267,-5296.046,130.09018
-150.23735,-3732.2341,135.47314
-193.46307,-2595.0254,127.969635
9.087763,536.17676,144.05423
-331.69168,-4889.3003,139.83206
-29.970823,-4187.3584,113.02351
-177.48184,-2712.771,120.30904
-55.406895,-1801.6731,147.86931
-407.87845,-6079.547,124.62504
-124.37544,-1809.5784,139.84578
-234.31493,-2314.5117,139.88988
11.904681,-1763.8389,127.48063
-53.03883,-1367.4875,131.36768
-61.12541,-2159.4165,134.10721
-218.06639,-2988.2266,107.15831
-11.911065,-2935.619,132.88762
-77.760155,-1413.4255,160.48557
-280.54507,-4729.829,121.00553
-231.31995,-3844.7874,130.2622
-39.02964,210.75554,142.76663
-113.03598,-2120.4473,147.63889
63.444588,1037.7793,159.43045
-17.62432,-3749.4607,119.39619
-121.845474,-1371.1086,160.24837
-107.83186,-1041.8275,146.25406
-178.17915,-3719.5667,111.60485
-421.01996,-6488.609,135.4842
-186.0754,-2124.012,159.08122
-462.2636,-7145.4263,136.20184
-31.9866,-978.2002,151.89279
-204.33803,-4763.047,142.98845
35.00549,423.8903,140.2853
102.31525,55.209328,164.66455
-304.40826,-3032.3962,147.92336
40.8527,-1551.8281,138.05643
-108.65054,-1808.2168,142.59991
-339.04807,-5172.254,108.74043
-212.86278,-4317.542,133.24463
-101.868126,-3799.0378,132.972
-190.66293,-2647.1914,130.12848
-227.93059,-2750.2053,132.9054
-216.37846,-2864.3284,139.26753
94.75546,1410.5902,157.45264
-11.155532,391.7885,143.08037
-236.92372,-5216.8535,123.820114
-196.5077,-2460.9622,146.20457
-205.78282,-3046.215,136.01237
-251.26051,-1951.4963,150.42221
-150.91716,-272.4517,143.05974
-34.462456,451.04382,156.83014
-4.7416983,236.65324,127.75252
-235.51915,-4622.031,113.96804
-184.41565,-3398.717,132.18419
-289.6566,-3962.906,130.06528
-5.3867598,-192.891,143.89081
-97.59674,-2195.9644,132.89919
-176.26622,-1322.031,124.922646
-5.0702524,-1516.1562,142.17783
-4.3620424,71.25321,155.69086
-80.55333,-2311.5317,114.63686
-327.17508,-4057.091,147.80205
-126.61813,-2307.1646,143.64302
38.766937,812.2702,167.0659
90.62942,-1873.1279,123.46696
-410.06525,-7385.444,126.36726
-636.9959,-6804.4595,105.814896
-290.01218,-4100.953,139.5994
-311.52396,-5060.6,132.02815
-206.09642,-2580.207,123.761925
-113.90794,-767.6869,155.8174
-400.21317,-5618.5303,128.9027
145.16039,1734.5883,182.97087
-58.13811,-1581.0674,148.45665
-33.769524,-138.32057,159.46323
-96.5586,-1073.6583,143.9636
-74.02597,-1431.2002,162.04004
25.33116,-1213.99,135.60167
-58.3045,245.3203,157.10844
-35.54934,-270.3201,136.42061
-382.97015,-5556.906,124.683685
-273.62637,-5518.4316,142.29701
-204.34245,-3100.1326,133.26813
-96.70664,-2712.9675,145.16144
-132.32718,-3353.2,120.05299
-267.20074,-4568.0527,115.98309
-396.74692,-5471.711,119.20393
-54.45097,-2045.136,152.90596
-34.59968,-1620.7092,136.92506
-57.406773,-791.82776,134.55222
113.27373,-574.50586,132.18355
-69.85744,-1274.7246,146.42937
-223.03192,-6210.668,105.47429
-102.709724,-1633.4656,130.92654
93.6179,29.735268,166.79042
-89.987015,-1133.6831,163.66508
-175.44443,-3242.1394,144.19447
83.79519,-2257.501,120.53341
-163.42253,-2617.2095,106.30061
69.7973,-1874.0249,121.31613
-197.67,-3889.242,114.79592
-217.27995,-3022.282,133.10645
24.986622,181.38377,157.20485
-196.92511,-2984.1375,139.78302
-343.6201,-4893.4414,111.76415
-307.46762,-2727.944,139.4842
-228.48663,-2954.3818,144.81982
-361.43295,-4844.579,133.54774
-243.77827,-5626.1685,145.41302
-149.62463,-2219.295,144.98074
-65.60673,-2122.0798,132.37111
51.098988,304.65457,167.63887
-109.412056,-1022.12415,145.04002
-207.72104,-3614.9167,106.68817
-192.99655,-1626.1497,145.02652
-265.83582,-3331.9827,120.565895
-444.33487,-8171.688,120.16484
24.544731,-1686.4058,137.4347
207.40323,18.603493,145.55246
-274.00876,-4671.75,131.33664
-183.57193,-1367.6082,155.36115
-147.0783,-3240.159,131.47607
-222.64091,-1971.9541,154.32481
-135.2518,-2663.1997,149.83188
36.976788,-4620.378,126.671844
-138.84068,-3137.6592,123.31466
-23.08504,531.2108,165.49918
-13.231833,-446.90237,150.21693
-48.25929,-1254.4683,127.91708
-23.029139,-664.59827,138.254
-168.41884,-5504.005,108.83813
-245.73497,-5247.041,121.02475
-8.512229,307.61526,149.61655
-24.55622,-1979.7451,159.64389
-281.9531,-2662.251,135.94637
-18.382463,-856.49365,143.0465
-83.40302,-277.2714,148.11177
-47.515057,-551.18445,131.29901
-170.78503,-2055.434,136.71062
-391.5563,-6569.916,116.45483
-3.9594622,-2683.9077,126.69549
0.9435663,326.70773,146.8464
-176.0375,-4675.1235,120.422966
-39.78815,-1919.492,120.57003
-281.81793,-3077.5183,134.24559
-233.78323,-3751.989,116.3685
-136.45975,-1283.3938,123.6651
-63.783733,-1141.9537,142.70909
-155.29611,-1292.9521,138.58347
-227.69568,-6032.9883,99.68553
-105.89998,-2134.0654,151.05614
44.598343,-296.72318,147.08887
-249.70897,-3581.8787,113.08835
-266.88354,-3195.59,142.99615
-108.98926,-933.8816,125.64308
-112.1958,-1095.3486,157.71832
-69.13612,-595.69934,153.98492
-47.804012,-143.62556,159.88725
-185.68024,-1639.5994,142.24973
-164.74036,-2154.3257,127.27341
-518.8845,-7989.1265,134.48325
-134.55627,-2459.7566,119.840996
-34.661705,-250.23415,141.97107
-80.53017,-2494.717,121.54496
65.92603,742.17786,150.18167
-12.257543,-884.7064,128.975
-82.36888,-1854.6111,145.00754
35.397457,-1513.6672,160.58202
-29.239744,216.28136,146.45432
-215.83556,-4690.416,107.2403
-359.74863,-6626.9946,104.35139
97.798515,321.97647,144.27095
30.901747,-212.85622,144.74255
-77.6794,-2644.0205,127.3357
-18.711897,-2468.8723,128.07535
-270.0242,-3422.3123,140.97491
-186.37025,-3957.7078,122.32873
-207.164,-3083.8767,114.24544
-187.82314,-2728.0254,130.65651
-92.01187,-2666.6367,142.5
-152.77539,-1295.2905,153.95108
-144.09111,-2122.1038,137.5386
-103.7655,-1189.3955,127.50663
-170.8588,-3004.6667,129.41226
-124.71625,-1557.6665,160.87686
-355.96,-3904.637,140.43024
15.07152,360.0028,138.39702
-216.13568,-1529.115,157.54338
-307.27762,-4026.3645,136.3544
-192.63354,-1914.4575,132.22574
-149.28351,-2225.2568,125.48511
-185.67917,-3923.7527,120.75956
-245.29128,-4877.8745,141.51543
-302.25702,-3391.2966,128.87996
-19.078886,419.6344,174.8938
72.76591,239.25713,155.06477
-270.51318,-4931.609,109.50027
-93.40401,-1301.5208,137.96252
-177.88057,-2520.6052,131.12955
-160.53975,-2354.859,142.28226
-560.602,-6789.9873,132.0016
-444.84134,-5898.166,122.74036
-194.53297,-2984.6584,102.87079
9.032472,781.93054,154.61667
-145.69698,-916.8822,137.98549
-324.06128,-3319.319,129.07689
37.915916,-1105.4127,184.24988
-23.231436,316.48666,169.55788
-90.684235,-2344.7808,147.81123
-182.18507,-2755.2808,121.886536
7.494499,-677.6825,138.86134
-190.64836,-2340.7402,130.62291
41.884743,-539.88904,135.46712
-103.397156,-646.9176,136.2915
-317.5185,-5870.537,124.853966
140.03552,1700.061,155.36243
60.869568,-2607.6216,136.03636
-71.86161,-241.48048,139.26895
26.182,-163.37892,136.25787
-126.13803,-4915.653,114.05085
-74.20973,-895.34106,149.30037
-181.59189,-2308.3977,148.2198
-102.817154,-993.97766,145.03583
-66.24582,-1287.7732,140.66257
-139.59842,-2921.8882,117.328026
-126.05626,-188.05714,171.4451
-126.16742,-2074.0342,153.21117
-172.60587,-2996.132,127.14941
-9.032826,-505.9274,148.64041
-309.17496,-5680.031,126.32211
-195.16966,-4847.316,113.583046
-294.61923,-6667.777,123.493744
48.928688,1276.8997,144.69402
-227.57889,-3325.3416,123.698944
-71.76297,16.13572,153.27928
155.27385,-44.181053,144.66739
-198.19998,-2719.551,153.47736
-230.7877,-2609.5486,124.67709
-188.02766,-2613.9434,133.195
-12.504863,-3233.9172,119.78644
-356.2988,-3913.1565,119.8354
-255.76976,-2176.3408,159.30402
64.25196,1141.2566,148.0087
-64.30138,-380.433,150.4432
-55.704403,-1121.6652,148.17674
-521.4244,-7423.975,116.445854
-83.64284,-1396.9922,137.92938
-61.47543,-2711.49,144.70132
-9.303355,626.09735,149.42749
-127.66719,-772.2334,156.77905
31.439331,604.4206,170.54642
-290.60748,-3963.55,127.89127
-209.7513,-3411.6824,140.01335
-75.9347,96.91062,139.2298
-340.95926,-4331.834,137.49098
-384.0802,-9669.464,86.16525
-343.41223,-3874.4763,131.09344
-68.901375,-1949.9319,146.78291
-67.99118,-1800.2319,138.47894
13.404731,-724.9148,152.03174
-189.0574,-3814.7566,123.52005
-44.445286,-568.6771,144.3358
-114.98497,-1159.9232,134.21301
-113.75693,-828.6116,147.08318
2.4271755,-2267.248,118.17811
-299.7899,-2549.795,110.94456
-161.70009,-1316.7546,136.57007
-292.39,-5851.6055,133.9649
-90.088776,-774.8589,137.33612
-56.86414,-1572.971,131.93275
-51.47993,-1203.6836,163.64764
-135.83609,-1887.3108,125.64321
-88.88048,-2909.1401,120.69811
-99.43703,-5182.5366,124.20826
-162.70818,-2100.8926,120.26865
-219.3217,-2383.4739,135.24428
-95.86517,-1603.1267,158.72658
-89.40989,-1296.7766,139.20885
-216.41028,-1725.469,133.66139
-301.8135,-4328.593,128.21045
-564.3879,-9092.248,116.61701
-110.69047,-1634.2166,133.4009
-196.3149,-3188.431,117.68748
-308.15268,-6647.774,125.83366
-103.62551,-2171.5664,141.48341
14.8767,-1891.9272,122.358246
-165.45032,-2857.7012,133.01215
-161.39418,-1633.5703,130.35048
-81.98397,-877.71265,151.62483
-354.1122,-7218.085,111.72355
-71.58807,-382.64114,125.650505
-374.1087,-4402.334,146.58499
-142.7437,-816.1393,176.14236
-258.5653,-3231.0596,130.83934
-166.31696,-4792.761,125.15094
-570.16144,-7729.4546,135.78008
-38.96777,-1592.8586,129.30087
-58.719288,41.34153,160.12198
-492.70764,-5527.0527,119.93904
-378.85684,-6403.1514,100.12453
-294.98438,-5702.123,128.00224
-85.138985,-2451.0776,117.10094
-272.61166,-3525.8782,120.05084
-136.6124,-1375.261,168.14145
6.4265966,-910.4529,136.40845
-22.881033,-464.54276,133.92975
7.590351,-546.5145,137.19788
-118.139755,-1437.0225,144.30469
-99.78785,-949.78687,153.13383
-91.98612,-905.1653,151.32556
-707.6448,-9473.12,114.746414
-275.79657,-3081.9226,132.11191
83.44545,-1257.6387,116.43236
-309.1175,-5374.7856,115.550804
-50.385723,-739.015,141.4261
-250.72658,-3441.1077,130.34473
-321.24014,-4178.4263,143.97508
-660.7093,-9071.663,113.071495
-327.2583,-4042.1584,124.63342
-20.63877,937.28314,141.41016
-94.82758,-2710.9392,121.73772
124.133484,473.85233,136.40396
116.66873,-33.361046,144.92381
-110.01744,-662.9231,129.82784
-64.38821,234.17668,149.01947
-409.59427,-5087.191,138.7015
-140.68356,-2492.1797,137.3967
-75.604294,-10.99514,155.90376
-291.39163,-4113.9497,109.01797
-4.7875357,-602.5836,159.37471
-24.463476,-122.64962,153.41899
-251.29802,-3559.9475,143.87506
-168.87045,-2361.0383,156.19157
-136.27733,-767.3081,135.13037
-209.83496,-5181.4536,119.83633
96.36706,-1917.2739,133.36546
-263.76285,-4702.9424,111.1304
-316.69165,-3621.7375,128.53802
28.076508,-1178.7617,147.8247
-192.19731,-5389.596,96.934006
-184.255,-2374.0957,139.59998
73.781715,1118.0774,145.9345
-105.90203,-4656.485,103.393005
53.358894,664.0869,140.5561
-37.356655,-1823.2559,126.79182
-388.98212,-4724.0684,120.86613
-403.04123,-7155.454,106.62938
-343.753,-5495.806,101.768326
-346.34708,-4265.03,111.88799
-39.561684,-1004.53955,164.70549
-140.0775,-890.1266,147.37976
-236.39032,-3259.9958,133.45956
-35.901398,-279.7267,146.43118
-35.873158,-633.36,131.72516
-251.66801,-3293.5154,130.62085
39.953014,232.57195,141.7679
-48.33025,-651.62634,124.16821
-80.15599,-3126.7727,121.14662
-101.14181,-870.10583,153.4239
-246.77544,-4603.551,123.66079
19.743347,-426.7206,133.36565
-127.07948,-1167.2125,137.18228
42.01529,-21.670555,133.44392
-97.625534,-1270.8135,133.7906
-82.25121,-156.77022,152.42136
-54.426327,-1007.6908,158.3613
-145.53093,-2546.3972,138.86218
-120.39671,-240.31862,159.31299
-139.34619,-1367.3127,147.21254
-189.55206,-2831.0337,131.43622
-127.31096,-2255.508,133.18042
71.54639,-798.812,144.97032
-724.8683,-9212.847,109.40835
-18.614473,-362.26993,135.67496
-107.62752,-2792.5454,117.33181
-24.423082,-1152.6095,147.58897
-56.556316,-2110.4304,133.50293
-202.88783,-2742.7708,130.46103
-239.12976,-2428.8713,144.14273
-393.3184,-7403.269,121.76211
-206.1262,-4016.844,124.96436
-86.40892,-1547.7356,131.73972
-419.89276,-6374.876,104.816284
-449.0637,-6674.326,108.22416
-69.6,-2016.9514,138.97984
-53.457592,-764.78125,136.29955
135.40767,9.147499,147.20201
-285.3126,-3335.905,145.48383
-62.031284,-2241.1301,130.2741
-254.77467,-4688.505,113.984985
-6.851348,-1650.4951,166.18907
-67.98497,-432.6664,149.64961
-121.3853,-2076.768,136.20683
-301.55585,-3241.263,143.7457
-158.83798,-1035.2045,146.5114
-187.21011,-2024.971,123.34109
-104.67034,-1176.3469,138.78505
49.477726,-83.49709,154.3131
-43.790977,235.51384,151.1844
-76.27866,-3572.6282,131.04126
-40.217827,-872.7019,145.04233
-213.88153,-3799.697,127.75368
-138.37386,-1552.2212,138.78264
-62.51505,-2811.068,118.02859
22.33355,-1115.7705,120.91388
-127.78294,-2321.4766,136.7736
-88.6104,-955.8533,145.97234
-121.19888,-1439.4961,138.74997
-79.09475,-2675.212,137.64526
-106.45825,-2501.4705,132.57887
-85.81612,-4642.6357,104.2268
-143.18375,-2168.7073,126.8357
-29.00921,-1063.241,119.69809
-53.30586,-2812.119,118.07479
-223.9276,-3020.4297,128.4167
-140.5665,-2208.9465,138.41197
-433.9151,-5715.201,126.84784
-17.48334,-271.1492,144.96136
-230.69153,-2007.4043,164.66206
-334.31772,-5640.5015,120.14408
-326.51862,-5534.794,110.51182
-180.71593,-3134.7476,150.18141
-269.49612,-5112.0566,119.4561
-53.633938,-2455.352,130.98514
99.99805,700.8835,161.28032
-128.18874,-3068.4253,105.02034
